meta_key,source_file,discovery_methods,api_write,content_write_policy,geo_status
_about_defaults_seeded,chroma-excellence-theme/inc/about-page-meta.php,update_post_meta|get_post_meta,content/{id},"allowed on content/{id}","private by default"
_career_date_posted,chroma-excellence-theme/inc/cpt-careers.php,get_post_meta,content/{id},"allowed on content/{id}","private by default"
_career_location,chroma-excellence-theme/inc/cpt-careers.php,get_post_meta,content/{id},"allowed on content/{id}","private by default"
_career_salary,chroma-excellence-theme/inc/cpt-careers.php,get_post_meta,content/{id},"allowed on content/{id}","private by default"
_career_salary_currency,chroma-excellence-theme/inc/cpt-careers.php,get_post_meta,content/{id},"allowed on content/{id}","private by default"
_career_salary_unit,chroma-excellence-theme/inc/cpt-careers.php,get_post_meta,content/{id},"allowed on content/{id}","private by default"
_career_type,chroma-excellence-theme/inc/cpt-careers.php,get_post_meta,content/{id},"allowed on content/{id}","private by default"
_careers_defaults_seeded,chroma-excellence-theme/inc/careers-page-meta.php,update_post_meta|get_post_meta,content/{id},"allowed on content/{id}","private by default"
_chroma_amenities,plugins/chroma-seo-pro-reset/inc/meta-boxes/class-location-advanced-schema.php,get_post_meta,content/{id},"allowed on content/{id}","allowed in geo-feed"
_chroma_caps_accepted,plugins/chroma-seo-pro-reset/inc/meta-boxes/class-location-advanced-schema.php,get_post_meta,content/{id},"allowed on content/{id}","allowed in geo-feed"
_chroma_es_about_cta_description,chroma-excellence-theme/inc/about-page-meta.php,field_map|get_post_meta,content/{id},"allowed on content/{id}","private by default"
_chroma_es_about_cta_title,chroma-excellence-theme/inc/about-page-meta.php,field_map|get_post_meta,content/{id},"allowed on content/{id}","private by default"
_chroma_es_about_educator1_desc,chroma-excellence-theme/inc/about-page-meta.php,field_map|get_post_meta,content/{id},"allowed on content/{id}","private by default"
_chroma_es_about_educator1_title,chroma-excellence-theme/inc/about-page-meta.php,field_map|get_post_meta,content/{id},"allowed on content/{id}","private by default"
_chroma_es_about_educator2_desc,chroma-excellence-theme/inc/about-page-meta.php,field_map|get_post_meta,content/{id},"allowed on content/{id}","private by default"
_chroma_es_about_educator2_title,chroma-excellence-theme/inc/about-page-meta.php,field_map|get_post_meta,content/{id},"allowed on content/{id}","private by default"
_chroma_es_about_educator3_desc,chroma-excellence-theme/inc/about-page-meta.php,field_map|get_post_meta,content/{id},"allowed on content/{id}","private by default"
_chroma_es_about_educator3_title,chroma-excellence-theme/inc/about-page-meta.php,field_map|get_post_meta,content/{id},"allowed on content/{id}","private by default"
_chroma_es_about_educators_description,chroma-excellence-theme/inc/about-page-meta.php,field_map|get_post_meta,content/{id},"allowed on content/{id}","private by default"
_chroma_es_about_educators_title,chroma-excellence-theme/inc/about-page-meta.php,field_map|get_post_meta,content/{id},"allowed on content/{id}","private by default"
_chroma_es_about_hero_badge_text,chroma-excellence-theme/inc/about-page-meta.php,field_map|get_post_meta,content/{id},"allowed on content/{id}","private by default"
_chroma_es_about_hero_description,chroma-excellence-theme/inc/about-page-meta.php,field_map|get_post_meta,content/{id},"allowed on content/{id}","private by default"
_chroma_es_about_hero_title,chroma-excellence-theme/inc/about-page-meta.php,field_map|get_post_meta,content/{id},"allowed on content/{id}","private by default"
_chroma_es_about_leadership_title,chroma-excellence-theme/inc/about-page-meta.php,field_map|get_post_meta,content/{id},"allowed on content/{id}","private by default"
_chroma_es_about_mission_quote,chroma-excellence-theme/inc/about-page-meta.php,field_map|get_post_meta,content/{id},"allowed on content/{id}","private by default"
_chroma_es_about_nutrition_bullet1_text,chroma-excellence-theme/inc/about-page-meta.php,field_map|get_post_meta,content/{id},"allowed on content/{id}","private by default"
_chroma_es_about_nutrition_bullet2_text,chroma-excellence-theme/inc/about-page-meta.php,field_map|get_post_meta,content/{id},"allowed on content/{id}","private by default"
_chroma_es_about_nutrition_bullet3_text,chroma-excellence-theme/inc/about-page-meta.php,field_map|get_post_meta,content/{id},"allowed on content/{id}","private by default"
_chroma_es_about_nutrition_description,chroma-excellence-theme/inc/about-page-meta.php,field_map|get_post_meta,content/{id},"allowed on content/{id}","private by default"
_chroma_es_about_nutrition_title,chroma-excellence-theme/inc/about-page-meta.php,field_map|get_post_meta,content/{id},"allowed on content/{id}","private by default"
_chroma_es_about_philanthropy_bullet1_text,chroma-excellence-theme/inc/about-page-meta.php,field_map|get_post_meta,content/{id},"allowed on content/{id}","private by default"
_chroma_es_about_philanthropy_bullet2_text,chroma-excellence-theme/inc/about-page-meta.php,field_map|get_post_meta,content/{id},"allowed on content/{id}","private by default"
_chroma_es_about_philanthropy_bullet3_text,chroma-excellence-theme/inc/about-page-meta.php,field_map|get_post_meta,content/{id},"allowed on content/{id}","private by default"
_chroma_es_about_philanthropy_description,chroma-excellence-theme/inc/about-page-meta.php,field_map|get_post_meta,content/{id},"allowed on content/{id}","private by default"
_chroma_es_about_philanthropy_subtitle,chroma-excellence-theme/inc/about-page-meta.php,field_map|get_post_meta,content/{id},"allowed on content/{id}","private by default"
_chroma_es_about_philanthropy_title,chroma-excellence-theme/inc/about-page-meta.php,field_map|get_post_meta,content/{id},"allowed on content/{id}","private by default"
_chroma_es_about_stat1_label,chroma-excellence-theme/inc/about-page-meta.php,field_map,content/{id},"allowed on content/{id}","private by default"
_chroma_es_about_stat2_label,chroma-excellence-theme/inc/about-page-meta.php,field_map,content/{id},"allowed on content/{id}","private by default"
_chroma_es_about_stat3_label,chroma-excellence-theme/inc/about-page-meta.php,field_map,content/{id},"allowed on content/{id}","private by default"
_chroma_es_about_stat4_label,chroma-excellence-theme/inc/about-page-meta.php,field_map,content/{id},"allowed on content/{id}","private by default"
_chroma_es_about_story_paragraph1,chroma-excellence-theme/inc/about-page-meta.php,field_map|get_post_meta,content/{id},"allowed on content/{id}","private by default"
_chroma_es_about_story_paragraph2,chroma-excellence-theme/inc/about-page-meta.php,field_map|get_post_meta,content/{id},"allowed on content/{id}","private by default"
_chroma_es_about_story_title,chroma-excellence-theme/inc/about-page-meta.php,field_map|get_post_meta,content/{id},"allowed on content/{id}","private by default"
_chroma_es_about_value1_desc,chroma-excellence-theme/inc/about-page-meta.php,field_map|get_post_meta,content/{id},"allowed on content/{id}","private by default"
_chroma_es_about_value1_title,chroma-excellence-theme/inc/about-page-meta.php,field_map|get_post_meta,content/{id},"allowed on content/{id}","private by default"
_chroma_es_about_value2_desc,chroma-excellence-theme/inc/about-page-meta.php,field_map|get_post_meta,content/{id},"allowed on content/{id}","private by default"
_chroma_es_about_value2_title,chroma-excellence-theme/inc/about-page-meta.php,field_map|get_post_meta,content/{id},"allowed on content/{id}","private by default"
_chroma_es_about_value3_desc,chroma-excellence-theme/inc/about-page-meta.php,field_map|get_post_meta,content/{id},"allowed on content/{id}","private by default"
_chroma_es_about_value3_title,chroma-excellence-theme/inc/about-page-meta.php,field_map|get_post_meta,content/{id},"allowed on content/{id}","private by default"
_chroma_es_about_value4_desc,chroma-excellence-theme/inc/about-page-meta.php,field_map|get_post_meta,content/{id},"allowed on content/{id}","private by default"
_chroma_es_about_value4_title,chroma-excellence-theme/inc/about-page-meta.php,field_map|get_post_meta,content/{id},"allowed on content/{id}","private by default"
_chroma_es_about_values_description,chroma-excellence-theme/inc/about-page-meta.php,field_map|get_post_meta,content/{id},"allowed on content/{id}","private by default"
_chroma_es_about_values_title,chroma-excellence-theme/inc/about-page-meta.php,field_map|get_post_meta,content/{id},"allowed on content/{id}","private by default"
_chroma_es_content,plugins/chroma-seo-pro-reset/inc/meta-boxes/class-spanish-content.php,update_post_meta|get_post_meta,"content/{id}; seo/meta/{id}","allowed on content/{id}","private by default"
_chroma_es_curriculum_cta_description,chroma-excellence-theme/inc/curriculum-page-meta.php,field_map|get_post_meta,content/{id},"allowed on content/{id}","private by default"
_chroma_es_curriculum_cta_title,chroma-excellence-theme/inc/curriculum-page-meta.php,field_map|get_post_meta,content/{id},"allowed on content/{id}","private by default"
_chroma_es_curriculum_env_badge,chroma-excellence-theme/inc/curriculum-page-meta.php,field_map|get_post_meta,content/{id},"allowed on content/{id}","private by default"
_chroma_es_curriculum_env_description,chroma-excellence-theme/inc/curriculum-page-meta.php,field_map|get_post_meta,content/{id},"allowed on content/{id}","private by default"
_chroma_es_curriculum_env_title,chroma-excellence-theme/inc/curriculum-page-meta.php,field_map|get_post_meta,content/{id},"allowed on content/{id}","private by default"
_chroma_es_curriculum_framework_description,chroma-excellence-theme/inc/curriculum-page-meta.php,field_map|get_post_meta,content/{id},"allowed on content/{id}","private by default"
_chroma_es_curriculum_framework_title,chroma-excellence-theme/inc/curriculum-page-meta.php,field_map|get_post_meta,content/{id},"allowed on content/{id}","private by default"
_chroma_es_curriculum_hero_badge,chroma-excellence-theme/inc/curriculum-page-meta.php,field_map|get_post_meta,content/{id},"allowed on content/{id}","private by default"
_chroma_es_curriculum_hero_description,chroma-excellence-theme/inc/curriculum-page-meta.php,field_map|get_post_meta,content/{id},"allowed on content/{id}","private by default"
_chroma_es_curriculum_hero_title,chroma-excellence-theme/inc/curriculum-page-meta.php,field_map|get_post_meta,content/{id},"allowed on content/{id}","private by default"
_chroma_es_curriculum_milestone_assessments_bullet1,chroma-excellence-theme/inc/curriculum-page-meta.php,field_map,content/{id},"allowed on content/{id}","private by default"
_chroma_es_curriculum_milestone_assessments_bullet2,chroma-excellence-theme/inc/curriculum-page-meta.php,field_map,content/{id},"allowed on content/{id}","private by default"
_chroma_es_curriculum_milestone_assessments_desc,chroma-excellence-theme/inc/curriculum-page-meta.php,field_map,content/{id},"allowed on content/{id}","private by default"
_chroma_es_curriculum_milestone_assessments_title,chroma-excellence-theme/inc/curriculum-page-meta.php,field_map,content/{id},"allowed on content/{id}","private by default"
_chroma_es_curriculum_milestone_screenings_bullet1,chroma-excellence-theme/inc/curriculum-page-meta.php,field_map,content/{id},"allowed on content/{id}","private by default"
_chroma_es_curriculum_milestone_screenings_bullet2,chroma-excellence-theme/inc/curriculum-page-meta.php,field_map,content/{id},"allowed on content/{id}","private by default"
_chroma_es_curriculum_milestone_screenings_desc,chroma-excellence-theme/inc/curriculum-page-meta.php,field_map,content/{id},"allowed on content/{id}","private by default"
_chroma_es_curriculum_milestone_screenings_title,chroma-excellence-theme/inc/curriculum-page-meta.php,field_map,content/{id},"allowed on content/{id}","private by default"
_chroma_es_curriculum_milestone_tracking_bullet1,chroma-excellence-theme/inc/curriculum-page-meta.php,field_map,content/{id},"allowed on content/{id}","private by default"
_chroma_es_curriculum_milestone_tracking_bullet2,chroma-excellence-theme/inc/curriculum-page-meta.php,field_map,content/{id},"allowed on content/{id}","private by default"
_chroma_es_curriculum_milestone_tracking_desc,chroma-excellence-theme/inc/curriculum-page-meta.php,field_map,content/{id},"allowed on content/{id}","private by default"
_chroma_es_curriculum_milestone_tracking_title,chroma-excellence-theme/inc/curriculum-page-meta.php,field_map,content/{id},"allowed on content/{id}","private by default"
_chroma_es_curriculum_milestones_subtitle,chroma-excellence-theme/inc/curriculum-page-meta.php,field_map|get_post_meta,content/{id},"allowed on content/{id}","private by default"
_chroma_es_curriculum_milestones_title,chroma-excellence-theme/inc/curriculum-page-meta.php,field_map|get_post_meta,content/{id},"allowed on content/{id}","private by default"
_chroma_es_curriculum_pillar_academic_desc,chroma-excellence-theme/inc/curriculum-page-meta.php,field_map,content/{id},"allowed on content/{id}","private by default"
_chroma_es_curriculum_pillar_academic_title,chroma-excellence-theme/inc/curriculum-page-meta.php,field_map,content/{id},"allowed on content/{id}","private by default"
_chroma_es_curriculum_pillar_creative_desc,chroma-excellence-theme/inc/curriculum-page-meta.php,field_map,content/{id},"allowed on content/{id}","private by default"
_chroma_es_curriculum_pillar_creative_title,chroma-excellence-theme/inc/curriculum-page-meta.php,field_map,content/{id},"allowed on content/{id}","private by default"
_chroma_es_curriculum_pillar_emotional_desc,chroma-excellence-theme/inc/curriculum-page-meta.php,field_map,content/{id},"allowed on content/{id}","private by default"
_chroma_es_curriculum_pillar_emotional_title,chroma-excellence-theme/inc/curriculum-page-meta.php,field_map,content/{id},"allowed on content/{id}","private by default"
_chroma_es_curriculum_pillar_physical_desc,chroma-excellence-theme/inc/curriculum-page-meta.php,field_map,content/{id},"allowed on content/{id}","private by default"
_chroma_es_curriculum_pillar_physical_title,chroma-excellence-theme/inc/curriculum-page-meta.php,field_map,content/{id},"allowed on content/{id}","private by default"
_chroma_es_curriculum_pillar_social_desc,chroma-excellence-theme/inc/curriculum-page-meta.php,field_map,content/{id},"allowed on content/{id}","private by default"
_chroma_es_curriculum_pillar_social_title,chroma-excellence-theme/inc/curriculum-page-meta.php,field_map,content/{id},"allowed on content/{id}","private by default"
_chroma_es_curriculum_stage_discovery_desc,chroma-excellence-theme/inc/curriculum-page-meta.php,field_map,content/{id},"allowed on content/{id}","private by default"
_chroma_es_curriculum_stage_discovery_title,chroma-excellence-theme/inc/curriculum-page-meta.php,field_map,content/{id},"allowed on content/{id}","private by default"
_chroma_es_curriculum_stage_foundation_desc,chroma-excellence-theme/inc/curriculum-page-meta.php,field_map,content/{id},"allowed on content/{id}","private by default"
_chroma_es_curriculum_stage_foundation_title,chroma-excellence-theme/inc/curriculum-page-meta.php,field_map,content/{id},"allowed on content/{id}","private by default"
_chroma_es_curriculum_stage_readiness_desc,chroma-excellence-theme/inc/curriculum-page-meta.php,field_map,content/{id},"allowed on content/{id}","private by default"
_chroma_es_curriculum_stage_readiness_title,chroma-excellence-theme/inc/curriculum-page-meta.php,field_map,content/{id},"allowed on content/{id}","private by default"
_chroma_es_curriculum_timeline_badge,chroma-excellence-theme/inc/curriculum-page-meta.php,field_map|get_post_meta,content/{id},"allowed on content/{id}","private by default"
_chroma_es_curriculum_timeline_description,chroma-excellence-theme/inc/curriculum-page-meta.php,field_map|get_post_meta,content/{id},"allowed on content/{id}","private by default"
_chroma_es_curriculum_timeline_title,chroma-excellence-theme/inc/curriculum-page-meta.php,field_map|get_post_meta,content/{id},"allowed on content/{id}","private by default"
_chroma_es_curriculum_zone_atelier_desc,chroma-excellence-theme/inc/curriculum-page-meta.php,field_map,content/{id},"allowed on content/{id}","private by default"
_chroma_es_curriculum_zone_atelier_title,chroma-excellence-theme/inc/curriculum-page-meta.php,field_map,content/{id},"allowed on content/{id}","private by default"
_chroma_es_curriculum_zone_construction_desc,chroma-excellence-theme/inc/curriculum-page-meta.php,field_map,content/{id},"allowed on content/{id}","private by default"
_chroma_es_curriculum_zone_construction_title,chroma-excellence-theme/inc/curriculum-page-meta.php,field_map,content/{id},"allowed on content/{id}","private by default"
_chroma_es_curriculum_zone_literacy_desc,chroma-excellence-theme/inc/curriculum-page-meta.php,field_map,content/{id},"allowed on content/{id}","private by default"
_chroma_es_curriculum_zone_literacy_title,chroma-excellence-theme/inc/curriculum-page-meta.php,field_map,content/{id},"allowed on content/{id}","private by default"
_chroma_es_excerpt,plugins/chroma-seo-pro-reset/inc/meta-boxes/class-spanish-content.php,update_post_meta|get_post_meta,"content/{id}; seo/meta/{id}","allowed on content/{id}","private by default"
_chroma_es_history,plugins/chroma-seo-pro-reset/inc/meta-boxes/class-spanish-content.php,update_post_meta|get_post_meta,content/{id},"allowed on content/{id}","private by default"
_chroma_es_home_faq_heading,chroma-excellence-theme/inc/home-page-meta.php,get_post_meta,content/{id},"allowed on content/{id}","private by default"
_chroma_es_home_faq_items_json,chroma-excellence-theme/inc/home-page-meta.php,get_post_meta,content/{id},"allowed on content/{id}","private by default"
_chroma_es_home_faq_subheading,chroma-excellence-theme/inc/home-page-meta.php,get_post_meta,content/{id},"allowed on content/{id}","private by default"
_chroma_es_home_hero_cta_label,chroma-excellence-theme/inc/home-page-meta.php,get_post_meta,content/{id},"allowed on content/{id}","private by default"
_chroma_es_home_hero_heading,chroma-excellence-theme/inc/home-page-meta.php,get_post_meta,content/{id},"allowed on content/{id}","private by default"
_chroma_es_home_hero_secondary_label,chroma-excellence-theme/inc/home-page-meta.php,get_post_meta,content/{id},"allowed on content/{id}","private by default"
_chroma_es_home_hero_subheading,chroma-excellence-theme/inc/home-page-meta.php,get_post_meta,content/{id},"allowed on content/{id}","private by default"
_chroma_es_home_locations_cta_label,chroma-excellence-theme/inc/home-page-meta.php,get_post_meta,content/{id},"allowed on content/{id}","private by default"
_chroma_es_home_locations_heading,chroma-excellence-theme/inc/home-page-meta.php,get_post_meta,content/{id},"allowed on content/{id}","private by default"
_chroma_es_home_locations_subheading,chroma-excellence-theme/inc/home-page-meta.php,get_post_meta,content/{id},"allowed on content/{id}","private by default"
_chroma_es_home_prismpath_cards_json,chroma-excellence-theme/inc/home-page-meta.php,get_post_meta,content/{id},"allowed on content/{id}","private by default"
_chroma_es_home_prismpath_cta_label,chroma-excellence-theme/inc/home-page-meta.php,get_post_meta,content/{id},"allowed on content/{id}","private by default"
_chroma_es_home_prismpath_eyebrow,chroma-excellence-theme/inc/home-page-meta.php,get_post_meta,content/{id},"allowed on content/{id}","private by default"
_chroma_es_home_prismpath_heading,chroma-excellence-theme/inc/home-page-meta.php,get_post_meta,content/{id},"allowed on content/{id}","private by default"
_chroma_es_home_prismpath_readiness_desc,chroma-excellence-theme/inc/home-page-meta.php,get_post_meta,content/{id},"allowed on content/{id}","private by default"
_chroma_es_home_prismpath_readiness_heading,chroma-excellence-theme/inc/home-page-meta.php,get_post_meta,content/{id},"allowed on content/{id}","private by default"
_chroma_es_home_prismpath_subheading,chroma-excellence-theme/inc/home-page-meta.php,get_post_meta,content/{id},"allowed on content/{id}","private by default"
_chroma_es_home_stats_json,chroma-excellence-theme/inc/home-page-meta.php,get_post_meta,content/{id},"allowed on content/{id}","private by default"
_chroma_es_location_address,plugins/chroma-seo-pro-reset/inc/meta-boxes/class-spanish-content.php,get_post_meta,content/{id},"allowed on content/{id}","private by default"
_chroma_es_location_ages_served,plugins/chroma-seo-pro-reset/inc/meta-boxes/class-spanish-content.php,get_post_meta,content/{id},"allowed on content/{id}","private by default"
_chroma_es_location_city,plugins/chroma-seo-pro-reset/inc/meta-boxes/class-spanish-content.php,get_post_meta,content/{id},"allowed on content/{id}","private by default"
_chroma_es_location_description,plugins/chroma-seo-pro-reset/inc/meta-boxes/class-spanish-content.php,get_post_meta,content/{id},"allowed on content/{id}","private by default"
_chroma_es_location_director_bio,plugins/chroma-seo-pro-reset/inc/meta-boxes/class-spanish-content.php,get_post_meta,content/{id},"allowed on content/{id}","private by default"
_chroma_es_location_hero_review_author,plugins/chroma-seo-pro-reset/inc/meta-boxes/class-spanish-content.php,get_post_meta,content/{id},"allowed on content/{id}","private by default"
_chroma_es_location_hero_review_text,plugins/chroma-seo-pro-reset/inc/meta-boxes/class-spanish-content.php,get_post_meta,content/{id},"allowed on content/{id}","private by default"
_chroma_es_location_hero_subtitle,plugins/chroma-seo-pro-reset/inc/meta-boxes/class-spanish-content.php,get_post_meta,content/{id},"allowed on content/{id}","private by default"
_chroma_es_location_open_text,plugins/chroma-seo-pro-reset/inc/meta-boxes/class-spanish-content.php,get_post_meta,content/{id},"allowed on content/{id}","private by default"
_chroma_es_location_school_pickups,plugins/chroma-seo-pro-reset/inc/meta-boxes/class-spanish-content.php,get_post_meta,content/{id},"allowed on content/{id}","private by default"
_chroma_es_location_seo_content_text,plugins/chroma-seo-pro-reset/inc/meta-boxes/class-spanish-content.php,get_post_meta,content/{id},"allowed on content/{id}","private by default"
_chroma_es_location_seo_content_title,plugins/chroma-seo-pro-reset/inc/meta-boxes/class-spanish-content.php,get_post_meta,content/{id},"allowed on content/{id}","private by default"
_chroma_es_location_tagline,plugins/chroma-seo-pro-reset/inc/meta-boxes/class-spanish-content.php,get_post_meta,content/{id},"allowed on content/{id}","private by default"
_chroma_es_meta_description,plugins/chroma-seo-pro-reset/inc/meta-boxes/class-spanish-content.php,get_post_meta,"content/{id}; seo/meta/{id}","allowed on content/{id}","private by default"
_chroma_es_parents_essentials_title,chroma-excellence-theme/inc/parents-page-meta.php,field_map|get_post_meta,content/{id},"allowed on content/{id}","private by default"
_chroma_es_parents_event1_desc,chroma-excellence-theme/inc/parents-page-meta.php,field_map,content/{id},"allowed on content/{id}","private by default"
_chroma_es_parents_event1_title,chroma-excellence-theme/inc/parents-page-meta.php,field_map,content/{id},"allowed on content/{id}","private by default"
_chroma_es_parents_event2_desc,chroma-excellence-theme/inc/parents-page-meta.php,field_map,content/{id},"allowed on content/{id}","private by default"
_chroma_es_parents_event2_title,chroma-excellence-theme/inc/parents-page-meta.php,field_map,content/{id},"allowed on content/{id}","private by default"
_chroma_es_parents_event3_desc,chroma-excellence-theme/inc/parents-page-meta.php,field_map,content/{id},"allowed on content/{id}","private by default"
_chroma_es_parents_event3_title,chroma-excellence-theme/inc/parents-page-meta.php,field_map,content/{id},"allowed on content/{id}","private by default"
_chroma_es_parents_events_badge,chroma-excellence-theme/inc/parents-page-meta.php,field_map|get_post_meta,content/{id},"allowed on content/{id}","private by default"
_chroma_es_parents_events_description,chroma-excellence-theme/inc/parents-page-meta.php,field_map|get_post_meta,content/{id},"allowed on content/{id}","private by default"
_chroma_es_parents_events_title,chroma-excellence-theme/inc/parents-page-meta.php,field_map|get_post_meta,content/{id},"allowed on content/{id}","private by default"
_chroma_es_parents_faq1_answer,chroma-excellence-theme/inc/parents-page-meta.php,field_map,content/{id},"allowed on content/{id}","private by default"
_chroma_es_parents_faq1_question,chroma-excellence-theme/inc/parents-page-meta.php,field_map,content/{id},"allowed on content/{id}","private by default"
_chroma_es_parents_faq2_answer,chroma-excellence-theme/inc/parents-page-meta.php,field_map,content/{id},"allowed on content/{id}","private by default"
_chroma_es_parents_faq2_question,chroma-excellence-theme/inc/parents-page-meta.php,field_map,content/{id},"allowed on content/{id}","private by default"
_chroma_es_parents_faq3_answer,chroma-excellence-theme/inc/parents-page-meta.php,field_map,content/{id},"allowed on content/{id}","private by default"
_chroma_es_parents_faq3_question,chroma-excellence-theme/inc/parents-page-meta.php,field_map,content/{id},"allowed on content/{id}","private by default"
_chroma_es_parents_faq_description,chroma-excellence-theme/inc/parents-page-meta.php,field_map|get_post_meta,content/{id},"allowed on content/{id}","private by default"
_chroma_es_parents_faq_title,chroma-excellence-theme/inc/parents-page-meta.php,field_map|get_post_meta,content/{id},"allowed on content/{id}","private by default"
_chroma_es_parents_hero_badge,chroma-excellence-theme/inc/parents-page-meta.php,field_map|get_post_meta,content/{id},"allowed on content/{id}","private by default"
_chroma_es_parents_hero_description,chroma-excellence-theme/inc/parents-page-meta.php,field_map|get_post_meta,content/{id},"allowed on content/{id}","private by default"
_chroma_es_parents_hero_title,chroma-excellence-theme/inc/parents-page-meta.php,field_map|get_post_meta,content/{id},"allowed on content/{id}","private by default"
_chroma_es_parents_menu1_subtitle,chroma-excellence-theme/inc/parents-page-meta.php,field_map,content/{id},"allowed on content/{id}","private by default"
_chroma_es_parents_menu1_title,chroma-excellence-theme/inc/parents-page-meta.php,field_map,content/{id},"allowed on content/{id}","private by default"
_chroma_es_parents_menu2_subtitle,chroma-excellence-theme/inc/parents-page-meta.php,field_map,content/{id},"allowed on content/{id}","private by default"
_chroma_es_parents_menu2_title,chroma-excellence-theme/inc/parents-page-meta.php,field_map,content/{id},"allowed on content/{id}","private by default"
_chroma_es_parents_menu3_subtitle,chroma-excellence-theme/inc/parents-page-meta.php,field_map,content/{id},"allowed on content/{id}","private by default"
_chroma_es_parents_menu3_title,chroma-excellence-theme/inc/parents-page-meta.php,field_map,content/{id},"allowed on content/{id}","private by default"
_chroma_es_parents_nutrition_badge,chroma-excellence-theme/inc/parents-page-meta.php,field_map|get_post_meta,content/{id},"allowed on content/{id}","private by default"
_chroma_es_parents_nutrition_description,chroma-excellence-theme/inc/parents-page-meta.php,field_map|get_post_meta,content/{id},"allowed on content/{id}","private by default"
_chroma_es_parents_nutrition_title,chroma-excellence-theme/inc/parents-page-meta.php,field_map|get_post_meta,content/{id},"allowed on content/{id}","private by default"
_chroma_es_parents_referral_button_text,chroma-excellence-theme/inc/parents-page-meta.php,field_map|get_post_meta,content/{id},"allowed on content/{id}","private by default"
_chroma_es_parents_referral_description,chroma-excellence-theme/inc/parents-page-meta.php,field_map|get_post_meta,content/{id},"allowed on content/{id}","private by default"
_chroma_es_parents_referral_title,chroma-excellence-theme/inc/parents-page-meta.php,field_map|get_post_meta,content/{id},"allowed on content/{id}","private by default"
_chroma_es_parents_resource_enrollment_desc,chroma-excellence-theme/inc/parents-page-meta.php,field_map,content/{id},"allowed on content/{id}","private by default"
_chroma_es_parents_resource_enrollment_title,chroma-excellence-theme/inc/parents-page-meta.php,field_map,content/{id},"allowed on content/{id}","private by default"
_chroma_es_parents_resource_handbook_desc,chroma-excellence-theme/inc/parents-page-meta.php,field_map,content/{id},"allowed on content/{id}","private by default"
_chroma_es_parents_resource_handbook_title,chroma-excellence-theme/inc/parents-page-meta.php,field_map,content/{id},"allowed on content/{id}","private by default"
_chroma_es_parents_resource_prekga_desc,chroma-excellence-theme/inc/parents-page-meta.php,field_map,content/{id},"allowed on content/{id}","private by default"
_chroma_es_parents_resource_prekga_title,chroma-excellence-theme/inc/parents-page-meta.php,field_map,content/{id},"allowed on content/{id}","private by default"
_chroma_es_parents_resource_procare_desc,chroma-excellence-theme/inc/parents-page-meta.php,field_map,content/{id},"allowed on content/{id}","private by default"
_chroma_es_parents_resource_procare_title,chroma-excellence-theme/inc/parents-page-meta.php,field_map,content/{id},"allowed on content/{id}","private by default"
_chroma_es_parents_resource_tuition_desc,chroma-excellence-theme/inc/parents-page-meta.php,field_map,content/{id},"allowed on content/{id}","private by default"
_chroma_es_parents_resource_tuition_title,chroma-excellence-theme/inc/parents-page-meta.php,field_map,content/{id},"allowed on content/{id}","private by default"
_chroma_es_parents_resource_waitlist_desc,chroma-excellence-theme/inc/parents-page-meta.php,field_map,content/{id},"allowed on content/{id}","private by default"
_chroma_es_parents_resource_waitlist_title,chroma-excellence-theme/inc/parents-page-meta.php,field_map,content/{id},"allowed on content/{id}","private by default"
_chroma_es_parents_safety1_desc,chroma-excellence-theme/inc/parents-page-meta.php,field_map,content/{id},"allowed on content/{id}","private by default"
_chroma_es_parents_safety1_title,chroma-excellence-theme/inc/parents-page-meta.php,field_map,content/{id},"allowed on content/{id}","private by default"
_chroma_es_parents_safety2_desc,chroma-excellence-theme/inc/parents-page-meta.php,field_map,content/{id},"allowed on content/{id}","private by default"
_chroma_es_parents_safety2_title,chroma-excellence-theme/inc/parents-page-meta.php,field_map,content/{id},"allowed on content/{id}","private by default"
_chroma_es_parents_safety3_desc,chroma-excellence-theme/inc/parents-page-meta.php,field_map,content/{id},"allowed on content/{id}","private by default"
_chroma_es_parents_safety3_title,chroma-excellence-theme/inc/parents-page-meta.php,field_map,content/{id},"allowed on content/{id}","private by default"
_chroma_es_parents_safety_description,chroma-excellence-theme/inc/parents-page-meta.php,field_map|get_post_meta,content/{id},"allowed on content/{id}","private by default"
_chroma_es_parents_safety_title,chroma-excellence-theme/inc/parents-page-meta.php,field_map|get_post_meta,content/{id},"allowed on content/{id}","private by default"
_chroma_es_program_age_range,plugins/chroma-seo-pro-reset/inc/meta-boxes/class-spanish-content.php,get_post_meta,content/{id},"allowed on content/{id}","private by default"
_chroma_es_program_cta_text,plugins/chroma-seo-pro-reset/inc/meta-boxes/class-spanish-content.php,get_post_meta,content/{id},"allowed on content/{id}","private by default"
_chroma_es_program_features,plugins/chroma-seo-pro-reset/inc/meta-boxes/class-spanish-content.php,get_post_meta,content/{id},"allowed on content/{id}","private by default"
_chroma_es_program_hero_description,plugins/chroma-seo-pro-reset/inc/meta-boxes/class-spanish-content.php,get_post_meta,content/{id},"allowed on content/{id}","private by default"
_chroma_es_program_hero_title,plugins/chroma-seo-pro-reset/inc/meta-boxes/class-spanish-content.php,get_post_meta,content/{id},"allowed on content/{id}","private by default"
_chroma_es_program_prism_description,plugins/chroma-seo-pro-reset/inc/meta-boxes/class-spanish-content.php,get_post_meta,content/{id},"allowed on content/{id}","private by default"
_chroma_es_program_prism_focus_items,plugins/chroma-seo-pro-reset/inc/meta-boxes/class-spanish-content.php,get_post_meta,content/{id},"allowed on content/{id}","private by default"
_chroma_es_program_prism_title,plugins/chroma-seo-pro-reset/inc/meta-boxes/class-spanish-content.php,get_post_meta,content/{id},"allowed on content/{id}","private by default"
_chroma_es_program_schedule_items,plugins/chroma-seo-pro-reset/inc/meta-boxes/class-spanish-content.php,get_post_meta,content/{id},"allowed on content/{id}","private by default"
_chroma_es_program_schedule_title,plugins/chroma-seo-pro-reset/inc/meta-boxes/class-spanish-content.php,get_post_meta,content/{id},"allowed on content/{id}","private by default"
_chroma_es_seo_title,plugins/chroma-seo-pro-reset/inc/meta-boxes/class-spanish-content.php,get_post_meta,"content/{id}; seo/meta/{id}","allowed on content/{id}","private by default"
_chroma_es_title,plugins/chroma-seo-pro-reset/inc/meta-boxes/class-spanish-content.php,update_post_meta|get_post_meta,"content/{id}; seo/meta/{id}","allowed on content/{id}","private by default"
_chroma_ga_pre_k_accepted,plugins/chroma-seo-pro-reset/inc/meta-boxes/class-location-advanced-schema.php,get_post_meta,content/{id},"allowed on content/{id}","allowed in geo-feed"
_chroma_google_maps_cid,plugins/chroma-seo-pro-reset/inc/meta-boxes/class-location-advanced-schema.php,get_post_meta,content/{id},"allowed on content/{id}","private by default"
_chroma_is_event_venue,plugins/chroma-seo-pro-reset/inc/meta-boxes/class-location-advanced-schema.php,get_post_meta,content/{id},"allowed on content/{id}","allowed in geo-feed"
_chroma_license_number,chroma-excellence-theme/inc/cpt-locations.php,get_post_meta,content/{id},"allowed on content/{id}","private by default"
_chroma_license_number,plugins/chroma-seo-pro-reset/inc/meta-boxes/class-location-advanced-schema.php,get_post_meta,content/{id},"allowed on content/{id}","private by default"
_chroma_needs_review,plugins/chroma-seo-pro-reset/inc/meta-boxes/class-schema-editor-metabox.php,get_post_meta,"content/{id}; seo/meta/{id}","blocked on content/{id}","never public"
_chroma_open_house_date,plugins/chroma-seo-pro-reset/inc/meta-boxes/class-location-advanced-schema.php,get_post_meta,content/{id},"allowed on content/{id}","allowed in geo-feed"
_chroma_schema_confidence,plugins/chroma-seo-pro-reset/inc/meta-boxes/class-schema-editor-metabox.php,update_post_meta|get_post_meta,"seo/schema/{id} preferred; content/{id}","blocked on content/{id}","never public"
_chroma_schema_data,plugins/chroma-seo-pro-reset/inc/meta-boxes/class-schema-editor-metabox.php,get_post_meta,"seo/schema/{id} preferred; content/{id}","blocked on content/{id}","never public"
_chroma_schema_override,chroma-excellence-theme/inc/class-program-enhancements.php,get_post_meta,"seo/schema/{id} preferred; content/{id}","blocked on content/{id}","never public"
_chroma_school_config,plugins/chroma-school-dashboard/inc/class-post-type.php,update_post_meta|get_post_meta,"school dashboard route preferred; content/{id} raw","blocked on content/{id}","never public"
_chroma_school_director_email,plugins/chroma-school-dashboard/inc/class-post-type.php,update_post_meta,"school dashboard route preferred; content/{id} raw","blocked on content/{id}","never public"
_chroma_school_eom,plugins/chroma-school-dashboard/inc/class-post-type.php,update_post_meta|get_post_meta,"school dashboard route preferred; content/{id} raw","blocked on content/{id}","never public"
_chroma_school_newsletter,plugins/chroma-school-dashboard/inc/class-post-type.php,update_post_meta|get_post_meta,"school dashboard route preferred; content/{id} raw","blocked on content/{id}","never public"
_chroma_school_slideshow,plugins/chroma-school-dashboard/inc/class-post-type.php,update_post_meta|get_post_meta,"school dashboard route preferred; content/{id} raw","blocked on content/{id}","never public"
_chroma_school_slideshow_title,plugins/chroma-school-dashboard/inc/class-post-type.php,update_post_meta|get_post_meta,"school dashboard route preferred; content/{id} raw","blocked on content/{id}","never public"
_chroma_security_cameras,plugins/chroma-seo-pro-reset/inc/meta-boxes/class-location-advanced-schema.php,get_post_meta,content/{id},"allowed on content/{id}","allowed in geo-feed"
_chroma_show_in_newsroom,chroma-excellence-theme/inc/meta-boxes/class-post-newsroom.php,update_post_meta|get_post_meta,content/{id},"allowed on content/{id}","private by default"
_chroma_show_in_newsroom,plugins/chroma-seo-pro-reset/inc/meta-boxes/class-post-newsroom.php,update_post_meta|delete_post_meta|get_post_meta,content/{id},"allowed on content/{id}","private by default"
_chroma_webhook_sent,chroma-plugins/chroma-lead-log/chroma-lead-log.php,update_post_meta|get_post_meta,content/{id},"blocked on content/{id}","never public"
_contact_defaults_seeded,chroma-excellence-theme/inc/contact-page-meta.php,update_post_meta|get_post_meta,content/{id},"allowed on content/{id}","private by default"
_cp_event_date,plugins/chroma-parent-portal/includes/class-meta-boxes.php,update_post_meta|get_post_meta,"chroma-portal route preferred; content/{id} raw","blocked on content/{id}","never public"
_cp_pdf_file_id,plugins/chroma-parent-portal/includes/class-meta-boxes.php,update_post_meta|get_post_meta,"chroma-portal route preferred; content/{id} raw","blocked on content/{id}","never public"
_cp_pin_hash,plugins/chroma-parent-portal/includes/class-meta-boxes.php,update_post_meta,"chroma-portal route preferred; content/{id} raw","blocked on content/{id}","never public"
_cp_pin_simple_hash,plugins/chroma-parent-portal/includes/class-meta-boxes.php,update_post_meta,"chroma-portal route preferred; content/{id} raw","blocked on content/{id}","never public"
_cp_priority,plugins/chroma-parent-portal/includes/class-meta-boxes.php,update_post_meta|get_post_meta,"chroma-portal route preferred; content/{id} raw","blocked on content/{id}","never public"
_curriculum_defaults_seeded,chroma-excellence-theme/inc/curriculum-page-meta.php,update_post_meta|get_post_meta,content/{id},"allowed on content/{id}","private by default"
_employers_defaults_seeded,chroma-excellence-theme/inc/employers-page-meta.php,update_post_meta|get_post_meta,content/{id},"allowed on content/{id}","private by default"
_gmb_last_sync,plugins/chroma-seo-pro-reset/inc/meta-boxes/class-schema-editor-metabox.php,get_post_meta,content/{id},"allowed on content/{id}","private by default"
_gmb_rating,plugins/chroma-seo-pro-reset/inc/meta-boxes/class-schema-editor-metabox.php,get_post_meta,content/{id},"allowed on content/{id}","private by default"
_gmb_review_count,plugins/chroma-seo-pro-reset/inc/meta-boxes/class-schema-editor-metabox.php,get_post_meta,content/{id},"allowed on content/{id}","private by default"
_parents_defaults_seeded,chroma-excellence-theme/inc/parents-page-meta.php,update_post_meta|get_post_meta,content/{id},"allowed on content/{id}","private by default"
_privacy_defaults_seeded,chroma-excellence-theme/inc/privacy-page-meta.php,update_post_meta|get_post_meta,content/{id},"allowed on content/{id}","private by default"
_wp_page_template,chroma-excellence-theme/inc/about-page-meta.php,get_post_meta,content/{id},"allowed on content/{id}","private by default"
_wp_page_template,chroma-excellence-theme/inc/careers-page-meta.php,get_post_meta,content/{id},"allowed on content/{id}","private by default"
_wp_page_template,chroma-excellence-theme/inc/contact-page-meta.php,get_post_meta,content/{id},"allowed on content/{id}","private by default"
_wp_page_template,chroma-excellence-theme/inc/curriculum-page-meta.php,get_post_meta,content/{id},"allowed on content/{id}","private by default"
_wp_page_template,chroma-excellence-theme/inc/employers-page-meta.php,get_post_meta,content/{id},"allowed on content/{id}","private by default"
_wp_page_template,chroma-excellence-theme/inc/parents-page-meta.php,get_post_meta,content/{id},"allowed on content/{id}","private by default"
_wp_page_template,chroma-excellence-theme/inc/privacy-page-meta.php,get_post_meta,content/{id},"allowed on content/{id}","private by default"
about_cta_description,chroma-excellence-theme/inc/about-page-meta.php,field_map|get_post_meta,content/{id},"allowed on content/{id}","private by default"
about_cta_title,chroma-excellence-theme/inc/about-page-meta.php,field_map|get_post_meta,content/{id},"allowed on content/{id}","private by default"
about_educator1_desc,chroma-excellence-theme/inc/about-page-meta.php,field_map|get_post_meta,content/{id},"allowed on content/{id}","private by default"
about_educator1_icon,chroma-excellence-theme/inc/about-page-meta.php,field_map|get_post_meta,content/{id},"allowed on content/{id}","private by default"
about_educator1_title,chroma-excellence-theme/inc/about-page-meta.php,field_map|get_post_meta,content/{id},"allowed on content/{id}","private by default"
about_educator2_desc,chroma-excellence-theme/inc/about-page-meta.php,field_map|get_post_meta,content/{id},"allowed on content/{id}","private by default"
about_educator2_icon,chroma-excellence-theme/inc/about-page-meta.php,field_map|get_post_meta,content/{id},"allowed on content/{id}","private by default"
about_educator2_title,chroma-excellence-theme/inc/about-page-meta.php,field_map|get_post_meta,content/{id},"allowed on content/{id}","private by default"
about_educator3_desc,chroma-excellence-theme/inc/about-page-meta.php,field_map|get_post_meta,content/{id},"allowed on content/{id}","private by default"
about_educator3_icon,chroma-excellence-theme/inc/about-page-meta.php,field_map|get_post_meta,content/{id},"allowed on content/{id}","private by default"
about_educator3_title,chroma-excellence-theme/inc/about-page-meta.php,field_map|get_post_meta,content/{id},"allowed on content/{id}","private by default"
about_educators_description,chroma-excellence-theme/inc/about-page-meta.php,field_map|get_post_meta,content/{id},"allowed on content/{id}","private by default"
about_educators_title,chroma-excellence-theme/inc/about-page-meta.php,field_map|get_post_meta,content/{id},"allowed on content/{id}","private by default"
about_hero_badge_text,chroma-excellence-theme/inc/about-page-meta.php,field_map|get_post_meta,content/{id},"allowed on content/{id}","private by default"
about_hero_description,chroma-excellence-theme/inc/about-page-meta.php,field_map|get_post_meta,content/{id},"allowed on content/{id}","private by default"
about_hero_image,chroma-excellence-theme/inc/about-page-meta.php,field_map|get_post_meta,content/{id},"allowed on content/{id}","private by default"
about_hero_title,chroma-excellence-theme/inc/about-page-meta.php,field_map|get_post_meta,content/{id},"allowed on content/{id}","private by default"
about_leadership_title,chroma-excellence-theme/inc/about-page-meta.php,field_map|get_post_meta,content/{id},"allowed on content/{id}","private by default"
about_meta_description,chroma-excellence-theme/inc/about-seo.php,update_post_meta|register_post_meta|get_post_meta,content/{id},"allowed on content/{id}","private by default"
about_meta_title,chroma-excellence-theme/inc/about-seo.php,update_post_meta|register_post_meta|get_post_meta,content/{id},"allowed on content/{id}","private by default"
about_mission_quote,chroma-excellence-theme/inc/about-page-meta.php,field_map|get_post_meta,content/{id},"allowed on content/{id}","private by default"
about_nutrition_bullet1_icon,chroma-excellence-theme/inc/about-page-meta.php,field_map|get_post_meta,content/{id},"allowed on content/{id}","private by default"
about_nutrition_bullet1_text,chroma-excellence-theme/inc/about-page-meta.php,field_map|get_post_meta,content/{id},"allowed on content/{id}","private by default"
about_nutrition_bullet2_icon,chroma-excellence-theme/inc/about-page-meta.php,field_map|get_post_meta,content/{id},"allowed on content/{id}","private by default"
about_nutrition_bullet2_text,chroma-excellence-theme/inc/about-page-meta.php,field_map|get_post_meta,content/{id},"allowed on content/{id}","private by default"
about_nutrition_bullet3_icon,chroma-excellence-theme/inc/about-page-meta.php,field_map|get_post_meta,content/{id},"allowed on content/{id}","private by default"
about_nutrition_bullet3_text,chroma-excellence-theme/inc/about-page-meta.php,field_map|get_post_meta,content/{id},"allowed on content/{id}","private by default"
about_nutrition_description,chroma-excellence-theme/inc/about-page-meta.php,field_map|get_post_meta,content/{id},"allowed on content/{id}","private by default"
about_nutrition_image,chroma-excellence-theme/inc/about-page-meta.php,field_map|get_post_meta,content/{id},"allowed on content/{id}","private by default"
about_nutrition_title,chroma-excellence-theme/inc/about-page-meta.php,field_map|get_post_meta,content/{id},"allowed on content/{id}","private by default"
about_philanthropy_bullet1_icon,chroma-excellence-theme/inc/about-page-meta.php,field_map|get_post_meta,content/{id},"allowed on content/{id}","private by default"
about_philanthropy_bullet1_text,chroma-excellence-theme/inc/about-page-meta.php,field_map|get_post_meta,content/{id},"allowed on content/{id}","private by default"
about_philanthropy_bullet2_icon,chroma-excellence-theme/inc/about-page-meta.php,field_map|get_post_meta,content/{id},"allowed on content/{id}","private by default"
about_philanthropy_bullet2_text,chroma-excellence-theme/inc/about-page-meta.php,field_map|get_post_meta,content/{id},"allowed on content/{id}","private by default"
about_philanthropy_bullet3_icon,chroma-excellence-theme/inc/about-page-meta.php,field_map|get_post_meta,content/{id},"allowed on content/{id}","private by default"
about_philanthropy_bullet3_text,chroma-excellence-theme/inc/about-page-meta.php,field_map|get_post_meta,content/{id},"allowed on content/{id}","private by default"
about_philanthropy_description,chroma-excellence-theme/inc/about-page-meta.php,field_map|get_post_meta,content/{id},"allowed on content/{id}","private by default"
about_philanthropy_image,chroma-excellence-theme/inc/about-page-meta.php,field_map|get_post_meta,content/{id},"allowed on content/{id}","private by default"
about_philanthropy_subtitle,chroma-excellence-theme/inc/about-page-meta.php,field_map|get_post_meta,content/{id},"allowed on content/{id}","private by default"
about_philanthropy_title,chroma-excellence-theme/inc/about-page-meta.php,field_map|get_post_meta,content/{id},"allowed on content/{id}","private by default"
about_stat1_label,chroma-excellence-theme/inc/about-page-meta.php,field_map|get_post_meta,content/{id},"allowed on content/{id}","private by default"
about_stat1_value,chroma-excellence-theme/inc/about-page-meta.php,field_map|get_post_meta,content/{id},"allowed on content/{id}","private by default"
about_stat2_label,chroma-excellence-theme/inc/about-page-meta.php,field_map|get_post_meta,content/{id},"allowed on content/{id}","private by default"
about_stat2_value,chroma-excellence-theme/inc/about-page-meta.php,field_map|get_post_meta,content/{id},"allowed on content/{id}","private by default"
about_stat3_label,chroma-excellence-theme/inc/about-page-meta.php,field_map|get_post_meta,content/{id},"allowed on content/{id}","private by default"
about_stat3_value,chroma-excellence-theme/inc/about-page-meta.php,field_map|get_post_meta,content/{id},"allowed on content/{id}","private by default"
about_stat4_label,chroma-excellence-theme/inc/about-page-meta.php,field_map|get_post_meta,content/{id},"allowed on content/{id}","private by default"
about_stat4_value,chroma-excellence-theme/inc/about-page-meta.php,field_map|get_post_meta,content/{id},"allowed on content/{id}","private by default"
about_story_image,chroma-excellence-theme/inc/about-page-meta.php,field_map|get_post_meta,content/{id},"allowed on content/{id}","private by default"
about_story_paragraph1,chroma-excellence-theme/inc/about-page-meta.php,field_map|get_post_meta,content/{id},"allowed on content/{id}","private by default"
about_story_paragraph2,chroma-excellence-theme/inc/about-page-meta.php,field_map|get_post_meta,content/{id},"allowed on content/{id}","private by default"
about_story_title,chroma-excellence-theme/inc/about-page-meta.php,field_map|get_post_meta,content/{id},"allowed on content/{id}","private by default"
about_structured_data,chroma-excellence-theme/inc/about-seo.php,update_post_meta|register_post_meta|get_post_meta,content/{id},"allowed on content/{id}","private by default"
about_value1_desc,chroma-excellence-theme/inc/about-page-meta.php,field_map|get_post_meta,content/{id},"allowed on content/{id}","private by default"
about_value1_icon,chroma-excellence-theme/inc/about-page-meta.php,field_map|get_post_meta,content/{id},"allowed on content/{id}","private by default"
about_value1_title,chroma-excellence-theme/inc/about-page-meta.php,field_map|get_post_meta,content/{id},"allowed on content/{id}","private by default"
about_value2_desc,chroma-excellence-theme/inc/about-page-meta.php,field_map|get_post_meta,content/{id},"allowed on content/{id}","private by default"
about_value2_icon,chroma-excellence-theme/inc/about-page-meta.php,field_map|get_post_meta,content/{id},"allowed on content/{id}","private by default"
about_value2_title,chroma-excellence-theme/inc/about-page-meta.php,field_map|get_post_meta,content/{id},"allowed on content/{id}","private by default"
about_value3_desc,chroma-excellence-theme/inc/about-page-meta.php,field_map|get_post_meta,content/{id},"allowed on content/{id}","private by default"
about_value3_icon,chroma-excellence-theme/inc/about-page-meta.php,field_map|get_post_meta,content/{id},"allowed on content/{id}","private by default"
about_value3_title,chroma-excellence-theme/inc/about-page-meta.php,field_map|get_post_meta,content/{id},"allowed on content/{id}","private by default"
about_value4_desc,chroma-excellence-theme/inc/about-page-meta.php,field_map|get_post_meta,content/{id},"allowed on content/{id}","private by default"
about_value4_icon,chroma-excellence-theme/inc/about-page-meta.php,field_map|get_post_meta,content/{id},"allowed on content/{id}","private by default"
about_value4_title,chroma-excellence-theme/inc/about-page-meta.php,field_map|get_post_meta,content/{id},"allowed on content/{id}","private by default"
about_values_description,chroma-excellence-theme/inc/about-page-meta.php,field_map|get_post_meta,content/{id},"allowed on content/{id}","private by default"
about_values_title,chroma-excellence-theme/inc/about-page-meta.php,field_map|get_post_meta,content/{id},"allowed on content/{id}","private by default"
alternate_url_en,plugins/chroma-seo-pro-reset/inc/meta-boxes/class-hreflang-options.php,update_post_meta|get_post_meta,content/{id},"allowed on content/{id}","private by default"
alternate_url_es,plugins/chroma-seo-pro-reset/inc/meta-boxes/class-hreflang-options.php,update_post_meta|get_post_meta,content/{id},"allowed on content/{id}","private by default"
careers_benefit1_desc,chroma-excellence-theme/inc/careers-page-meta.php,field_map,content/{id},"allowed on content/{id}","private by default"
careers_benefit1_icon,chroma-excellence-theme/inc/careers-page-meta.php,field_map,content/{id},"allowed on content/{id}","private by default"
careers_benefit1_title,chroma-excellence-theme/inc/careers-page-meta.php,field_map,content/{id},"allowed on content/{id}","private by default"
careers_benefit2_desc,chroma-excellence-theme/inc/careers-page-meta.php,field_map,content/{id},"allowed on content/{id}","private by default"
careers_benefit2_icon,chroma-excellence-theme/inc/careers-page-meta.php,field_map,content/{id},"allowed on content/{id}","private by default"
careers_benefit2_title,chroma-excellence-theme/inc/careers-page-meta.php,field_map,content/{id},"allowed on content/{id}","private by default"
careers_benefit3_desc,chroma-excellence-theme/inc/careers-page-meta.php,field_map,content/{id},"allowed on content/{id}","private by default"
careers_benefit3_icon,chroma-excellence-theme/inc/careers-page-meta.php,field_map,content/{id},"allowed on content/{id}","private by default"
careers_benefit3_title,chroma-excellence-theme/inc/careers-page-meta.php,field_map,content/{id},"allowed on content/{id}","private by default"
careers_cta_button_text,chroma-excellence-theme/inc/careers-page-meta.php,field_map|get_post_meta,content/{id},"allowed on content/{id}","private by default"
careers_cta_button_url,chroma-excellence-theme/inc/careers-page-meta.php,field_map|get_post_meta,content/{id},"allowed on content/{id}","private by default"
careers_cta_description,chroma-excellence-theme/inc/careers-page-meta.php,field_map|get_post_meta,content/{id},"allowed on content/{id}","private by default"
careers_cta_title,chroma-excellence-theme/inc/careers-page-meta.php,field_map|get_post_meta,content/{id},"allowed on content/{id}","private by default"
careers_culture_description,chroma-excellence-theme/inc/careers-page-meta.php,field_map|get_post_meta,content/{id},"allowed on content/{id}","private by default"
careers_culture_title,chroma-excellence-theme/inc/careers-page-meta.php,field_map|get_post_meta,content/{id},"allowed on content/{id}","private by default"
careers_hero_badge,chroma-excellence-theme/inc/careers-page-meta.php,field_map|get_post_meta,content/{id},"allowed on content/{id}","private by default"
careers_hero_button_text,chroma-excellence-theme/inc/careers-page-meta.php,field_map|get_post_meta,content/{id},"allowed on content/{id}","private by default"
careers_hero_button_url,chroma-excellence-theme/inc/careers-page-meta.php,field_map|get_post_meta,content/{id},"allowed on content/{id}","private by default"
careers_hero_description,chroma-excellence-theme/inc/careers-page-meta.php,field_map|get_post_meta,content/{id},"allowed on content/{id}","private by default"
careers_hero_title,chroma-excellence-theme/inc/careers-page-meta.php,field_map|get_post_meta,content/{id},"allowed on content/{id}","private by default"
careers_job1_location,chroma-excellence-theme/inc/careers-page-meta.php,field_map,content/{id},"allowed on content/{id}","private by default"
careers_job1_title,chroma-excellence-theme/inc/careers-page-meta.php,field_map,content/{id},"allowed on content/{id}","private by default"
careers_job1_type,chroma-excellence-theme/inc/careers-page-meta.php,field_map,content/{id},"allowed on content/{id}","private by default"
careers_job1_url,chroma-excellence-theme/inc/careers-page-meta.php,field_map,content/{id},"allowed on content/{id}","private by default"
careers_job2_location,chroma-excellence-theme/inc/careers-page-meta.php,field_map,content/{id},"allowed on content/{id}","private by default"
careers_job2_title,chroma-excellence-theme/inc/careers-page-meta.php,field_map,content/{id},"allowed on content/{id}","private by default"
careers_job2_type,chroma-excellence-theme/inc/careers-page-meta.php,field_map,content/{id},"allowed on content/{id}","private by default"
careers_job2_url,chroma-excellence-theme/inc/careers-page-meta.php,field_map,content/{id},"allowed on content/{id}","private by default"
careers_job3_location,chroma-excellence-theme/inc/careers-page-meta.php,field_map,content/{id},"allowed on content/{id}","private by default"
careers_job3_title,chroma-excellence-theme/inc/careers-page-meta.php,field_map,content/{id},"allowed on content/{id}","private by default"
careers_job3_type,chroma-excellence-theme/inc/careers-page-meta.php,field_map,content/{id},"allowed on content/{id}","private by default"
careers_job3_url,chroma-excellence-theme/inc/careers-page-meta.php,field_map,content/{id},"allowed on content/{id}","private by default"
careers_openings_title,chroma-excellence-theme/inc/careers-page-meta.php,field_map|get_post_meta,content/{id},"allowed on content/{id}","private by default"
chroma_faq_items,plugins/chroma-seo-pro-reset/inc/meta-boxes/class-universal-faq.php,update_post_meta|delete_post_meta|get_post_meta,"content/{id}; seo/meta/{id}","allowed on content/{id}","allowed in geo-feed"
city_county,plugins/chroma-seo-pro-reset/inc/meta-boxes/class-city-landing-meta.php,update_post_meta|get_post_meta,content/{id},"allowed on content/{id}","private by default"
city_intro_text,plugins/chroma-seo-pro-reset/inc/meta-boxes/class-city-landing-meta.php,update_post_meta|get_post_meta,content/{id},"allowed on content/{id}","private by default"
city_nearby_locations,plugins/chroma-seo-pro-reset/inc/meta-boxes/class-city-landing-meta.php,update_post_meta|delete_post_meta|get_post_meta,content/{id},"allowed on content/{id}","private by default"
contact_careers_description,chroma-excellence-theme/inc/contact-page-meta.php,field_map|get_post_meta,content/{id},"allowed on content/{id}","private by default"
contact_careers_link_text,chroma-excellence-theme/inc/contact-page-meta.php,field_map|get_post_meta,content/{id},"allowed on content/{id}","private by default"
contact_careers_link_url,chroma-excellence-theme/inc/contact-page-meta.php,field_map|get_post_meta,content/{id},"allowed on content/{id}","private by default"
contact_careers_title,chroma-excellence-theme/inc/contact-page-meta.php,field_map|get_post_meta,content/{id},"allowed on content/{id}","private by default"
contact_corporate_address,chroma-excellence-theme/inc/contact-page-meta.php,field_map|get_post_meta,content/{id},"allowed on content/{id}","private by default"
contact_corporate_name,chroma-excellence-theme/inc/contact-page-meta.php,field_map|get_post_meta,content/{id},"allowed on content/{id}","private by default"
contact_corporate_phone,chroma-excellence-theme/inc/contact-page-meta.php,field_map|get_post_meta,content/{id},"allowed on content/{id}","private by default"
contact_corporate_title,chroma-excellence-theme/inc/contact-page-meta.php,field_map|get_post_meta,content/{id},"allowed on content/{id}","private by default"
contact_form_submit_text,chroma-excellence-theme/inc/contact-page-meta.php,field_map|get_post_meta,content/{id},"allowed on content/{id}","private by default"
contact_hero_badge,chroma-excellence-theme/inc/contact-page-meta.php,field_map|get_post_meta,content/{id},"allowed on content/{id}","private by default"
contact_hero_description,chroma-excellence-theme/inc/contact-page-meta.php,field_map|get_post_meta,content/{id},"allowed on content/{id}","private by default"
contact_hero_title,chroma-excellence-theme/inc/contact-page-meta.php,field_map|get_post_meta,content/{id},"allowed on content/{id}","private by default"
contact_press_description,chroma-excellence-theme/inc/contact-page-meta.php,field_map|get_post_meta,content/{id},"allowed on content/{id}","private by default"
contact_press_link_text,chroma-excellence-theme/inc/contact-page-meta.php,field_map|get_post_meta,content/{id},"allowed on content/{id}","private by default"
contact_press_link_url,chroma-excellence-theme/inc/contact-page-meta.php,field_map|get_post_meta,content/{id},"allowed on content/{id}","private by default"
contact_press_title,chroma-excellence-theme/inc/contact-page-meta.php,field_map|get_post_meta,content/{id},"allowed on content/{id}","private by default"
curriculum_cta_description,chroma-excellence-theme/inc/curriculum-page-meta.php,field_map|get_post_meta,content/{id},"allowed on content/{id}","private by default"
curriculum_cta_title,chroma-excellence-theme/inc/curriculum-page-meta.php,field_map|get_post_meta,content/{id},"allowed on content/{id}","private by default"
curriculum_env_badge,chroma-excellence-theme/inc/curriculum-page-meta.php,field_map|get_post_meta,content/{id},"allowed on content/{id}","private by default"
curriculum_env_description,chroma-excellence-theme/inc/curriculum-page-meta.php,field_map|get_post_meta,content/{id},"allowed on content/{id}","private by default"
curriculum_env_title,chroma-excellence-theme/inc/curriculum-page-meta.php,field_map|get_post_meta,content/{id},"allowed on content/{id}","private by default"
curriculum_framework_description,chroma-excellence-theme/inc/curriculum-page-meta.php,field_map|get_post_meta,content/{id},"allowed on content/{id}","private by default"
curriculum_framework_title,chroma-excellence-theme/inc/curriculum-page-meta.php,field_map|get_post_meta,content/{id},"allowed on content/{id}","private by default"
curriculum_hero_badge,chroma-excellence-theme/inc/curriculum-page-meta.php,field_map|get_post_meta,content/{id},"allowed on content/{id}","private by default"
curriculum_hero_description,chroma-excellence-theme/inc/curriculum-page-meta.php,field_map|get_post_meta,content/{id},"allowed on content/{id}","private by default"
curriculum_hero_title,chroma-excellence-theme/inc/curriculum-page-meta.php,field_map|get_post_meta,content/{id},"allowed on content/{id}","private by default"
curriculum_milestone_assessments_bullet1,chroma-excellence-theme/inc/curriculum-page-meta.php,field_map,content/{id},"allowed on content/{id}","private by default"
curriculum_milestone_assessments_bullet2,chroma-excellence-theme/inc/curriculum-page-meta.php,field_map,content/{id},"allowed on content/{id}","private by default"
curriculum_milestone_assessments_desc,chroma-excellence-theme/inc/curriculum-page-meta.php,field_map,content/{id},"allowed on content/{id}","private by default"
curriculum_milestone_assessments_icon,chroma-excellence-theme/inc/curriculum-page-meta.php,field_map,content/{id},"allowed on content/{id}","private by default"
curriculum_milestone_assessments_title,chroma-excellence-theme/inc/curriculum-page-meta.php,field_map,content/{id},"allowed on content/{id}","private by default"
curriculum_milestone_screenings_bullet1,chroma-excellence-theme/inc/curriculum-page-meta.php,field_map,content/{id},"allowed on content/{id}","private by default"
curriculum_milestone_screenings_bullet2,chroma-excellence-theme/inc/curriculum-page-meta.php,field_map,content/{id},"allowed on content/{id}","private by default"
curriculum_milestone_screenings_desc,chroma-excellence-theme/inc/curriculum-page-meta.php,field_map,content/{id},"allowed on content/{id}","private by default"
curriculum_milestone_screenings_icon,chroma-excellence-theme/inc/curriculum-page-meta.php,field_map,content/{id},"allowed on content/{id}","private by default"
curriculum_milestone_screenings_title,chroma-excellence-theme/inc/curriculum-page-meta.php,field_map,content/{id},"allowed on content/{id}","private by default"
curriculum_milestone_tracking_bullet1,chroma-excellence-theme/inc/curriculum-page-meta.php,field_map,content/{id},"allowed on content/{id}","private by default"
curriculum_milestone_tracking_bullet2,chroma-excellence-theme/inc/curriculum-page-meta.php,field_map,content/{id},"allowed on content/{id}","private by default"
curriculum_milestone_tracking_desc,chroma-excellence-theme/inc/curriculum-page-meta.php,field_map,content/{id},"allowed on content/{id}","private by default"
curriculum_milestone_tracking_icon,chroma-excellence-theme/inc/curriculum-page-meta.php,field_map,content/{id},"allowed on content/{id}","private by default"
curriculum_milestone_tracking_title,chroma-excellence-theme/inc/curriculum-page-meta.php,field_map,content/{id},"allowed on content/{id}","private by default"
curriculum_milestones_subtitle,chroma-excellence-theme/inc/curriculum-page-meta.php,field_map|get_post_meta,content/{id},"allowed on content/{id}","private by default"
curriculum_milestones_title,chroma-excellence-theme/inc/curriculum-page-meta.php,field_map|get_post_meta,content/{id},"allowed on content/{id}","private by default"
curriculum_pillar_academic_desc,chroma-excellence-theme/inc/curriculum-page-meta.php,field_map,content/{id},"allowed on content/{id}","private by default"
curriculum_pillar_academic_icon,chroma-excellence-theme/inc/curriculum-page-meta.php,field_map,content/{id},"allowed on content/{id}","private by default"
curriculum_pillar_academic_title,chroma-excellence-theme/inc/curriculum-page-meta.php,field_map,content/{id},"allowed on content/{id}","private by default"
curriculum_pillar_creative_desc,chroma-excellence-theme/inc/curriculum-page-meta.php,field_map,content/{id},"allowed on content/{id}","private by default"
curriculum_pillar_creative_icon,chroma-excellence-theme/inc/curriculum-page-meta.php,field_map,content/{id},"allowed on content/{id}","private by default"
curriculum_pillar_creative_title,chroma-excellence-theme/inc/curriculum-page-meta.php,field_map,content/{id},"allowed on content/{id}","private by default"
curriculum_pillar_emotional_desc,chroma-excellence-theme/inc/curriculum-page-meta.php,field_map,content/{id},"allowed on content/{id}","private by default"
curriculum_pillar_emotional_icon,chroma-excellence-theme/inc/curriculum-page-meta.php,field_map,content/{id},"allowed on content/{id}","private by default"
curriculum_pillar_emotional_title,chroma-excellence-theme/inc/curriculum-page-meta.php,field_map,content/{id},"allowed on content/{id}","private by default"
curriculum_pillar_physical_desc,chroma-excellence-theme/inc/curriculum-page-meta.php,field_map,content/{id},"allowed on content/{id}","private by default"
curriculum_pillar_physical_icon,chroma-excellence-theme/inc/curriculum-page-meta.php,field_map,content/{id},"allowed on content/{id}","private by default"
curriculum_pillar_physical_title,chroma-excellence-theme/inc/curriculum-page-meta.php,field_map,content/{id},"allowed on content/{id}","private by default"
curriculum_pillar_social_desc,chroma-excellence-theme/inc/curriculum-page-meta.php,field_map,content/{id},"allowed on content/{id}","private by default"
curriculum_pillar_social_icon,chroma-excellence-theme/inc/curriculum-page-meta.php,field_map,content/{id},"allowed on content/{id}","private by default"
curriculum_pillar_social_title,chroma-excellence-theme/inc/curriculum-page-meta.php,field_map,content/{id},"allowed on content/{id}","private by default"
curriculum_stage_discovery_desc,chroma-excellence-theme/inc/curriculum-page-meta.php,field_map,content/{id},"allowed on content/{id}","private by default"
curriculum_stage_discovery_title,chroma-excellence-theme/inc/curriculum-page-meta.php,field_map,content/{id},"allowed on content/{id}","private by default"
curriculum_stage_foundation_desc,chroma-excellence-theme/inc/curriculum-page-meta.php,field_map,content/{id},"allowed on content/{id}","private by default"
curriculum_stage_foundation_title,chroma-excellence-theme/inc/curriculum-page-meta.php,field_map,content/{id},"allowed on content/{id}","private by default"
curriculum_stage_readiness_desc,chroma-excellence-theme/inc/curriculum-page-meta.php,field_map,content/{id},"allowed on content/{id}","private by default"
curriculum_stage_readiness_title,chroma-excellence-theme/inc/curriculum-page-meta.php,field_map,content/{id},"allowed on content/{id}","private by default"
curriculum_timeline_badge,chroma-excellence-theme/inc/curriculum-page-meta.php,field_map|get_post_meta,content/{id},"allowed on content/{id}","private by default"
curriculum_timeline_description,chroma-excellence-theme/inc/curriculum-page-meta.php,field_map|get_post_meta,content/{id},"allowed on content/{id}","private by default"
curriculum_timeline_image,chroma-excellence-theme/inc/curriculum-page-meta.php,field_map|get_post_meta,content/{id},"allowed on content/{id}","private by default"
curriculum_timeline_title,chroma-excellence-theme/inc/curriculum-page-meta.php,field_map|get_post_meta,content/{id},"allowed on content/{id}","private by default"
curriculum_zone_atelier_desc,chroma-excellence-theme/inc/curriculum-page-meta.php,field_map,content/{id},"allowed on content/{id}","private by default"
curriculum_zone_atelier_emoji,chroma-excellence-theme/inc/curriculum-page-meta.php,field_map,content/{id},"allowed on content/{id}","private by default"
curriculum_zone_atelier_title,chroma-excellence-theme/inc/curriculum-page-meta.php,field_map,content/{id},"allowed on content/{id}","private by default"
curriculum_zone_construction_desc,chroma-excellence-theme/inc/curriculum-page-meta.php,field_map,content/{id},"allowed on content/{id}","private by default"
curriculum_zone_construction_emoji,chroma-excellence-theme/inc/curriculum-page-meta.php,field_map,content/{id},"allowed on content/{id}","private by default"
curriculum_zone_construction_title,chroma-excellence-theme/inc/curriculum-page-meta.php,field_map,content/{id},"allowed on content/{id}","private by default"
curriculum_zone_literacy_desc,chroma-excellence-theme/inc/curriculum-page-meta.php,field_map,content/{id},"allowed on content/{id}","private by default"
curriculum_zone_literacy_emoji,chroma-excellence-theme/inc/curriculum-page-meta.php,field_map,content/{id},"allowed on content/{id}","private by default"
curriculum_zone_literacy_title,chroma-excellence-theme/inc/curriculum-page-meta.php,field_map,content/{id},"allowed on content/{id}","private by default"
employers_contact_title,chroma-excellence-theme/inc/employers-page-meta.php,field_map|get_post_meta,content/{id},"allowed on content/{id}","private by default"
employers_federal_desc,chroma-excellence-theme/inc/employers-page-meta.php,field_map|get_post_meta,content/{id},"allowed on content/{id}","private by default"
employers_federal_icon,chroma-excellence-theme/inc/employers-page-meta.php,field_map|get_post_meta,content/{id},"allowed on content/{id}","private by default"
employers_federal_link_text,chroma-excellence-theme/inc/employers-page-meta.php,field_map|get_post_meta,content/{id},"allowed on content/{id}","private by default"
employers_federal_link_url,chroma-excellence-theme/inc/employers-page-meta.php,field_map|get_post_meta,content/{id},"allowed on content/{id}","private by default"
employers_federal_subtitle,chroma-excellence-theme/inc/employers-page-meta.php,field_map|get_post_meta,content/{id},"allowed on content/{id}","private by default"
employers_federal_title,chroma-excellence-theme/inc/employers-page-meta.php,field_map|get_post_meta,content/{id},"allowed on content/{id}","private by default"
employers_georgia_desc,chroma-excellence-theme/inc/employers-page-meta.php,field_map|get_post_meta,content/{id},"allowed on content/{id}","private by default"
employers_georgia_icon,chroma-excellence-theme/inc/employers-page-meta.php,field_map|get_post_meta,content/{id},"allowed on content/{id}","private by default"
employers_georgia_link_text,chroma-excellence-theme/inc/employers-page-meta.php,field_map|get_post_meta,content/{id},"allowed on content/{id}","private by default"
employers_georgia_link_url,chroma-excellence-theme/inc/employers-page-meta.php,field_map|get_post_meta,content/{id},"allowed on content/{id}","private by default"
employers_georgia_subtitle,chroma-excellence-theme/inc/employers-page-meta.php,field_map|get_post_meta,content/{id},"allowed on content/{id}","private by default"
employers_georgia_title,chroma-excellence-theme/inc/employers-page-meta.php,field_map|get_post_meta,content/{id},"allowed on content/{id}","private by default"
employers_hero_badge,chroma-excellence-theme/inc/employers-page-meta.php,field_map|get_post_meta,content/{id},"allowed on content/{id}","private by default"
employers_hero_description,chroma-excellence-theme/inc/employers-page-meta.php,field_map|get_post_meta,content/{id},"allowed on content/{id}","private by default"
employers_hero_title,chroma-excellence-theme/inc/employers-page-meta.php,field_map|get_post_meta,content/{id},"allowed on content/{id}","private by default"
employers_solution1_desc,chroma-excellence-theme/inc/employers-page-meta.php,field_map,content/{id},"allowed on content/{id}","private by default"
employers_solution1_title,chroma-excellence-theme/inc/employers-page-meta.php,field_map,content/{id},"allowed on content/{id}","private by default"
employers_solution2_desc,chroma-excellence-theme/inc/employers-page-meta.php,field_map,content/{id},"allowed on content/{id}","private by default"
employers_solution2_title,chroma-excellence-theme/inc/employers-page-meta.php,field_map,content/{id},"allowed on content/{id}","private by default"
employers_solution3_desc,chroma-excellence-theme/inc/employers-page-meta.php,field_map,content/{id},"allowed on content/{id}","private by default"
employers_solution3_title,chroma-excellence-theme/inc/employers-page-meta.php,field_map,content/{id},"allowed on content/{id}","private by default"
employers_tax_badge,chroma-excellence-theme/inc/employers-page-meta.php,field_map|get_post_meta,content/{id},"allowed on content/{id}","private by default"
employers_tax_description,chroma-excellence-theme/inc/employers-page-meta.php,field_map|get_post_meta,content/{id},"allowed on content/{id}","private by default"
employers_tax_disclaimer,chroma-excellence-theme/inc/employers-page-meta.php,field_map|get_post_meta,content/{id},"allowed on content/{id}","private by default"
employers_tax_title,chroma-excellence-theme/inc/employers-page-meta.php,field_map|get_post_meta,content/{id},"allowed on content/{id}","private by default"
home_faq_heading,chroma-excellence-theme/inc/home-page-meta.php,get_post_meta,content/{id},"allowed on content/{id}","private by default"
home_faq_items_json,chroma-excellence-theme/inc/home-page-meta.php,get_post_meta,content/{id},"allowed on content/{id}","private by default"
home_faq_subheading,chroma-excellence-theme/inc/home-page-meta.php,get_post_meta,content/{id},"allowed on content/{id}","private by default"
home_hero_cta_label,chroma-excellence-theme/inc/home-page-meta.php,get_post_meta,content/{id},"allowed on content/{id}","private by default"
home_hero_heading,chroma-excellence-theme/inc/home-page-meta.php,get_post_meta,content/{id},"allowed on content/{id}","private by default"
home_hero_secondary_label,chroma-excellence-theme/inc/home-page-meta.php,get_post_meta,content/{id},"allowed on content/{id}","private by default"
home_hero_subheading,chroma-excellence-theme/inc/home-page-meta.php,get_post_meta,content/{id},"allowed on content/{id}","private by default"
home_locations_cta_label,chroma-excellence-theme/inc/home-page-meta.php,get_post_meta,content/{id},"allowed on content/{id}","private by default"
home_locations_heading,chroma-excellence-theme/inc/home-page-meta.php,get_post_meta,content/{id},"allowed on content/{id}","private by default"
home_locations_subheading,chroma-excellence-theme/inc/home-page-meta.php,get_post_meta,content/{id},"allowed on content/{id}","private by default"
home_prismpath_cards_json,chroma-excellence-theme/inc/home-page-meta.php,get_post_meta,content/{id},"allowed on content/{id}","private by default"
home_prismpath_cta_label,chroma-excellence-theme/inc/home-page-meta.php,get_post_meta,content/{id},"allowed on content/{id}","private by default"
home_prismpath_eyebrow,chroma-excellence-theme/inc/home-page-meta.php,get_post_meta,content/{id},"allowed on content/{id}","private by default"
home_prismpath_heading,chroma-excellence-theme/inc/home-page-meta.php,get_post_meta,content/{id},"allowed on content/{id}","private by default"
home_prismpath_readiness_desc,chroma-excellence-theme/inc/home-page-meta.php,get_post_meta,content/{id},"allowed on content/{id}","private by default"
home_prismpath_readiness_heading,chroma-excellence-theme/inc/home-page-meta.php,get_post_meta,content/{id},"allowed on content/{id}","private by default"
home_prismpath_subheading,chroma-excellence-theme/inc/home-page-meta.php,get_post_meta,content/{id},"allowed on content/{id}","private by default"
home_stats_json,chroma-excellence-theme/inc/home-page-meta.php,get_post_meta,content/{id},"allowed on content/{id}","private by default"
lead_email,chroma-plugins/chroma-lead-log/chroma-lead-log.php,get_post_meta,content/{id},"blocked on content/{id}","never public"
lead_name,chroma-plugins/chroma-lead-log/chroma-lead-log.php,get_post_meta,content/{id},"blocked on content/{id}","never public"
lead_payload,chroma-plugins/chroma-lead-log/chroma-lead-log.php,get_post_meta,content/{id},"blocked on content/{id}","never public"
lead_phone,chroma-plugins/chroma-lead-log/chroma-lead-log.php,get_post_meta,content/{id},"blocked on content/{id}","never public"
lead_type,chroma-plugins/chroma-lead-log/chroma-lead-log.php,get_post_meta,content/{id},"blocked on content/{id}","never public"
location_address,chroma-excellence-theme/inc/cpt-locations.php,get_post_meta,content/{id},"allowed on content/{id}","private by default"
location_address,plugins/chroma-seo-pro-reset/inc/meta-boxes/class-spanish-content.php,get_post_meta,content/{id},"allowed on content/{id}","private by default"
location_ages_served,chroma-excellence-theme/inc/cpt-locations.php,get_post_meta,content/{id},"allowed on content/{id}","private by default"
location_ages_served,plugins/chroma-seo-pro-reset/inc/meta-boxes/class-spanish-content.php,get_post_meta,content/{id},"allowed on content/{id}","private by default"
location_availability_status,plugins/chroma-seo-pro-reset/inc/meta-boxes/class-location-media.php,get_post_meta,content/{id},"allowed on content/{id}","allowed in geo-feed"
location_capacity,chroma-excellence-theme/inc/cpt-locations.php,get_post_meta,content/{id},"allowed on content/{id}","private by default"
location_city,chroma-excellence-theme/inc/cpt-locations.php,get_post_meta,content/{id},"allowed on content/{id}","private by default"
location_city,plugins/chroma-seo-pro-reset/inc/meta-boxes/class-spanish-content.php,get_post_meta,content/{id},"allowed on content/{id}","private by default"
location_description,chroma-excellence-theme/inc/cpt-locations.php,get_post_meta,content/{id},"allowed on content/{id}","private by default"
location_description,plugins/chroma-seo-pro-reset/inc/meta-boxes/class-spanish-content.php,get_post_meta,content/{id},"allowed on content/{id}","private by default"
location_director_bio,chroma-excellence-theme/inc/cpt-locations.php,get_post_meta,content/{id},"allowed on content/{id}","private by default"
location_director_bio,plugins/chroma-seo-pro-reset/inc/meta-boxes/class-spanish-content.php,get_post_meta,content/{id},"allowed on content/{id}","private by default"
location_director_heading,chroma-excellence-theme/inc/cpt-locations.php,get_post_meta,content/{id},"allowed on content/{id}","private by default"
location_director_name,chroma-excellence-theme/inc/cpt-locations.php,get_post_meta,content/{id},"allowed on content/{id}","private by default"
location_director_photo,chroma-excellence-theme/inc/cpt-locations.php,get_post_meta,content/{id},"allowed on content/{id}","private by default"
location_director_signature,chroma-excellence-theme/inc/cpt-locations.php,get_post_meta,content/{id},"allowed on content/{id}","private by default"
location_email,chroma-excellence-theme/inc/cpt-locations.php,get_post_meta,content/{id},"allowed on content/{id}","private by default"
location_enrollment,chroma-excellence-theme/inc/cpt-locations.php,get_post_meta,content/{id},"allowed on content/{id}","private by default"
location_enrollment_steps,plugins/chroma-seo-pro-reset/inc/meta-boxes/class-location-howto.php,update_post_meta|get_post_meta,content/{id},"allowed on content/{id}","allowed in geo-feed"
location_events,plugins/chroma-seo-pro-reset/inc/meta-boxes/class-location-events.php,update_post_meta|get_post_meta,content/{id},"allowed on content/{id}","private by default"
location_faq_items,chroma-excellence-theme/inc/cpt-locations.php,get_post_meta,content/{id},"allowed on content/{id}","private by default"
location_gmb_url,chroma-excellence-theme/inc/cpt-locations.php,get_post_meta,content/{id},"allowed on content/{id}","private by default"
location_google_rating,chroma-excellence-theme/inc/cpt-locations.php,get_post_meta,content/{id},"allowed on content/{id}","private by default"
location_hero_gallery,chroma-excellence-theme/inc/cpt-locations.php,get_post_meta,content/{id},"allowed on content/{id}","private by default"
location_hero_review_author,chroma-excellence-theme/inc/cpt-locations.php,get_post_meta,content/{id},"allowed on content/{id}","private by default"
location_hero_review_author,plugins/chroma-seo-pro-reset/inc/meta-boxes/class-spanish-content.php,get_post_meta,content/{id},"allowed on content/{id}","private by default"
location_hero_review_text,chroma-excellence-theme/inc/cpt-locations.php,get_post_meta,content/{id},"allowed on content/{id}","private by default"
location_hero_review_text,plugins/chroma-seo-pro-reset/inc/meta-boxes/class-spanish-content.php,get_post_meta,content/{id},"allowed on content/{id}","private by default"
location_hero_subtitle,chroma-excellence-theme/inc/cpt-locations.php,get_post_meta,content/{id},"allowed on content/{id}","private by default"
location_hero_subtitle,plugins/chroma-seo-pro-reset/inc/meta-boxes/class-spanish-content.php,get_post_meta,content/{id},"allowed on content/{id}","private by default"
location_hours,chroma-excellence-theme/inc/cpt-locations.php,get_post_meta,content/{id},"allowed on content/{id}","private by default"
location_latitude,chroma-excellence-theme/inc/cpt-locations.php,get_post_meta,content/{id},"allowed on content/{id}","private by default"
location_longitude,chroma-excellence-theme/inc/cpt-locations.php,get_post_meta,content/{id},"allowed on content/{id}","private by default"
location_maps_embed,chroma-excellence-theme/inc/cpt-locations.php,get_post_meta,content/{id},"allowed on content/{id}","private by default"
location_phone,chroma-excellence-theme/inc/cpt-locations.php,get_post_meta,content/{id},"allowed on content/{id}","private by default"
location_price_currency,plugins/chroma-seo-pro-reset/inc/meta-boxes/class-location-pricing.php,get_post_meta,content/{id},"allowed on content/{id}","allowed in geo-feed"
location_price_frequency,plugins/chroma-seo-pro-reset/inc/meta-boxes/class-location-pricing.php,get_post_meta,content/{id},"allowed on content/{id}","allowed in geo-feed"
location_price_max,plugins/chroma-seo-pro-reset/inc/meta-boxes/class-location-pricing.php,get_post_meta,content/{id},"allowed on content/{id}","allowed in geo-feed"
location_price_min,plugins/chroma-seo-pro-reset/inc/meta-boxes/class-location-pricing.php,get_post_meta,content/{id},"allowed on content/{id}","allowed in geo-feed"
location_quality_rated,chroma-excellence-theme/inc/cpt-locations.php,update_post_meta|get_post_meta,content/{id},"allowed on content/{id}","private by default"
location_quality_rated,plugins/chroma-seo-pro-reset/inc/meta-boxes/class-location-advanced-schema.php,get_post_meta,content/{id},"allowed on content/{id}","private by default"
location_school_pickups,chroma-excellence-theme/inc/cpt-locations.php,get_post_meta,content/{id},"allowed on content/{id}","private by default"
location_school_pickups,plugins/chroma-seo-pro-reset/inc/meta-boxes/class-spanish-content.php,get_post_meta,content/{id},"allowed on content/{id}","private by default"
location_seo_content_text,chroma-excellence-theme/inc/cpt-locations.php,get_post_meta,content/{id},"allowed on content/{id}","private by default"
location_seo_content_text,plugins/chroma-seo-pro-reset/inc/meta-boxes/class-spanish-content.php,get_post_meta,content/{id},"allowed on content/{id}","private by default"
location_seo_content_title,chroma-excellence-theme/inc/cpt-locations.php,get_post_meta,content/{id},"allowed on content/{id}","private by default"
location_seo_content_title,plugins/chroma-seo-pro-reset/inc/meta-boxes/class-spanish-content.php,get_post_meta,content/{id},"allowed on content/{id}","private by default"
location_service_areas,chroma-excellence-theme/inc/cpt-locations.php,get_post_meta,content/{id},"allowed on content/{id}","private by default"
location_special_programs,chroma-excellence-theme/inc/cpt-locations.php,get_post_meta,content/{id},"allowed on content/{id}","private by default"
location_spots_available,plugins/chroma-seo-pro-reset/inc/meta-boxes/class-location-media.php,get_post_meta,content/{id},"allowed on content/{id}","allowed in geo-feed"
location_state,chroma-excellence-theme/inc/cpt-locations.php,get_post_meta,content/{id},"allowed on content/{id}","private by default"
location_tagline,chroma-excellence-theme/inc/cpt-locations.php,get_post_meta,content/{id},"allowed on content/{id}","private by default"
location_tagline,plugins/chroma-seo-pro-reset/inc/meta-boxes/class-spanish-content.php,get_post_meta,content/{id},"allowed on content/{id}","private by default"
location_tour_booking_link,chroma-excellence-theme/inc/cpt-locations.php,get_post_meta,content/{id},"allowed on content/{id}","private by default"
location_video_duration,plugins/chroma-seo-pro-reset/inc/meta-boxes/class-location-media.php,get_post_meta,content/{id},"allowed on content/{id}","allowed in geo-feed"
location_video_thumbnail,plugins/chroma-seo-pro-reset/inc/meta-boxes/class-location-media.php,get_post_meta,content/{id},"allowed on content/{id}","allowed in geo-feed"
location_video_tour_url,plugins/chroma-seo-pro-reset/inc/meta-boxes/class-location-media.php,get_post_meta,content/{id},"allowed on content/{id}","allowed in geo-feed"
location_virtual_tour_embed,chroma-excellence-theme/inc/cpt-locations.php,get_post_meta,content/{id},"allowed on content/{id}","private by default"
location_zip,chroma-excellence-theme/inc/cpt-locations.php,get_post_meta,content/{id},"allowed on content/{id}","private by default"
meta_description,chroma-excellence-theme/inc/general-seo-meta.php,update_post_meta|get_post_meta,content/{id},"allowed on content/{id}","private by default"
meta_keywords,chroma-excellence-theme/inc/general-seo-meta.php,update_post_meta|get_post_meta,content/{id},"allowed on content/{id}","private by default"
parents_essentials_title,chroma-excellence-theme/inc/parents-page-meta.php,field_map|get_post_meta,content/{id},"allowed on content/{id}","private by default"
parents_event1_desc,chroma-excellence-theme/inc/parents-page-meta.php,field_map,content/{id},"allowed on content/{id}","private by default"
parents_event1_icon,chroma-excellence-theme/inc/parents-page-meta.php,field_map,content/{id},"allowed on content/{id}","private by default"
parents_event1_title,chroma-excellence-theme/inc/parents-page-meta.php,field_map,content/{id},"allowed on content/{id}","private by default"
parents_event2_desc,chroma-excellence-theme/inc/parents-page-meta.php,field_map,content/{id},"allowed on content/{id}","private by default"
parents_event2_icon,chroma-excellence-theme/inc/parents-page-meta.php,field_map,content/{id},"allowed on content/{id}","private by default"
parents_event2_title,chroma-excellence-theme/inc/parents-page-meta.php,field_map,content/{id},"allowed on content/{id}","private by default"
parents_event3_desc,chroma-excellence-theme/inc/parents-page-meta.php,field_map,content/{id},"allowed on content/{id}","private by default"
parents_event3_icon,chroma-excellence-theme/inc/parents-page-meta.php,field_map,content/{id},"allowed on content/{id}","private by default"
parents_event3_title,chroma-excellence-theme/inc/parents-page-meta.php,field_map,content/{id},"allowed on content/{id}","private by default"
parents_events_badge,chroma-excellence-theme/inc/parents-page-meta.php,field_map|get_post_meta,content/{id},"allowed on content/{id}","private by default"
parents_events_description,chroma-excellence-theme/inc/parents-page-meta.php,field_map|get_post_meta,content/{id},"allowed on content/{id}","private by default"
parents_events_image,chroma-excellence-theme/inc/parents-page-meta.php,field_map|get_post_meta,content/{id},"allowed on content/{id}","private by default"
parents_events_title,chroma-excellence-theme/inc/parents-page-meta.php,field_map|get_post_meta,content/{id},"allowed on content/{id}","private by default"
parents_faq1_answer,chroma-excellence-theme/inc/parents-page-meta.php,field_map,content/{id},"allowed on content/{id}","private by default"
parents_faq1_question,chroma-excellence-theme/inc/parents-page-meta.php,field_map,content/{id},"allowed on content/{id}","private by default"
parents_faq2_answer,chroma-excellence-theme/inc/parents-page-meta.php,field_map,content/{id},"allowed on content/{id}","private by default"
parents_faq2_question,chroma-excellence-theme/inc/parents-page-meta.php,field_map,content/{id},"allowed on content/{id}","private by default"
parents_faq3_answer,chroma-excellence-theme/inc/parents-page-meta.php,field_map,content/{id},"allowed on content/{id}","private by default"
parents_faq3_question,chroma-excellence-theme/inc/parents-page-meta.php,field_map,content/{id},"allowed on content/{id}","private by default"
parents_faq_description,chroma-excellence-theme/inc/parents-page-meta.php,field_map|get_post_meta,content/{id},"allowed on content/{id}","private by default"
parents_faq_title,chroma-excellence-theme/inc/parents-page-meta.php,field_map|get_post_meta,content/{id},"allowed on content/{id}","private by default"
parents_hero_badge,chroma-excellence-theme/inc/parents-page-meta.php,field_map|get_post_meta,content/{id},"allowed on content/{id}","private by default"
parents_hero_description,chroma-excellence-theme/inc/parents-page-meta.php,field_map|get_post_meta,content/{id},"allowed on content/{id}","private by default"
parents_hero_title,chroma-excellence-theme/inc/parents-page-meta.php,field_map|get_post_meta,content/{id},"allowed on content/{id}","private by default"
parents_menu1_icon,chroma-excellence-theme/inc/parents-page-meta.php,field_map,content/{id},"allowed on content/{id}","private by default"
parents_menu1_subtitle,chroma-excellence-theme/inc/parents-page-meta.php,field_map,content/{id},"allowed on content/{id}","private by default"
parents_menu1_title,chroma-excellence-theme/inc/parents-page-meta.php,field_map,content/{id},"allowed on content/{id}","private by default"
parents_menu1_url,chroma-excellence-theme/inc/parents-page-meta.php,field_map,content/{id},"allowed on content/{id}","private by default"
parents_menu2_icon,chroma-excellence-theme/inc/parents-page-meta.php,field_map,content/{id},"allowed on content/{id}","private by default"
parents_menu2_subtitle,chroma-excellence-theme/inc/parents-page-meta.php,field_map,content/{id},"allowed on content/{id}","private by default"
parents_menu2_title,chroma-excellence-theme/inc/parents-page-meta.php,field_map,content/{id},"allowed on content/{id}","private by default"
parents_menu2_url,chroma-excellence-theme/inc/parents-page-meta.php,field_map,content/{id},"allowed on content/{id}","private by default"
parents_menu3_icon,chroma-excellence-theme/inc/parents-page-meta.php,field_map,content/{id},"allowed on content/{id}","private by default"
parents_menu3_subtitle,chroma-excellence-theme/inc/parents-page-meta.php,field_map,content/{id},"allowed on content/{id}","private by default"
parents_menu3_title,chroma-excellence-theme/inc/parents-page-meta.php,field_map,content/{id},"allowed on content/{id}","private by default"
parents_menu3_url,chroma-excellence-theme/inc/parents-page-meta.php,field_map,content/{id},"allowed on content/{id}","private by default"
parents_moments_gallery,chroma-excellence-theme/inc/parents-page-meta.php,field_map|get_post_meta,content/{id},"allowed on content/{id}","private by default"
parents_nutrition_badge,chroma-excellence-theme/inc/parents-page-meta.php,field_map|get_post_meta,content/{id},"allowed on content/{id}","private by default"
parents_nutrition_description,chroma-excellence-theme/inc/parents-page-meta.php,field_map|get_post_meta,content/{id},"allowed on content/{id}","private by default"
parents_nutrition_image,chroma-excellence-theme/inc/parents-page-meta.php,field_map|get_post_meta,content/{id},"allowed on content/{id}","private by default"
parents_nutrition_title,chroma-excellence-theme/inc/parents-page-meta.php,field_map|get_post_meta,content/{id},"allowed on content/{id}","private by default"
parents_referral_button_text,chroma-excellence-theme/inc/parents-page-meta.php,field_map|get_post_meta,content/{id},"allowed on content/{id}","private by default"
parents_referral_button_url,chroma-excellence-theme/inc/parents-page-meta.php,field_map|get_post_meta,content/{id},"allowed on content/{id}","private by default"
parents_referral_description,chroma-excellence-theme/inc/parents-page-meta.php,field_map|get_post_meta,content/{id},"allowed on content/{id}","private by default"
parents_referral_title,chroma-excellence-theme/inc/parents-page-meta.php,field_map|get_post_meta,content/{id},"allowed on content/{id}","private by default"
parents_resource_enrollment_desc,chroma-excellence-theme/inc/parents-page-meta.php,field_map,content/{id},"allowed on content/{id}","private by default"
parents_resource_enrollment_icon,chroma-excellence-theme/inc/parents-page-meta.php,field_map,content/{id},"allowed on content/{id}","private by default"
parents_resource_enrollment_title,chroma-excellence-theme/inc/parents-page-meta.php,field_map,content/{id},"allowed on content/{id}","private by default"
parents_resource_enrollment_url,chroma-excellence-theme/inc/parents-page-meta.php,field_map,content/{id},"allowed on content/{id}","private by default"
parents_resource_handbook_desc,chroma-excellence-theme/inc/parents-page-meta.php,field_map,content/{id},"allowed on content/{id}","private by default"
parents_resource_handbook_icon,chroma-excellence-theme/inc/parents-page-meta.php,field_map,content/{id},"allowed on content/{id}","private by default"
parents_resource_handbook_title,chroma-excellence-theme/inc/parents-page-meta.php,field_map,content/{id},"allowed on content/{id}","private by default"
parents_resource_handbook_url,chroma-excellence-theme/inc/parents-page-meta.php,field_map,content/{id},"allowed on content/{id}","private by default"
parents_resource_prekga_desc,chroma-excellence-theme/inc/parents-page-meta.php,field_map,content/{id},"allowed on content/{id}","private by default"
parents_resource_prekga_icon,chroma-excellence-theme/inc/parents-page-meta.php,field_map,content/{id},"allowed on content/{id}","private by default"
parents_resource_prekga_title,chroma-excellence-theme/inc/parents-page-meta.php,field_map,content/{id},"allowed on content/{id}","private by default"
parents_resource_prekga_url,chroma-excellence-theme/inc/parents-page-meta.php,field_map,content/{id},"allowed on content/{id}","private by default"
parents_resource_procare_desc,chroma-excellence-theme/inc/parents-page-meta.php,field_map,content/{id},"allowed on content/{id}","private by default"
parents_resource_procare_icon,chroma-excellence-theme/inc/parents-page-meta.php,field_map,content/{id},"allowed on content/{id}","private by default"
parents_resource_procare_title,chroma-excellence-theme/inc/parents-page-meta.php,field_map,content/{id},"allowed on content/{id}","private by default"
parents_resource_procare_url,chroma-excellence-theme/inc/parents-page-meta.php,field_map,content/{id},"allowed on content/{id}","private by default"
parents_resource_tuition_desc,chroma-excellence-theme/inc/parents-page-meta.php,field_map,content/{id},"allowed on content/{id}","private by default"
parents_resource_tuition_icon,chroma-excellence-theme/inc/parents-page-meta.php,field_map,content/{id},"allowed on content/{id}","private by default"
parents_resource_tuition_title,chroma-excellence-theme/inc/parents-page-meta.php,field_map,content/{id},"allowed on content/{id}","private by default"
parents_resource_tuition_url,chroma-excellence-theme/inc/parents-page-meta.php,field_map,content/{id},"allowed on content/{id}","private by default"
parents_resource_waitlist_desc,chroma-excellence-theme/inc/parents-page-meta.php,field_map,content/{id},"allowed on content/{id}","private by default"
parents_resource_waitlist_icon,chroma-excellence-theme/inc/parents-page-meta.php,field_map,content/{id},"allowed on content/{id}","private by default"
parents_resource_waitlist_title,chroma-excellence-theme/inc/parents-page-meta.php,field_map,content/{id},"allowed on content/{id}","private by default"
parents_resource_waitlist_url,chroma-excellence-theme/inc/parents-page-meta.php,field_map,content/{id},"allowed on content/{id}","private by default"
parents_safety1_desc,chroma-excellence-theme/inc/parents-page-meta.php,field_map,content/{id},"allowed on content/{id}","private by default"
parents_safety1_icon,chroma-excellence-theme/inc/parents-page-meta.php,field_map,content/{id},"allowed on content/{id}","private by default"
parents_safety1_title,chroma-excellence-theme/inc/parents-page-meta.php,field_map,content/{id},"allowed on content/{id}","private by default"
parents_safety2_desc,chroma-excellence-theme/inc/parents-page-meta.php,field_map,content/{id},"allowed on content/{id}","private by default"
parents_safety2_icon,chroma-excellence-theme/inc/parents-page-meta.php,field_map,content/{id},"allowed on content/{id}","private by default"
parents_safety2_title,chroma-excellence-theme/inc/parents-page-meta.php,field_map,content/{id},"allowed on content/{id}","private by default"
parents_safety3_desc,chroma-excellence-theme/inc/parents-page-meta.php,field_map,content/{id},"allowed on content/{id}","private by default"
parents_safety3_icon,chroma-excellence-theme/inc/parents-page-meta.php,field_map,content/{id},"allowed on content/{id}","private by default"
parents_safety3_title,chroma-excellence-theme/inc/parents-page-meta.php,field_map,content/{id},"allowed on content/{id}","private by default"
parents_safety_description,chroma-excellence-theme/inc/parents-page-meta.php,field_map|get_post_meta,content/{id},"allowed on content/{id}","private by default"
parents_safety_title,chroma-excellence-theme/inc/parents-page-meta.php,field_map|get_post_meta,content/{id},"allowed on content/{id}","private by default"
privacy_last_updated,chroma-excellence-theme/inc/privacy-page-meta.php,update_post_meta|get_post_meta,content/{id},"allowed on content/{id}","private by default"
program_age_range,chroma-excellence-theme/inc/class-program-enhancements.php,get_post_meta,content/{id},"allowed on content/{id}","private by default"
program_age_range,chroma-excellence-theme/inc/cpt-programs.php,field_map|get_post_meta,content/{id},"allowed on content/{id}","private by default"
program_age_range,plugins/chroma-seo-pro-reset/inc/meta-boxes/class-spanish-content.php,get_post_meta,content/{id},"allowed on content/{id}","private by default"
program_anchor_slug,chroma-excellence-theme/inc/cpt-programs.php,update_post_meta|register_post_meta|get_post_meta,content/{id},"allowed on content/{id}","allowed in geo-feed"
program_color_scheme,chroma-excellence-theme/inc/cpt-programs.php,field_map|get_post_meta,content/{id},"allowed on content/{id}","private by default"
program_cta_link,chroma-excellence-theme/inc/cpt-programs.php,field_map|get_post_meta,content/{id},"allowed on content/{id}","private by default"
program_cta_text,chroma-excellence-theme/inc/cpt-programs.php,field_map|get_post_meta,content/{id},"allowed on content/{id}","private by default"
program_cta_text,plugins/chroma-seo-pro-reset/inc/meta-boxes/class-spanish-content.php,get_post_meta,content/{id},"allowed on content/{id}","private by default"
program_faq_items,chroma-excellence-theme/inc/cpt-programs.php,update_post_meta|register_post_meta|get_post_meta,content/{id},"allowed on content/{id}","allowed in geo-feed"
program_faqs,chroma-excellence-theme/inc/class-program-enhancements.php,update_post_meta|delete_post_meta|get_post_meta,content/{id},"allowed on content/{id}","private by default"
program_features,chroma-excellence-theme/inc/cpt-programs.php,field_map|get_post_meta,content/{id},"allowed on content/{id}","private by default"
program_features,plugins/chroma-seo-pro-reset/inc/meta-boxes/class-spanish-content.php,get_post_meta,content/{id},"allowed on content/{id}","private by default"
program_gallery,chroma-excellence-theme/inc/class-program-enhancements.php,update_post_meta|delete_post_meta|get_post_meta,content/{id},"allowed on content/{id}","private by default"
program_hero_description,chroma-excellence-theme/inc/cpt-programs.php,field_map|get_post_meta,content/{id},"allowed on content/{id}","private by default"
program_hero_description,plugins/chroma-seo-pro-reset/inc/meta-boxes/class-spanish-content.php,get_post_meta,content/{id},"allowed on content/{id}","private by default"
program_hero_title,chroma-excellence-theme/inc/cpt-programs.php,field_map|get_post_meta,content/{id},"allowed on content/{id}","private by default"
program_hero_title,plugins/chroma-seo-pro-reset/inc/meta-boxes/class-spanish-content.php,get_post_meta,content/{id},"allowed on content/{id}","private by default"
program_icon,chroma-excellence-theme/inc/cpt-programs.php,field_map|get_post_meta,content/{id},"allowed on content/{id}","private by default"
program_lesson_plan_file,chroma-excellence-theme/inc/cpt-programs.php,register_post_meta|field_map|get_post_meta,content/{id},"allowed on content/{id}","allowed in geo-feed"
program_locations,chroma-excellence-theme/inc/cpt-programs.php,update_post_meta|get_post_meta,content/{id},"allowed on content/{id}","allowed in geo-feed"
program_locations_served,plugins/chroma-seo-pro-reset/inc/meta-boxes/class-program-relationships.php,update_post_meta|delete_post_meta|get_post_meta,content/{id},"allowed on content/{id}","allowed in geo-feed"
program_meta_description,chroma-excellence-theme/inc/cpt-programs.php,update_post_meta|register_post_meta|get_post_meta,content/{id},"allowed on content/{id}","allowed in geo-feed"
program_meta_title,chroma-excellence-theme/inc/cpt-programs.php,update_post_meta|register_post_meta|get_post_meta,content/{id},"allowed on content/{id}","allowed in geo-feed"
program_prerequisites,plugins/chroma-seo-pro-reset/inc/meta-boxes/class-program-relationships.php,update_post_meta|delete_post_meta|get_post_meta,content/{id},"allowed on content/{id}","allowed in geo-feed"
program_prism_academic,chroma-excellence-theme/inc/cpt-programs.php,get_post_meta,content/{id},"allowed on content/{id}","private by default"
program_prism_creative,chroma-excellence-theme/inc/cpt-programs.php,get_post_meta,content/{id},"allowed on content/{id}","private by default"
program_prism_description,chroma-excellence-theme/inc/cpt-programs.php,field_map|get_post_meta,content/{id},"allowed on content/{id}","private by default"
program_prism_description,plugins/chroma-seo-pro-reset/inc/meta-boxes/class-spanish-content.php,get_post_meta,content/{id},"allowed on content/{id}","private by default"
program_prism_emotional,chroma-excellence-theme/inc/cpt-programs.php,get_post_meta,content/{id},"allowed on content/{id}","private by default"
program_prism_focus_items,chroma-excellence-theme/inc/cpt-programs.php,field_map|get_post_meta,content/{id},"allowed on content/{id}","private by default"
program_prism_focus_items,plugins/chroma-seo-pro-reset/inc/meta-boxes/class-spanish-content.php,get_post_meta,content/{id},"allowed on content/{id}","private by default"
program_prism_physical,chroma-excellence-theme/inc/cpt-programs.php,get_post_meta,content/{id},"allowed on content/{id}","private by default"
program_prism_social,chroma-excellence-theme/inc/cpt-programs.php,get_post_meta,content/{id},"allowed on content/{id}","private by default"
program_prism_title,chroma-excellence-theme/inc/cpt-programs.php,field_map|get_post_meta,content/{id},"allowed on content/{id}","private by default"
program_prism_title,plugins/chroma-seo-pro-reset/inc/meta-boxes/class-spanish-content.php,get_post_meta,content/{id},"allowed on content/{id}","private by default"
program_related,plugins/chroma-seo-pro-reset/inc/meta-boxes/class-program-relationships.php,update_post_meta|delete_post_meta|get_post_meta,content/{id},"allowed on content/{id}","allowed in geo-feed"
program_schedule_items,chroma-excellence-theme/inc/cpt-programs.php,field_map|get_post_meta,content/{id},"allowed on content/{id}","private by default"
program_schedule_items,plugins/chroma-seo-pro-reset/inc/meta-boxes/class-spanish-content.php,get_post_meta,content/{id},"allowed on content/{id}","private by default"
program_schedule_title,chroma-excellence-theme/inc/cpt-programs.php,field_map|get_post_meta,content/{id},"allowed on content/{id}","private by default"
program_schedule_title,plugins/chroma-seo-pro-reset/inc/meta-boxes/class-spanish-content.php,get_post_meta,content/{id},"allowed on content/{id}","private by default"
program_seo_heading,chroma-excellence-theme/inc/cpt-programs.php,update_post_meta|register_post_meta|get_post_meta,content/{id},"allowed on content/{id}","allowed in geo-feed"
program_seo_highlights,chroma-excellence-theme/inc/cpt-programs.php,update_post_meta|register_post_meta|get_post_meta,content/{id},"allowed on content/{id}","allowed in geo-feed"
program_seo_summary,chroma-excellence-theme/inc/cpt-programs.php,update_post_meta|register_post_meta|get_post_meta,content/{id},"allowed on content/{id}","allowed in geo-feed"
program_testimonials,chroma-excellence-theme/inc/class-program-enhancements.php,update_post_meta|delete_post_meta|get_post_meta,content/{id},"allowed on content/{id}","private by default"
schema_loc_description,chroma-excellence-theme/inc/schema-meta-boxes.php,get_post_meta,content/{id},"allowed on content/{id}","private by default"
schema_loc_email,chroma-excellence-theme/inc/schema-meta-boxes.php,get_post_meta,content/{id},"allowed on content/{id}","private by default"
schema_loc_name,chroma-excellence-theme/inc/schema-meta-boxes.php,get_post_meta,content/{id},"allowed on content/{id}","private by default"
schema_loc_opening_hours,chroma-excellence-theme/inc/schema-meta-boxes.php,get_post_meta,content/{id},"allowed on content/{id}","private by default"
schema_loc_payment_accepted,chroma-excellence-theme/inc/schema-meta-boxes.php,get_post_meta,content/{id},"allowed on content/{id}","private by default"
schema_loc_price_range,chroma-excellence-theme/inc/schema-meta-boxes.php,get_post_meta,content/{id},"allowed on content/{id}","private by default"
schema_loc_telephone,chroma-excellence-theme/inc/schema-meta-boxes.php,get_post_meta,content/{id},"allowed on content/{id}","private by default"
schema_org_address,chroma-excellence-theme/inc/schema-meta-boxes.php,get_post_meta,content/{id},"allowed on content/{id}","private by default"
schema_org_area_served,chroma-excellence-theme/inc/schema-meta-boxes.php,get_post_meta,content/{id},"allowed on content/{id}","private by default"
schema_org_description,chroma-excellence-theme/inc/schema-meta-boxes.php,get_post_meta,content/{id},"allowed on content/{id}","private by default"
schema_org_email,chroma-excellence-theme/inc/schema-meta-boxes.php,get_post_meta,content/{id},"allowed on content/{id}","private by default"
schema_org_logo,chroma-excellence-theme/inc/schema-meta-boxes.php,get_post_meta,content/{id},"allowed on content/{id}","private by default"
schema_org_name,chroma-excellence-theme/inc/schema-meta-boxes.php,get_post_meta,content/{id},"allowed on content/{id}","private by default"
schema_org_telephone,chroma-excellence-theme/inc/schema-meta-boxes.php,get_post_meta,content/{id},"allowed on content/{id}","private by default"
schema_org_url,chroma-excellence-theme/inc/schema-meta-boxes.php,get_post_meta,content/{id},"allowed on content/{id}","private by default"
schema_prog_area_served,chroma-excellence-theme/inc/schema-meta-boxes.php,get_post_meta,content/{id},"allowed on content/{id}","private by default"
schema_prog_category,chroma-excellence-theme/inc/schema-meta-boxes.php,get_post_meta,content/{id},"allowed on content/{id}","private by default"
schema_prog_description,chroma-excellence-theme/inc/schema-meta-boxes.php,get_post_meta,content/{id},"allowed on content/{id}","private by default"
schema_prog_name,chroma-excellence-theme/inc/schema-meta-boxes.php,get_post_meta,content/{id},"allowed on content/{id}","private by default"
schema_prog_offers,chroma-excellence-theme/inc/schema-meta-boxes.php,get_post_meta,content/{id},"allowed on content/{id}","private by default"
schema_prog_provider_name,chroma-excellence-theme/inc/schema-meta-boxes.php,get_post_meta,content/{id},"allowed on content/{id}","private by default"
schema_prog_service_type,chroma-excellence-theme/inc/schema-meta-boxes.php,get_post_meta,content/{id},"allowed on content/{id}","private by default"
seo_llm_aggregate_rating_best,plugins/chroma-seo-pro-reset/inc/meta-boxes/class-location-reviews.php,update_post_meta|get_post_meta,content/{id},"allowed on content/{id}","allowed in geo-feed"
seo_llm_aggregate_rating_count,plugins/chroma-seo-pro-reset/inc/meta-boxes/class-location-reviews.php,update_post_meta|get_post_meta,content/{id},"allowed on content/{id}","allowed in geo-feed"
seo_llm_aggregate_rating_value,plugins/chroma-seo-pro-reset/inc/meta-boxes/class-location-reviews.php,update_post_meta|get_post_meta,content/{id},"allowed on content/{id}","allowed in geo-feed"
seo_llm_aggregate_rating_worst,plugins/chroma-seo-pro-reset/inc/meta-boxes/class-location-reviews.php,update_post_meta|get_post_meta,content/{id},"allowed on content/{id}","allowed in geo-feed"
seo_llm_citation_facts,plugins/chroma-seo-pro-reset/inc/meta-boxes/class-location-citation-facts.php,update_post_meta|get_post_meta,content/{id},"allowed on content/{id}","private by default"
seo_llm_description,plugins/chroma-seo-pro-reset/inc/meta-boxes/class-general-llm-prompt.php,update_post_meta|get_post_meta,content/{id},"allowed on content/{id}","private by default"
seo_llm_description,plugins/chroma-seo-pro-reset/inc/meta-boxes/class-location-llm-prompt.php,update_post_meta|get_post_meta,content/{id},"allowed on content/{id}","private by default"
seo_llm_key_differentiators,plugins/chroma-seo-pro-reset/inc/meta-boxes/class-general-llm-context.php,update_post_meta|get_post_meta,content/{id},"allowed on content/{id}","private by default"
seo_llm_key_differentiators,plugins/chroma-seo-pro-reset/inc/meta-boxes/class-location-llm-context.php,update_post_meta|get_post_meta,content/{id},"allowed on content/{id}","private by default"
seo_llm_primary_intent,plugins/chroma-seo-pro-reset/inc/meta-boxes/class-general-llm-context.php,update_post_meta|get_post_meta,content/{id},"allowed on content/{id}","private by default"
seo_llm_primary_intent,plugins/chroma-seo-pro-reset/inc/meta-boxes/class-location-llm-context.php,update_post_meta|get_post_meta,content/{id},"allowed on content/{id}","private by default"
seo_llm_service_area_cities,plugins/chroma-seo-pro-reset/inc/meta-boxes/class-location-service-area.php,update_post_meta|get_post_meta,content/{id},"allowed on content/{id}","allowed in geo-feed"
seo_llm_service_area_lat,plugins/chroma-seo-pro-reset/inc/meta-boxes/class-location-service-area.php,update_post_meta|get_post_meta,content/{id},"allowed on content/{id}","allowed in geo-feed"
seo_llm_service_area_lng,plugins/chroma-seo-pro-reset/inc/meta-boxes/class-location-service-area.php,update_post_meta|get_post_meta,content/{id},"allowed on content/{id}","allowed in geo-feed"
seo_llm_service_area_radius,plugins/chroma-seo-pro-reset/inc/meta-boxes/class-location-service-area.php,update_post_meta|get_post_meta,content/{id},"allowed on content/{id}","allowed in geo-feed"
seo_llm_service_area_state,plugins/chroma-seo-pro-reset/inc/meta-boxes/class-location-service-area.php,update_post_meta|get_post_meta,content/{id},"allowed on content/{id}","allowed in geo-feed"
seo_llm_target_queries,plugins/chroma-seo-pro-reset/inc/meta-boxes/class-general-llm-context.php,update_post_meta|get_post_meta,content/{id},"allowed on content/{id}","private by default"
seo_llm_target_queries,plugins/chroma-seo-pro-reset/inc/meta-boxes/class-location-llm-context.php,update_post_meta|get_post_meta,content/{id},"allowed on content/{id}","private by default"
seo_llm_when_to_recommend,plugins/chroma-seo-pro-reset/inc/meta-boxes/class-general-llm-prompt.php,update_post_meta|get_post_meta,content/{id},"allowed on content/{id}","private by default"
seo_llm_when_to_recommend,plugins/chroma-seo-pro-reset/inc/meta-boxes/class-location-llm-prompt.php,update_post_meta|get_post_meta,content/{id},"allowed on content/{id}","private by default"
stories_featured_post,chroma-excellence-theme/inc/stories-page-meta.php,update_post_meta|delete_post_meta|get_post_meta,content/{id},"allowed on content/{id}","private by default"
team_member_title,chroma-excellence-theme/inc/cpt-team-members.php,update_post_meta|register_post_meta|get_post_meta,content/{id},"allowed on content/{id}","private by default"
