kind,name,path,target,status,notes
package,chroma-excellence-theme,chroma-excellence-theme/package.json,dev:css=postcss assets/css/input.css -o assets/css/main.css --watch; build:css=node scripts/build-css.js; build:rev=node scripts/rev-theme-assets.js; dev=npm run dev:css; build=npm run build:css && npm run build:rev,inventory,
package,chroma-director-portal,director-portal/package.json,dev=next dev; build=next build; start=next start; lint=next lint,inventory,
package,lighthouse-automation,lighthouse-automation/package.json,"test=echo ""Error: no test specified"" && exit 1; start=node run-lighthouse-from-sitemap.mjs",inventory,
package,chroma-qa-reports-react,plugins/QA-Report-App/chroma-qa-reports/build-env/package.json,build=wp-scripts build; start=wp-scripts start; check-engines=wp-scripts check-engines; check-licenses=wp-scripts check-licenses; format=wp-scripts format; lint:css=wp-scripts lint-style; lint:js=wp-scripts lint-js; packages-update=wp-scripts packages-update; plugin-zip=wp-scripts plugin-zip; test:e2e=wp-scripts test-e2e; test:unit=wp-scripts test-unit-js,inventory,
package,chroma-qa-reports-tests,plugins/QA-Report-App/chroma-qa-reports/package.json,test=jest; test:watch=jest --watch; test:coverage=jest --coverage,inventory,
package,chroma-parent-portal,plugins/chroma-parent-portal/build-env/package.json,build=wp-scripts build --output-path=../build; start=wp-scripts start; packages-update=wp-scripts packages-update,inventory,
package,chroma-school-dashboard,plugins/chroma-school-dashboard/package.json,"build:js=esbuild assets/src/portal.jsx --bundle --minify --sourcemap --outfile=assets/dist/portal.js --define:process.env.NODE_ENV=\""production\"" --external:react --external:react-dom; build:css=tailwindcss -i assets/src/portal.css -o assets/dist/portal.css --minify; build=npm run build:js && npm run build:css; watch=npm run build:js -- --watch & npm run build:css -- --watch",inventory,
asset-ref,assets/video/hero-classroom.mp4,AUDIT-2-IMAGE-LOADING-ISSUES.md,assets/video/hero-classroom.mp4,missing,
asset-ref,assets/video/hero-classroom.mp4,COMPREHENSIVE-FIX-PLAN.md,assets/video/hero-classroom.mp4,missing,
asset-ref,assets/images/chroma-logo.png,chroma-excellence-theme/404.php,chroma-excellence-theme/assets/images/chroma-logo.png,exists,
asset-ref,assets/images/chroma-logo.png,chroma-excellence-theme/404.php,chroma-excellence-theme/assets/images/chroma-logo.png,exists,
asset-ref,assets/images/chroma-logo-highres.png,chroma-excellence-theme/404.php,chroma-excellence-theme/assets/images/chroma-logo-highres.png,exists,
asset-ref,assets/images/logo_chromacropped_140x140.webp,chroma-excellence-theme/archive-city.php,chroma-excellence-theme/assets/images/logo_chromacropped_140x140.webp,exists,
css-url,../webfonts/fa-brands-400.woff2,chroma-excellence-theme/assets/css/font-awesome-subset.css,chroma-excellence-theme/assets/css/../webfonts/fa-brands-400.woff2,exists,
css-url,../webfonts/fa-brands-400.ttf,chroma-excellence-theme/assets/css/font-awesome-subset.css,chroma-excellence-theme/assets/css/../webfonts/fa-brands-400.ttf,exists,
css-url,../webfonts/fa-regular-400.woff2,chroma-excellence-theme/assets/css/font-awesome-subset.css,chroma-excellence-theme/assets/css/../webfonts/fa-regular-400.woff2,exists,
css-url,../webfonts/fa-regular-400.ttf,chroma-excellence-theme/assets/css/font-awesome-subset.css,chroma-excellence-theme/assets/css/../webfonts/fa-regular-400.ttf,exists,
css-url,../webfonts/fa-solid-900.woff2,chroma-excellence-theme/assets/css/font-awesome-subset.css,chroma-excellence-theme/assets/css/../webfonts/fa-solid-900.woff2,exists,
css-url,../webfonts/fa-solid-900.ttf,chroma-excellence-theme/assets/css/font-awesome-subset.css,chroma-excellence-theme/assets/css/../webfonts/fa-solid-900.ttf,exists,
css-url,../webfonts/fa-brands-400.woff2,chroma-excellence-theme/assets/css/font-awesome.css,chroma-excellence-theme/assets/css/../webfonts/fa-brands-400.woff2,exists,
css-url,../webfonts/fa-brands-400.ttf,chroma-excellence-theme/assets/css/font-awesome.css,chroma-excellence-theme/assets/css/../webfonts/fa-brands-400.ttf,exists,
css-url,../webfonts/fa-regular-400.woff2,chroma-excellence-theme/assets/css/font-awesome.css,chroma-excellence-theme/assets/css/../webfonts/fa-regular-400.woff2,exists,
css-url,../webfonts/fa-regular-400.ttf,chroma-excellence-theme/assets/css/font-awesome.css,chroma-excellence-theme/assets/css/../webfonts/fa-regular-400.ttf,exists,
css-url,../webfonts/fa-solid-900.woff2,chroma-excellence-theme/assets/css/font-awesome.css,chroma-excellence-theme/assets/css/../webfonts/fa-solid-900.woff2,exists,
css-url,../webfonts/fa-solid-900.ttf,chroma-excellence-theme/assets/css/font-awesome.css,chroma-excellence-theme/assets/css/../webfonts/fa-solid-900.ttf,exists,
css-url,../webfonts/fa-brands-400.woff2,chroma-excellence-theme/assets/css/font-awesome.css,chroma-excellence-theme/assets/css/../webfonts/fa-brands-400.woff2,exists,
css-url,../webfonts/fa-brands-400.ttf,chroma-excellence-theme/assets/css/font-awesome.css,chroma-excellence-theme/assets/css/../webfonts/fa-brands-400.ttf,exists,
css-url,../webfonts/fa-solid-900.woff2,chroma-excellence-theme/assets/css/font-awesome.css,chroma-excellence-theme/assets/css/../webfonts/fa-solid-900.woff2,exists,
css-url,../webfonts/fa-solid-900.ttf,chroma-excellence-theme/assets/css/font-awesome.css,chroma-excellence-theme/assets/css/../webfonts/fa-solid-900.ttf,exists,
css-url,../webfonts/fa-regular-400.woff2,chroma-excellence-theme/assets/css/font-awesome.css,chroma-excellence-theme/assets/css/../webfonts/fa-regular-400.woff2,exists,
css-url,../webfonts/fa-regular-400.ttf,chroma-excellence-theme/assets/css/font-awesome.css,chroma-excellence-theme/assets/css/../webfonts/fa-regular-400.ttf,exists,
css-url,../webfonts/fa-solid-900.woff2,chroma-excellence-theme/assets/css/font-awesome.css,chroma-excellence-theme/assets/css/../webfonts/fa-solid-900.woff2,exists,
css-url,../webfonts/fa-solid-900.ttf,chroma-excellence-theme/assets/css/font-awesome.css,chroma-excellence-theme/assets/css/../webfonts/fa-solid-900.ttf,exists,
css-url,../webfonts/fa-brands-400.woff2,chroma-excellence-theme/assets/css/font-awesome.css,chroma-excellence-theme/assets/css/../webfonts/fa-brands-400.woff2,exists,
css-url,../webfonts/fa-brands-400.ttf,chroma-excellence-theme/assets/css/font-awesome.css,chroma-excellence-theme/assets/css/../webfonts/fa-brands-400.ttf,exists,
css-url,../webfonts/fa-regular-400.woff2,chroma-excellence-theme/assets/css/font-awesome.css,chroma-excellence-theme/assets/css/../webfonts/fa-regular-400.woff2,exists,
css-url,../webfonts/fa-regular-400.ttf,chroma-excellence-theme/assets/css/font-awesome.css,chroma-excellence-theme/assets/css/../webfonts/fa-regular-400.ttf,exists,
css-url,../webfonts/fa-v4compatibility.woff2,chroma-excellence-theme/assets/css/font-awesome.css,chroma-excellence-theme/assets/css/../webfonts/fa-v4compatibility.woff2,exists,
css-url,../webfonts/fa-v4compatibility.ttf,chroma-excellence-theme/assets/css/font-awesome.css,chroma-excellence-theme/assets/css/../webfonts/fa-v4compatibility.ttf,exists,
css-url,../webfonts/Outfit-Light.woff2,chroma-excellence-theme/assets/css/input.css,chroma-excellence-theme/assets/css/../webfonts/Outfit-Light.woff2,exists,
css-url,../webfonts/Outfit-Regular.woff2,chroma-excellence-theme/assets/css/input.css,chroma-excellence-theme/assets/css/../webfonts/Outfit-Regular.woff2,exists,
css-url,../webfonts/Outfit-Medium.woff2,chroma-excellence-theme/assets/css/input.css,chroma-excellence-theme/assets/css/../webfonts/Outfit-Medium.woff2,exists,
css-url,../webfonts/Outfit-SemiBold.woff2,chroma-excellence-theme/assets/css/input.css,chroma-excellence-theme/assets/css/../webfonts/Outfit-SemiBold.woff2,exists,
css-url,../webfonts/Outfit-Bold.woff2,chroma-excellence-theme/assets/css/input.css,chroma-excellence-theme/assets/css/../webfonts/Outfit-Bold.woff2,exists,
css-url,../webfonts/PlayfairDisplay-SemiBold.woff2,chroma-excellence-theme/assets/css/input.css,chroma-excellence-theme/assets/css/../webfonts/PlayfairDisplay-SemiBold.woff2,exists,
css-url,../webfonts/PlayfairDisplay-Bold.woff2,chroma-excellence-theme/assets/css/input.css,chroma-excellence-theme/assets/css/../webfonts/PlayfairDisplay-Bold.woff2,exists,
css-url,../webfonts/PlayfairDisplay-ExtraBold.woff2,chroma-excellence-theme/assets/css/input.css,chroma-excellence-theme/assets/css/../webfonts/PlayfairDisplay-ExtraBold.woff2,exists,
css-url,../webfonts/Outfit-Light.woff2,chroma-excellence-theme/assets/css/main.css,chroma-excellence-theme/assets/css/../webfonts/Outfit-Light.woff2,exists,
css-url,../webfonts/Outfit-Regular.woff2,chroma-excellence-theme/assets/css/main.css,chroma-excellence-theme/assets/css/../webfonts/Outfit-Regular.woff2,exists,
css-url,../webfonts/Outfit-Medium.woff2,chroma-excellence-theme/assets/css/main.css,chroma-excellence-theme/assets/css/../webfonts/Outfit-Medium.woff2,exists,
css-url,../webfonts/Outfit-SemiBold.woff2,chroma-excellence-theme/assets/css/main.css,chroma-excellence-theme/assets/css/../webfonts/Outfit-SemiBold.woff2,exists,
css-url,../webfonts/Outfit-Bold.woff2,chroma-excellence-theme/assets/css/main.css,chroma-excellence-theme/assets/css/../webfonts/Outfit-Bold.woff2,exists,
css-url,../webfonts/PlayfairDisplay-SemiBold.woff2,chroma-excellence-theme/assets/css/main.css,chroma-excellence-theme/assets/css/../webfonts/PlayfairDisplay-SemiBold.woff2,exists,
css-url,../webfonts/PlayfairDisplay-Bold.woff2,chroma-excellence-theme/assets/css/main.css,chroma-excellence-theme/assets/css/../webfonts/PlayfairDisplay-Bold.woff2,exists,
css-url,../webfonts/PlayfairDisplay-ExtraBold.woff2,chroma-excellence-theme/assets/css/main.css,chroma-excellence-theme/assets/css/../webfonts/PlayfairDisplay-ExtraBold.woff2,exists,
asset-ref,assets/images/logo_chromacropped_70x70.webp,chroma-excellence-theme/footer.php,chroma-excellence-theme/assets/images/logo_chromacropped_70x70.webp,exists,
asset-ref,assets/images/logo_chromacropped_70x70.webp,chroma-excellence-theme/footer.php,chroma-excellence-theme/assets/images/logo_chromacropped_70x70.webp,exists,
asset-ref,assets/images/logo_chromacropped_140x140.webp,chroma-excellence-theme/footer.php,chroma-excellence-theme/assets/images/logo_chromacropped_140x140.webp,exists,
template-part,template-parts/home/hero,chroma-excellence-theme/front-page.php,chroma-excellence-theme/template-parts/home/hero.php,exists,
template-part,template-parts/home/prismpath-expertise,chroma-excellence-theme/front-page.php,chroma-excellence-theme/template-parts/home/prismpath-expertise.php,exists,
template-part,template-parts/home/stats-strip,chroma-excellence-theme/front-page.php,chroma-excellence-theme/template-parts/home/stats-strip.php,exists,
template-part,template-parts/home/programs-wizard,chroma-excellence-theme/front-page.php,chroma-excellence-theme/template-parts/home/programs-wizard.php,exists,
template-part,template-parts/home/curriculum-chart,chroma-excellence-theme/front-page.php,chroma-excellence-theme/template-parts/home/curriculum-chart.php,exists,
template-part,template-parts/home/schedule-tabs,chroma-excellence-theme/front-page.php,chroma-excellence-theme/template-parts/home/schedule-tabs.php,exists,
template-part,template-parts/home/parent-reviews,chroma-excellence-theme/front-page.php,chroma-excellence-theme/template-parts/home/parent-reviews.php,exists,
template-part,template-parts/home/locations-preview,chroma-excellence-theme/front-page.php,chroma-excellence-theme/template-parts/home/locations-preview.php,exists,
template-part,template-parts/home/tour-cta,chroma-excellence-theme/front-page.php,chroma-excellence-theme/template-parts/home/tour-cta.php,exists,
template-part,template-parts/home/faq,chroma-excellence-theme/front-page.php,chroma-excellence-theme/template-parts/home/faq.php,exists,
wp-hook,pre_get_posts,chroma-excellence-theme/functions.php,action,inventory,
wp-hook,save_post,chroma-excellence-theme/functions.php,action,inventory,
wp-hook,delete_post,chroma-excellence-theme/functions.php,action,inventory,
wp-hook,trash_post,chroma-excellence-theme/functions.php,action,inventory,
wp-hook,heartbeat_settings,chroma-excellence-theme/functions.php,filter,inventory,
wp-hook,init,chroma-excellence-theme/functions.php,action,inventory,
wp-hook,wp_enqueue_scripts,chroma-excellence-theme/functions.php,action,inventory,
wp-hook,should_load_separate_core_block_assets,chroma-excellence-theme/functions.php,filter,inventory,
wp-hook,wp_enqueue_scripts,chroma-excellence-theme/functions.php,action,inventory,
wp-hook,litespeed_media_lazy_img_excludes,chroma-excellence-theme/functions.php,filter,inventory,
wp-hook,wp_img_tag_add_loading_attr,chroma-excellence-theme/functions.php,filter,inventory,
wp-hook,send_headers,chroma-excellence-theme/functions.php,action,inventory,
wp-hook,wp_get_attachment_headers,chroma-excellence-theme/functions.php,filter,inventory,
wp-hook,wp_img_tag_add_width_and_height_attr,chroma-excellence-theme/functions.php,filter,inventory,
wp-hook,elementor/image/print_dimensions,chroma-excellence-theme/functions.php,filter,inventory,
wp-hook,post_thumbnail_html,chroma-excellence-theme/functions.php,filter,inventory,
wp-hook,get_image_tag,chroma-excellence-theme/functions.php,filter,inventory,
wp-hook,upload_mimes,chroma-excellence-theme/functions.php,filter,inventory,
wp-hook,wp_head,chroma-excellence-theme/functions.php,action,inventory,
wp-hook,litespeed_img_lazy_exclude,chroma-excellence-theme/functions.php,filter,inventory,
wp-hook,wp_enqueue_scripts,chroma-excellence-theme/functions.php,action,inventory,
wp-hook,user_trailingslashit,chroma-excellence-theme/functions.php,filter,inventory,
wp-hook,request,chroma-excellence-theme/functions.php,filter,inventory,
wp-hook,wp_sitemaps_enabled,chroma-excellence-theme/functions.php,filter,inventory,
wp-hook,template_redirect,chroma-excellence-theme/functions.php,action,inventory,
wp-hook,redirect_canonical,chroma-excellence-theme/functions.php,filter,inventory,
wp-hook,template_redirect,chroma-excellence-theme/functions.php,action,inventory,
wp-hook,pre_option_chroma_seo_redirect_canonical,chroma-excellence-theme/functions.php,filter,inventory,
wp-hook,document_title_parts,chroma-excellence-theme/functions.php,filter,inventory,
wp-hook,document_title_separator,chroma-excellence-theme/functions.php,filter,inventory,
wp-hook,wp_speculation_rules_configuration,chroma-excellence-theme/functions.php,filter,inventory,
wp-hook,pl_speculation_rules_configuration,chroma-excellence-theme/functions.php,filter,inventory,
wp-hook,wp_footer,chroma-excellence-theme/functions.php,action,inventory,
wp-hook,init,chroma-excellence-theme/functions.php,action,inventory,
shortcode,chroma_contact_form,chroma-excellence-theme/functions.php,,inventory,
asset-ref,assets/images/logo_chromacropped_70x70.webp,chroma-excellence-theme/header.php,chroma-excellence-theme/assets/images/logo_chromacropped_70x70.webp,exists,
wp-hook,add_meta_boxes,chroma-excellence-theme/inc/about-page-meta.php,action,inventory,
wp-hook,save_post,chroma-excellence-theme/inc/about-page-meta.php,action,inventory,
wp-hook,save_post,chroma-excellence-theme/inc/about-page-meta.php,action,inventory,
wp-hook,init,chroma-excellence-theme/inc/about-seo.php,action,inventory,
wp-hook,add_meta_boxes,chroma-excellence-theme/inc/about-seo.php,action,inventory,
wp-hook,save_post_page,chroma-excellence-theme/inc/about-seo.php,action,inventory,
wp-hook,wp_head,chroma-excellence-theme/inc/about-seo.php,action,inventory,
wp-hook,pre_get_document_title,chroma-excellence-theme/inc/about-seo.php,filter,inventory,
wp-hook,wpseo_title,chroma-excellence-theme/inc/about-seo.php,filter,inventory,
wp-hook,wpseo_metadesc,chroma-excellence-theme/inc/about-seo.php,filter,inventory,
wp-hook,customize_save_after,chroma-excellence-theme/inc/acf-homepage.php,action,inventory,
wp-hook,save_post_page,chroma-excellence-theme/inc/acf-homepage.php,action,inventory,
wp-hook,admin_menu,chroma-excellence-theme/inc/admin/class-menu-sync.php,action,inventory,
wp-hook,admin_init,chroma-excellence-theme/inc/admin/class-menu-sync.php,action,inventory,
wp-hook,admin_notices,chroma-excellence-theme/inc/admin/class-menu-sync.php,action,inventory,
wp-hook,wp,chroma-excellence-theme/inc/archive-root-query-context.php,action,inventory,
wp-hook,add_meta_boxes,chroma-excellence-theme/inc/careers-page-meta.php,action,inventory,
wp-hook,save_post,chroma-excellence-theme/inc/careers-page-meta.php,action,inventory,
wp-hook,save_post,chroma-excellence-theme/inc/careers-page-meta.php,action,inventory,
wp-hook,wp_footer,chroma-excellence-theme/inc/chroma-booking-modal.php,action,inventory,
wp-hook,wp_enqueue_scripts,chroma-excellence-theme/inc/chroma-pdf-viewer.php,action,inventory,
wp-hook,wp_footer,chroma-excellence-theme/inc/chroma-pdf-viewer.php,action,inventory,
shortcode,chroma_pdf,chroma-excellence-theme/inc/chroma-pdf-viewer.php,,inventory,
asset-ref,assets/js/chroma-pdf-viewer.js,chroma-excellence-theme/inc/chroma-pdf-viewer.php,chroma-excellence-theme/assets/js/chroma-pdf-viewer.js,exists,
asset-ref,assets/js/pdf/pdf.min.js,chroma-excellence-theme/inc/chroma-pdf-viewer.php,chroma-excellence-theme/assets/js/pdf/pdf.min.js,exists,
asset-ref,assets/js/pdf/pdf.worker.min.js,chroma-excellence-theme/inc/chroma-pdf-viewer.php,chroma-excellence-theme/assets/js/pdf/pdf.worker.min.js,exists,
wp-hook,add_meta_boxes,chroma-excellence-theme/inc/city-slug-logic.php,action,inventory,
wp-hook,init,chroma-excellence-theme/inc/class-amp-blog.php,action,inventory,
wp-hook,init,chroma-excellence-theme/inc/class-amp-blog.php,action,inventory,
wp-hook,redirect_canonical,chroma-excellence-theme/inc/class-amp-blog.php,filter,inventory,
wp-hook,template_redirect,chroma-excellence-theme/inc/class-amp-blog.php,action,inventory,
wp-hook,wp_head,chroma-excellence-theme/inc/class-amp-blog.php,action,inventory,
wp-hook,the_content,chroma-excellence-theme/inc/class-amp-blog.php,filter,inventory,
wp-hook,wp_head,chroma-excellence-theme/inc/class-branding-engine.php,action,inventory,
wp-hook,save_post_location,chroma-excellence-theme/inc/class-data-service.php,action,inventory,
wp-hook,save_post_program,chroma-excellence-theme/inc/class-data-service.php,action,inventory,
wp-hook,edited_location_region,chroma-excellence-theme/inc/class-data-service.php,action,inventory,
wp-hook,created_location_region,chroma-excellence-theme/inc/class-data-service.php,action,inventory,
wp-hook,delete_location_region,chroma-excellence-theme/inc/class-data-service.php,action,inventory,
wp-hook,save_post_chroma_school,chroma-excellence-theme/inc/class-data-service.php,action,inventory,
wp-hook,add_meta_boxes,chroma-excellence-theme/inc/class-program-enhancements.php,action,inventory,
wp-hook,save_post_program,chroma-excellence-theme/inc/class-program-enhancements.php,action,inventory,
wp-hook,wp_head,chroma-excellence-theme/inc/class-program-enhancements.php,action,inventory,
wp-hook,comments_open,chroma-excellence-theme/inc/cleanup.php,filter,inventory,
wp-hook,template_redirect,chroma-excellence-theme/inc/cleanup.php,action,inventory,
wp-hook,template_redirect,chroma-excellence-theme/inc/cleanup.php,action,inventory,
wp-hook,template_redirect,chroma-excellence-theme/inc/cleanup.php,action,inventory,
wp-hook,xmlrpc_enabled,chroma-excellence-theme/inc/cleanup.php,filter,inventory,
wp-hook,do_feed,chroma-excellence-theme/inc/cleanup.php,action,inventory,
wp-hook,do_feed_rdf,chroma-excellence-theme/inc/cleanup.php,action,inventory,
wp-hook,do_feed_rss,chroma-excellence-theme/inc/cleanup.php,action,inventory,
wp-hook,do_feed_rss2,chroma-excellence-theme/inc/cleanup.php,action,inventory,
wp-hook,do_feed_atom,chroma-excellence-theme/inc/cleanup.php,action,inventory,
wp-hook,do_feed_rss2_comments,chroma-excellence-theme/inc/cleanup.php,action,inventory,
wp-hook,do_feed_atom_comments,chroma-excellence-theme/inc/cleanup.php,action,inventory,
wp-hook,tiny_mce_plugins,chroma-excellence-theme/inc/cleanup.php,filter,inventory,
wp-hook,wp_resource_hints,chroma-excellence-theme/inc/cleanup.php,filter,inventory,
wp-hook,init,chroma-excellence-theme/inc/cleanup.php,action,inventory,
wp-hook,template_redirect,chroma-excellence-theme/inc/cleanup.php,action,inventory,
wp-hook,wp_robots,chroma-excellence-theme/inc/cleanup.php,filter,inventory,
wp-hook,wpseo_robots,chroma-excellence-theme/inc/cleanup.php,filter,inventory,
wp-hook,send_headers,chroma-excellence-theme/inc/cleanup.php,action,inventory,
wp-hook,chroma_sitemap_post_types,chroma-excellence-theme/inc/cleanup.php,filter,inventory,
wp-hook,robots_txt,chroma-excellence-theme/inc/cleanup.php,filter,inventory,
wp-hook,add_meta_boxes,chroma-excellence-theme/inc/contact-page-meta.php,action,inventory,
wp-hook,save_post,chroma-excellence-theme/inc/contact-page-meta.php,action,inventory,
wp-hook,save_post,chroma-excellence-theme/inc/contact-page-meta.php,action,inventory,
wp-hook,init,chroma-excellence-theme/inc/cpt-careers.php,action,inventory,
wp-hook,add_meta_boxes,chroma-excellence-theme/inc/cpt-careers.php,action,inventory,
wp-hook,save_post_career,chroma-excellence-theme/inc/cpt-careers.php,action,inventory,
wp-hook,init,chroma-excellence-theme/inc/cpt-cities.php,action,inventory,
wp-hook,init,chroma-excellence-theme/inc/cpt-locations.php,action,inventory,
wp-hook,init,chroma-excellence-theme/inc/cpt-locations.php,action,inventory,
wp-hook,init,chroma-excellence-theme/inc/cpt-locations.php,action,inventory,
wp-hook,manage_location_posts_columns,chroma-excellence-theme/inc/cpt-locations.php,filter,inventory,
wp-hook,manage_location_posts_custom_column,chroma-excellence-theme/inc/cpt-locations.php,action,inventory,
wp-hook,manage_edit-location_sortable_columns,chroma-excellence-theme/inc/cpt-locations.php,filter,inventory,
wp-hook,enter_title_here,chroma-excellence-theme/inc/cpt-locations.php,filter,inventory,
wp-hook,location_region_add_form_fields,chroma-excellence-theme/inc/cpt-locations.php,action,inventory,
wp-hook,location_region_edit_form_fields,chroma-excellence-theme/inc/cpt-locations.php,action,inventory,
wp-hook,created_location_region,chroma-excellence-theme/inc/cpt-locations.php,action,inventory,
wp-hook,edited_location_region,chroma-excellence-theme/inc/cpt-locations.php,action,inventory,
wp-hook,add_meta_boxes,chroma-excellence-theme/inc/cpt-locations.php,action,inventory,
wp-hook,save_post_location,chroma-excellence-theme/inc/cpt-locations.php,action,inventory,
wp-hook,init,chroma-excellence-theme/inc/cpt-programs.php,action,inventory,
wp-hook,admin_init,chroma-excellence-theme/inc/cpt-programs.php,action,inventory,
wp-hook,init,chroma-excellence-theme/inc/cpt-programs.php,action,inventory,
wp-hook,manage_program_posts_columns,chroma-excellence-theme/inc/cpt-programs.php,filter,inventory,
wp-hook,manage_program_posts_custom_column,chroma-excellence-theme/inc/cpt-programs.php,action,inventory,
wp-hook,enter_title_here,chroma-excellence-theme/inc/cpt-programs.php,filter,inventory,
wp-hook,init,chroma-excellence-theme/inc/cpt-programs.php,action,inventory,
wp-hook,add_meta_boxes,chroma-excellence-theme/inc/cpt-programs.php,action,inventory,
wp-hook,save_post,chroma-excellence-theme/inc/cpt-programs.php,action,inventory,
wp-hook,add_meta_boxes,chroma-excellence-theme/inc/cpt-programs.php,action,inventory,
wp-hook,save_post_program,chroma-excellence-theme/inc/cpt-programs.php,action,inventory,
wp-hook,save_post_program,chroma-excellence-theme/inc/cpt-programs.php,action,inventory,
wp-hook,save_post_program,chroma-excellence-theme/inc/cpt-programs.php,action,inventory,
wp-hook,init,chroma-excellence-theme/inc/cpt-team-members.php,action,inventory,
wp-hook,init,chroma-excellence-theme/inc/cpt-team-members.php,action,inventory,
wp-hook,add_meta_boxes,chroma-excellence-theme/inc/cpt-team-members.php,action,inventory,
wp-hook,save_post,chroma-excellence-theme/inc/cpt-team-members.php,action,inventory,
wp-hook,save_post,chroma-excellence-theme/inc/cpt-team-members.php,action,inventory,
wp-hook,manage_team_member_posts_columns,chroma-excellence-theme/inc/cpt-team-members.php,filter,inventory,
wp-hook,manage_team_member_posts_custom_column,chroma-excellence-theme/inc/cpt-team-members.php,action,inventory,
wp-hook,manage_edit-team_member_sortable_columns,chroma-excellence-theme/inc/cpt-team-members.php,filter,inventory,
wp-hook,pre_get_posts,chroma-excellence-theme/inc/cpt-team-members.php,action,inventory,
wp-hook,after_switch_theme,chroma-excellence-theme/inc/cpt-team-members.php,action,inventory,
wp-hook,init,chroma-excellence-theme/inc/cpt-team-members.php,action,inventory,
wp-hook,wp_head,chroma-excellence-theme/inc/critical-css.php,action,inventory,
wp-hook,add_meta_boxes,chroma-excellence-theme/inc/curriculum-page-meta.php,action,inventory,
wp-hook,save_post,chroma-excellence-theme/inc/curriculum-page-meta.php,action,inventory,
wp-hook,save_post,chroma-excellence-theme/inc/curriculum-page-meta.php,action,inventory,
wp-hook,customize_register,chroma-excellence-theme/inc/customizer-footer.php,action,inventory,
wp-hook,customize_register,chroma-excellence-theme/inc/customizer-header.php,action,inventory,
wp-hook,customize_register,chroma-excellence-theme/inc/customizer-home.php,action,inventory,
wp-hook,customize_register,chroma-excellence-theme/inc/customizer-locations.php,action,inventory,
wp-hook,customize_register,chroma-excellence-theme/inc/customizer-scripts.php,action,inventory,
wp-hook,wp_head,chroma-excellence-theme/inc/customizer-scripts.php,action,inventory,
wp-hook,wp_footer,chroma-excellence-theme/inc/customizer-scripts.php,action,inventory,
wp-hook,customize_register,chroma-excellence-theme/inc/customizer-seo.php,action,inventory,
wp-hook,wp_head,chroma-excellence-theme/inc/customizer-seo.php,action,inventory,
wp-hook,pre_get_document_title,chroma-excellence-theme/inc/customizer-seo.php,filter,inventory,
wp-hook,wpseo_title,chroma-excellence-theme/inc/customizer-seo.php,filter,inventory,
wp-hook,wpseo_metadesc,chroma-excellence-theme/inc/customizer-seo.php,filter,inventory,
wp-hook,wpseo_opengraph_desc,chroma-excellence-theme/inc/customizer-seo.php,filter,inventory,
wp-hook,wp_head,chroma-excellence-theme/inc/customizer-seo.php,action,inventory,
shortcode,chroma_link,chroma-excellence-theme/inc/dynamic-links.php,,inventory,
wp-hook,add_meta_boxes,chroma-excellence-theme/inc/early-start-program-meta.php,action,inventory,
wp-hook,save_post,chroma-excellence-theme/inc/early-start-program-meta.php,action,inventory,
wp-hook,save_post,chroma-excellence-theme/inc/early-start-program-meta.php,action,inventory,
wp-hook,add_meta_boxes,chroma-excellence-theme/inc/employers-page-meta.php,action,inventory,
wp-hook,save_post,chroma-excellence-theme/inc/employers-page-meta.php,action,inventory,
wp-hook,save_post,chroma-excellence-theme/inc/employers-page-meta.php,action,inventory,
wp-hook,wp_enqueue_scripts,chroma-excellence-theme/inc/enqueue.php,action,inventory,
wp-hook,wp_resource_hints,chroma-excellence-theme/inc/enqueue.php,filter,inventory,
wp-hook,admin_enqueue_scripts,chroma-excellence-theme/inc/enqueue.php,action,inventory,
wp-hook,style_loader_tag,chroma-excellence-theme/inc/enqueue.php,filter,inventory,
wp-hook,wp_enqueue_scripts,chroma-excellence-theme/inc/enqueue.php,action,inventory,
wp-hook,wp_head,chroma-excellence-theme/inc/enqueue.php,action,inventory,
wp-hook,wp_enqueue_scripts,chroma-excellence-theme/inc/enqueue.php,action,inventory,
wp-hook,wp_enqueue_scripts,chroma-excellence-theme/inc/enqueue.php,action,inventory,
wp-hook,script_loader_tag,chroma-excellence-theme/inc/enqueue.php,filter,inventory,
wp-hook,wpseo_canonical,chroma-excellence-theme/inc/force-trailing-slashes.php,filter,inventory,
wp-hook,add_meta_boxes,chroma-excellence-theme/inc/general-seo-meta.php,action,inventory,
wp-hook,save_post,chroma-excellence-theme/inc/general-seo-meta.php,action,inventory,
wp-hook,add_meta_boxes,chroma-excellence-theme/inc/home-page-meta.php,action,inventory,
wp-hook,save_post,chroma-excellence-theme/inc/home-page-meta.php,action,inventory,
wp-hook,add_meta_boxes,chroma-excellence-theme/inc/meta-boxes/class-post-newsroom.php,action,inventory,
wp-hook,save_post,chroma-excellence-theme/inc/meta-boxes/class-post-newsroom.php,action,inventory,
wp-hook,cron_schedules,chroma-excellence-theme/inc/monthly-seo-cron.php,filter,inventory,
wp-hook,after_switch_theme,chroma-excellence-theme/inc/monthly-seo-cron.php,action,inventory,
wp-hook,switch_theme,chroma-excellence-theme/inc/monthly-seo-cron.php,action,inventory,
wp-hook,chroma_monthly_seo_event,chroma-excellence-theme/inc/monthly-seo-cron.php,action,inventory,
wp-hook,init,chroma-excellence-theme/inc/nav-menus.php,action,inventory,
wp-hook,send_headers,chroma-excellence-theme/inc/nav-menus.php,action,inventory,
wp-hook,wp_update_nav_menu,chroma-excellence-theme/inc/nav-menus.php,action,inventory,
wp-hook,wp_update_nav_menu_item,chroma-excellence-theme/inc/nav-menus.php,action,inventory,
wp-hook,save_post_nav_menu_item,chroma-excellence-theme/inc/nav-menus.php,action,inventory,
wp-hook,customize_save_after,chroma-excellence-theme/inc/nav-menus.php,action,inventory,
wp-hook,switch_theme,chroma-excellence-theme/inc/nav-menus.php,action,inventory,
wp-hook,add_meta_boxes,chroma-excellence-theme/inc/parents-page-meta.php,action,inventory,
wp-hook,save_post,chroma-excellence-theme/inc/parents-page-meta.php,action,inventory,
wp-hook,save_post,chroma-excellence-theme/inc/parents-page-meta.php,action,inventory,
wp-hook,init,chroma-excellence-theme/inc/performance-optimizations.php,action,inventory,
wp-hook,save_post_program,chroma-excellence-theme/inc/performance-optimizations.php,action,inventory,
wp-hook,admin_init,chroma-excellence-theme/inc/performance-optimizations.php,action,inventory,
wp-hook,add_meta_boxes,chroma-excellence-theme/inc/privacy-page-meta.php,action,inventory,
wp-hook,save_post,chroma-excellence-theme/inc/privacy-page-meta.php,action,inventory,
wp-hook,save_post,chroma-excellence-theme/inc/privacy-page-meta.php,action,inventory,
wp-hook,customize_register,chroma-excellence-theme/inc/program-settings.php,action,inventory,
wp-hook,updated_option,chroma-excellence-theme/inc/program-settings.php,action,inventory,
wp-hook,added_option,chroma-excellence-theme/inc/program-settings.php,action,inventory,
wp-hook,after_switch_theme,chroma-excellence-theme/inc/program-settings.php,action,inventory,
wp-hook,add_meta_boxes,chroma-excellence-theme/inc/schema-meta-boxes.php,action,inventory,
wp-hook,save_post_page,chroma-excellence-theme/inc/schema-meta-boxes.php,action,inventory,
wp-hook,save_post_location,chroma-excellence-theme/inc/schema-meta-boxes.php,action,inventory,
wp-hook,save_post_program,chroma-excellence-theme/inc/schema-meta-boxes.php,action,inventory,
wp-hook,send_headers,chroma-excellence-theme/inc/security.php,action,inventory,
wp-hook,after_setup_theme,chroma-excellence-theme/inc/setup.php,action,inventory,
wp-hook,after_setup_theme,chroma-excellence-theme/inc/setup.php,action,inventory,
wp-hook,add_meta_boxes,chroma-excellence-theme/inc/stories-page-meta.php,action,inventory,
wp-hook,save_post,chroma-excellence-theme/inc/stories-page-meta.php,action,inventory,
asset-ref,assets/images/chroma-logo.png,chroma-excellence-theme/page-newsroom.php,chroma-excellence-theme/assets/images/chroma-logo.png,exists,
asset-ref,assets/images/chroma-logo.png,chroma-excellence-theme/page-newsroom.php,chroma-excellence-theme/assets/images/chroma-logo.png,exists,
asset-ref,assets/images/chroma-logo-highres.png,chroma-excellence-theme/page-newsroom.php,chroma-excellence-theme/assets/images/chroma-logo-highres.png,exists,
asset-ref,assets/images/logo_chromacropped_140x140.webp,chroma-excellence-theme/single-city.php,chroma-excellence-theme/assets/images/logo_chromacropped_140x140.webp,exists,
asset-ref,assets/js/chart.min.js,chroma-excellence-theme/single-program.php,chroma-excellence-theme/assets/js/chart.min.js,exists,
asset-ref,assets/images/logo_chromacropped_70x70.webp,chroma-excellence-theme/single.php,chroma-excellence-theme/assets/images/logo_chromacropped_70x70.webp,exists,
asset-ref,assets/images/logo_chromacropped_70x70.webp,chroma-excellence-theme/single.php,chroma-excellence-theme/assets/images/logo_chromacropped_70x70.webp,exists,
asset-ref,assets/images/logo_chromacropped_140x140.webp,chroma-excellence-theme/single.php,chroma-excellence-theme/assets/images/logo_chromacropped_140x140.webp,exists,
asset-ref,assets/images/early-start/synergy-classroom.jpg,chroma-excellence-theme/template-parts/home/hero.php,chroma-excellence-theme/assets/images/early-start/synergy-classroom.jpg,exists,
wp-hook,wp_head,chroma-excellence-theme/template-program-early-start.php,action,inventory,
asset-ref,assets/js/chart.min.js,chroma-excellence-theme/template-program-kindergarten.php,chroma-excellence-theme/assets/js/chart.min.js,exists,
wp-hook,wp_head,chroma-excellence-theme/template-program-rising-kindergarten.php,action,inventory,
asset-ref,assets/js/chart.min.js,chroma-excellence-theme/template-program-rising-kindergarten.php,chroma-excellence-theme/assets/js/chart.min.js,exists,
wp-hook,wp_head,chroma-excellence-theme/template-program-rising-prek.php,action,inventory,
asset-ref,assets/js/chart.min.js,chroma-excellence-theme/template-program-rising-prek.php,chroma-excellence-theme/assets/js/chart.min.js,exists,
php-include,wp-load.php,debug-meta.php,wp-load.php,missing,
php-include,wp-load.php,diag-rewrite.php,wp-load.php,missing,
wp-hook,template_redirect,html-samples/homepage.html,action,inventory,
wp-hook,template_redirect,html-samples/homepage.html,action,inventory,
shortcode,chroma_acquisition_form,html-samples/homepage.html,,inventory,
shortcode,chroma_tour_form,html-samples/homepage.html,,inventory,
wp-hook,init,old_controller.php,action,inventory,
wp-hook,query_vars,old_controller.php,filter,inventory,
wp-hook,template_redirect,old_controller.php,action,inventory,
wp-hook,wp_ajax_cqa_frontend_login,old_controller.php,action,inventory,
wp-hook,wp_ajax_nopriv_cqa_frontend_login,old_controller.php,action,inventory,
wp-hook,wp_ajax_cqa_oauth_callback,old_controller.php,action,inventory,
wp-hook,wp_ajax_nopriv_cqa_oauth_callback,old_controller.php,action,inventory,
wp-hook,wp_sitemaps_add_provider,old_controller.php,filter,inventory,
wp-hook,wpseo_exclude_from_sitemap_by_url,old_controller.php,filter,inventory,
wp-hook,rank_math/sitemap/exclude_urls,old_controller.php,filter,inventory,
wp-hook,wp_head,old_controller.php,action,inventory,
rewrite-rule,^qa-reports/login/?$,old_controller.php,,inventory,
rewrite-rule,^qa-reports/auth/callback/?$,old_controller.php,,inventory,
rewrite-rule,^qa-reports/.*,old_controller.php,,inventory,
rewrite-rule,^qa-reports/?$,old_controller.php,,inventory,
ajax-action,cqa_frontend_login,old_controller.php,ajax_login,inventory,
ajax-action,cqa_frontend_login,old_controller.php,ajax_login,inventory,
ajax-action,cqa_oauth_callback,old_controller.php,oauth_callback,inventory,
ajax-action,cqa_oauth_callback,old_controller.php,oauth_callback,inventory,
js-import,./components/layout/Shell,plugins/QA-Report-App/chroma-qa-reports/build-env/src/App.jsx,plugins/QA-Report-App/chroma-qa-reports/build-env/src/components/layout/Shell|plugins/QA-Report-App/chroma-qa-reports/build-env/src/components/layout/Shell.js|plugins/QA-Report-App/chroma-qa-reports/build-env/src/components/layout/Shell.jsx|plugins/QA-Report-App/chroma-qa-reports/build-env/src/components/layout/Shell.mjs|plugins/QA-Report-App/chroma-qa-reports/build-env/src/components/layout/Shell.json|plugins/QA-Report-App/chroma-qa-reports/build-env/src/components/layout/Shell/index.js,exists,
js-import,./components/common/ErrorBoundary,plugins/QA-Report-App/chroma-qa-reports/build-env/src/App.jsx,plugins/QA-Report-App/chroma-qa-reports/build-env/src/components/common/ErrorBoundary|plugins/QA-Report-App/chroma-qa-reports/build-env/src/components/common/ErrorBoundary.js|plugins/QA-Report-App/chroma-qa-reports/build-env/src/components/common/ErrorBoundary.jsx|plugins/QA-Report-App/chroma-qa-reports/build-env/src/components/common/ErrorBoundary.mjs|plugins/QA-Report-App/chroma-qa-reports/build-env/src/components/common/ErrorBoundary.json|plugins/QA-Report-App/chroma-qa-reports/build-env/src/components/common/ErrorBoundary/index.js,exists,
js-import,../../utils/helpers,plugins/QA-Report-App/chroma-qa-reports/build-env/src/components/dashboard/NeedsAttention.jsx,plugins/QA-Report-App/chroma-qa-reports/build-env/src/components/dashboard/../../utils/helpers|plugins/QA-Report-App/chroma-qa-reports/build-env/src/components/dashboard/../../utils/helpers.js|plugins/QA-Report-App/chroma-qa-reports/build-env/src/components/dashboard/../../utils/helpers.jsx|plugins/QA-Report-App/chroma-qa-reports/build-env/src/components/dashboard/../../utils/helpers.mjs|plugins/QA-Report-App/chroma-qa-reports/build-env/src/components/dashboard/../../utils/helpers.json|plugins/QA-Report-App/chroma-qa-reports/build-env/src/components/dashboard/../../utils/helpers/index.js,exists,
js-import,./Sidebar,plugins/QA-Report-App/chroma-qa-reports/build-env/src/components/layout/Shell.jsx,plugins/QA-Report-App/chroma-qa-reports/build-env/src/components/layout/Sidebar|plugins/QA-Report-App/chroma-qa-reports/build-env/src/components/layout/Sidebar.js|plugins/QA-Report-App/chroma-qa-reports/build-env/src/components/layout/Sidebar.jsx|plugins/QA-Report-App/chroma-qa-reports/build-env/src/components/layout/Sidebar.mjs|plugins/QA-Report-App/chroma-qa-reports/build-env/src/components/layout/Sidebar.json|plugins/QA-Report-App/chroma-qa-reports/build-env/src/components/layout/Sidebar/index.js,exists,
js-import,../common/ConflictModal,plugins/QA-Report-App/chroma-qa-reports/build-env/src/components/layout/Shell.jsx,plugins/QA-Report-App/chroma-qa-reports/build-env/src/components/layout/../common/ConflictModal|plugins/QA-Report-App/chroma-qa-reports/build-env/src/components/layout/../common/ConflictModal.js|plugins/QA-Report-App/chroma-qa-reports/build-env/src/components/layout/../common/ConflictModal.jsx|plugins/QA-Report-App/chroma-qa-reports/build-env/src/components/layout/../common/ConflictModal.mjs|plugins/QA-Report-App/chroma-qa-reports/build-env/src/components/layout/../common/ConflictModal.json|plugins/QA-Report-App/chroma-qa-reports/build-env/src/components/layout/../common/ConflictModal/index.js,exists,
js-import,../common/SessionExpiredModal,plugins/QA-Report-App/chroma-qa-reports/build-env/src/components/layout/Shell.jsx,plugins/QA-Report-App/chroma-qa-reports/build-env/src/components/layout/../common/SessionExpiredModal|plugins/QA-Report-App/chroma-qa-reports/build-env/src/components/layout/../common/SessionExpiredModal.js|plugins/QA-Report-App/chroma-qa-reports/build-env/src/components/layout/../common/SessionExpiredModal.jsx|plugins/QA-Report-App/chroma-qa-reports/build-env/src/components/layout/../common/SessionExpiredModal.mjs|plugins/QA-Report-App/chroma-qa-reports/build-env/src/components/layout/../common/SessionExpiredModal.json|plugins/QA-Report-App/chroma-qa-reports/build-env/src/components/layout/../common/SessionExpiredModal/index.js,exists,
js-import,../common/OfflineBanner,plugins/QA-Report-App/chroma-qa-reports/build-env/src/components/layout/Shell.jsx,plugins/QA-Report-App/chroma-qa-reports/build-env/src/components/layout/../common/OfflineBanner|plugins/QA-Report-App/chroma-qa-reports/build-env/src/components/layout/../common/OfflineBanner.js|plugins/QA-Report-App/chroma-qa-reports/build-env/src/components/layout/../common/OfflineBanner.jsx|plugins/QA-Report-App/chroma-qa-reports/build-env/src/components/layout/../common/OfflineBanner.mjs|plugins/QA-Report-App/chroma-qa-reports/build-env/src/components/layout/../common/OfflineBanner.json|plugins/QA-Report-App/chroma-qa-reports/build-env/src/components/layout/../common/OfflineBanner/index.js,exists,
js-import,./AddSchoolModal,plugins/QA-Report-App/chroma-qa-reports/build-env/src/components/schools/SchoolsList.jsx,plugins/QA-Report-App/chroma-qa-reports/build-env/src/components/schools/AddSchoolModal|plugins/QA-Report-App/chroma-qa-reports/build-env/src/components/schools/AddSchoolModal.js|plugins/QA-Report-App/chroma-qa-reports/build-env/src/components/schools/AddSchoolModal.jsx|plugins/QA-Report-App/chroma-qa-reports/build-env/src/components/schools/AddSchoolModal.mjs|plugins/QA-Report-App/chroma-qa-reports/build-env/src/components/schools/AddSchoolModal.json|plugins/QA-Report-App/chroma-qa-reports/build-env/src/components/schools/AddSchoolModal/index.js,exists,
js-import,../../utils/image,plugins/QA-Report-App/chroma-qa-reports/build-env/src/components/wizard/ChecklistItem.jsx,plugins/QA-Report-App/chroma-qa-reports/build-env/src/components/wizard/../../utils/image|plugins/QA-Report-App/chroma-qa-reports/build-env/src/components/wizard/../../utils/image.js|plugins/QA-Report-App/chroma-qa-reports/build-env/src/components/wizard/../../utils/image.jsx|plugins/QA-Report-App/chroma-qa-reports/build-env/src/components/wizard/../../utils/image.mjs|plugins/QA-Report-App/chroma-qa-reports/build-env/src/components/wizard/../../utils/image.json|plugins/QA-Report-App/chroma-qa-reports/build-env/src/components/wizard/../../utils/image/index.js,exists,
js-import,../common/PhotoThumbnail,plugins/QA-Report-App/chroma-qa-reports/build-env/src/components/wizard/ChecklistItem.jsx,plugins/QA-Report-App/chroma-qa-reports/build-env/src/components/wizard/../common/PhotoThumbnail|plugins/QA-Report-App/chroma-qa-reports/build-env/src/components/wizard/../common/PhotoThumbnail.js|plugins/QA-Report-App/chroma-qa-reports/build-env/src/components/wizard/../common/PhotoThumbnail.jsx|plugins/QA-Report-App/chroma-qa-reports/build-env/src/components/wizard/../common/PhotoThumbnail.mjs|plugins/QA-Report-App/chroma-qa-reports/build-env/src/components/wizard/../common/PhotoThumbnail.json|plugins/QA-Report-App/chroma-qa-reports/build-env/src/components/wizard/../common/PhotoThumbnail/index.js,exists,
js-import,../../stores/useUIStore,plugins/QA-Report-App/chroma-qa-reports/build-env/src/components/wizard/ChecklistItem.jsx,plugins/QA-Report-App/chroma-qa-reports/build-env/src/components/wizard/../../stores/useUIStore|plugins/QA-Report-App/chroma-qa-reports/build-env/src/components/wizard/../../stores/useUIStore.js|plugins/QA-Report-App/chroma-qa-reports/build-env/src/components/wizard/../../stores/useUIStore.jsx|plugins/QA-Report-App/chroma-qa-reports/build-env/src/components/wizard/../../stores/useUIStore.mjs|plugins/QA-Report-App/chroma-qa-reports/build-env/src/components/wizard/../../stores/useUIStore.json|plugins/QA-Report-App/chroma-qa-reports/build-env/src/components/wizard/../../stores/useUIStore/index.js,exists,
js-import,./steps/StepSchool,plugins/QA-Report-App/chroma-qa-reports/build-env/src/components/wizard/ReportWizard.jsx,plugins/QA-Report-App/chroma-qa-reports/build-env/src/components/wizard/steps/StepSchool|plugins/QA-Report-App/chroma-qa-reports/build-env/src/components/wizard/steps/StepSchool.js|plugins/QA-Report-App/chroma-qa-reports/build-env/src/components/wizard/steps/StepSchool.jsx|plugins/QA-Report-App/chroma-qa-reports/build-env/src/components/wizard/steps/StepSchool.mjs|plugins/QA-Report-App/chroma-qa-reports/build-env/src/components/wizard/steps/StepSchool.json|plugins/QA-Report-App/chroma-qa-reports/build-env/src/components/wizard/steps/StepSchool/index.js,exists,
js-import,./steps/StepMetadata,plugins/QA-Report-App/chroma-qa-reports/build-env/src/components/wizard/ReportWizard.jsx,plugins/QA-Report-App/chroma-qa-reports/build-env/src/components/wizard/steps/StepMetadata|plugins/QA-Report-App/chroma-qa-reports/build-env/src/components/wizard/steps/StepMetadata.js|plugins/QA-Report-App/chroma-qa-reports/build-env/src/components/wizard/steps/StepMetadata.jsx|plugins/QA-Report-App/chroma-qa-reports/build-env/src/components/wizard/steps/StepMetadata.mjs|plugins/QA-Report-App/chroma-qa-reports/build-env/src/components/wizard/steps/StepMetadata.json|plugins/QA-Report-App/chroma-qa-reports/build-env/src/components/wizard/steps/StepMetadata/index.js,exists,
js-import,./steps/StepChecklist,plugins/QA-Report-App/chroma-qa-reports/build-env/src/components/wizard/ReportWizard.jsx,plugins/QA-Report-App/chroma-qa-reports/build-env/src/components/wizard/steps/StepChecklist|plugins/QA-Report-App/chroma-qa-reports/build-env/src/components/wizard/steps/StepChecklist.js|plugins/QA-Report-App/chroma-qa-reports/build-env/src/components/wizard/steps/StepChecklist.jsx|plugins/QA-Report-App/chroma-qa-reports/build-env/src/components/wizard/steps/StepChecklist.mjs|plugins/QA-Report-App/chroma-qa-reports/build-env/src/components/wizard/steps/StepChecklist.json|plugins/QA-Report-App/chroma-qa-reports/build-env/src/components/wizard/steps/StepChecklist/index.js,exists,
js-import,./steps/StepPhotos,plugins/QA-Report-App/chroma-qa-reports/build-env/src/components/wizard/ReportWizard.jsx,plugins/QA-Report-App/chroma-qa-reports/build-env/src/components/wizard/steps/StepPhotos|plugins/QA-Report-App/chroma-qa-reports/build-env/src/components/wizard/steps/StepPhotos.js|plugins/QA-Report-App/chroma-qa-reports/build-env/src/components/wizard/steps/StepPhotos.jsx|plugins/QA-Report-App/chroma-qa-reports/build-env/src/components/wizard/steps/StepPhotos.mjs|plugins/QA-Report-App/chroma-qa-reports/build-env/src/components/wizard/steps/StepPhotos.json|plugins/QA-Report-App/chroma-qa-reports/build-env/src/components/wizard/steps/StepPhotos/index.js,exists,
js-import,./steps/StepAISummary,plugins/QA-Report-App/chroma-qa-reports/build-env/src/components/wizard/ReportWizard.jsx,plugins/QA-Report-App/chroma-qa-reports/build-env/src/components/wizard/steps/StepAISummary|plugins/QA-Report-App/chroma-qa-reports/build-env/src/components/wizard/steps/StepAISummary.js|plugins/QA-Report-App/chroma-qa-reports/build-env/src/components/wizard/steps/StepAISummary.jsx|plugins/QA-Report-App/chroma-qa-reports/build-env/src/components/wizard/steps/StepAISummary.mjs|plugins/QA-Report-App/chroma-qa-reports/build-env/src/components/wizard/steps/StepAISummary.json|plugins/QA-Report-App/chroma-qa-reports/build-env/src/components/wizard/steps/StepAISummary/index.js,exists,
js-import,./steps/StepReview,plugins/QA-Report-App/chroma-qa-reports/build-env/src/components/wizard/ReportWizard.jsx,plugins/QA-Report-App/chroma-qa-reports/build-env/src/components/wizard/steps/StepReview|plugins/QA-Report-App/chroma-qa-reports/build-env/src/components/wizard/steps/StepReview.js|plugins/QA-Report-App/chroma-qa-reports/build-env/src/components/wizard/steps/StepReview.jsx|plugins/QA-Report-App/chroma-qa-reports/build-env/src/components/wizard/steps/StepReview.mjs|plugins/QA-Report-App/chroma-qa-reports/build-env/src/components/wizard/steps/StepReview.json|plugins/QA-Report-App/chroma-qa-reports/build-env/src/components/wizard/steps/StepReview/index.js,exists,
js-import,../ChecklistItem,plugins/QA-Report-App/chroma-qa-reports/build-env/src/components/wizard/checklist/ChecklistSection.jsx,plugins/QA-Report-App/chroma-qa-reports/build-env/src/components/wizard/checklist/../ChecklistItem|plugins/QA-Report-App/chroma-qa-reports/build-env/src/components/wizard/checklist/../ChecklistItem.js|plugins/QA-Report-App/chroma-qa-reports/build-env/src/components/wizard/checklist/../ChecklistItem.jsx|plugins/QA-Report-App/chroma-qa-reports/build-env/src/components/wizard/checklist/../ChecklistItem.mjs|plugins/QA-Report-App/chroma-qa-reports/build-env/src/components/wizard/checklist/../ChecklistItem.json|plugins/QA-Report-App/chroma-qa-reports/build-env/src/components/wizard/checklist/../ChecklistItem/index.js,exists,
js-import,../../../utils/helpers,plugins/QA-Report-App/chroma-qa-reports/build-env/src/components/wizard/steps/StepAISummary.jsx,plugins/QA-Report-App/chroma-qa-reports/build-env/src/components/wizard/steps/../../../utils/helpers|plugins/QA-Report-App/chroma-qa-reports/build-env/src/components/wizard/steps/../../../utils/helpers.js|plugins/QA-Report-App/chroma-qa-reports/build-env/src/components/wizard/steps/../../../utils/helpers.jsx|plugins/QA-Report-App/chroma-qa-reports/build-env/src/components/wizard/steps/../../../utils/helpers.mjs|plugins/QA-Report-App/chroma-qa-reports/build-env/src/components/wizard/steps/../../../utils/helpers.json|plugins/QA-Report-App/chroma-qa-reports/build-env/src/components/wizard/steps/../../../utils/helpers/index.js,exists,
js-import,../../../utils/image,plugins/QA-Report-App/chroma-qa-reports/build-env/src/components/wizard/steps/StepPhotos.jsx,plugins/QA-Report-App/chroma-qa-reports/build-env/src/components/wizard/steps/../../../utils/image|plugins/QA-Report-App/chroma-qa-reports/build-env/src/components/wizard/steps/../../../utils/image.js|plugins/QA-Report-App/chroma-qa-reports/build-env/src/components/wizard/steps/../../../utils/image.jsx|plugins/QA-Report-App/chroma-qa-reports/build-env/src/components/wizard/steps/../../../utils/image.mjs|plugins/QA-Report-App/chroma-qa-reports/build-env/src/components/wizard/steps/../../../utils/image.json|plugins/QA-Report-App/chroma-qa-reports/build-env/src/components/wizard/steps/../../../utils/image/index.js,exists,
js-import,../../common/upload/PhotoUploader,plugins/QA-Report-App/chroma-qa-reports/build-env/src/components/wizard/steps/StepPhotos.jsx,plugins/QA-Report-App/chroma-qa-reports/build-env/src/components/wizard/steps/../../common/upload/PhotoUploader|plugins/QA-Report-App/chroma-qa-reports/build-env/src/components/wizard/steps/../../common/upload/PhotoUploader.js|plugins/QA-Report-App/chroma-qa-reports/build-env/src/components/wizard/steps/../../common/upload/PhotoUploader.jsx|plugins/QA-Report-App/chroma-qa-reports/build-env/src/components/wizard/steps/../../common/upload/PhotoUploader.mjs|plugins/QA-Report-App/chroma-qa-reports/build-env/src/components/wizard/steps/../../common/upload/PhotoUploader.json|plugins/QA-Report-App/chroma-qa-reports/build-env/src/components/wizard/steps/../../common/upload/PhotoUploader/index.js,exists,
js-import,../../common/PhotoThumbnail,plugins/QA-Report-App/chroma-qa-reports/build-env/src/components/wizard/steps/StepPhotos.jsx,plugins/QA-Report-App/chroma-qa-reports/build-env/src/components/wizard/steps/../../common/PhotoThumbnail|plugins/QA-Report-App/chroma-qa-reports/build-env/src/components/wizard/steps/../../common/PhotoThumbnail.js|plugins/QA-Report-App/chroma-qa-reports/build-env/src/components/wizard/steps/../../common/PhotoThumbnail.jsx|plugins/QA-Report-App/chroma-qa-reports/build-env/src/components/wizard/steps/../../common/PhotoThumbnail.mjs|plugins/QA-Report-App/chroma-qa-reports/build-env/src/components/wizard/steps/../../common/PhotoThumbnail.json|plugins/QA-Report-App/chroma-qa-reports/build-env/src/components/wizard/steps/../../common/PhotoThumbnail/index.js,exists,
js-import,./StepChecklist,plugins/QA-Report-App/chroma-qa-reports/build-env/src/components/wizard/steps/StepReview.jsx,plugins/QA-Report-App/chroma-qa-reports/build-env/src/components/wizard/steps/StepChecklist|plugins/QA-Report-App/chroma-qa-reports/build-env/src/components/wizard/steps/StepChecklist.js|plugins/QA-Report-App/chroma-qa-reports/build-env/src/components/wizard/steps/StepChecklist.jsx|plugins/QA-Report-App/chroma-qa-reports/build-env/src/components/wizard/steps/StepChecklist.mjs|plugins/QA-Report-App/chroma-qa-reports/build-env/src/components/wizard/steps/StepChecklist.json|plugins/QA-Report-App/chroma-qa-reports/build-env/src/components/wizard/steps/StepChecklist/index.js,exists,
js-import,./App,plugins/QA-Report-App/chroma-qa-reports/build-env/src/index.js,plugins/QA-Report-App/chroma-qa-reports/build-env/src/App|plugins/QA-Report-App/chroma-qa-reports/build-env/src/App.js|plugins/QA-Report-App/chroma-qa-reports/build-env/src/App.jsx|plugins/QA-Report-App/chroma-qa-reports/build-env/src/App.mjs|plugins/QA-Report-App/chroma-qa-reports/build-env/src/App.json|plugins/QA-Report-App/chroma-qa-reports/build-env/src/App/index.js,exists,
js-import,./index.css,plugins/QA-Report-App/chroma-qa-reports/build-env/src/index.js,plugins/QA-Report-App/chroma-qa-reports/build-env/src/index.css,exists,
wp-hook,plugins_loaded,plugins/QA-Report-App/chroma-qa-reports/chroma-qa-reports.php,action,inventory,
rest-route,/insights/company,plugins/QA-Report-App/chroma-qa-reports/includes/ai/class-comparative-insights.php,'cqa/v1',inventory,
wp-hook,rest_api_init,plugins/QA-Report-App/chroma-qa-reports/includes/ai/class-comparative-insights.php,action,inventory,
rest-route,/photos/analyze,plugins/QA-Report-App/chroma-qa-reports/includes/ai/class-photo-analyzer.php,'cqa/v1',inventory,
rest-route,/photos/batch-analyze,plugins/QA-Report-App/chroma-qa-reports/includes/ai/class-photo-analyzer.php,'cqa/v1',inventory,
wp-hook,rest_api_init,plugins/QA-Report-App/chroma-qa-reports/includes/ai/class-photo-analyzer.php,action,inventory,
rest-route,/analytics/school/(?P<id>\d+)/trend,plugins/QA-Report-App/chroma-qa-reports/includes/analytics/class-trends.php,'cqa/v1',inventory,
rest-route,/analytics/regional,plugins/QA-Report-App/chroma-qa-reports/includes/analytics/class-trends.php,'cqa/v1',inventory,
rest-route,/analytics/company,plugins/QA-Report-App/chroma-qa-reports/includes/analytics/class-trends.php,'cqa/v1',inventory,
rest-route,/analytics/school/(?P<id>\d+)/export,plugins/QA-Report-App/chroma-qa-reports/includes/analytics/class-trends.php,'cqa/v1',inventory,
wp-hook,rest_api_init,plugins/QA-Report-App/chroma-qa-reports/includes/analytics/class-trends.php,action,inventory,
rest-route,/me,plugins/QA-Report-App/chroma-qa-reports/includes/api/class-rest-controller.php,self::NAMESPACE ,inventory,
rest-route,/schools,plugins/QA-Report-App/chroma-qa-reports/includes/api/class-rest-controller.php,self::NAMESPACE ,inventory,
rest-route,/schools/(?P<id>\d+),plugins/QA-Report-App/chroma-qa-reports/includes/api/class-rest-controller.php,self::NAMESPACE ,inventory,
rest-route,/settings/available-models,plugins/QA-Report-App/chroma-qa-reports/includes/api/class-rest-controller.php,self::NAMESPACE ,inventory,
rest-route,/reports,plugins/QA-Report-App/chroma-qa-reports/includes/api/class-rest-controller.php,self::NAMESPACE ,inventory,
rest-route,/reports/(?P<id>\d+),plugins/QA-Report-App/chroma-qa-reports/includes/api/class-rest-controller.php,self::NAMESPACE ,inventory,
rest-route,/reports/(?P<id>\d+)/responses,plugins/QA-Report-App/chroma-qa-reports/includes/api/class-rest-controller.php,self::NAMESPACE ,inventory,
rest-route,/reports/(?P<id>\d+)/pdf,plugins/QA-Report-App/chroma-qa-reports/includes/api/class-rest-controller.php,self::NAMESPACE ,inventory,
rest-route,/reports/(?P<id>\d+)/generate-summary,plugins/QA-Report-App/chroma-qa-reports/includes/api/class-rest-controller.php,self::NAMESPACE ,inventory,
rest-route,/reports/upload-doc,plugins/QA-Report-App/chroma-qa-reports/includes/api/class-rest-controller.php,self::NAMESPACE ,inventory,
rest-route,/manifest,plugins/QA-Report-App/chroma-qa-reports/includes/api/class-rest-controller.php,self::NAMESPACE ,inventory,
rest-route,/reports/(?P<id>\d+)/photos,plugins/QA-Report-App/chroma-qa-reports/includes/api/class-rest-controller.php,self::NAMESPACE ,inventory,
rest-route,/photos/(?P<id>\d+),plugins/QA-Report-App/chroma-qa-reports/includes/api/class-rest-controller.php,self::NAMESPACE ,inventory,
rest-route,/ai/parse-document,plugins/QA-Report-App/chroma-qa-reports/includes/api/class-rest-controller.php,self::NAMESPACE ,inventory,
rest-route,/checklists/(?P<type>[a-z0-9_]+),plugins/QA-Report-App/chroma-qa-reports/includes/api/class-rest-controller.php,self::NAMESPACE ,inventory,
rest-route,/schools/(?P<id>\d+)/reports,plugins/QA-Report-App/chroma-qa-reports/includes/api/class-rest-controller.php,self::NAMESPACE ,inventory,
rest-route,/settings,plugins/QA-Report-App/chroma-qa-reports/includes/api/class-rest-controller.php,self::NAMESPACE ,inventory,
rest-route,/monday/test,plugins/QA-Report-App/chroma-qa-reports/includes/api/class-rest-controller.php,self::NAMESPACE,inventory,
rest-route,/monday/workspaces,plugins/QA-Report-App/chroma-qa-reports/includes/api/class-rest-controller.php,self::NAMESPACE,inventory,
rest-route,/monday/boards,plugins/QA-Report-App/chroma-qa-reports/includes/api/class-rest-controller.php,self::NAMESPACE,inventory,
rest-route,/monday/boards/setup,plugins/QA-Report-App/chroma-qa-reports/includes/api/class-rest-controller.php,self::NAMESPACE,inventory,
rest-route,/monday/boards/(?P<id>[\w-]+)/setup,plugins/QA-Report-App/chroma-qa-reports/includes/api/class-rest-controller.php,self::NAMESPACE,inventory,
rest-route,/reports/(?P<id>\d+)/sync-monday,plugins/QA-Report-App/chroma-qa-reports/includes/api/class-rest-controller.php,self::NAMESPACE,inventory,
rest-route,/stats,plugins/QA-Report-App/chroma-qa-reports/includes/api/class-rest-controller.php,self::NAMESPACE ,inventory,
rest-route,/system-check,plugins/QA-Report-App/chroma-qa-reports/includes/api/class-rest-controller.php,self::NAMESPACE ,inventory,
rest-route,/reports/(?P<id>\d+)/versions,plugins/QA-Report-App/chroma-qa-reports/includes/api/class-rest-controller.php,self::NAMESPACE ,inventory,
rest-route,/reports/(?P<id>\d+)/versions/(?P<version>\d+),plugins/QA-Report-App/chroma-qa-reports/includes/api/class-rest-controller.php,self::NAMESPACE ,inventory,
rest-route,/reports/(?P<id>\d+)/restore/(?P<version>\d+),plugins/QA-Report-App/chroma-qa-reports/includes/api/class-rest-controller.php,self::NAMESPACE ,inventory,
rest-route,/reports/(?P<id>\d+)/versions/(?P<version>\d+)/restore-selection,plugins/QA-Report-App/chroma-qa-reports/includes/api/class-rest-controller.php,self::NAMESPACE ,inventory,
wp-hook,rest_request_after_callbacks,plugins/QA-Report-App/chroma-qa-reports/includes/api/class-rest-controller.php,filter,inventory,
wp-hook,query_vars,plugins/QA-Report-App/chroma-qa-reports/includes/class-plugin.php,filter,inventory,
wp-hook,template_redirect,plugins/QA-Report-App/chroma-qa-reports/includes/class-plugin.php,action,inventory,
wp-hook,init,plugins/QA-Report-App/chroma-qa-reports/includes/class-plugin.php,action,inventory,
wp-hook,init,plugins/QA-Report-App/chroma-qa-reports/includes/class-plugin.php,action,inventory,
wp-hook,admin_menu,plugins/QA-Report-App/chroma-qa-reports/includes/class-plugin.php,action,inventory,
wp-hook,admin_enqueue_scripts,plugins/QA-Report-App/chroma-qa-reports/includes/class-plugin.php,action,inventory,
wp-hook,admin_enqueue_scripts,plugins/QA-Report-App/chroma-qa-reports/includes/class-plugin.php,action,inventory,
wp-hook,admin_enqueue_scripts,plugins/QA-Report-App/chroma-qa-reports/includes/class-plugin.php,action,inventory,
wp-hook,admin_head,plugins/QA-Report-App/chroma-qa-reports/includes/class-plugin.php,action,inventory,
wp-hook,rest_api_init,plugins/QA-Report-App/chroma-qa-reports/includes/class-plugin.php,action,inventory,
wp-hook,cqa_cleanup_orphaned_media,plugins/QA-Report-App/chroma-qa-reports/includes/class-plugin.php,action,inventory,
wp-hook,cqa_daily_cleanup,plugins/QA-Report-App/chroma-qa-reports/includes/class-plugin.php,action,inventory,
rewrite-rule,^qa-reports/manifest\.json,plugins/QA-Report-App/chroma-qa-reports/includes/class-plugin.php,,inventory,
rewrite-rule,^qa-report/manifest\.json,plugins/QA-Report-App/chroma-qa-reports/includes/class-plugin.php,,inventory,
wp-hook,cqa_report_submitted,plugins/QA-Report-App/chroma-qa-reports/includes/notifications/class-email-notifications.php,action,inventory,
wp-hook,cqa_report_approved,plugins/QA-Report-App/chroma-qa-reports/includes/notifications/class-email-notifications.php,action,inventory,
wp-hook,cqa_report_needs_revision,plugins/QA-Report-App/chroma-qa-reports/includes/notifications/class-email-notifications.php,action,inventory,
wp-hook,cqa_daily_reminder_check,plugins/QA-Report-App/chroma-qa-reports/includes/notifications/class-reminders.php,action,inventory,
wp-hook,wp_dashboard_setup,plugins/QA-Report-App/chroma-qa-reports/includes/notifications/class-reminders.php,action,inventory,
rest-route,/location/verify,plugins/QA-Report-App/chroma-qa-reports/includes/utils/class-location.php,'cqa/v1',inventory,
rest-route,/location/log-override,plugins/QA-Report-App/chroma-qa-reports/includes/utils/class-location.php,'cqa/v1',inventory,
wp-hook,rest_api_init,plugins/QA-Report-App/chroma-qa-reports/includes/utils/class-location.php,action,inventory,
rest-route,/reports/(?P<id>\d+)/workflow,plugins/QA-Report-App/chroma-qa-reports/includes/workflow/class-approval-workflow.php,'cqa/v1',inventory,
rest-route,/reports/(?P<id>\d+)/comments,plugins/QA-Report-App/chroma-qa-reports/includes/workflow/class-approval-workflow.php,'cqa/v1',inventory,
wp-hook,rest_api_init,plugins/QA-Report-App/chroma-qa-reports/includes/workflow/class-approval-workflow.php,action,inventory,
wp-hook,init,plugins/QA-Report-App/chroma-qa-reports/public/class-frontend-controller.php,action,inventory,
wp-hook,init,plugins/QA-Report-App/chroma-qa-reports/public/class-frontend-controller.php,action,inventory,
wp-hook,query_vars,plugins/QA-Report-App/chroma-qa-reports/public/class-frontend-controller.php,filter,inventory,
wp-hook,template_redirect,plugins/QA-Report-App/chroma-qa-reports/public/class-frontend-controller.php,action,inventory,
wp-hook,show_admin_bar,plugins/QA-Report-App/chroma-qa-reports/public/class-frontend-controller.php,filter,inventory,
wp-hook,wp_ajax_cqa_frontend_login,plugins/QA-Report-App/chroma-qa-reports/public/class-frontend-controller.php,action,inventory,
wp-hook,wp_ajax_nopriv_cqa_frontend_login,plugins/QA-Report-App/chroma-qa-reports/public/class-frontend-controller.php,action,inventory,
wp-hook,wp_ajax_cqa_oauth_callback,plugins/QA-Report-App/chroma-qa-reports/public/class-frontend-controller.php,action,inventory,
wp-hook,wp_ajax_nopriv_cqa_oauth_callback,plugins/QA-Report-App/chroma-qa-reports/public/class-frontend-controller.php,action,inventory,
wp-hook,wp_sitemaps_add_provider,plugins/QA-Report-App/chroma-qa-reports/public/class-frontend-controller.php,filter,inventory,
wp-hook,wpseo_exclude_from_sitemap_by_url,plugins/QA-Report-App/chroma-qa-reports/public/class-frontend-controller.php,filter,inventory,
wp-hook,rank_math/sitemap/exclude_urls,plugins/QA-Report-App/chroma-qa-reports/public/class-frontend-controller.php,filter,inventory,
wp-hook,redirect_canonical,plugins/QA-Report-App/chroma-qa-reports/public/class-frontend-controller.php,filter,inventory,
wp-hook,pre_option_chroma_seo_redirect_canonical,plugins/QA-Report-App/chroma-qa-reports/public/class-frontend-controller.php,filter,inventory,
wp-hook,wp_head,plugins/QA-Report-App/chroma-qa-reports/public/class-frontend-controller.php,action,inventory,
rewrite-rule,^,plugins/QA-Report-App/chroma-qa-reports/public/class-frontend-controller.php,,inventory,
rewrite-rule,^,plugins/QA-Report-App/chroma-qa-reports/public/class-frontend-controller.php,,inventory,
rewrite-rule,^,plugins/QA-Report-App/chroma-qa-reports/public/class-frontend-controller.php,,inventory,
rewrite-rule,^,plugins/QA-Report-App/chroma-qa-reports/public/class-frontend-controller.php,,inventory,
ajax-action,cqa_frontend_login,plugins/QA-Report-App/chroma-qa-reports/public/class-frontend-controller.php,ajax_login,inventory,
ajax-action,cqa_frontend_login,plugins/QA-Report-App/chroma-qa-reports/public/class-frontend-controller.php,ajax_login,inventory,
ajax-action,cqa_oauth_callback,plugins/QA-Report-App/chroma-qa-reports/public/class-frontend-controller.php,oauth_callback,inventory,
ajax-action,cqa_oauth_callback,plugins/QA-Report-App/chroma-qa-reports/public/class-frontend-controller.php,oauth_callback,inventory,
js-import,../../public/js/frontend-app.js,plugins/QA-Report-App/chroma-qa-reports/tests/js/frontend-wizard.test.js,plugins/QA-Report-App/chroma-qa-reports/tests/js/../../public/js/frontend-app.js,exists,
js-import,../../admin/js/version-history.js,plugins/QA-Report-App/chroma-qa-reports/tests/js/version-history.test.js,plugins/QA-Report-App/chroma-qa-reports/tests/js/../../admin/js/version-history.js,exists,
js-import,../../admin/js/version-history.js,plugins/QA-Report-App/chroma-qa-reports/tests/js/version-history.test.js,plugins/QA-Report-App/chroma-qa-reports/tests/js/../../admin/js/version-history.js,exists,
php-include,wp-load.php,plugins/QA-Report-App/cqa-doctor.php,plugins/QA-Report-App/wp-load.php,missing,
wp-hook,plugins_loaded,plugins/chroma-agent-api/chroma-agent-api.php,action,inventory,
wp-hook,admin_menu,plugins/chroma-agent-api/includes/class-admin.php,action,inventory,
wp-hook,admin_post_caa_create_key,plugins/chroma-agent-api/includes/class-admin.php,action,inventory,
wp-hook,admin_post_caa_rotate_key,plugins/chroma-agent-api/includes/class-admin.php,action,inventory,
wp-hook,admin_post_caa_revoke_key,plugins/chroma-agent-api/includes/class-admin.php,action,inventory,
wp-hook,admin_post_caa_toggle_enabled,plugins/chroma-agent-api/includes/class-admin.php,action,inventory,
wp-hook,rest_api_init,plugins/chroma-agent-api/includes/class-bootstrap.php,action,inventory,
rest-route,/audit,plugins/chroma-agent-api/includes/routes/class-audit-routes.php,self::NS,inventory,
rest-route,/audit/(?P<id>\d+),plugins/chroma-agent-api/includes/routes/class-audit-routes.php,self::NS,inventory,
rest-route,/snapshots,plugins/chroma-agent-api/includes/routes/class-audit-routes.php,self::NS,inventory,
rest-route,/rollback/snapshot,plugins/chroma-agent-api/includes/routes/class-audit-routes.php,self::NS,inventory,
rest-route,/content,plugins/chroma-agent-api/includes/routes/class-content-routes.php,self::NS,inventory,
rest-route,/content/(?P<id>\d+),plugins/chroma-agent-api/includes/routes/class-content-routes.php,self::NS,inventory,
rest-route,/content/(?P<id>\d+)/rollback,plugins/chroma-agent-api/includes/routes/class-content-routes.php,self::NS,inventory,
rest-route,/discovery,plugins/chroma-agent-api/includes/routes/class-discovery-routes.php,self::NS,inventory,
rest-route,/resources,plugins/chroma-agent-api/includes/routes/class-discovery-routes.php,self::NS,inventory,
rest-route,/write-policy,plugins/chroma-agent-api/includes/routes/class-discovery-routes.php,self::NS,inventory,
rest-route,/geo-contract,plugins/chroma-agent-api/includes/routes/class-discovery-routes.php,self::NS,inventory,
rest-route,/forms/(?P<form>[a-z0-9-]+)/settings,plugins/chroma-agent-api/includes/routes/class-form-routes.php,self::NS,inventory,
rest-route,/leads,plugins/chroma-agent-api/includes/routes/class-form-routes.php,self::NS,inventory,
rest-route,/leads/(?P<id>\d+),plugins/chroma-agent-api/includes/routes/class-form-routes.php,self::NS,inventory,
rest-route,/leads/(?P<id>\d+)/retry-webhook,plugins/chroma-agent-api/includes/routes/class-form-routes.php,self::NS,inventory,
rest-route,/geo-feed,plugins/chroma-agent-api/includes/routes/class-geo-routes.php,self::NS,inventory,
rest-route,/geo-feed/(?P<location_id>\d+),plugins/chroma-agent-api/includes/routes/class-geo-routes.php,self::NS,inventory,
wp-hook,save_post,plugins/chroma-agent-api/includes/routes/class-geo-routes.php,action,inventory,
wp-hook,deleted_post,plugins/chroma-agent-api/includes/routes/class-geo-routes.php,action,inventory,
wp-hook,updated_option,plugins/chroma-agent-api/includes/routes/class-geo-routes.php,action,inventory,
wp-hook,template_redirect,plugins/chroma-agent-api/includes/routes/class-geo-routes.php,action,inventory,
wp-hook,wp_head,plugins/chroma-agent-api/includes/routes/class-geo-routes.php,action,inventory,
wp-hook,wp_head,plugins/chroma-agent-api/includes/routes/class-geo-routes.php,action,inventory,
wp-hook,redirect_canonical,plugins/chroma-agent-api/includes/routes/class-geo-routes.php,filter,inventory,
wp-hook,robots_txt,plugins/chroma-agent-api/includes/routes/class-geo-routes.php,filter,inventory,
rest-route,/keys,plugins/chroma-agent-api/includes/routes/class-key-routes.php,self::NS,inventory,
rest-route,/keys/(?P<id>\d+)/revoke,plugins/chroma-agent-api/includes/routes/class-key-routes.php,self::NS,inventory,
rest-route,/keys/(?P<id>\d+)/rotate,plugins/chroma-agent-api/includes/routes/class-key-routes.php,self::NS,inventory,
rest-route,/media/(?P<id>\d+)/metadata,plugins/chroma-agent-api/includes/routes/class-maintenance-routes.php,self::NS,inventory,
rest-route,/cache/flush,plugins/chroma-agent-api/includes/routes/class-maintenance-routes.php,self::NS,inventory,
rest-route,/sitemaps/refresh,plugins/chroma-agent-api/includes/routes/class-maintenance-routes.php,self::NS,inventory,
rest-route,/geo-feed/refresh,plugins/chroma-agent-api/includes/routes/class-maintenance-routes.php,self::NS,inventory,
rest-route,/media,plugins/chroma-agent-api/includes/routes/class-media-routes.php,self::NS,inventory,
rest-route,/media/attach,plugins/chroma-agent-api/includes/routes/class-media-routes.php,self::NS,inventory,
rest-route,/portal/content,plugins/chroma-agent-api/includes/routes/class-portal-routes.php,self::NS,inventory,
rest-route,/portal/content/(?P<id>\d+),plugins/chroma-agent-api/includes/routes/class-portal-routes.php,self::NS,inventory,
rest-route,/portal/taxonomies,plugins/chroma-agent-api/includes/routes/class-portal-routes.php,self::NS,inventory,
rest-route,/portal/dashboard,plugins/chroma-agent-api/includes/routes/class-portal-routes.php,self::NS,inventory,
rest-route,/portal/years,plugins/chroma-agent-api/includes/routes/class-portal-routes.php,self::NS,inventory,
rest-route,/portal/taxonomies/(?P<taxonomy>[a-z0-9_-]+),plugins/chroma-agent-api/includes/routes/class-portal-routes.php,self::NS,inventory,
rest-route,/portal/bulk-import,plugins/chroma-agent-api/includes/routes/class-portal-routes.php,self::NS,inventory,
rest-route,/portal/families/(?P<id>\d+)/pin,plugins/chroma-agent-api/includes/routes/class-portal-routes.php,self::NS,inventory,
rest-route,/schools,plugins/chroma-agent-api/includes/routes/class-school-routes.php,self::NS,inventory,
rest-route,/schools/(?P<id>\d+),plugins/chroma-agent-api/includes/routes/class-school-routes.php,self::NS,inventory,
rest-route,/schools/(?P<id>\d+)/tv,plugins/chroma-agent-api/includes/routes/class-school-routes.php,self::NS,inventory,
rest-route,/schools/(?P<id>\d+)/config,plugins/chroma-agent-api/includes/routes/class-school-routes.php,self::NS,inventory,
rest-route,/schools/weather,plugins/chroma-agent-api/includes/routes/class-school-routes.php,self::NS,inventory,
rest-route,/seo/structured-meta/(?P<post_id>\d+),plugins/chroma-agent-api/includes/routes/class-seo-operation-routes.php,self::NS,inventory,
rest-route,/seo/actions,plugins/chroma-agent-api/includes/routes/class-seo-operation-routes.php,self::NS,inventory,
rest-route,/seo/virtual-pages,plugins/chroma-agent-api/includes/routes/class-seo-operation-routes.php,self::NS,inventory,
rest-route,/seo/virtual-pages/(?P<type>[a-z0-9_-]+)/(?P<key>[^/]+),plugins/chroma-agent-api/includes/routes/class-seo-operation-routes.php,self::NS,inventory,
rest-route,/seo/actions/(?P<action>[a-z0-9_-]+),plugins/chroma-agent-api/includes/routes/class-seo-operation-routes.php,self::NS,inventory,
rest-route,/llm/settings,plugins/chroma-agent-api/includes/routes/class-seo-operation-routes.php,self::NS,inventory,
rest-route,/translations,plugins/chroma-agent-api/includes/routes/class-seo-operation-routes.php,self::NS,inventory,
rest-route,/translations/(?P<id>\d+),plugins/chroma-agent-api/includes/routes/class-seo-operation-routes.php,self::NS,inventory,
rest-route,/translate,plugins/chroma-agent-api/includes/routes/class-seo-operation-routes.php,self::NS,inventory,
rest-route,/seo/options,plugins/chroma-agent-api/includes/routes/class-seo-routes.php,self::NS,inventory,
rest-route,/seo/meta/(?P<post_id>\d+),plugins/chroma-agent-api/includes/routes/class-seo-routes.php,self::NS,inventory,
rest-route,/seo/schema/(?P<post_id>\d+),plugins/chroma-agent-api/includes/routes/class-seo-routes.php,self::NS,inventory,
rest-route,/seo/schema,plugins/chroma-agent-api/includes/routes/class-seo-routes.php,self::NS,inventory,
rest-route,/schema/seo,plugins/chroma-agent-api/includes/routes/class-seo-routes.php,self::NS,inventory,
rest-route,/schema/seo/(?P<post_id>\d+),plugins/chroma-agent-api/includes/routes/class-seo-routes.php,self::NS,inventory,
rest-route,/theme/customizer,plugins/chroma-agent-api/includes/routes/class-theme-extension-routes.php,self::NS,inventory,
rest-route,/theme/customizer/(?P<group>[a-z0-9-]+),plugins/chroma-agent-api/includes/routes/class-theme-extension-routes.php,self::NS,inventory,
rest-route,/theme/page-meta/(?P<post_id>\d+),plugins/chroma-agent-api/includes/routes/class-theme-extension-routes.php,self::NS,inventory,
rest-route,/theme/cpt-meta/(?P<post_type>[a-z0-9_-]+)/(?P<post_id>\d+),plugins/chroma-agent-api/includes/routes/class-theme-extension-routes.php,self::NS,inventory,
rest-route,/theme/taxonomy-meta/(?P<taxonomy>[a-z0-9_-]+)/(?P<term_id>\d+),plugins/chroma-agent-api/includes/routes/class-theme-extension-routes.php,self::NS,inventory,
rest-route,/theme/options,plugins/chroma-agent-api/includes/routes/class-theme-routes.php,self::NS,inventory,
rest-route,/theme/mods,plugins/chroma-agent-api/includes/routes/class-theme-routes.php,self::NS,inventory,
js-import,./context/AuthContext,plugins/chroma-parent-portal/build-env/src/App.jsx,plugins/chroma-parent-portal/build-env/src/context/AuthContext|plugins/chroma-parent-portal/build-env/src/context/AuthContext.js|plugins/chroma-parent-portal/build-env/src/context/AuthContext.jsx|plugins/chroma-parent-portal/build-env/src/context/AuthContext.mjs|plugins/chroma-parent-portal/build-env/src/context/AuthContext.json|plugins/chroma-parent-portal/build-env/src/context/AuthContext/index.js,exists,
js-import,./components/MainLayout,plugins/chroma-parent-portal/build-env/src/App.jsx,plugins/chroma-parent-portal/build-env/src/components/MainLayout|plugins/chroma-parent-portal/build-env/src/components/MainLayout.js|plugins/chroma-parent-portal/build-env/src/components/MainLayout.jsx|plugins/chroma-parent-portal/build-env/src/components/MainLayout.mjs|plugins/chroma-parent-portal/build-env/src/components/MainLayout.json|plugins/chroma-parent-portal/build-env/src/components/MainLayout/index.js,exists,
js-import,../context/AuthContext,plugins/chroma-parent-portal/build-env/src/components/MainLayout.jsx,plugins/chroma-parent-portal/build-env/src/components/../context/AuthContext|plugins/chroma-parent-portal/build-env/src/components/../context/AuthContext.js|plugins/chroma-parent-portal/build-env/src/components/../context/AuthContext.jsx|plugins/chroma-parent-portal/build-env/src/components/../context/AuthContext.mjs|plugins/chroma-parent-portal/build-env/src/components/../context/AuthContext.json|plugins/chroma-parent-portal/build-env/src/components/../context/AuthContext/index.js,exists,
js-import,./auth/LoginScreen,plugins/chroma-parent-portal/build-env/src/components/MainLayout.jsx,plugins/chroma-parent-portal/build-env/src/components/auth/LoginScreen|plugins/chroma-parent-portal/build-env/src/components/auth/LoginScreen.js|plugins/chroma-parent-portal/build-env/src/components/auth/LoginScreen.jsx|plugins/chroma-parent-portal/build-env/src/components/auth/LoginScreen.mjs|plugins/chroma-parent-portal/build-env/src/components/auth/LoginScreen.json|plugins/chroma-parent-portal/build-env/src/components/auth/LoginScreen/index.js,exists,
js-import,./dashboard/Dashboard,plugins/chroma-parent-portal/build-env/src/components/MainLayout.jsx,plugins/chroma-parent-portal/build-env/src/components/dashboard/Dashboard|plugins/chroma-parent-portal/build-env/src/components/dashboard/Dashboard.js|plugins/chroma-parent-portal/build-env/src/components/dashboard/Dashboard.jsx|plugins/chroma-parent-portal/build-env/src/components/dashboard/Dashboard.mjs|plugins/chroma-parent-portal/build-env/src/components/dashboard/Dashboard.json|plugins/chroma-parent-portal/build-env/src/components/dashboard/Dashboard/index.js,exists,
js-import,../../context/AuthContext,plugins/chroma-parent-portal/build-env/src/components/auth/LoginScreen.jsx,plugins/chroma-parent-portal/build-env/src/components/auth/../../context/AuthContext|plugins/chroma-parent-portal/build-env/src/components/auth/../../context/AuthContext.js|plugins/chroma-parent-portal/build-env/src/components/auth/../../context/AuthContext.jsx|plugins/chroma-parent-portal/build-env/src/components/auth/../../context/AuthContext.mjs|plugins/chroma-parent-portal/build-env/src/components/auth/../../context/AuthContext.json|plugins/chroma-parent-portal/build-env/src/components/auth/../../context/AuthContext/index.js,exists,
js-import,../common/PDFCard,plugins/chroma-parent-portal/build-env/src/components/common/OrganizationGroup.jsx,plugins/chroma-parent-portal/build-env/src/components/common/../common/PDFCard|plugins/chroma-parent-portal/build-env/src/components/common/../common/PDFCard.js|plugins/chroma-parent-portal/build-env/src/components/common/../common/PDFCard.jsx|plugins/chroma-parent-portal/build-env/src/components/common/../common/PDFCard.mjs|plugins/chroma-parent-portal/build-env/src/components/common/../common/PDFCard.json|plugins/chroma-parent-portal/build-env/src/components/common/../common/PDFCard/index.js,exists,
js-import,../../context/AuthContext,plugins/chroma-parent-portal/build-env/src/components/common/UploadModal.jsx,plugins/chroma-parent-portal/build-env/src/components/common/../../context/AuthContext|plugins/chroma-parent-portal/build-env/src/components/common/../../context/AuthContext.js|plugins/chroma-parent-portal/build-env/src/components/common/../../context/AuthContext.jsx|plugins/chroma-parent-portal/build-env/src/components/common/../../context/AuthContext.mjs|plugins/chroma-parent-portal/build-env/src/components/common/../../context/AuthContext.json|plugins/chroma-parent-portal/build-env/src/components/common/../../context/AuthContext/index.js,exists,
js-import,../../context/AuthContext,plugins/chroma-parent-portal/build-env/src/components/dashboard/Dashboard.jsx,plugins/chroma-parent-portal/build-env/src/components/dashboard/../../context/AuthContext|plugins/chroma-parent-portal/build-env/src/components/dashboard/../../context/AuthContext.js|plugins/chroma-parent-portal/build-env/src/components/dashboard/../../context/AuthContext.jsx|plugins/chroma-parent-portal/build-env/src/components/dashboard/../../context/AuthContext.mjs|plugins/chroma-parent-portal/build-env/src/components/dashboard/../../context/AuthContext.json|plugins/chroma-parent-portal/build-env/src/components/dashboard/../../context/AuthContext/index.js,exists,
js-import,./Header,plugins/chroma-parent-portal/build-env/src/components/dashboard/Dashboard.jsx,plugins/chroma-parent-portal/build-env/src/components/dashboard/Header|plugins/chroma-parent-portal/build-env/src/components/dashboard/Header.js|plugins/chroma-parent-portal/build-env/src/components/dashboard/Header.jsx|plugins/chroma-parent-portal/build-env/src/components/dashboard/Header.mjs|plugins/chroma-parent-portal/build-env/src/components/dashboard/Header.json|plugins/chroma-parent-portal/build-env/src/components/dashboard/Header/index.js,exists,
js-import,../../context/AuthContext,plugins/chroma-parent-portal/build-env/src/components/dashboard/DashboardGrid.jsx,plugins/chroma-parent-portal/build-env/src/components/dashboard/../../context/AuthContext|plugins/chroma-parent-portal/build-env/src/components/dashboard/../../context/AuthContext.js|plugins/chroma-parent-portal/build-env/src/components/dashboard/../../context/AuthContext.jsx|plugins/chroma-parent-portal/build-env/src/components/dashboard/../../context/AuthContext.mjs|plugins/chroma-parent-portal/build-env/src/components/dashboard/../../context/AuthContext.json|plugins/chroma-parent-portal/build-env/src/components/dashboard/../../context/AuthContext/index.js,exists,
js-import,./Announcements,plugins/chroma-parent-portal/build-env/src/components/dashboard/DashboardGrid.jsx,plugins/chroma-parent-portal/build-env/src/components/dashboard/Announcements|plugins/chroma-parent-portal/build-env/src/components/dashboard/Announcements.js|plugins/chroma-parent-portal/build-env/src/components/dashboard/Announcements.jsx|plugins/chroma-parent-portal/build-env/src/components/dashboard/Announcements.mjs|plugins/chroma-parent-portal/build-env/src/components/dashboard/Announcements.json|plugins/chroma-parent-portal/build-env/src/components/dashboard/Announcements/index.js,exists,
js-import,./LessonPlanSection,plugins/chroma-parent-portal/build-env/src/components/dashboard/DashboardGrid.jsx,plugins/chroma-parent-portal/build-env/src/components/dashboard/LessonPlanSection|plugins/chroma-parent-portal/build-env/src/components/dashboard/LessonPlanSection.js|plugins/chroma-parent-portal/build-env/src/components/dashboard/LessonPlanSection.jsx|plugins/chroma-parent-portal/build-env/src/components/dashboard/LessonPlanSection.mjs|plugins/chroma-parent-portal/build-env/src/components/dashboard/LessonPlanSection.json|plugins/chroma-parent-portal/build-env/src/components/dashboard/LessonPlanSection/index.js,exists,
js-import,./MealPlansSection,plugins/chroma-parent-portal/build-env/src/components/dashboard/DashboardGrid.jsx,plugins/chroma-parent-portal/build-env/src/components/dashboard/MealPlansSection|plugins/chroma-parent-portal/build-env/src/components/dashboard/MealPlansSection.js|plugins/chroma-parent-portal/build-env/src/components/dashboard/MealPlansSection.jsx|plugins/chroma-parent-portal/build-env/src/components/dashboard/MealPlansSection.mjs|plugins/chroma-parent-portal/build-env/src/components/dashboard/MealPlansSection.json|plugins/chroma-parent-portal/build-env/src/components/dashboard/MealPlansSection/index.js,exists,
js-import,../common/PDFCard,plugins/chroma-parent-portal/build-env/src/components/dashboard/DashboardGrid.jsx,plugins/chroma-parent-portal/build-env/src/components/dashboard/../common/PDFCard|plugins/chroma-parent-portal/build-env/src/components/dashboard/../common/PDFCard.js|plugins/chroma-parent-portal/build-env/src/components/dashboard/../common/PDFCard.jsx|plugins/chroma-parent-portal/build-env/src/components/dashboard/../common/PDFCard.mjs|plugins/chroma-parent-portal/build-env/src/components/dashboard/../common/PDFCard.json|plugins/chroma-parent-portal/build-env/src/components/dashboard/../common/PDFCard/index.js,exists,
js-import,../common/UploadModal,plugins/chroma-parent-portal/build-env/src/components/dashboard/DashboardGrid.jsx,plugins/chroma-parent-portal/build-env/src/components/dashboard/../common/UploadModal|plugins/chroma-parent-portal/build-env/src/components/dashboard/../common/UploadModal.js|plugins/chroma-parent-portal/build-env/src/components/dashboard/../common/UploadModal.jsx|plugins/chroma-parent-portal/build-env/src/components/dashboard/../common/UploadModal.mjs|plugins/chroma-parent-portal/build-env/src/components/dashboard/../common/UploadModal.json|plugins/chroma-parent-portal/build-env/src/components/dashboard/../common/UploadModal/index.js,exists,
js-import,../common/PDFViewerModal,plugins/chroma-parent-portal/build-env/src/components/dashboard/DashboardGrid.jsx,plugins/chroma-parent-portal/build-env/src/components/dashboard/../common/PDFViewerModal|plugins/chroma-parent-portal/build-env/src/components/dashboard/../common/PDFViewerModal.js|plugins/chroma-parent-portal/build-env/src/components/dashboard/../common/PDFViewerModal.jsx|plugins/chroma-parent-portal/build-env/src/components/dashboard/../common/PDFViewerModal.mjs|plugins/chroma-parent-portal/build-env/src/components/dashboard/../common/PDFViewerModal.json|plugins/chroma-parent-portal/build-env/src/components/dashboard/../common/PDFViewerModal/index.js,exists,
js-import,../common/PDFCard,plugins/chroma-parent-portal/build-env/src/components/dashboard/DownloadCenter.jsx,plugins/chroma-parent-portal/build-env/src/components/dashboard/../common/PDFCard|plugins/chroma-parent-portal/build-env/src/components/dashboard/../common/PDFCard.js|plugins/chroma-parent-portal/build-env/src/components/dashboard/../common/PDFCard.jsx|plugins/chroma-parent-portal/build-env/src/components/dashboard/../common/PDFCard.mjs|plugins/chroma-parent-portal/build-env/src/components/dashboard/../common/PDFCard.json|plugins/chroma-parent-portal/build-env/src/components/dashboard/../common/PDFCard/index.js,exists,
js-import,../../context/AuthContext,plugins/chroma-parent-portal/build-env/src/components/dashboard/Header.jsx,plugins/chroma-parent-portal/build-env/src/components/dashboard/../../context/AuthContext|plugins/chroma-parent-portal/build-env/src/components/dashboard/../../context/AuthContext.js|plugins/chroma-parent-portal/build-env/src/components/dashboard/../../context/AuthContext.jsx|plugins/chroma-parent-portal/build-env/src/components/dashboard/../../context/AuthContext.mjs|plugins/chroma-parent-portal/build-env/src/components/dashboard/../../context/AuthContext.json|plugins/chroma-parent-portal/build-env/src/components/dashboard/../../context/AuthContext/index.js,exists,
js-import,./LessonPlanSection,plugins/chroma-parent-portal/build-env/src/components/dashboard/MealPlansSection.jsx,plugins/chroma-parent-portal/build-env/src/components/dashboard/LessonPlanSection|plugins/chroma-parent-portal/build-env/src/components/dashboard/LessonPlanSection.js|plugins/chroma-parent-portal/build-env/src/components/dashboard/LessonPlanSection.jsx|plugins/chroma-parent-portal/build-env/src/components/dashboard/LessonPlanSection.mjs|plugins/chroma-parent-portal/build-env/src/components/dashboard/LessonPlanSection.json|plugins/chroma-parent-portal/build-env/src/components/dashboard/LessonPlanSection/index.js,exists,
js-import,../../assets/images/chroma_hex_logo.png,plugins/chroma-parent-portal/build-env/src/components/dashboard/Sidebar.jsx,plugins/chroma-parent-portal/build-env/src/components/dashboard/../../assets/images/chroma_hex_logo.png,exists,
js-import,./App,plugins/chroma-parent-portal/build-env/src/index.js,plugins/chroma-parent-portal/build-env/src/App|plugins/chroma-parent-portal/build-env/src/App.js|plugins/chroma-parent-portal/build-env/src/App.jsx|plugins/chroma-parent-portal/build-env/src/App.mjs|plugins/chroma-parent-portal/build-env/src/App.json|plugins/chroma-parent-portal/build-env/src/App/index.js,exists,
js-import,./components/common/ErrorBoundary,plugins/chroma-parent-portal/build-env/src/index.js,plugins/chroma-parent-portal/build-env/src/components/common/ErrorBoundary|plugins/chroma-parent-portal/build-env/src/components/common/ErrorBoundary.js|plugins/chroma-parent-portal/build-env/src/components/common/ErrorBoundary.jsx|plugins/chroma-parent-portal/build-env/src/components/common/ErrorBoundary.mjs|plugins/chroma-parent-portal/build-env/src/components/common/ErrorBoundary.json|plugins/chroma-parent-portal/build-env/src/components/common/ErrorBoundary/index.js,exists,
js-import,./styles/main.scss,plugins/chroma-parent-portal/build-env/src/index.js,plugins/chroma-parent-portal/build-env/src/styles/main.scss,exists,
wp-hook,wp_head,plugins/chroma-parent-portal/chroma-parent-portal.php,action,inventory,
wp-hook,wp,plugins/chroma-parent-portal/chroma-parent-portal.php,action,inventory,
wp-hook,theme_mod_chroma_header_scripts,plugins/chroma-parent-portal/chroma-parent-portal.php,filter,inventory,
wp-hook,theme_mod_chroma_footer_scripts,plugins/chroma-parent-portal/chroma-parent-portal.php,filter,inventory,
wp-hook,theme_mod_chroma_custom_scripts,plugins/chroma-parent-portal/chroma-parent-portal.php,filter,inventory,
wp-hook,wp,plugins/chroma-parent-portal/chroma-parent-portal.php,action,inventory,
wp-hook,wp_robots,plugins/chroma-parent-portal/chroma-parent-portal.php,filter,inventory,
wp-hook,wpseo_robots,plugins/chroma-parent-portal/chroma-parent-portal.php,filter,inventory,
wp-hook,pre_get_document_title,plugins/chroma-parent-portal/chroma-parent-portal.php,filter,inventory,
wp-hook,wpseo_title,plugins/chroma-parent-portal/chroma-parent-portal.php,filter,inventory,
wp-hook,wpseo_metadesc,plugins/chroma-parent-portal/chroma-parent-portal.php,filter,inventory,
wp-hook,wpseo_opengraph_desc,plugins/chroma-parent-portal/chroma-parent-portal.php,filter,inventory,
wp-hook,rest_authentication_errors,plugins/chroma-parent-portal/chroma-parent-portal.php,filter,inventory,
wp-hook,save_post,plugins/chroma-parent-portal/chroma-parent-portal.php,action,inventory,
wp-hook,wp_enqueue_scripts,plugins/chroma-parent-portal/chroma-parent-portal.php,action,inventory,
wp-hook,body_class,plugins/chroma-parent-portal/chroma-parent-portal.php,filter,inventory,
shortcode,chroma_parent_portal,plugins/chroma-parent-portal/chroma-parent-portal.php,,inventory,
rest-route,/login,plugins/chroma-parent-portal/includes/class-api-routes.php,'chroma-portal/v1',inventory,
rest-route,/content/dashboard,plugins/chroma-parent-portal/includes/class-api-routes.php,'chroma-portal/v1',inventory,
rest-route,/years,plugins/chroma-parent-portal/includes/class-api-routes.php,'chroma-portal/v1',inventory,
rest-route,/taxonomy/(?P<taxonomy>[a-z_]+),plugins/chroma-parent-portal/includes/class-api-routes.php,'chroma-portal/v1',inventory,
rest-route,/content/create,plugins/chroma-parent-portal/includes/class-api-routes.php,'chroma-portal/v1',inventory,
rest-route,/content/update/(?P<id>\d+),plugins/chroma-parent-portal/includes/class-api-routes.php,'chroma-portal/v1',inventory,
rest-route,/content/delete/(?P<id>\d+),plugins/chroma-parent-portal/includes/class-api-routes.php,'chroma-portal/v1',inventory,
rest-route,/system-check,plugins/chroma-parent-portal/includes/class-api-routes.php,'chroma-portal/v1',inventory,
rest-route,/cookie-test,plugins/chroma-parent-portal/includes/class-api-routes.php,'chroma-portal/v1',inventory,
wp-hook,rest_api_init,plugins/chroma-parent-portal/includes/class-api-routes.php,action,inventory,
wp-hook,admin_menu,plugins/chroma-parent-portal/includes/class-bulk-importer.php,action,inventory,
wp-hook,wp_ajax_chroma_portal_run_seed,plugins/chroma-parent-portal/includes/class-bulk-importer.php,action,inventory,
ajax-action,chroma_portal_run_seed,plugins/chroma-parent-portal/includes/class-bulk-importer.php,ajax_run_seed,inventory,
wp-hook,admin_menu,plugins/chroma-parent-portal/includes/class-bulk-uploader.php,action,inventory,
wp-hook,admin_post_chroma_portal_bulk_prepare,plugins/chroma-parent-portal/includes/class-bulk-uploader.php,action,inventory,
wp-hook,wp_ajax_chroma_portal_bulk_run,plugins/chroma-parent-portal/includes/class-bulk-uploader.php,action,inventory,
wp-hook,wp_ajax_chroma_portal_bulk_rollback,plugins/chroma-parent-portal/includes/class-bulk-uploader.php,action,inventory,
wp-hook,wp_ajax_chroma_portal_bulk_assign_files,plugins/chroma-parent-portal/includes/class-bulk-uploader.php,action,inventory,
ajax-action,chroma_portal_bulk_run,plugins/chroma-parent-portal/includes/class-bulk-uploader.php,ajax_run,inventory,
ajax-action,chroma_portal_bulk_rollback,plugins/chroma-parent-portal/includes/class-bulk-uploader.php,ajax_rollback,inventory,
ajax-action,chroma_portal_bulk_assign_files,plugins/chroma-parent-portal/includes/class-bulk-uploader.php,ajax_assign_files,inventory,
wp-hook,init,plugins/chroma-parent-portal/includes/class-cpt-registrar.php,action,inventory,
wp-hook,init,plugins/chroma-parent-portal/includes/class-cpt-registrar.php,action,inventory,
wp-hook,manage_{$post_type}_posts_columns,plugins/chroma-parent-portal/includes/class-cpt-registrar.php,filter,inventory,
wp-hook,manage_{$post_type}_posts_custom_column,plugins/chroma-parent-portal/includes/class-cpt-registrar.php,action,inventory,
wp-hook,manage_edit-{$post_type}_sortable_columns,plugins/chroma-parent-portal/includes/class-cpt-registrar.php,filter,inventory,
wp-hook,add_meta_boxes,plugins/chroma-parent-portal/includes/class-meta-boxes.php,action,inventory,
wp-hook,save_post,plugins/chroma-parent-portal/includes/class-meta-boxes.php,action,inventory,
wp-hook,admin_enqueue_scripts,plugins/chroma-parent-portal/includes/class-meta-boxes.php,action,inventory,
wp-hook,plugins_loaded,plugins/chroma-school-dashboard/chroma-school-dashboard.php,action,inventory,
wp-hook,init,plugins/chroma-school-dashboard/chroma-school-dashboard.php,action,inventory,
wp-hook,admin_menu,plugins/chroma-school-dashboard/inc/class-admin-settings.php,action,inventory,
wp-hook,admin_init,plugins/chroma-school-dashboard/inc/class-admin-settings.php,action,inventory,
rest-route,/tv/(?P<slug>[a-zA-Z0-9-]+),plugins/chroma-school-dashboard/inc/class-api-routes.php,'chroma/v1',inventory,
rest-route,/auth/google,plugins/chroma-school-dashboard/inc/class-api-routes.php,'chroma/v1',inventory,
rest-route,/portal/school/(?P<id>\d+),plugins/chroma-school-dashboard/inc/class-api-routes.php,'chroma/v1',inventory,
rest-route,/portal/me,plugins/chroma-school-dashboard/inc/class-api-routes.php,'chroma/v1',inventory,
rest-route,/weather,plugins/chroma-school-dashboard/inc/class-api-routes.php,'chroma/v1',inventory,
wp-hook,rest_api_init,plugins/chroma-school-dashboard/inc/class-api-routes.php,action,inventory,
wp-hook,rest_pre_serve_request,plugins/chroma-school-dashboard/inc/class-api-routes.php,filter,inventory,
wp-hook,user_has_cap,plugins/chroma-school-dashboard/inc/class-media-permissions.php,filter,inventory,
wp-hook,wp_ajax_nopriv_query-attachments,plugins/chroma-school-dashboard/inc/class-media-permissions.php,filter,inventory,
wp-hook,determine_current_user,plugins/chroma-school-dashboard/inc/class-media-permissions.php,filter,inventory,
wp-hook,init,plugins/chroma-school-dashboard/inc/class-portal-loader.php,action,inventory,
wp-hook,query_vars,plugins/chroma-school-dashboard/inc/class-portal-loader.php,filter,inventory,
wp-hook,template_include,plugins/chroma-school-dashboard/inc/class-portal-loader.php,filter,inventory,
wp-hook,wp_enqueue_scripts,plugins/chroma-school-dashboard/inc/class-portal-loader.php,action,inventory,
rewrite-rule,^portal/?$,plugins/chroma-school-dashboard/inc/class-portal-loader.php,,inventory,
rewrite-rule,^portal/(.+)?$,plugins/chroma-school-dashboard/inc/class-portal-loader.php,,inventory,
wp-hook,init,plugins/chroma-school-dashboard/inc/class-post-type.php,action,inventory,
wp-hook,add_meta_boxes,plugins/chroma-school-dashboard/inc/class-post-type.php,action,inventory,
wp-hook,save_post,plugins/chroma-school-dashboard/inc/class-post-type.php,action,inventory,
wp-hook,init,plugins/chroma-school-dashboard/inc/class-template-loader.php,action,inventory,
wp-hook,query_vars,plugins/chroma-school-dashboard/inc/class-template-loader.php,filter,inventory,
wp-hook,template_include,plugins/chroma-school-dashboard/inc/class-template-loader.php,filter,inventory,
wp-hook,wp_enqueue_scripts,plugins/chroma-school-dashboard/inc/class-template-loader.php,action,inventory,
wp-hook,wp_head,plugins/chroma-school-dashboard/inc/class-template-loader.php,action,inventory,
rewrite-rule,^tv/([^/]+)/?$,plugins/chroma-school-dashboard/inc/class-template-loader.php,,inventory,
wp-hook,plugins_loaded,plugins/chroma-seo-pro-reset/chroma-seo-reset.php,action,inventory,
wp-hook,admin_notices,plugins/chroma-seo-pro-reset/chroma-seo-reset.php,action,inventory,
wp-hook,plugins_loaded,plugins/chroma-seo-pro-reset/chroma-seo-reset.php,action,inventory,
wp-hook,admin_menu,plugins/chroma-seo-pro-reset/inc/admin/class-content-inspector.php,action,inventory,
wp-hook,wp_ajax_chroma_bulk_translate_all,plugins/chroma-seo-pro-reset/inc/admin/class-content-inspector.php,action,inventory,
ajax-action,chroma_bulk_translate_all,plugins/chroma-seo-pro-reset/inc/admin/class-content-inspector.php,ajax_bulk_translate_all,inventory,
wp-hook,admin_menu,plugins/chroma-seo-pro-reset/inc/admin/class-hreflang-auditor.php,action,inventory,
wp-hook,admin_menu,plugins/chroma-seo-pro-reset/inc/admin/class-llm-admin-settings.php,action,inventory,
wp-hook,admin_init,plugins/chroma-seo-pro-reset/inc/admin/class-llm-admin-settings.php,action,inventory,
wp-hook,admin_enqueue_scripts,plugins/chroma-seo-pro-reset/inc/admin/class-llm-admin-settings.php,action,inventory,
wp-hook,admin_enqueue_scripts,plugins/chroma-seo-pro-reset/inc/admin/class-schema-inspector.php,action,inventory,
wp-hook,wp_ajax_chroma_validate_page_schema,plugins/chroma-seo-pro-reset/inc/admin/class-schema-inspector.php,action,inventory,
wp-hook,wp_ajax_chroma_fix_schema_with_ai,plugins/chroma-seo-pro-reset/inc/admin/class-schema-inspector.php,action,inventory,
ajax-action,chroma_validate_page_schema,plugins/chroma-seo-pro-reset/inc/admin/class-schema-inspector.php,ajax_validate_schema,inventory,
ajax-action,chroma_fix_schema_with_ai,plugins/chroma-seo-pro-reset/inc/admin/class-schema-inspector.php,ajax_fix_schema,inventory,
wp-hook,admin_menu,plugins/chroma-seo-pro-reset/inc/admin/class-theme-translator.php,action,inventory,
wp-hook,wp_ajax_chroma_scan_theme_strings,plugins/chroma-seo-pro-reset/inc/admin/class-theme-translator.php,action,inventory,
wp-hook,wp_ajax_chroma_save_string_translations,plugins/chroma-seo-pro-reset/inc/admin/class-theme-translator.php,action,inventory,
wp-hook,wp_ajax_chroma_bulk_translate_strings,plugins/chroma-seo-pro-reset/inc/admin/class-theme-translator.php,action,inventory,
wp-hook,wp_ajax_chroma_export_po,plugins/chroma-seo-pro-reset/inc/admin/class-theme-translator.php,action,inventory,
wp-hook,wp_ajax_chroma_debug_meta,plugins/chroma-seo-pro-reset/inc/admin/class-theme-translator.php,action,inventory,
wp-hook,gettext,plugins/chroma-seo-pro-reset/inc/admin/class-theme-translator.php,filter,inventory,
ajax-action,chroma_scan_theme_strings,plugins/chroma-seo-pro-reset/inc/admin/class-theme-translator.php,ajax_scan_strings,inventory,
ajax-action,chroma_save_string_translations,plugins/chroma-seo-pro-reset/inc/admin/class-theme-translator.php,ajax_save_translations,inventory,
ajax-action,chroma_bulk_translate_strings,plugins/chroma-seo-pro-reset/inc/admin/class-theme-translator.php,ajax_bulk_translate_strings,inventory,
ajax-action,chroma_export_po,plugins/chroma-seo-pro-reset/inc/admin/class-theme-translator.php,ajax_export_po,inventory,
ajax-action,chroma_debug_meta,plugins/chroma-seo-pro-reset/inc/admin/class-theme-translator.php,ajax_debug_meta,inventory,
php-include,class-meta-box-base.php,plugins/chroma-seo-pro-reset/inc/bootstrap.php,plugins/chroma-seo-pro-reset/inc/class-meta-box-base.php,exists,
php-include,class-field-sanitizer.php,plugins/chroma-seo-pro-reset/inc/bootstrap.php,plugins/chroma-seo-pro-reset/inc/class-field-sanitizer.php,exists,
php-include,class-fallback-resolver.php,plugins/chroma-seo-pro-reset/inc/bootstrap.php,plugins/chroma-seo-pro-reset/inc/class-fallback-resolver.php,exists,
php-include,class-seo-dashboard.php,plugins/chroma-seo-pro-reset/inc/bootstrap.php,plugins/chroma-seo-pro-reset/inc/class-seo-dashboard.php,exists,
php-include,class-citation-datasets.php,plugins/chroma-seo-pro-reset/inc/bootstrap.php,plugins/chroma-seo-pro-reset/inc/class-citation-datasets.php,exists,
php-include,class-image-alt-automation.php,plugins/chroma-seo-pro-reset/inc/bootstrap.php,plugins/chroma-seo-pro-reset/inc/class-image-alt-automation.php,exists,
php-include,class-admin-help.php,plugins/chroma-seo-pro-reset/inc/bootstrap.php,plugins/chroma-seo-pro-reset/inc/class-admin-help.php,exists,
php-include,class-breadcrumbs.php,plugins/chroma-seo-pro-reset/inc/bootstrap.php,plugins/chroma-seo-pro-reset/inc/class-breadcrumbs.php,exists,
php-include,class-schema-types.php,plugins/chroma-seo-pro-reset/inc/bootstrap.php,plugins/chroma-seo-pro-reset/inc/class-schema-types.php,exists,
php-include,class-schema-validator.php,plugins/chroma-seo-pro-reset/inc/bootstrap.php,plugins/chroma-seo-pro-reset/inc/class-schema-validator.php,exists,
php-include,class-llm-client.php,plugins/chroma-seo-pro-reset/inc/bootstrap.php,plugins/chroma-seo-pro-reset/inc/class-llm-client.php,exists,
php-include,class-google-places-client.php,plugins/chroma-seo-pro-reset/inc/bootstrap.php,plugins/chroma-seo-pro-reset/inc/class-google-places-client.php,exists,
php-include,class-llm-bulk-processor.php,plugins/chroma-seo-pro-reset/inc/bootstrap.php,plugins/chroma-seo-pro-reset/inc/class-llm-bulk-processor.php,exists,
php-include,class-translation-engine.php,plugins/chroma-seo-pro-reset/inc/bootstrap.php,plugins/chroma-seo-pro-reset/inc/class-translation-engine.php,exists,
php-include,class-schema-quality.php,plugins/chroma-seo-pro-reset/inc/bootstrap.php,plugins/chroma-seo-pro-reset/inc/class-schema-quality.php,exists,
php-include,class-advanced-features.php,plugins/chroma-seo-pro-reset/inc/bootstrap.php,plugins/chroma-seo-pro-reset/inc/class-advanced-features.php,exists,
php-include,class-multilingual-manager.php,plugins/chroma-seo-pro-reset/inc/bootstrap.php,plugins/chroma-seo-pro-reset/inc/class-multilingual-manager.php,exists,
php-include,class-validation-cache.php,plugins/chroma-seo-pro-reset/inc/bootstrap.php,plugins/chroma-seo-pro-reset/inc/class-validation-cache.php,exists,
php-include,class-validation-logger.php,plugins/chroma-seo-pro-reset/inc/bootstrap.php,plugins/chroma-seo-pro-reset/inc/class-validation-logger.php,exists,
php-include,admin/class-llm-admin-settings.php,plugins/chroma-seo-pro-reset/inc/bootstrap.php,plugins/chroma-seo-pro-reset/inc/admin/class-llm-admin-settings.php,exists,
php-include,admin/class-schema-inspector.php,plugins/chroma-seo-pro-reset/inc/bootstrap.php,plugins/chroma-seo-pro-reset/inc/admin/class-schema-inspector.php,exists,
php-include,admin/class-theme-translator.php,plugins/chroma-seo-pro-reset/inc/bootstrap.php,plugins/chroma-seo-pro-reset/inc/admin/class-theme-translator.php,exists,
php-include,admin/class-content-inspector.php,plugins/chroma-seo-pro-reset/inc/bootstrap.php,plugins/chroma-seo-pro-reset/inc/admin/class-content-inspector.php,exists,
php-include,admin/class-hreflang-auditor.php,plugins/chroma-seo-pro-reset/inc/bootstrap.php,plugins/chroma-seo-pro-reset/inc/admin/class-hreflang-auditor.php,exists,
php-include,class-sitemap-integrator.php,plugins/chroma-seo-pro-reset/inc/bootstrap.php,plugins/chroma-seo-pro-reset/inc/class-sitemap-integrator.php,exists,
php-include,class-cli-commands.php,plugins/chroma-seo-pro-reset/inc/bootstrap.php,plugins/chroma-seo-pro-reset/inc/class-cli-commands.php,exists,
php-include,class-llms-txt.php,plugins/chroma-seo-pro-reset/inc/bootstrap.php,plugins/chroma-seo-pro-reset/inc/class-llms-txt.php,exists,
php-include,class-translation-api.php,plugins/chroma-seo-pro-reset/inc/bootstrap.php,plugins/chroma-seo-pro-reset/inc/class-translation-api.php,exists,
php-include,class-homepage-translation-admin.php,plugins/chroma-seo-pro-reset/inc/bootstrap.php,plugins/chroma-seo-pro-reset/inc/class-homepage-translation-admin.php,exists,
php-include,class-careers-api.php,plugins/chroma-seo-pro-reset/inc/bootstrap.php,plugins/chroma-seo-pro-reset/inc/class-careers-api.php,exists,
php-include,class-career-sync.php,plugins/chroma-seo-pro-reset/inc/bootstrap.php,plugins/chroma-seo-pro-reset/inc/class-career-sync.php,exists,
php-include,class-schema-registry.php,plugins/chroma-seo-pro-reset/inc/bootstrap.php,plugins/chroma-seo-pro-reset/inc/class-schema-registry.php,exists,
php-include,class-theme-schema-compat.php,plugins/chroma-seo-pro-reset/inc/bootstrap.php,plugins/chroma-seo-pro-reset/inc/class-theme-schema-compat.php,exists,
php-include,seo-automations/bootstrap.php,plugins/chroma-seo-pro-reset/inc/bootstrap.php,plugins/chroma-seo-pro-reset/inc/seo-automations/bootstrap.php,exists,
php-include,meta-boxes/class-schema-editor-metabox.php,plugins/chroma-seo-pro-reset/inc/bootstrap.php,plugins/chroma-seo-pro-reset/inc/meta-boxes/class-schema-editor-metabox.php,exists,
php-include,meta-boxes/,plugins/chroma-seo-pro-reset/inc/bootstrap.php,plugins/chroma-seo-pro-reset/inc/meta-boxes,exists,
php-include,meta-boxes/,plugins/chroma-seo-pro-reset/inc/bootstrap.php,plugins/chroma-seo-pro-reset/inc/meta-boxes,exists,
php-include,endpoints/kml-endpoint.php,plugins/chroma-seo-pro-reset/inc/bootstrap.php,plugins/chroma-seo-pro-reset/inc/endpoints/kml-endpoint.php,exists,
php-include,schema-builders/,plugins/chroma-seo-pro-reset/inc/bootstrap.php,plugins/chroma-seo-pro-reset/inc/schema-builders,exists,
wp-hook,wp_head,plugins/chroma-seo-pro-reset/inc/bootstrap.php,action,inventory,
wp-hook,wp_head,plugins/chroma-seo-pro-reset/inc/bootstrap.php,action,inventory,
wp-hook,wp_head,plugins/chroma-seo-pro-reset/inc/bootstrap.php,action,inventory,
wp-hook,wp_head,plugins/chroma-seo-pro-reset/inc/bootstrap.php,action,inventory,
wp-hook,wp_head,plugins/chroma-seo-pro-reset/inc/bootstrap.php,action,inventory,
wp-hook,wp_head,plugins/chroma-seo-pro-reset/inc/bootstrap.php,action,inventory,
wp-hook,wp_head,plugins/chroma-seo-pro-reset/inc/bootstrap.php,action,inventory,
wp-hook,wp_head,plugins/chroma-seo-pro-reset/inc/bootstrap.php,action,inventory,
wp-hook,wp_head,plugins/chroma-seo-pro-reset/inc/bootstrap.php,action,inventory,
wp-hook,wp_head,plugins/chroma-seo-pro-reset/inc/bootstrap.php,action,inventory,
wp-hook,wp_head,plugins/chroma-seo-pro-reset/inc/bootstrap.php,action,inventory,
wp-hook,wp_head,plugins/chroma-seo-pro-reset/inc/bootstrap.php,action,inventory,
wp-hook,wp_head,plugins/chroma-seo-pro-reset/inc/bootstrap.php,action,inventory,
wp-hook,init,plugins/chroma-seo-pro-reset/inc/bootstrap.php,action,inventory,
wp-hook,admin_enqueue_scripts,plugins/chroma-seo-pro-reset/inc/bootstrap.php,action,inventory,
wp-hook,admin_notices,plugins/chroma-seo-pro-reset/inc/bootstrap.php,action,inventory,
wp-hook,chroma_seo_dashboard_tabs,plugins/chroma-seo-pro-reset/inc/class-admin-help.php,action,inventory,
wp-hook,chroma_seo_dashboard_content,plugins/chroma-seo-pro-reset/inc/class-admin-help.php,action,inventory,
wp-hook,wp_ajax_chroma_analyze_image,plugins/chroma-seo-pro-reset/inc/class-advanced-features.php,action,inventory,
wp-hook,wp_ajax_chroma_compare_competitor,plugins/chroma-seo-pro-reset/inc/class-advanced-features.php,action,inventory,
wp-hook,chroma_breadcrumbs,plugins/chroma-seo-pro-reset/inc/class-breadcrumbs.php,action,inventory,
wp-hook,wp_head,plugins/chroma-seo-pro-reset/inc/class-breadcrumbs.php,action,inventory,
wp-hook,wp_ajax_chroma_save_breadcrumb_settings,plugins/chroma-seo-pro-reset/inc/class-breadcrumbs.php,action,inventory,
wp-hook,wp_ajax_chroma_preview_breadcrumbs,plugins/chroma-seo-pro-reset/inc/class-breadcrumbs.php,action,inventory,
wp-hook,wp_ajax_chroma_get_preview_posts,plugins/chroma-seo-pro-reset/inc/class-breadcrumbs.php,action,inventory,
ajax-action,chroma_save_breadcrumb_settings,plugins/chroma-seo-pro-reset/inc/class-breadcrumbs.php,ajax_save_settings,inventory,
ajax-action,chroma_preview_breadcrumbs,plugins/chroma-seo-pro-reset/inc/class-breadcrumbs.php,ajax_preview_breadcrumbs,inventory,
ajax-action,chroma_get_preview_posts,plugins/chroma-seo-pro-reset/inc/class-breadcrumbs.php,ajax_get_preview_posts,inventory,
wp-hook,cron_schedules,plugins/chroma-seo-pro-reset/inc/class-career-sync.php,filter,inventory,
wp-hook,chroma_career_sync_event,plugins/chroma-seo-pro-reset/inc/class-career-sync.php,action,inventory,
wp-hook,wp_ajax_chroma_sync_careers,plugins/chroma-seo-pro-reset/inc/class-career-sync.php,action,inventory,
ajax-action,chroma_sync_careers,plugins/chroma-seo-pro-reset/inc/class-career-sync.php,ajax_run_sync,inventory,
rest-route,/citation-facts,plugins/chroma-seo-pro-reset/inc/class-citation-datasets.php,'chroma/v1',inventory,
wp-hook,admin_menu,plugins/chroma-seo-pro-reset/inc/class-citation-datasets.php,action,inventory,
wp-hook,admin_init,plugins/chroma-seo-pro-reset/inc/class-citation-datasets.php,action,inventory,
wp-hook,rest_api_init,plugins/chroma-seo-pro-reset/inc/class-citation-datasets.php,action,inventory,
wp-hook,template_redirect,plugins/chroma-seo-pro-reset/inc/class-facts-generator.php,action,inventory,
wp-hook,wp_ajax_chroma_sync_gmb_data,plugins/chroma-seo-pro-reset/inc/class-google-places-client.php,action,inventory,
wp-hook,wp_ajax_chroma_get_place_id,plugins/chroma-seo-pro-reset/inc/class-google-places-client.php,action,inventory,
ajax-action,chroma_sync_gmb_data,plugins/chroma-seo-pro-reset/inc/class-google-places-client.php,ajax_sync_gmb_data,inventory,
ajax-action,chroma_get_place_id,plugins/chroma-seo-pro-reset/inc/class-google-places-client.php,ajax_get_place_id,inventory,
wp-hook,admin_menu,plugins/chroma-seo-pro-reset/inc/class-homepage-translation-admin.php,action,inventory,
wp-hook,admin_init,plugins/chroma-seo-pro-reset/inc/class-homepage-translation-admin.php,action,inventory,
wp-hook,wp_ajax_chroma_translate_homepage,plugins/chroma-seo-pro-reset/inc/class-homepage-translation-admin.php,action,inventory,
wp-hook,plugins_loaded,plugins/chroma-seo-pro-reset/inc/class-homepage-translation-admin.php,action,inventory,
ajax-action,chroma_translate_homepage,plugins/chroma-seo-pro-reset/inc/class-homepage-translation-admin.php,ajax_translate_homepage,inventory,
wp-hook,wp_get_attachment_image_attributes,plugins/chroma-seo-pro-reset/inc/class-image-alt-automation.php,filter,inventory,
wp-hook,wp_ajax_chroma_bulk_generate_start,plugins/chroma-seo-pro-reset/inc/class-llm-bulk-processor.php,action,inventory,
wp-hook,wp_ajax_chroma_bulk_generate_status,plugins/chroma-seo-pro-reset/inc/class-llm-bulk-processor.php,action,inventory,
wp-hook,wp_ajax_chroma_bulk_generate_cancel,plugins/chroma-seo-pro-reset/inc/class-llm-bulk-processor.php,action,inventory,
ajax-action,chroma_bulk_generate_start,plugins/chroma-seo-pro-reset/inc/class-llm-bulk-processor.php,ajax_start_bulk,inventory,
ajax-action,chroma_bulk_generate_status,plugins/chroma-seo-pro-reset/inc/class-llm-bulk-processor.php,ajax_get_status,inventory,
ajax-action,chroma_bulk_generate_cancel,plugins/chroma-seo-pro-reset/inc/class-llm-bulk-processor.php,ajax_cancel,inventory,
wp-hook,wp_ajax_chroma_save_llm_settings,plugins/chroma-seo-pro-reset/inc/class-llm-client.php,action,inventory,
wp-hook,wp_ajax_chroma_test_llm_connection,plugins/chroma-seo-pro-reset/inc/class-llm-client.php,action,inventory,
wp-hook,wp_ajax_chroma_generate_schema,plugins/chroma-seo-pro-reset/inc/class-llm-client.php,action,inventory,
wp-hook,wp_ajax_chroma_generate_llm_targeting,plugins/chroma-seo-pro-reset/inc/class-llm-client.php,action,inventory,
wp-hook,wp_ajax_chroma_generate_general_seo_meta,plugins/chroma-seo-pro-reset/inc/class-llm-client.php,action,inventory,
wp-hook,wp_ajax_chroma_translate_text,plugins/chroma-seo-pro-reset/inc/class-llm-client.php,action,inventory,
wp-hook,wp_ajax_chroma_fetch_available_models,plugins/chroma-seo-pro-reset/inc/class-llm-client.php,action,inventory,
ajax-action,chroma_save_llm_settings,plugins/chroma-seo-pro-reset/inc/class-llm-client.php,ajax_save_settings,inventory,
ajax-action,chroma_test_llm_connection,plugins/chroma-seo-pro-reset/inc/class-llm-client.php,ajax_test_connection,inventory,
ajax-action,chroma_generate_schema,plugins/chroma-seo-pro-reset/inc/class-llm-client.php,ajax_generate_schema,inventory,
ajax-action,chroma_generate_llm_targeting,plugins/chroma-seo-pro-reset/inc/class-llm-client.php,ajax_generate_llm_targeting,inventory,
ajax-action,chroma_generate_general_seo_meta,plugins/chroma-seo-pro-reset/inc/class-llm-client.php,ajax_generate_general_seo_meta,inventory,
ajax-action,chroma_translate_text,plugins/chroma-seo-pro-reset/inc/class-llm-client.php,ajax_translate_text,inventory,
ajax-action,chroma_fetch_available_models,plugins/chroma-seo-pro-reset/inc/class-llm-client.php,ajax_fetch_available_models,inventory,
wp-hook,add_meta_boxes,plugins/chroma-seo-pro-reset/inc/class-meta-box-base.php,action,inventory,
wp-hook,save_post,plugins/chroma-seo-pro-reset/inc/class-meta-box-base.php,action,inventory,
wp-hook,init,plugins/chroma-seo-pro-reset/inc/class-multilingual-manager.php,action,inventory,
wp-hook,query_vars,plugins/chroma-seo-pro-reset/inc/class-multilingual-manager.php,filter,inventory,
wp-hook,home_url,plugins/chroma-seo-pro-reset/inc/class-multilingual-manager.php,filter,inventory,
wp-hook,page_link,plugins/chroma-seo-pro-reset/inc/class-multilingual-manager.php,filter,inventory,
wp-hook,post_link,plugins/chroma-seo-pro-reset/inc/class-multilingual-manager.php,filter,inventory,
wp-hook,post_type_link,plugins/chroma-seo-pro-reset/inc/class-multilingual-manager.php,filter,inventory,
wp-hook,term_link,plugins/chroma-seo-pro-reset/inc/class-multilingual-manager.php,filter,inventory,
wp-hook,body_class,plugins/chroma-seo-pro-reset/inc/class-multilingual-manager.php,filter,inventory,
wp-hook,language_attributes,plugins/chroma-seo-pro-reset/inc/class-multilingual-manager.php,filter,inventory,
wp-hook,wp_head,plugins/chroma-seo-pro-reset/inc/class-multilingual-manager.php,action,inventory,
wp-hook,the_title,plugins/chroma-seo-pro-reset/inc/class-multilingual-manager.php,filter,inventory,
wp-hook,the_content,plugins/chroma-seo-pro-reset/inc/class-multilingual-manager.php,filter,inventory,
wp-hook,the_excerpt,plugins/chroma-seo-pro-reset/inc/class-multilingual-manager.php,filter,inventory,
wp-hook,pre_get_document_title,plugins/chroma-seo-pro-reset/inc/class-multilingual-manager.php,filter,inventory,
wp-hook,wp_head,plugins/chroma-seo-pro-reset/inc/class-multilingual-manager.php,action,inventory,
wp-hook,the_content,plugins/chroma-seo-pro-reset/inc/class-multilingual-manager.php,filter,inventory,
wp-hook,nav_menu_link_attributes,plugins/chroma-seo-pro-reset/inc/class-multilingual-manager.php,filter,inventory,
wp-hook,get_canonical_url,plugins/chroma-seo-pro-reset/inc/class-multilingual-manager.php,filter,inventory,
wp-hook,wp_head,plugins/chroma-seo-pro-reset/inc/class-multilingual-manager.php,action,inventory,
wp-hook,template_redirect,plugins/chroma-seo-pro-reset/inc/class-multilingual-manager.php,action,inventory,
wp-hook,gettext,plugins/chroma-seo-pro-reset/inc/class-multilingual-manager.php,filter,inventory,
rewrite-rule,^es/?$,plugins/chroma-seo-pro-reset/inc/class-multilingual-manager.php,,inventory,
rewrite-rule,^es/locations/?$,plugins/chroma-seo-pro-reset/inc/class-multilingual-manager.php,,inventory,
rewrite-rule,^es/programs/?$,plugins/chroma-seo-pro-reset/inc/class-multilingual-manager.php,,inventory,
rewrite-rule,^es/locations/(.+?)/?$,plugins/chroma-seo-pro-reset/inc/class-multilingual-manager.php,,inventory,
rewrite-rule,^es/programs/(.+?)/?$,plugins/chroma-seo-pro-reset/inc/class-multilingual-manager.php,,inventory,
rewrite-rule,^es/(.+?)/?$,plugins/chroma-seo-pro-reset/inc/class-multilingual-manager.php,,inventory,
wp-hook,wp_ajax_chroma_review_schema,plugins/chroma-seo-pro-reset/inc/class-schema-quality.php,action,inventory,
wp-hook,wp_ajax_chroma_get_review_queue,plugins/chroma-seo-pro-reset/inc/class-schema-quality.php,action,inventory,
ajax-action,chroma_review_schema,plugins/chroma-seo-pro-reset/inc/class-schema-quality.php,ajax_review,inventory,
ajax-action,chroma_get_review_queue,plugins/chroma-seo-pro-reset/inc/class-schema-quality.php,ajax_get_queue,inventory,
wp-hook,wp_head,plugins/chroma-seo-pro-reset/inc/class-schema-registry.php,action,inventory,
wp-hook,init,plugins/chroma-seo-pro-reset/inc/class-schema-registry.php,action,inventory,
wp-hook,wp_ajax_chroma_validate_schema,plugins/chroma-seo-pro-reset/inc/class-schema-validator.php,action,inventory,
wp-hook,wp_ajax_chroma_validate_post_schema,plugins/chroma-seo-pro-reset/inc/class-schema-validator.php,action,inventory,
wp-hook,chroma_schema_before_output,plugins/chroma-seo-pro-reset/inc/class-schema-validator.php,filter,inventory,
rest-route,/validate,plugins/chroma-seo-pro-reset/inc/class-seo-dashboard.php,'chroma/v1',inventory,
wp-hook,admin_menu,plugins/chroma-seo-pro-reset/inc/class-seo-dashboard.php,action,inventory,
wp-hook,admin_enqueue_scripts,plugins/chroma-seo-pro-reset/inc/class-seo-dashboard.php,action,inventory,
wp-hook,wp_ajax_chroma_fetch_schema_inspector,plugins/chroma-seo-pro-reset/inc/class-seo-dashboard.php,action,inventory,
wp-hook,wp_ajax_chroma_save_schema_inspector,plugins/chroma-seo-pro-reset/inc/class-seo-dashboard.php,action,inventory,
wp-hook,wp_ajax_chroma_scan_schema_batch,plugins/chroma-seo-pro-reset/inc/class-seo-dashboard.php,action,inventory,
wp-hook,wp_ajax_chroma_get_schema_fields,plugins/chroma-seo-pro-reset/inc/class-seo-dashboard.php,action,inventory,
wp-hook,wp_ajax_chroma_fetch_social_preview,plugins/chroma-seo-pro-reset/inc/class-seo-dashboard.php,action,inventory,
wp-hook,wp_ajax_chroma_fetch_llm_data,plugins/chroma-seo-pro-reset/inc/class-seo-dashboard.php,action,inventory,
wp-hook,wp_ajax_chroma_save_llm_targeting,plugins/chroma-seo-pro-reset/inc/class-seo-dashboard.php,action,inventory,
wp-hook,wp_ajax_chroma_reset_post_schema,plugins/chroma-seo-pro-reset/inc/class-seo-dashboard.php,action,inventory,
wp-hook,wp_ajax_chroma_apply_schema_fix,plugins/chroma-seo-pro-reset/inc/class-seo-dashboard.php,action,inventory,
wp-hook,wp_ajax_chroma_fetch_live_schema,plugins/chroma-seo-pro-reset/inc/class-seo-dashboard.php,action,inventory,
wp-hook,wp_ajax_chroma_sync_schema_to_builder,plugins/chroma-seo-pro-reset/inc/class-seo-dashboard.php,action,inventory,
wp-hook,wp_ajax_chroma_save_sitemap_urls,plugins/chroma-seo-pro-reset/inc/class-seo-dashboard.php,action,inventory,
wp-hook,wp_ajax_chroma_parse_sitemap_urls,plugins/chroma-seo-pro-reset/inc/class-seo-dashboard.php,action,inventory,
wp-hook,wp_ajax_chroma_validate_url,plugins/chroma-seo-pro-reset/inc/class-seo-dashboard.php,action,inventory,
wp-hook,wp_ajax_chroma_clear_validation_cache,plugins/chroma-seo-pro-reset/inc/class-seo-dashboard.php,action,inventory,
wp-hook,wp_ajax_chroma_save_validator_setting,plugins/chroma-seo-pro-reset/inc/class-seo-dashboard.php,action,inventory,
wp-hook,wp_ajax_chroma_run_link_analysis,plugins/chroma-seo-pro-reset/inc/class-seo-dashboard.php,action,inventory,
wp-hook,wp_ajax_chroma_schema_cleanup_scan,plugins/chroma-seo-pro-reset/inc/class-seo-dashboard.php,action,inventory,
wp-hook,wp_ajax_chroma_schema_cleanup_execute,plugins/chroma-seo-pro-reset/inc/class-seo-dashboard.php,action,inventory,
wp-hook,rest_api_init,plugins/chroma-seo-pro-reset/inc/class-seo-dashboard.php,action,inventory,
wp-hook,admin_init,plugins/chroma-seo-pro-reset/inc/class-seo-dashboard.php,action,inventory,
wp-hook,transition_post_status,plugins/chroma-seo-pro-reset/inc/class-seo-dashboard.php,action,inventory,
ajax-action,chroma_fetch_schema_inspector,plugins/chroma-seo-pro-reset/inc/class-seo-dashboard.php,ajax_fetch_inspector_data,inventory,
ajax-action,chroma_save_schema_inspector,plugins/chroma-seo-pro-reset/inc/class-seo-dashboard.php,ajax_save_inspector_data,inventory,
ajax-action,chroma_scan_schema_batch,plugins/chroma-seo-pro-reset/inc/class-seo-dashboard.php,ajax_scan_schema_batch,inventory,
ajax-action,chroma_get_schema_fields,plugins/chroma-seo-pro-reset/inc/class-seo-dashboard.php,ajax_get_schema_fields,inventory,
ajax-action,chroma_fetch_social_preview,plugins/chroma-seo-pro-reset/inc/class-seo-dashboard.php,ajax_fetch_social_preview,inventory,
ajax-action,chroma_fetch_llm_data,plugins/chroma-seo-pro-reset/inc/class-seo-dashboard.php,ajax_fetch_llm_data,inventory,
ajax-action,chroma_save_llm_targeting,plugins/chroma-seo-pro-reset/inc/class-seo-dashboard.php,ajax_save_llm_targeting,inventory,
ajax-action,chroma_reset_post_schema,plugins/chroma-seo-pro-reset/inc/class-seo-dashboard.php,ajax_reset_post_schema,inventory,
ajax-action,chroma_apply_schema_fix,plugins/chroma-seo-pro-reset/inc/class-seo-dashboard.php,ajax_apply_schema_fix,inventory,
ajax-action,chroma_fetch_live_schema,plugins/chroma-seo-pro-reset/inc/class-seo-dashboard.php,ajax_fetch_live_schema,inventory,
ajax-action,chroma_sync_schema_to_builder,plugins/chroma-seo-pro-reset/inc/class-seo-dashboard.php,ajax_sync_schema_to_builder,inventory,
ajax-action,chroma_save_sitemap_urls,plugins/chroma-seo-pro-reset/inc/class-seo-dashboard.php,ajax_save_sitemap_urls,inventory,
ajax-action,chroma_parse_sitemap_urls,plugins/chroma-seo-pro-reset/inc/class-seo-dashboard.php,ajax_parse_sitemap_urls,inventory,
ajax-action,chroma_validate_url,plugins/chroma-seo-pro-reset/inc/class-seo-dashboard.php,ajax_validate_url,inventory,
ajax-action,chroma_clear_validation_cache,plugins/chroma-seo-pro-reset/inc/class-seo-dashboard.php,ajax_clear_validation_cache,inventory,
ajax-action,chroma_save_validator_setting,plugins/chroma-seo-pro-reset/inc/class-seo-dashboard.php,ajax_save_validator_setting,inventory,
ajax-action,chroma_run_link_analysis,plugins/chroma-seo-pro-reset/inc/class-seo-dashboard.php,ajax_run_link_analysis,inventory,
ajax-action,chroma_schema_cleanup_scan,plugins/chroma-seo-pro-reset/inc/class-seo-dashboard.php,ajax_schema_cleanup_scan,inventory,
ajax-action,chroma_schema_cleanup_execute,plugins/chroma-seo-pro-reset/inc/class-seo-dashboard.php,ajax_schema_cleanup_execute,inventory,
wp-hook,template_redirect,plugins/chroma-seo-pro-reset/inc/class-sitemap-integrator.php,action,inventory,
wp-hook,template_redirect,plugins/chroma-seo-pro-reset/inc/class-sitemap-integrator.php,action,inventory,
wp-hook,wp_sitemaps_posts_query_args,plugins/chroma-seo-pro-reset/inc/class-sitemap-integrator.php,filter,inventory,
wp-hook,redirect_canonical,plugins/chroma-seo-pro-reset/inc/class-sitemap-integrator.php,filter,inventory,
wp-hook,wpseo_sitemap_index,plugins/chroma-seo-pro-reset/inc/class-sitemap-integrator.php,filter,inventory,
wp-hook,wp_head,plugins/chroma-seo-pro-reset/inc/class-theme-schema-compat.php,action,inventory,
wp-hook,wp_head,plugins/chroma-seo-pro-reset/inc/class-theme-schema-compat.php,action,inventory,
wp-hook,wp_head,plugins/chroma-seo-pro-reset/inc/class-theme-schema-compat.php,action,inventory,
wp-hook,wp_head,plugins/chroma-seo-pro-reset/inc/class-theme-schema-compat.php,action,inventory,
wp-hook,wp_head,plugins/chroma-seo-pro-reset/inc/class-theme-schema-compat.php,action,inventory,
wp-hook,wp_head,plugins/chroma-seo-pro-reset/inc/class-theme-schema-compat.php,action,inventory,
wp-hook,wp_head,plugins/chroma-seo-pro-reset/inc/class-theme-schema-compat.php,action,inventory,
wp-hook,wp_head,plugins/chroma-seo-pro-reset/inc/class-theme-schema-compat.php,action,inventory,
wp-hook,wp_head,plugins/chroma-seo-pro-reset/inc/class-theme-schema-compat.php,action,inventory,
rest-route,/translations/(?P<id>\d+),plugins/chroma-seo-pro-reset/inc/class-translation-api.php,'chroma/v1',inventory,
rest-route,/translations,plugins/chroma-seo-pro-reset/inc/class-translation-api.php,'chroma/v1',inventory,
rest-route,/translate,plugins/chroma-seo-pro-reset/inc/class-translation-api.php,'chroma/v1',inventory,
rest-route,/stats,plugins/chroma-seo-pro-reset/inc/class-translation-api.php,'chroma/v1',inventory,
wp-hook,rest_api_init,plugins/chroma-seo-pro-reset/inc/class-translation-api.php,action,inventory,
wp-hook,wp_ajax_chroma_auto_translate_post,plugins/chroma-seo-pro-reset/inc/class-translation-engine.php,action,inventory,
ajax-action,chroma_auto_translate_post,plugins/chroma-seo-pro-reset/inc/class-translation-engine.php,ajax_auto_translate_post,inventory,
wp-hook,init,plugins/chroma-seo-pro-reset/inc/endpoints/kml-endpoint.php,action,inventory,
wp-hook,template_redirect,plugins/chroma-seo-pro-reset/inc/endpoints/kml-endpoint.php,action,inventory,
rewrite-rule,^locations\.kml$,plugins/chroma-seo-pro-reset/inc/endpoints/kml-endpoint.php,,inventory,
wp-hook,add_meta_boxes,plugins/chroma-seo-pro-reset/inc/meta-boxes/class-location-advanced-schema.php,action,inventory,
wp-hook,save_post_location,plugins/chroma-seo-pro-reset/inc/meta-boxes/class-location-advanced-schema.php,action,inventory,
wp-hook,add_meta_boxes,plugins/chroma-seo-pro-reset/inc/meta-boxes/class-schema-editor-metabox.php,action,inventory,
wp-hook,save_post,plugins/chroma-seo-pro-reset/inc/meta-boxes/class-schema-editor-metabox.php,action,inventory,
wp-hook,admin_enqueue_scripts,plugins/chroma-seo-pro-reset/inc/meta-boxes/class-schema-editor-metabox.php,action,inventory,
wp-hook,wp_ajax_chroma_get_translation_history,plugins/chroma-seo-pro-reset/inc/meta-boxes/class-spanish-content.php,action,inventory,
wp-hook,wp_ajax_chroma_restore_translation,plugins/chroma-seo-pro-reset/inc/meta-boxes/class-spanish-content.php,action,inventory,
ajax-action,chroma_get_translation_history,plugins/chroma-seo-pro-reset/inc/meta-boxes/class-spanish-content.php,ajax_get_history,inventory,
ajax-action,chroma_restore_translation,plugins/chroma-seo-pro-reset/inc/meta-boxes/class-spanish-content.php,ajax_restore_translation,inventory,
php-include,class-related-locations.php,plugins/chroma-seo-pro-reset/inc/seo-automations/bootstrap.php,plugins/chroma-seo-pro-reset/inc/seo-automations/class-related-locations.php,exists,
php-include,class-related-programs.php,plugins/chroma-seo-pro-reset/inc/seo-automations/bootstrap.php,plugins/chroma-seo-pro-reset/inc/seo-automations/class-related-programs.php,exists,
php-include,class-keyword-linker.php,plugins/chroma-seo-pro-reset/inc/seo-automations/bootstrap.php,plugins/chroma-seo-pro-reset/inc/seo-automations/class-keyword-linker.php,exists,
php-include,class-footer-city-links.php,plugins/chroma-seo-pro-reset/inc/seo-automations/bootstrap.php,plugins/chroma-seo-pro-reset/inc/seo-automations/class-footer-city-links.php,exists,
php-include,class-combo-page-data.php,plugins/chroma-seo-pro-reset/inc/seo-automations/bootstrap.php,plugins/chroma-seo-pro-reset/inc/seo-automations/class-combo-page-data.php,exists,
php-include,class-virtual-page-seo-data.php,plugins/chroma-seo-pro-reset/inc/seo-automations/bootstrap.php,plugins/chroma-seo-pro-reset/inc/seo-automations/class-virtual-page-seo-data.php,exists,
php-include,class-combo-page-generator.php,plugins/chroma-seo-pro-reset/inc/seo-automations/bootstrap.php,plugins/chroma-seo-pro-reset/inc/seo-automations/class-combo-page-generator.php,exists,
php-include,class-combo-ai-generator.php,plugins/chroma-seo-pro-reset/inc/seo-automations/bootstrap.php,plugins/chroma-seo-pro-reset/inc/seo-automations/class-combo-ai-generator.php,exists,
php-include,class-combo-internal-links.php,plugins/chroma-seo-pro-reset/inc/seo-automations/bootstrap.php,plugins/chroma-seo-pro-reset/inc/seo-automations/class-combo-internal-links.php,exists,
php-include,class-near-me-pages.php,plugins/chroma-seo-pro-reset/inc/seo-automations/bootstrap.php,plugins/chroma-seo-pro-reset/inc/seo-automations/class-near-me-pages.php,exists,
php-include,class-dynamic-titles.php,plugins/chroma-seo-pro-reset/inc/seo-automations/bootstrap.php,plugins/chroma-seo-pro-reset/inc/seo-automations/class-dynamic-titles.php,exists,
php-include,class-canonical-enforcer.php,plugins/chroma-seo-pro-reset/inc/seo-automations/bootstrap.php,plugins/chroma-seo-pro-reset/inc/seo-automations/class-canonical-enforcer.php,exists,
php-include,class-url-consolidator.php,plugins/chroma-seo-pro-reset/inc/seo-automations/bootstrap.php,plugins/chroma-seo-pro-reset/inc/seo-automations/class-url-consolidator.php,exists,
php-include,class-author-tags.php,plugins/chroma-seo-pro-reset/inc/seo-automations/bootstrap.php,plugins/chroma-seo-pro-reset/inc/seo-automations/class-author-tags.php,exists,
php-include,class-speculation-rules.php,plugins/chroma-seo-pro-reset/inc/seo-automations/bootstrap.php,plugins/chroma-seo-pro-reset/inc/seo-automations/class-speculation-rules.php,exists,
php-include,class-indexnow.php,plugins/chroma-seo-pro-reset/inc/seo-automations/bootstrap.php,plugins/chroma-seo-pro-reset/inc/seo-automations/class-indexnow.php,exists,
php-include,class-link-equity-analyzer.php,plugins/chroma-seo-pro-reset/inc/seo-automations/bootstrap.php,plugins/chroma-seo-pro-reset/inc/seo-automations/class-link-equity-analyzer.php,exists,
php-include,class-geographic-seo.php,plugins/chroma-seo-pro-reset/inc/seo-automations/bootstrap.php,plugins/chroma-seo-pro-reset/inc/seo-automations/class-geographic-seo.php,exists,
php-include,class-credential-badges.php,plugins/chroma-seo-pro-reset/inc/seo-automations/bootstrap.php,plugins/chroma-seo-pro-reset/inc/seo-automations/class-credential-badges.php,exists,
php-include,class-entity-seo.php,plugins/chroma-seo-pro-reset/inc/seo-automations/bootstrap.php,plugins/chroma-seo-pro-reset/inc/seo-automations/class-entity-seo.php,exists,
php-include,class-accessibility-seo.php,plugins/chroma-seo-pro-reset/inc/seo-automations/bootstrap.php,plugins/chroma-seo-pro-reset/inc/seo-automations/class-accessibility-seo.php,exists,
php-include,class-schema-bulk-ops.php,plugins/chroma-seo-pro-reset/inc/seo-automations/bootstrap.php,plugins/chroma-seo-pro-reset/inc/seo-automations/class-schema-bulk-ops.php,exists,
wp-hook,after_setup_theme,plugins/chroma-seo-pro-reset/inc/seo-automations/bootstrap.php,action,inventory,
wp-hook,init,plugins/chroma-seo-pro-reset/inc/seo-automations/bootstrap.php,action,inventory,
wp-hook,wp_body_open,plugins/chroma-seo-pro-reset/inc/seo-automations/class-accessibility-seo.php,action,inventory,
wp-hook,wp_head,plugins/chroma-seo-pro-reset/inc/seo-automations/class-accessibility-seo.php,action,inventory,
wp-hook,the_content,plugins/chroma-seo-pro-reset/inc/seo-automations/class-accessibility-seo.php,filter,inventory,
wp-hook,post_thumbnail_html,plugins/chroma-seo-pro-reset/inc/seo-automations/class-accessibility-seo.php,filter,inventory,
wp-hook,admin_notices,plugins/chroma-seo-pro-reset/inc/seo-automations/class-accessibility-seo.php,action,inventory,
wp-hook,wp_head,plugins/chroma-seo-pro-reset/inc/seo-automations/class-author-tags.php,action,inventory,
wp-hook,the_content,plugins/chroma-seo-pro-reset/inc/seo-automations/class-author-tags.php,filter,inventory,
wp-hook,wp_head,plugins/chroma-seo-pro-reset/inc/seo-automations/class-canonical-enforcer.php,action,inventory,
wp-hook,wp_robots,plugins/chroma-seo-pro-reset/inc/seo-automations/class-canonical-enforcer.php,filter,inventory,
wp-hook,wpseo_robots,plugins/chroma-seo-pro-reset/inc/seo-automations/class-canonical-enforcer.php,filter,inventory,
wp-hook,template_redirect,plugins/chroma-seo-pro-reset/inc/seo-automations/class-canonical-enforcer.php,action,inventory,
wp-hook,wp_ajax_chroma_combo_ai_generate,plugins/chroma-seo-pro-reset/inc/seo-automations/class-combo-ai-generator.php,action,inventory,
wp-hook,wp_ajax_chroma_combo_ai_bulk_generate,plugins/chroma-seo-pro-reset/inc/seo-automations/class-combo-ai-generator.php,action,inventory,
wp-hook,wp_ajax_chroma_combo_bulk_status,plugins/chroma-seo-pro-reset/inc/seo-automations/class-combo-ai-generator.php,action,inventory,
wp-hook,wp_ajax_chroma_combo_save_data,plugins/chroma-seo-pro-reset/inc/seo-automations/class-combo-ai-generator.php,action,inventory,
wp-hook,wp_ajax_chroma_combo_get_data,plugins/chroma-seo-pro-reset/inc/seo-automations/class-combo-ai-generator.php,action,inventory,
wp-hook,wp_ajax_chroma_combo_ai_translate,plugins/chroma-seo-pro-reset/inc/seo-automations/class-combo-ai-generator.php,action,inventory,
wp-hook,wp_ajax_chroma_combo_ai_bulk_translate,plugins/chroma-seo-pro-reset/inc/seo-automations/class-combo-ai-generator.php,action,inventory,
ajax-action,chroma_combo_ai_generate,plugins/chroma-seo-pro-reset/inc/seo-automations/class-combo-ai-generator.php,ajax_generate_single,inventory,
ajax-action,chroma_combo_ai_bulk_generate,plugins/chroma-seo-pro-reset/inc/seo-automations/class-combo-ai-generator.php,ajax_bulk_generate,inventory,
ajax-action,chroma_combo_bulk_status,plugins/chroma-seo-pro-reset/inc/seo-automations/class-combo-ai-generator.php,ajax_bulk_status_update,inventory,
ajax-action,chroma_combo_save_data,plugins/chroma-seo-pro-reset/inc/seo-automations/class-combo-ai-generator.php,ajax_save_data,inventory,
ajax-action,chroma_combo_get_data,plugins/chroma-seo-pro-reset/inc/seo-automations/class-combo-ai-generator.php,ajax_get_data,inventory,
ajax-action,chroma_combo_ai_translate,plugins/chroma-seo-pro-reset/inc/seo-automations/class-combo-ai-generator.php,ajax_translate_single,inventory,
ajax-action,chroma_combo_ai_bulk_translate,plugins/chroma-seo-pro-reset/inc/seo-automations/class-combo-ai-generator.php,ajax_bulk_translate,inventory,
wp-hook,chroma_after_program_content,plugins/chroma-seo-pro-reset/inc/seo-automations/class-combo-internal-links.php,action,inventory,
wp-hook,chroma_after_city_content,plugins/chroma-seo-pro-reset/inc/seo-automations/class-combo-internal-links.php,action,inventory,
wp-hook,the_content,plugins/chroma-seo-pro-reset/inc/seo-automations/class-combo-internal-links.php,filter,inventory,
wp-hook,init,plugins/chroma-seo-pro-reset/inc/seo-automations/class-combo-page-generator.php,action,inventory,
wp-hook,query_vars,plugins/chroma-seo-pro-reset/inc/seo-automations/class-combo-page-generator.php,filter,inventory,
wp-hook,template_redirect,plugins/chroma-seo-pro-reset/inc/seo-automations/class-combo-page-generator.php,action,inventory,
wp-hook,admin_menu,plugins/chroma-seo-pro-reset/inc/seo-automations/class-combo-page-generator.php,action,inventory,
wp-hook,template_redirect,plugins/chroma-seo-pro-reset/inc/seo-automations/class-combo-page-generator.php,action,inventory,
wp-hook,wpseo_sitemap_index,plugins/chroma-seo-pro-reset/inc/seo-automations/class-combo-page-generator.php,filter,inventory,
wp-hook,chroma_sitemap_urls,plugins/chroma-seo-pro-reset/inc/seo-automations/class-combo-page-generator.php,filter,inventory,
wp-hook,body_class,plugins/chroma-seo-pro-reset/inc/seo-automations/class-combo-page-generator.php,filter,inventory,
wp-hook,wpseo_title,plugins/chroma-seo-pro-reset/inc/seo-automations/class-combo-page-generator.php,filter,inventory,
wp-hook,pre_get_document_title,plugins/chroma-seo-pro-reset/inc/seo-automations/class-combo-page-generator.php,filter,inventory,
wp-hook,wpseo_metadesc,plugins/chroma-seo-pro-reset/inc/seo-automations/class-combo-page-generator.php,filter,inventory,
wp-hook,wpseo_opengraph_desc,plugins/chroma-seo-pro-reset/inc/seo-automations/class-combo-page-generator.php,filter,inventory,
wp-hook,admin_init,plugins/chroma-seo-pro-reset/inc/seo-automations/class-combo-page-generator.php,action,inventory,
rewrite-rule,^([a-z0-9-]+)-in-([a-z-]+)-([a-z]{2})/?$,plugins/chroma-seo-pro-reset/inc/seo-automations/class-combo-page-generator.php,,inventory,
rewrite-rule,^sitemap-combos\.xml$,plugins/chroma-seo-pro-reset/inc/seo-automations/class-combo-page-generator.php,,inventory,
rewrite-rule,^sitemap-combos-es\.xml$,plugins/chroma-seo-pro-reset/inc/seo-automations/class-combo-page-generator.php,,inventory,
wp-hook,the_content,plugins/chroma-seo-pro-reset/inc/seo-automations/class-credential-badges.php,filter,inventory,
wp-hook,wp_head,plugins/chroma-seo-pro-reset/inc/seo-automations/class-credential-badges.php,action,inventory,
shortcode,credential_badges,plugins/chroma-seo-pro-reset/inc/seo-automations/class-credential-badges.php,,inventory,
wp-hook,document_title_parts,plugins/chroma-seo-pro-reset/inc/seo-automations/class-dynamic-titles.php,filter,inventory,
wp-hook,pre_get_document_title,plugins/chroma-seo-pro-reset/inc/seo-automations/class-dynamic-titles.php,filter,inventory,
wp-hook,admin_menu,plugins/chroma-seo-pro-reset/inc/seo-automations/class-dynamic-titles.php,action,inventory,
wp-hook,admin_init,plugins/chroma-seo-pro-reset/inc/seo-automations/class-dynamic-titles.php,action,inventory,
wp-hook,wp_head,plugins/chroma-seo-pro-reset/inc/seo-automations/class-entity-seo.php,action,inventory,
wp-hook,the_content,plugins/chroma-seo-pro-reset/inc/seo-automations/class-entity-seo.php,filter,inventory,
wp-hook,wp_footer,plugins/chroma-seo-pro-reset/inc/seo-automations/class-footer-city-links.php,action,inventory,
wp-hook,widgets_init,plugins/chroma-seo-pro-reset/inc/seo-automations/class-footer-city-links.php,action,inventory,
wp-hook,save_post_location,plugins/chroma-seo-pro-reset/inc/seo-automations/class-footer-city-links.php,action,inventory,
shortcode,city_links,plugins/chroma-seo-pro-reset/inc/seo-automations/class-footer-city-links.php,,inventory,
wp-hook,wp_head,plugins/chroma-seo-pro-reset/inc/seo-automations/class-geographic-seo.php,action,inventory,
wp-hook,init,plugins/chroma-seo-pro-reset/inc/seo-automations/class-geographic-seo.php,action,inventory,
wp-hook,query_vars,plugins/chroma-seo-pro-reset/inc/seo-automations/class-geographic-seo.php,filter,inventory,
wp-hook,template_redirect,plugins/chroma-seo-pro-reset/inc/seo-automations/class-geographic-seo.php,action,inventory,
wp-hook,admin_menu,plugins/chroma-seo-pro-reset/inc/seo-automations/class-geographic-seo.php,action,inventory,
wp-hook,body_class,plugins/chroma-seo-pro-reset/inc/seo-automations/class-geographic-seo.php,filter,inventory,
shortcode,nearest_location,plugins/chroma-seo-pro-reset/inc/seo-automations/class-geographic-seo.php,,inventory,
rewrite-rule,^childcare-in-([a-z-]+)-county/?$,plugins/chroma-seo-pro-reset/inc/seo-automations/class-geographic-seo.php,,inventory,
rewrite-rule,^daycare-(\d{5})/?$,plugins/chroma-seo-pro-reset/inc/seo-automations/class-geographic-seo.php,,inventory,
wp-hook,transition_post_status,plugins/chroma-seo-pro-reset/inc/seo-automations/class-indexnow.php,action,inventory,
wp-hook,admin_init,plugins/chroma-seo-pro-reset/inc/seo-automations/class-indexnow.php,action,inventory,
wp-hook,the_content,plugins/chroma-seo-pro-reset/inc/seo-automations/class-keyword-linker.php,filter,inventory,
wp-hook,admin_menu,plugins/chroma-seo-pro-reset/inc/seo-automations/class-keyword-linker.php,action,inventory,
wp-hook,admin_init,plugins/chroma-seo-pro-reset/inc/seo-automations/class-keyword-linker.php,action,inventory,
wp-hook,admin_menu,plugins/chroma-seo-pro-reset/inc/seo-automations/class-link-equity-analyzer.php,action,inventory,
wp-hook,wp_ajax_chroma_link_equity_ai_preview,plugins/chroma-seo-pro-reset/inc/seo-automations/class-link-equity-analyzer.php,action,inventory,
wp-hook,wp_ajax_chroma_link_equity_ai_apply,plugins/chroma-seo-pro-reset/inc/seo-automations/class-link-equity-analyzer.php,action,inventory,
wp-hook,init,plugins/chroma-seo-pro-reset/inc/seo-automations/class-near-me-pages.php,action,inventory,
wp-hook,query_vars,plugins/chroma-seo-pro-reset/inc/seo-automations/class-near-me-pages.php,filter,inventory,
wp-hook,template_redirect,plugins/chroma-seo-pro-reset/inc/seo-automations/class-near-me-pages.php,action,inventory,
wp-hook,wp_enqueue_scripts,plugins/chroma-seo-pro-reset/inc/seo-automations/class-near-me-pages.php,action,inventory,
wp-hook,chroma_sitemap_urls,plugins/chroma-seo-pro-reset/inc/seo-automations/class-near-me-pages.php,filter,inventory,
wp-hook,body_class,plugins/chroma-seo-pro-reset/inc/seo-automations/class-near-me-pages.php,filter,inventory,
wp-hook,pre_get_document_title,plugins/chroma-seo-pro-reset/inc/seo-automations/class-near-me-pages.php,filter,inventory,
wp-hook,wpseo_title,plugins/chroma-seo-pro-reset/inc/seo-automations/class-near-me-pages.php,filter,inventory,
wp-hook,wpseo_metadesc,plugins/chroma-seo-pro-reset/inc/seo-automations/class-near-me-pages.php,filter,inventory,
wp-hook,wpseo_opengraph_desc,plugins/chroma-seo-pro-reset/inc/seo-automations/class-near-me-pages.php,filter,inventory,
rewrite-rule,^,plugins/chroma-seo-pro-reset/inc/seo-automations/class-near-me-pages.php,,inventory,
rewrite-rule,^,plugins/chroma-seo-pro-reset/inc/seo-automations/class-near-me-pages.php,,inventory,
wp-hook,the_content,plugins/chroma-seo-pro-reset/inc/seo-automations/class-related-locations.php,filter,inventory,
wp-hook,wp_enqueue_scripts,plugins/chroma-seo-pro-reset/inc/seo-automations/class-related-locations.php,action,inventory,
shortcode,related_locations,plugins/chroma-seo-pro-reset/inc/seo-automations/class-related-locations.php,,inventory,
wp-hook,the_content,plugins/chroma-seo-pro-reset/inc/seo-automations/class-related-programs.php,filter,inventory,
wp-hook,wp_ajax_chroma_bulk_reset_schema,plugins/chroma-seo-pro-reset/inc/seo-automations/class-schema-bulk-ops.php,action,inventory,
wp-hook,wp_ajax_chroma_bulk_reset_faq,plugins/chroma-seo-pro-reset/inc/seo-automations/class-schema-bulk-ops.php,action,inventory,
ajax-action,chroma_bulk_reset_schema,plugins/chroma-seo-pro-reset/inc/seo-automations/class-schema-bulk-ops.php,ajax_reset_schema,inventory,
ajax-action,chroma_bulk_reset_faq,plugins/chroma-seo-pro-reset/inc/seo-automations/class-schema-bulk-ops.php,ajax_reset_faq,inventory,
wp-hook,wp_head,plugins/chroma-seo-pro-reset/inc/seo-automations/class-speculation-rules.php,action,inventory,
wp-hook,template_redirect,plugins/chroma-seo-pro-reset/inc/seo-automations/class-url-consolidator.php,action,inventory,
wp-hook,wpseo_title,plugins/chroma-seo-pro-reset/inc/seo-automations/class-virtual-page-seo-data.php,filter,inventory,
wp-hook,pre_get_document_title,plugins/chroma-seo-pro-reset/inc/seo-automations/class-virtual-page-seo-data.php,filter,inventory,
wp-hook,wpseo_metadesc,plugins/chroma-seo-pro-reset/inc/seo-automations/class-virtual-page-seo-data.php,filter,inventory,
wp-hook,wpseo_opengraph_desc,plugins/chroma-seo-pro-reset/inc/seo-automations/class-virtual-page-seo-data.php,filter,inventory,
wp-hook,wpseo_robots,plugins/chroma-seo-pro-reset/inc/seo-automations/class-virtual-page-seo-data.php,filter,inventory,
rest-route,/citation-facts,plugins/chroma-seo-pro/inc/class-citation-datasets.php,'chroma/v1',inventory,
wp-hook,admin_menu,plugins/chroma-seo-pro/inc/class-citation-datasets.php,action,inventory,
wp-hook,admin_init,plugins/chroma-seo-pro/inc/class-citation-datasets.php,action,inventory,
wp-hook,rest_api_init,plugins/chroma-seo-pro/inc/class-citation-datasets.php,action,inventory,
php-include,wp-load.php,purge_caches.php,wp-load.php,missing,
php-include,wp-load.php,test_sitemap_fetch2.php,wp-load.php,missing,
animation-interaction,keyframes,AUDIT-2-ABOUT-PAGE.md,1,inventory,
animation-interaction,keyframes,chroma-excellence-theme/assets/css/font-awesome.css,7,inventory,
animation-interaction,css-animation,chroma-excellence-theme/assets/css/font-awesome.css,16,inventory,
animation-interaction,keyframes,chroma-excellence-theme/assets/css/input.css,1,inventory,
animation-interaction,css-animation,chroma-excellence-theme/assets/css/input.css,3,inventory,
animation-interaction,keyframes,chroma-excellence-theme/assets/css/main.css,4,inventory,
animation-interaction,css-animation,chroma-excellence-theme/assets/css/main.css,6,inventory,
animation-interaction,keyframes,chroma-excellence-theme/assets/css/page-effects.css,1,inventory,
animation-interaction,css-animation,chroma-excellence-theme/assets/css/page-effects.css,2,inventory,
animation-interaction,intersection-observer,chroma-excellence-theme/assets/js/main.6c57b1ceef20.js,3,inventory,
animation-interaction,intersection-observer,chroma-excellence-theme/assets/js/main.js,3,inventory,
animation-interaction,intersection-observer,chroma-excellence-theme/assets/js/map-facade.fba2ea596ead.js,1,inventory,
animation-interaction,intersection-observer,chroma-excellence-theme/assets/js/map-facade.js,1,inventory,
animation-interaction,keyframes,chroma-excellence-theme/inc/chroma-booking-modal.php,1,inventory,
animation-interaction,css-animation,chroma-excellence-theme/inc/chroma-booking-modal.php,1,inventory,
animation-interaction,keyframes,chroma-excellence-theme/inc/chroma-pdf-viewer.php,1,inventory,
animation-interaction,css-animation,chroma-excellence-theme/inc/chroma-pdf-viewer.php,1,inventory,
animation-interaction,keyframes,chroma-excellence-theme/inc/class-amp-blog.php,1,inventory,
animation-interaction,css-animation,chroma-excellence-theme/inc/class-amp-blog.php,8,inventory,
animation-interaction,keyframes,chroma-excellence-theme/inc/critical-css.php,2,inventory,
animation-interaction,css-animation,chroma-excellence-theme/inc/critical-css.php,2,inventory,
animation-interaction,intersection-observer,chroma-excellence-theme/inc/enqueue.php,1,inventory,
animation-interaction,keyframes,chroma-excellence-theme/page-about.php,1,inventory,
animation-interaction,css-animation,chroma-excellence-theme/page-about.php,1,inventory,
animation-interaction,keyframes,chroma-excellence-theme/purged-analysis.css,5,inventory,
animation-interaction,css-animation,chroma-excellence-theme/purged-analysis.css,4,inventory,
animation-interaction,keyframes,chroma-excellence-theme/single-program.php,1,inventory,
animation-interaction,css-animation,chroma-excellence-theme/single-program.php,1,inventory,
animation-interaction,intersection-observer,chroma-excellence-theme/single-program.php,1,inventory,
animation-interaction,intersection-observer,chroma-excellence-theme/template-program-kindergarten.php,2,inventory,
animation-interaction,intersection-observer,chroma-excellence-theme/template-program-rising-kindergarten.php,2,inventory,
animation-interaction,intersection-observer,chroma-excellence-theme/template-program-rising-prek.php,2,inventory,
animation-interaction,keyframes,html-samples/about.html,1,inventory,
animation-interaction,css-animation,html-samples/about.html,1,inventory,
animation-interaction,keyframes,html-samples/homepage.html,2,inventory,
animation-interaction,css-animation,html-samples/homepage.html,2,inventory,
animation-interaction,keyframes,html-samples/locations-archive.html,1,inventory,
animation-interaction,css-animation,html-samples/locations-archive.html,1,inventory,
animation-interaction,keyframes,html-samples/locations-single.html,1,inventory,
animation-interaction,css-animation,html-samples/locations-single.html,1,inventory,
animation-interaction,keyframes,html-samples/programs-archive.html,1,inventory,
animation-interaction,css-animation,html-samples/programs-archive.html,1,inventory,
animation-interaction,keyframes,html-samples/programs-single.html,1,inventory,
animation-interaction,css-animation,html-samples/programs-single.html,1,inventory,
animation-interaction,keyframes,landing-page-hybrid (3).html,2,inventory,
animation-interaction,css-animation,landing-page-hybrid (3).html,2,inventory,
animation-interaction,keyframes,plugins/QA-Report-App/chroma-qa-reports/admin/css/mobile-styles.css,4,inventory,
animation-interaction,css-animation,plugins/QA-Report-App/chroma-qa-reports/admin/css/mobile-styles.css,5,inventory,
animation-interaction,keyframes,plugins/QA-Report-App/chroma-qa-reports/admin/js/item-photo-uploader.js,1,inventory,
animation-interaction,css-animation,plugins/QA-Report-App/chroma-qa-reports/admin/js/item-photo-uploader.js,2,inventory,
animation-interaction,framer-motion,plugins/chroma-parent-portal/build-env/package-lock.json,4,inventory,
animation-interaction,framer-motion,plugins/chroma-parent-portal/build-env/package.json,1,inventory,
animation-interaction,keyframes,plugins/chroma-parent-portal/build-env/src/components/MainLayout.jsx,1,inventory,
animation-interaction,css-animation,plugins/chroma-parent-portal/build-env/src/components/MainLayout.jsx,1,inventory,
animation-interaction,framer-motion,plugins/chroma-parent-portal/build-env/src/components/auth/LoginScreen.jsx,1,inventory,
animation-interaction,framer-motion,plugins/chroma-parent-portal/build-env/src/components/common/OrganizationGroup.jsx,1,inventory,
animation-interaction,framer-motion,plugins/chroma-parent-portal/build-env/src/components/dashboard/Dashboard.jsx,1,inventory,
animation-interaction,framer-motion,plugins/chroma-parent-portal/build-env/src/components/dashboard/DashboardGrid.jsx,1,inventory,
animation-interaction,css-animation,plugins/chroma-parent-portal/build-env/src/components/dashboard/FeedbackSection.jsx,1,inventory,
animation-interaction,framer-motion,plugins/chroma-parent-portal/build-env/src/components/dashboard/LessonPlanSection.jsx,1,inventory,
animation-interaction,framer-motion,plugins/chroma-parent-portal/build-env/src/components/dashboard/Sidebar.jsx,1,inventory,
animation-interaction,framer-motion,plugins/chroma-parent-portal/build-env/src/index.js,1,inventory,
animation-interaction,keyframes,plugins/chroma-school-dashboard/assets/dist/portal.css,3,inventory,
animation-interaction,css-animation,plugins/chroma-school-dashboard/assets/dist/portal.css,5,inventory,
animation-interaction,intersection-observer,plugins/chroma-school-dashboard/assets/dist/portal.js,2,inventory,
animation-interaction,keyframes,plugins/chroma-school-dashboard/assets/src/portal.css,1,inventory,
animation-interaction,css-animation,plugins/chroma-school-dashboard/assets/src/portal.css,2,inventory,
animation-interaction,intersection-observer,plugins/chroma-school-dashboard/assets/src/portal.jsx,2,inventory,
animation-interaction,keyframes,plugins/chroma-school-dashboard/templates/tv-dashboard.php,3,inventory,
animation-interaction,css-animation,plugins/chroma-school-dashboard/templates/tv-dashboard.php,3,inventory,
animation-interaction,keyframes,plugins/chroma-seo-pro-reset/inc/admin/class-schema-inspector.php,1,inventory,
animation-interaction,css-animation,plugins/chroma-seo-pro-reset/inc/admin/class-schema-inspector.php,1,inventory,
animation-interaction,keyframes,plugins/chroma-seo-pro-reset/inc/class-seo-dashboard.php,3,inventory,
animation-interaction,css-animation,plugins/chroma-seo-pro-reset/inc/class-seo-dashboard.php,4,inventory,
animation-interaction,keyframes,preview-amp-blog.html,1,inventory,
animation-interaction,css-animation,preview-amp-blog.html,8,inventory,
animation-interaction,keyframes,programs.html,1,inventory,
animation-interaction,css-animation,programs.html,1,inventory,
