kind,name,path,line,scope,status,notes
wp_action,pre_get_posts,chroma-excellence-theme\functions.php,100,hook,registered,
wp_action,save_post,chroma-excellence-theme\functions.php,197,hook,registered,
wp_action,delete_post,chroma-excellence-theme\functions.php,198,hook,registered,
wp_action,trash_post,chroma-excellence-theme\functions.php,199,hook,registered,
wp_action,init,chroma-excellence-theme\functions.php,362,hook,registered,
wp_action,wp_enqueue_scripts,chroma-excellence-theme\functions.php,390,hook,registered,
wp_action,wp_enqueue_scripts,chroma-excellence-theme\functions.php,396,hook,registered,
wp_action,send_headers,chroma-excellence-theme\functions.php,439,hook,registered,
wp_action,wp_head,chroma-excellence-theme\functions.php,553,hook,registered,
wp_action,wp_enqueue_scripts,chroma-excellence-theme\functions.php,589,hook,registered,
wp_action,template_redirect,chroma-excellence-theme\functions.php,784,hook,registered,
wp_action,template_redirect,chroma-excellence-theme\functions.php,965,hook,registered,
wp_action,wp_footer,chroma-excellence-theme\functions.php,1027,hook,registered,
wp_action,init,chroma-excellence-theme\functions.php,1054,hook,registered,
wp_filter,heartbeat_settings,chroma-excellence-theme\functions.php,348,hook,registered,
wp_filter,should_load_separate_core_block_assets,chroma-excellence-theme\functions.php,393,hook,registered,
wp_filter,litespeed_media_lazy_img_excludes,chroma-excellence-theme\functions.php,409,hook,registered,
wp_filter,wp_img_tag_add_loading_attr,chroma-excellence-theme\functions.php,416,hook,registered,
wp_filter,wp_get_attachment_headers,chroma-excellence-theme\functions.php,452,hook,registered,
wp_filter,wp_img_tag_add_width_and_height_attr,chroma-excellence-theme\functions.php,460,hook,registered,
wp_filter,elementor/image/print_dimensions,chroma-excellence-theme\functions.php,463,hook,registered,
wp_filter,post_thumbnail_html,chroma-excellence-theme\functions.php,476,hook,registered,
wp_filter,get_image_tag,chroma-excellence-theme\functions.php,489,hook,registered,
wp_filter,upload_mimes,chroma-excellence-theme\functions.php,521,hook,registered,
wp_filter,litespeed_img_lazy_exclude,chroma-excellence-theme\functions.php,562,hook,registered,
wp_filter,user_trailingslashit,chroma-excellence-theme\functions.php,612,hook,registered,
wp_filter,request,chroma-excellence-theme\functions.php,709,hook,registered,
wp_filter,wp_sitemaps_enabled,chroma-excellence-theme\functions.php,714,hook,registered,
wp_filter,redirect_canonical,chroma-excellence-theme\functions.php,867,hook,registered,
wp_filter,pre_option_chroma_seo_redirect_canonical,chroma-excellence-theme\functions.php,992,hook,registered,
wp_filter,document_title_parts,chroma-excellence-theme\functions.php,1002,hook,registered,
wp_filter,document_title_separator,chroma-excellence-theme\functions.php,1011,hook,registered,
wp_filter,wp_speculation_rules_configuration,chroma-excellence-theme\functions.php,1020,hook,registered,
wp_filter,pl_speculation_rules_configuration,chroma-excellence-theme\functions.php,1021,hook,registered,
shortcode,chroma_contact_form,chroma-excellence-theme\functions.php,1052,shortcode,registered,
wp_action,add_meta_boxes,chroma-excellence-theme\inc\about-page-meta.php,114,hook,registered,
wp_action,save_post,chroma-excellence-theme\inc\about-page-meta.php,1085,hook,registered,
wp_action,save_post,chroma-excellence-theme\inc\about-page-meta.php,1184,hook,registered,
wp_action,init,chroma-excellence-theme\inc\about-seo.php,116,hook,registered,
wp_action,add_meta_boxes,chroma-excellence-theme\inc\about-seo.php,136,hook,registered,
wp_action,save_post_page,chroma-excellence-theme\inc\about-seo.php,217,hook,registered,
wp_action,wp_head,chroma-excellence-theme\inc\about-seo.php,237,hook,registered,
wp_filter,pre_get_document_title,chroma-excellence-theme\inc\about-seo.php,254,hook,registered,
wp_filter,wpseo_title,chroma-excellence-theme\inc\about-seo.php,255,hook,registered,
wp_filter,wpseo_metadesc,chroma-excellence-theme\inc\about-seo.php,272,hook,registered,
wp_action,customize_save_after,chroma-excellence-theme\inc\acf-homepage.php,287,hook,registered,
wp_action,save_post_page,chroma-excellence-theme\inc\acf-homepage.php,302,hook,registered,
wp_action,admin_menu,chroma-excellence-theme\inc\admin\class-menu-sync.php,20,hook,registered,
wp_action,admin_init,chroma-excellence-theme\inc\admin\class-menu-sync.php,21,hook,registered,
wp_action,admin_notices,chroma-excellence-theme\inc\admin\class-menu-sync.php,167,hook,registered,
wp_action,wp,chroma-excellence-theme\inc\archive-root-query-context.php,104,hook,registered,
wp_action,add_meta_boxes,chroma-excellence-theme\inc\careers-page-meta.php,54,hook,registered,
wp_action,save_post,chroma-excellence-theme\inc\careers-page-meta.php,382,hook,registered,
wp_action,save_post,chroma-excellence-theme\inc\careers-page-meta.php,459,hook,registered,
wp_action,wp_footer,chroma-excellence-theme\inc\chroma-booking-modal.php,112,hook,registered,
wp_action,wp_enqueue_scripts,chroma-excellence-theme\inc\chroma-pdf-viewer.php,74,hook,registered,
wp_action,wp_footer,chroma-excellence-theme\inc\chroma-pdf-viewer.php,75,hook,registered,
shortcode,chroma_pdf,chroma-excellence-theme\inc\chroma-pdf-viewer.php,71,shortcode,registered,
enqueue,chroma-pdf-viewer,chroma-excellence-theme\inc\chroma-pdf-viewer.php,106,asset,registered,
wp_action,add_meta_boxes,chroma-excellence-theme\inc\city-slug-logic.php,47,hook,registered,
wp_action,init,chroma-excellence-theme\inc\class-amp-blog.php,36,hook,registered,
wp_action,init,chroma-excellence-theme\inc\class-amp-blog.php,37,hook,registered,
wp_action,template_redirect,chroma-excellence-theme\inc\class-amp-blog.php,39,hook,registered,
wp_action,wp_head,chroma-excellence-theme\inc\class-amp-blog.php,40,hook,registered,
wp_filter,redirect_canonical,chroma-excellence-theme\inc\class-amp-blog.php,38,hook,registered,
wp_filter,the_content,chroma-excellence-theme\inc\class-amp-blog.php,41,hook,registered,
wp_action,wp_head,chroma-excellence-theme\inc\class-branding-engine.php,27,hook,registered,
wp_action,save_post_location,chroma-excellence-theme\inc\class-data-service.php,175,hook,registered,
wp_action,save_post_program,chroma-excellence-theme\inc\class-data-service.php,178,hook,registered,
wp_action,edited_location_region,chroma-excellence-theme\inc\class-data-service.php,181,hook,registered,
wp_action,created_location_region,chroma-excellence-theme\inc\class-data-service.php,184,hook,registered,
wp_action,delete_location_region,chroma-excellence-theme\inc\class-data-service.php,187,hook,registered,
wp_action,save_post_chroma_school,chroma-excellence-theme\inc\class-data-service.php,190,hook,registered,
wp_action,add_meta_boxes,chroma-excellence-theme\inc\class-program-enhancements.php,18,hook,registered,
wp_action,save_post_program,chroma-excellence-theme\inc\class-program-enhancements.php,19,hook,registered,
wp_action,wp_head,chroma-excellence-theme\inc\class-program-enhancements.php,21,hook,registered,
wp_action,template_redirect,chroma-excellence-theme\inc\cleanup.php,45,hook,registered,
wp_action,template_redirect,chroma-excellence-theme\inc\cleanup.php,60,hook,registered,
wp_action,template_redirect,chroma-excellence-theme\inc\cleanup.php,161,hook,registered,
wp_action,do_feed,chroma-excellence-theme\inc\cleanup.php,204,hook,registered,
wp_action,do_feed_rdf,chroma-excellence-theme\inc\cleanup.php,205,hook,registered,
wp_action,do_feed_rss,chroma-excellence-theme\inc\cleanup.php,206,hook,registered,
wp_action,do_feed_rss2,chroma-excellence-theme\inc\cleanup.php,207,hook,registered,
wp_action,do_feed_atom,chroma-excellence-theme\inc\cleanup.php,208,hook,registered,
wp_action,do_feed_rss2_comments,chroma-excellence-theme\inc\cleanup.php,209,hook,registered,
wp_action,do_feed_atom_comments,chroma-excellence-theme\inc\cleanup.php,210,hook,registered,
wp_action,init,chroma-excellence-theme\inc\cleanup.php,227,hook,registered,
wp_action,template_redirect,chroma-excellence-theme\inc\cleanup.php,278,hook,registered,
wp_action,send_headers,chroma-excellence-theme\inc\cleanup.php,331,hook,registered,
wp_filter,comments_open,chroma-excellence-theme\inc\cleanup.php,25,hook,registered,
wp_filter,xmlrpc_enabled,chroma-excellence-theme\inc\cleanup.php,166,hook,registered,
wp_filter,tiny_mce_plugins,chroma-excellence-theme\inc\cleanup.php,224,hook,registered,
wp_filter,wp_resource_hints,chroma-excellence-theme\inc\cleanup.php,225,hook,registered,
wp_filter,wp_robots,chroma-excellence-theme\inc\cleanup.php,302,hook,registered,
wp_filter,wpseo_robots,chroma-excellence-theme\inc\cleanup.php,318,hook,registered,
wp_filter,chroma_sitemap_post_types,chroma-excellence-theme\inc\cleanup.php,343,hook,registered,
wp_filter,robots_txt,chroma-excellence-theme\inc\cleanup.php,400,hook,registered,
wp_action,add_meta_boxes,chroma-excellence-theme\inc\contact-page-meta.php,63,hook,registered,
wp_action,save_post,chroma-excellence-theme\inc\contact-page-meta.php,326,hook,registered,
wp_action,save_post,chroma-excellence-theme\inc\contact-page-meta.php,375,hook,registered,
wp_action,init,chroma-excellence-theme\inc\cpt-careers.php,64,hook,registered,
wp_action,add_meta_boxes,chroma-excellence-theme\inc\cpt-careers.php,77,hook,registered,
wp_action,save_post_career,chroma-excellence-theme\inc\cpt-careers.php,152,hook,registered,
cpt,career,chroma-excellence-theme\inc\cpt-careers.php,62,post_type,registered,
wp_action,init,chroma-excellence-theme\inc\cpt-cities.php,68,hook,registered,
cpt,city,chroma-excellence-theme\inc\cpt-cities.php,66,post_type,registered,
wp_action,init,chroma-excellence-theme\inc\cpt-locations.php,46,hook,registered,
wp_action,init,chroma-excellence-theme\inc\cpt-locations.php,90,hook,registered,
wp_action,init,chroma-excellence-theme\inc\cpt-locations.php,120,hook,registered,
wp_action,manage_location_posts_custom_column,chroma-excellence-theme\inc\cpt-locations.php,166,hook,registered,
wp_action,location_region_add_form_fields,chroma-excellence-theme\inc\cpt-locations.php,224,hook,registered,
wp_action,location_region_edit_form_fields,chroma-excellence-theme\inc\cpt-locations.php,269,hook,registered,
wp_action,created_location_region,chroma-excellence-theme\inc\cpt-locations.php,286,hook,registered,
wp_action,edited_location_region,chroma-excellence-theme\inc\cpt-locations.php,287,hook,registered,
wp_action,add_meta_boxes,chroma-excellence-theme\inc\cpt-locations.php,303,hook,registered,
wp_action,save_post_location,chroma-excellence-theme\inc\cpt-locations.php,941,hook,registered,
wp_filter,manage_location_posts_columns,chroma-excellence-theme\inc\cpt-locations.php,138,hook,registered,
wp_filter,manage_edit-location_sortable_columns,chroma-excellence-theme\inc\cpt-locations.php,177,hook,registered,
wp_filter,enter_title_here,chroma-excellence-theme\inc\cpt-locations.php,190,hook,registered,
cpt,location,chroma-excellence-theme\inc\cpt-locations.php,44,post_type,registered,
taxonomy,location_region,chroma-excellence-theme\inc\cpt-locations.php,67,taxonomy,registered,
wp_action,init,chroma-excellence-theme\inc\cpt-programs.php,47,hook,registered,
wp_action,admin_init,chroma-excellence-theme\inc\cpt-programs.php,68,hook,registered,
wp_action,init,chroma-excellence-theme\inc\cpt-programs.php,91,hook,registered,
wp_action,manage_program_posts_custom_column,chroma-excellence-theme\inc\cpt-programs.php,131,hook,registered,
wp_action,init,chroma-excellence-theme\inc\cpt-programs.php,250,hook,registered,
wp_action,add_meta_boxes,chroma-excellence-theme\inc\cpt-programs.php,266,hook,registered,
wp_action,save_post,chroma-excellence-theme\inc\cpt-programs.php,367,hook,registered,
wp_action,add_meta_boxes,chroma-excellence-theme\inc\cpt-programs.php,401,hook,registered,
wp_action,save_post_program,chroma-excellence-theme\inc\cpt-programs.php,498,hook,registered,
wp_action,save_post_program,chroma-excellence-theme\inc\cpt-programs.php,697,hook,registered,
wp_action,save_post_program,chroma-excellence-theme\inc\cpt-programs.php,953,hook,registered,
wp_filter,manage_program_posts_columns,chroma-excellence-theme\inc\cpt-programs.php,107,hook,registered,
wp_filter,enter_title_here,chroma-excellence-theme\inc\cpt-programs.php,144,hook,registered,
cpt,program,chroma-excellence-theme\inc\cpt-programs.php,44,post_type,registered,
taxonomy,program_location,chroma-excellence-theme\inc\cpt-programs.php,76,taxonomy,registered,
wp_action,init,chroma-excellence-theme\inc\cpt-team-members.php,51,hook,registered,
wp_action,init,chroma-excellence-theme\inc\cpt-team-members.php,73,hook,registered,
wp_action,add_meta_boxes,chroma-excellence-theme\inc\cpt-team-members.php,89,hook,registered,
wp_action,save_post,chroma-excellence-theme\inc\cpt-team-members.php,156,hook,registered,
wp_action,save_post,chroma-excellence-theme\inc\cpt-team-members.php,160,hook,registered,
wp_action,manage_team_member_posts_custom_column,chroma-excellence-theme\inc\cpt-team-members.php,193,hook,registered,
wp_action,pre_get_posts,chroma-excellence-theme\inc\cpt-team-members.php,223,hook,registered,
wp_action,after_switch_theme,chroma-excellence-theme\inc\cpt-team-members.php,286,hook,registered,
wp_action,init,chroma-excellence-theme\inc\cpt-team-members.php,287,hook,registered,
wp_filter,manage_team_member_posts_columns,chroma-excellence-theme\inc\cpt-team-members.php,176,hook,registered,
wp_filter,manage_edit-team_member_sortable_columns,chroma-excellence-theme\inc\cpt-team-members.php,203,hook,registered,
cpt,team_member,chroma-excellence-theme\inc\cpt-team-members.php,49,post_type,registered,
wp_action,wp_head,chroma-excellence-theme\inc\critical-css.php,649,hook,registered,
wp_action,add_meta_boxes,chroma-excellence-theme\inc\curriculum-page-meta.php,72,hook,registered,
wp_action,save_post,chroma-excellence-theme\inc\curriculum-page-meta.php,720,hook,registered,
wp_action,save_post,chroma-excellence-theme\inc\curriculum-page-meta.php,829,hook,registered,
wp_action,customize_register,chroma-excellence-theme\inc\customizer-footer.php,170,hook,registered,
wp_action,customize_register,chroma-excellence-theme\inc\customizer-header.php,117,hook,registered,
wp_action,customize_register,chroma-excellence-theme\inc\customizer-home.php,476,hook,registered,
wp_action,customize_register,chroma-excellence-theme\inc\customizer-locations.php,96,hook,registered,
wp_action,customize_register,chroma-excellence-theme\inc\customizer-scripts.php,79,hook,registered,
wp_action,wp_head,chroma-excellence-theme\inc\customizer-scripts.php,265,hook,registered,
wp_action,wp_footer,chroma-excellence-theme\inc\customizer-scripts.php,295,hook,registered,
wp_action,customize_register,chroma-excellence-theme\inc\customizer-seo.php,203,hook,registered,
wp_action,wp_head,chroma-excellence-theme\inc\customizer-seo.php,378,hook,registered,
wp_action,wp_head,chroma-excellence-theme\inc\customizer-seo.php,533,hook,registered,
wp_filter,pre_get_document_title,chroma-excellence-theme\inc\customizer-seo.php,401,hook,registered,
wp_filter,wpseo_title,chroma-excellence-theme\inc\customizer-seo.php,402,hook,registered,
wp_filter,wpseo_metadesc,chroma-excellence-theme\inc\customizer-seo.php,417,hook,registered,
wp_filter,wpseo_opengraph_desc,chroma-excellence-theme\inc\customizer-seo.php,418,hook,registered,
shortcode,chroma_link,chroma-excellence-theme\inc\dynamic-links.php,213,shortcode,registered,
wp_action,add_meta_boxes,chroma-excellence-theme\inc\early-start-program-meta.php,79,hook,registered,
wp_action,save_post,chroma-excellence-theme\inc\early-start-program-meta.php,298,hook,registered,
wp_action,save_post,chroma-excellence-theme\inc\early-start-program-meta.php,358,hook,registered,
wp_action,add_meta_boxes,chroma-excellence-theme\inc\employers-page-meta.php,54,hook,registered,
wp_action,save_post,chroma-excellence-theme\inc\employers-page-meta.php,400,hook,registered,
wp_action,save_post,chroma-excellence-theme\inc\employers-page-meta.php,469,hook,registered,
wp_action,wp_enqueue_scripts,chroma-excellence-theme\inc\enqueue.php,337,hook,registered,
wp_action,admin_enqueue_scripts,chroma-excellence-theme\inc\enqueue.php,385,hook,registered,
wp_action,wp_enqueue_scripts,chroma-excellence-theme\inc\enqueue.php,488,hook,registered,
wp_action,wp_head,chroma-excellence-theme\inc\enqueue.php,513,hook,registered,
wp_action,wp_enqueue_scripts,chroma-excellence-theme\inc\enqueue.php,515,hook,registered,
wp_action,wp_enqueue_scripts,chroma-excellence-theme\inc\enqueue.php,546,hook,registered,
wp_filter,wp_resource_hints,chroma-excellence-theme\inc\enqueue.php,350,hook,registered,
wp_filter,style_loader_tag,chroma-excellence-theme\inc\enqueue.php,461,hook,registered,
wp_filter,script_loader_tag,chroma-excellence-theme\inc\enqueue.php,589,hook,registered,
enqueue,chroma-font-awesome,chroma-excellence-theme\inc\enqueue.php,186,asset,registered,
enqueue,chroma-main,chroma-excellence-theme\inc\enqueue.php,201,asset,registered,
enqueue,chroma-page-effects,chroma-excellence-theme\inc\enqueue.php,280,asset,registered,
enqueue,chroma-page-forms,chroma-excellence-theme\inc\enqueue.php,285,asset,registered,
enqueue,chroma-page-careers,chroma-excellence-theme\inc\enqueue.php,290,asset,registered,
enqueue,chroma-main-js,chroma-excellence-theme\inc\enqueue.php,297,asset,registered,
enqueue,chroma-map-facade,chroma-excellence-theme\inc\enqueue.php,313,asset,registered,
enqueue,font-awesome-admin,chroma-excellence-theme\inc\enqueue.php,365,asset,registered,
enqueue,chroma-admin,chroma-excellence-theme\inc\enqueue.php,377,asset,registered,
wp_filter,wpseo_canonical,chroma-excellence-theme\inc\force-trailing-slashes.php,33,hook,registered,
wp_action,add_meta_boxes,chroma-excellence-theme\inc\general-seo-meta.php,33,hook,registered,
wp_action,save_post,chroma-excellence-theme\inc\general-seo-meta.php,190,hook,registered,
wp_action,add_meta_boxes,chroma-excellence-theme\inc\home-page-meta.php,71,hook,registered,
wp_action,save_post,chroma-excellence-theme\inc\home-page-meta.php,322,hook,registered,
wp_action,add_meta_boxes,chroma-excellence-theme\inc\meta-boxes\class-post-newsroom.php,18,hook,registered,
wp_action,save_post,chroma-excellence-theme\inc\meta-boxes\class-post-newsroom.php,19,hook,registered,
wp_action,after_switch_theme,chroma-excellence-theme\inc\monthly-seo-cron.php,34,hook,registered,
wp_action,switch_theme,chroma-excellence-theme\inc\monthly-seo-cron.php,45,hook,registered,
wp_action,chroma_monthly_seo_event,chroma-excellence-theme\inc\monthly-seo-cron.php,72,hook,registered,
wp_filter,cron_schedules,chroma-excellence-theme\inc\monthly-seo-cron.php,24,hook,registered,
wp_action,init,chroma-excellence-theme\inc\nav-menus.php,28,hook,registered,
wp_action,send_headers,chroma-excellence-theme\inc\nav-menus.php,97,hook,registered,
wp_action,wp_update_nav_menu,chroma-excellence-theme\inc\nav-menus.php,621,hook,registered,
wp_action,wp_update_nav_menu_item,chroma-excellence-theme\inc\nav-menus.php,622,hook,registered,
wp_action,save_post_nav_menu_item,chroma-excellence-theme\inc\nav-menus.php,623,hook,registered,
wp_action,customize_save_after,chroma-excellence-theme\inc\nav-menus.php,624,hook,registered,
wp_action,switch_theme,chroma-excellence-theme\inc\nav-menus.php,625,hook,registered,
wp_action,add_meta_boxes,chroma-excellence-theme\inc\parents-page-meta.php,90,hook,registered,
wp_action,save_post,chroma-excellence-theme\inc\parents-page-meta.php,849,hook,registered,
wp_action,save_post,chroma-excellence-theme\inc\parents-page-meta.php,959,hook,registered,
wp_action,init,chroma-excellence-theme\inc\performance-optimizations.php,25,hook,registered,
wp_action,save_post_program,chroma-excellence-theme\inc\performance-optimizations.php,58,hook,registered,
wp_action,admin_init,chroma-excellence-theme\inc\performance-optimizations.php,82,hook,registered,
taxonomy,chroma_program_location,chroma-excellence-theme\inc\performance-optimizations.php,17,taxonomy,registered,
wp_action,add_meta_boxes,chroma-excellence-theme\inc\privacy-page-meta.php,36,hook,registered,
wp_action,save_post,chroma-excellence-theme\inc\privacy-page-meta.php,191,hook,registered,
wp_action,save_post,chroma-excellence-theme\inc\privacy-page-meta.php,252,hook,registered,
wp_action,customize_register,chroma-excellence-theme\inc\program-settings.php,81,hook,registered,
wp_action,updated_option,chroma-excellence-theme\inc\program-settings.php,101,hook,registered,
wp_action,added_option,chroma-excellence-theme\inc\program-settings.php,102,hook,registered,
wp_action,after_switch_theme,chroma-excellence-theme\inc\program-settings.php,110,hook,registered,
wp_action,add_meta_boxes,chroma-excellence-theme\inc\schema-meta-boxes.php,49,hook,registered,
wp_action,save_post_page,chroma-excellence-theme\inc\schema-meta-boxes.php,365,hook,registered,
wp_action,save_post_location,chroma-excellence-theme\inc\schema-meta-boxes.php,411,hook,registered,
wp_action,save_post_program,chroma-excellence-theme\inc\schema-meta-boxes.php,455,hook,registered,
wp_action,send_headers,chroma-excellence-theme\inc\security.php,35,hook,registered,
wp_action,after_setup_theme,chroma-excellence-theme\inc\setup.php,69,hook,registered,
wp_action,after_setup_theme,chroma-excellence-theme\inc\setup.php,78,hook,registered,
wp_action,add_meta_boxes,chroma-excellence-theme\inc\stories-page-meta.php,27,hook,registered,
wp_action,save_post,chroma-excellence-theme\inc\stories-page-meta.php,88,hook,registered,
wp_action,wp_head,chroma-excellence-theme\template-program-early-start.php,21,hook,registered,
wp_action,wp_head,chroma-excellence-theme\template-program-rising-kindergarten.php,16,hook,registered,
wp_action,wp_head,chroma-excellence-theme\template-program-rising-prek.php,16,hook,registered,
wp_action,admin_init,chroma-plugins\chroma-acquisitions-form\chroma-acquisitions-form.php,95,hook,registered,
wp_action,admin_menu,chroma-plugins\chroma-acquisitions-form\chroma-acquisitions-form.php,117,hook,registered,
wp_action,template_redirect,chroma-plugins\chroma-acquisitions-form\chroma-acquisitions-form.php,485,hook,registered,
shortcode,chroma_acquisition_form,chroma-plugins\chroma-acquisitions-form\chroma-acquisitions-form.php,378,shortcode,registered,
wp_action,admin_init,chroma-plugins\chroma-career-form\chroma-career-form.php,122,hook,registered,
wp_action,admin_menu,chroma-plugins\chroma-career-form\chroma-career-form.php,144,hook,registered,
wp_action,template_redirect,chroma-plugins\chroma-career-form\chroma-career-form.php,673,hook,registered,
shortcode,chroma_career_form,chroma-plugins\chroma-career-form\chroma-career-form.php,530,shortcode,registered,
wp_action,admin_init,chroma-plugins\chroma-contact-form\chroma-contact-form.php,139,hook,registered,
wp_action,admin_menu,chroma-plugins\chroma-contact-form\chroma-contact-form.php,161,hook,registered,
wp_action,template_redirect,chroma-plugins\chroma-contact-form\chroma-contact-form.php,698,hook,registered,
shortcode,chroma_contact_form,chroma-plugins\chroma-contact-form\chroma-contact-form.php,565,shortcode,registered,
wp_action,init,chroma-plugins\chroma-lead-log\chroma-lead-log.php,47,hook,registered,
wp_action,manage_lead_log_posts_custom_column,chroma-plugins\chroma-lead-log\chroma-lead-log.php,88,hook,registered,
wp_action,add_meta_boxes,chroma-plugins\chroma-lead-log\chroma-lead-log.php,114,hook,registered,
wp_action,admin_init,chroma-plugins\chroma-lead-log\chroma-lead-log.php,156,hook,registered,
wp_action,admin_menu,chroma-plugins\chroma-lead-log\chroma-lead-log.php,172,hook,registered,
wp_action,save_post,chroma-plugins\chroma-lead-log\chroma-lead-log.php,314,hook,registered,
wp_filter,manage_lead_log_posts_columns,chroma-plugins\chroma-lead-log\chroma-lead-log.php,65,hook,registered,
wp_filter,manage_edit-lead_log_sortable_columns,chroma-plugins\chroma-lead-log\chroma-lead-log.php,98,hook,registered,
cpt,lead_log,chroma-plugins\chroma-lead-log\chroma-lead-log.php,45,post_type,registered,
wp_action,template_redirect,chroma-plugins\chroma-tour-form\chroma-tour-form.php,356,hook,registered,
wp_action,admin_init,chroma-plugins\chroma-tour-form\chroma-tour-form.php,389,hook,registered,
wp_action,admin_menu,chroma-plugins\chroma-tour-form\chroma-tour-form.php,404,hook,registered,
shortcode,chroma_tour_form,chroma-plugins\chroma-tour-form\chroma-tour-form.php,254,shortcode,registered,
wp_action,init,old_controller.php,23,hook,registered,
wp_action,template_redirect,old_controller.php,26,hook,registered,
wp_action,wp_ajax_cqa_frontend_login,old_controller.php,29,hook,registered,
wp_action,wp_ajax_nopriv_cqa_frontend_login,old_controller.php,30,hook,registered,
wp_action,wp_ajax_cqa_oauth_callback,old_controller.php,33,hook,registered,
wp_action,wp_ajax_nopriv_cqa_oauth_callback,old_controller.php,34,hook,registered,
wp_action,wp_head,old_controller.php,42,hook,registered,
wp_filter,query_vars,old_controller.php,25,hook,registered,
wp_filter,wp_sitemaps_add_provider,old_controller.php,37,hook,registered,
wp_filter,wpseo_exclude_from_sitemap_by_url,old_controller.php,38,hook,registered,
wp_filter,rank_math/sitemap/exclude_urls,old_controller.php,39,hook,registered,
enqueue,cqa-frontend-styles,old_controller.php,183,asset,registered,
enqueue,cqa-frontend,old_controller.php,187,asset,registered,
enqueue,cqa-react-app,old_controller.php,202,asset,registered,
enqueue,cqa-runtime-guard,old_controller.php,205,asset,registered,
enqueue,cqa-react-app,old_controller.php,213,asset,registered,
enqueue,cqa-admin-styles,plugins\QA-Report-App\chroma-qa-reports\admin\class-admin-menu.php,156,asset,registered,
enqueue,cqa-mobile-styles,plugins\QA-Report-App\chroma-qa-reports\admin\class-admin-menu.php,164,asset,registered,
enqueue,cqa-google-fonts,plugins\QA-Report-App\chroma-qa-reports\admin\class-admin-menu.php,173,asset,registered,
enqueue,cqa-admin-scripts,plugins\QA-Report-App\chroma-qa-reports\admin\class-admin-menu.php,188,asset,registered,
enqueue,cqa-report-wizard,plugins\QA-Report-App\chroma-qa-reports\admin\class-admin-menu.php,213,asset,registered,
enqueue,cqa-duplicate-report,plugins\QA-Report-App\chroma-qa-reports\admin\class-admin-menu.php,222,asset,registered,
enqueue,cqa-keyboard-nav,plugins\QA-Report-App\chroma-qa-reports\admin\class-admin-menu.php,230,asset,registered,
enqueue,cqa-voice-to-text,plugins\QA-Report-App\chroma-qa-reports\admin\class-admin-menu.php,239,asset,registered,
enqueue,cqa-offline-manager,plugins\QA-Report-App\chroma-qa-reports\admin\class-admin-menu.php,247,asset,registered,
enqueue,cqa-photo-annotator,plugins\QA-Report-App\chroma-qa-reports\admin\class-admin-menu.php,256,asset,registered,
enqueue,cqa-item-photo-uploader,plugins\QA-Report-App\chroma-qa-reports\admin\class-admin-menu.php,265,asset,registered,
enqueue,cqa-school-map,plugins\QA-Report-App\chroma-qa-reports\admin\class-admin-menu.php,293,asset,registered,
enqueue,cqa-version-history,plugins\QA-Report-App\chroma-qa-reports\admin\class-admin-menu.php,304,asset,registered,
enqueue,cqa-react-app,plugins\QA-Report-App\chroma-qa-reports\admin\class-admin-menu.php,364,asset,registered,
enqueue,cqa-runtime-guard,plugins\QA-Report-App\chroma-qa-reports\admin\class-admin-menu.php,372,asset,registered,
enqueue,cqa-react-app,plugins\QA-Report-App\chroma-qa-reports\admin\class-admin-menu.php,380,asset,registered,
wp_action,plugins_loaded,plugins\QA-Report-App\chroma-qa-reports\chroma-qa-reports.php,109,hook,registered,
rest_route,cqa/v1 /insights/company,plugins\QA-Report-App\chroma-qa-reports\includes\ai\class-comparative-insights.php,311,wordpress_rest,registered,
wp_action,rest_api_init,plugins\QA-Report-App\chroma-qa-reports\includes\ai\class-comparative-insights.php,326,hook,registered,
rest_route,cqa/v1 /photos/analyze,plugins\QA-Report-App\chroma-qa-reports\includes\ai\class-photo-analyzer.php,274,wordpress_rest,registered,
rest_route,cqa/v1 /photos/batch-analyze,plugins\QA-Report-App\chroma-qa-reports\includes\ai\class-photo-analyzer.php,291,wordpress_rest,registered,
wp_action,rest_api_init,plugins\QA-Report-App\chroma-qa-reports\includes\ai\class-photo-analyzer.php,307,hook,registered,
rest_route,cqa/v1 /analytics/school/(?P<id>\d+)/trend,plugins\QA-Report-App\chroma-qa-reports\includes\analytics\class-trends.php,263,wordpress_rest,registered,
rest_route,cqa/v1 /analytics/regional,plugins\QA-Report-App\chroma-qa-reports\includes\analytics\class-trends.php,273,wordpress_rest,registered,
rest_route,cqa/v1 /analytics/company,plugins\QA-Report-App\chroma-qa-reports\includes\analytics\class-trends.php,283,wordpress_rest,registered,
rest_route,cqa/v1 /analytics/school/(?P<id>\d+)/export,plugins\QA-Report-App\chroma-qa-reports\includes\analytics\class-trends.php,293,wordpress_rest,registered,
wp_action,rest_api_init,plugins\QA-Report-App\chroma-qa-reports\includes\analytics\class-trends.php,312,hook,registered,
wp_filter,rest_request_after_callbacks,plugins\QA-Report-App\chroma-qa-reports\includes\api\class-rest-controller.php,44,hook,registered,
wp_action,template_redirect,plugins\QA-Report-App\chroma-qa-reports\includes\class-plugin.php,60,hook,registered,
wp_action,init,plugins\QA-Report-App\chroma-qa-reports\includes\class-plugin.php,61,hook,registered,
wp_action,init,plugins\QA-Report-App\chroma-qa-reports\includes\class-plugin.php,174,hook,registered,
wp_action,admin_menu,plugins\QA-Report-App\chroma-qa-reports\includes\class-plugin.php,191,hook,registered,
wp_action,admin_enqueue_scripts,plugins\QA-Report-App\chroma-qa-reports\includes\class-plugin.php,192,hook,registered,
wp_action,admin_enqueue_scripts,plugins\QA-Report-App\chroma-qa-reports\includes\class-plugin.php,193,hook,registered,
wp_action,admin_enqueue_scripts,plugins\QA-Report-App\chroma-qa-reports\includes\class-plugin.php,196,hook,registered,
wp_action,admin_head,plugins\QA-Report-App\chroma-qa-reports\includes\class-plugin.php,200,hook,registered,
wp_action,rest_api_init,plugins\QA-Report-App\chroma-qa-reports\includes\class-plugin.php,206,hook,registered,
wp_action,cqa_cleanup_orphaned_media,plugins\QA-Report-App\chroma-qa-reports\includes\class-plugin.php,214,hook,registered,
wp_action,cqa_daily_cleanup,plugins\QA-Report-App\chroma-qa-reports\includes\class-plugin.php,215,hook,registered,
wp_filter,query_vars,plugins\QA-Report-App\chroma-qa-reports\includes\class-plugin.php,59,hook,registered,
wp_action,cqa_report_submitted,plugins\QA-Report-App\chroma-qa-reports\includes\notifications\class-email-notifications.php,22,hook,registered,
wp_action,cqa_report_approved,plugins\QA-Report-App\chroma-qa-reports\includes\notifications\class-email-notifications.php,23,hook,registered,
wp_action,cqa_report_needs_revision,plugins\QA-Report-App\chroma-qa-reports\includes\notifications\class-email-notifications.php,24,hook,registered,
wp_action,cqa_daily_reminder_check,plugins\QA-Report-App\chroma-qa-reports\includes\notifications\class-reminders.php,28,hook,registered,
wp_action,wp_dashboard_setup,plugins\QA-Report-App\chroma-qa-reports\includes\notifications\class-reminders.php,36,hook,registered,
rest_route,cqa/v1 /location/verify,plugins\QA-Report-App\chroma-qa-reports\includes\utils\class-location.php,146,wordpress_rest,registered,
rest_route,cqa/v1 /location/log-override,plugins\QA-Report-App\chroma-qa-reports\includes\utils\class-location.php,159,wordpress_rest,registered,
wp_action,rest_api_init,plugins\QA-Report-App\chroma-qa-reports\includes\utils\class-location.php,220,hook,registered,
rest_route,cqa/v1 /reports/(?P<id>\d+)/workflow,plugins\QA-Report-App\chroma-qa-reports\includes\workflow\class-approval-workflow.php,37,wordpress_rest,registered,
rest_route,cqa/v1 /reports/(?P<id>\d+)/comments,plugins\QA-Report-App\chroma-qa-reports\includes\workflow\class-approval-workflow.php,48,wordpress_rest,registered,
wp_action,rest_api_init,plugins\QA-Report-App\chroma-qa-reports\includes\workflow\class-approval-workflow.php,30,hook,registered,
wp_action,init,plugins\QA-Report-App\chroma-qa-reports\public\class-frontend-controller.php,40,hook,registered,
wp_action,init,plugins\QA-Report-App\chroma-qa-reports\public\class-frontend-controller.php,41,hook,registered,
wp_action,template_redirect,plugins\QA-Report-App\chroma-qa-reports\public\class-frontend-controller.php,46,hook,registered,
wp_action,wp_ajax_cqa_frontend_login,plugins\QA-Report-App\chroma-qa-reports\public\class-frontend-controller.php,50,hook,registered,
wp_action,wp_ajax_nopriv_cqa_frontend_login,plugins\QA-Report-App\chroma-qa-reports\public\class-frontend-controller.php,51,hook,registered,
wp_action,wp_ajax_cqa_oauth_callback,plugins\QA-Report-App\chroma-qa-reports\public\class-frontend-controller.php,54,hook,registered,
wp_action,wp_ajax_nopriv_cqa_oauth_callback,plugins\QA-Report-App\chroma-qa-reports\public\class-frontend-controller.php,55,hook,registered,
wp_action,wp_head,plugins\QA-Report-App\chroma-qa-reports\public\class-frontend-controller.php,65,hook,registered,
wp_filter,query_vars,plugins\QA-Report-App\chroma-qa-reports\public\class-frontend-controller.php,45,hook,registered,
wp_filter,show_admin_bar,plugins\QA-Report-App\chroma-qa-reports\public\class-frontend-controller.php,47,hook,registered,
wp_filter,wp_sitemaps_add_provider,plugins\QA-Report-App\chroma-qa-reports\public\class-frontend-controller.php,58,hook,registered,
wp_filter,wpseo_exclude_from_sitemap_by_url,plugins\QA-Report-App\chroma-qa-reports\public\class-frontend-controller.php,59,hook,registered,
wp_filter,rank_math/sitemap/exclude_urls,plugins\QA-Report-App\chroma-qa-reports\public\class-frontend-controller.php,60,hook,registered,
wp_filter,redirect_canonical,plugins\QA-Report-App\chroma-qa-reports\public\class-frontend-controller.php,61,hook,registered,
wp_filter,pre_option_chroma_seo_redirect_canonical,plugins\QA-Report-App\chroma-qa-reports\public\class-frontend-controller.php,62,hook,registered,
enqueue,cqa-frontend-styles,plugins\QA-Report-App\chroma-qa-reports\public\class-frontend-controller.php,516,asset,registered,
enqueue,cqa-frontend,plugins\QA-Report-App\chroma-qa-reports\public\class-frontend-controller.php,517,asset,registered,
enqueue,cqa-react-app,plugins\QA-Report-App\chroma-qa-reports\public\class-frontend-controller.php,532,asset,registered,
enqueue,cqa-runtime-guard,plugins\QA-Report-App\chroma-qa-reports\public\class-frontend-controller.php,537,asset,registered,
enqueue,cqa-react-app,plugins\QA-Report-App\chroma-qa-reports\public\class-frontend-controller.php,545,asset,registered,
wp_action,plugins_loaded,plugins\chroma-agent-api\chroma-agent-api.php,36,hook,registered,
wp_action,admin_menu,plugins\chroma-agent-api\includes\class-admin.php,15,hook,registered,
wp_action,admin_post_caa_create_key,plugins\chroma-agent-api\includes\class-admin.php,17,hook,registered,
wp_action,admin_post_caa_rotate_key,plugins\chroma-agent-api\includes\class-admin.php,18,hook,registered,
wp_action,admin_post_caa_revoke_key,plugins\chroma-agent-api\includes\class-admin.php,19,hook,registered,
wp_action,admin_post_caa_toggle_enabled,plugins\chroma-agent-api\includes\class-admin.php,20,hook,registered,
wp_action,rest_api_init,plugins\chroma-agent-api\includes\class-bootstrap.php,16,hook,registered,
wp_action,save_post,plugins\chroma-agent-api\includes\routes\class-geo-routes.php,112,hook,registered,
wp_action,deleted_post,plugins\chroma-agent-api\includes\routes\class-geo-routes.php,113,hook,registered,
wp_action,updated_option,plugins\chroma-agent-api\includes\routes\class-geo-routes.php,114,hook,registered,
wp_action,template_redirect,plugins\chroma-agent-api\includes\routes\class-geo-routes.php,115,hook,registered,
wp_action,wp_head,plugins\chroma-agent-api\includes\routes\class-geo-routes.php,116,hook,registered,
wp_action,wp_head,plugins\chroma-agent-api\includes\routes\class-geo-routes.php,117,hook,registered,
wp_filter,redirect_canonical,plugins\chroma-agent-api\includes\routes\class-geo-routes.php,118,hook,registered,
wp_filter,robots_txt,plugins\chroma-agent-api\includes\routes\class-geo-routes.php,119,hook,registered,
wp_action,init,plugins\chroma-cap-fix.php,8,hook,registered,
wp_action,wp_head,plugins\chroma-parent-portal\chroma-parent-portal.php,29,hook,registered,
wp_action,wp,plugins\chroma-parent-portal\chroma-parent-portal.php,36,hook,registered,
wp_action,wp,plugins\chroma-parent-portal\chroma-parent-portal.php,56,hook,registered,
wp_action,save_post,plugins\chroma-parent-portal\chroma-parent-portal.php,143,hook,registered,
wp_action,wp_enqueue_scripts,plugins\chroma-parent-portal\chroma-parent-portal.php,180,hook,registered,
wp_filter,theme_mod_chroma_header_scripts,plugins\chroma-parent-portal\chroma-parent-portal.php,47,hook,registered,
wp_filter,theme_mod_chroma_footer_scripts,plugins\chroma-parent-portal\chroma-parent-portal.php,48,hook,registered,
wp_filter,theme_mod_chroma_custom_scripts,plugins\chroma-parent-portal\chroma-parent-portal.php,49,hook,registered,
wp_filter,wp_robots,plugins\chroma-parent-portal\chroma-parent-portal.php,61,hook,registered,
wp_filter,wpseo_robots,plugins\chroma-parent-portal\chroma-parent-portal.php,73,hook,registered,
wp_filter,pre_get_document_title,plugins\chroma-parent-portal\chroma-parent-portal.php,77,hook,registered,
wp_filter,wpseo_title,plugins\chroma-parent-portal\chroma-parent-portal.php,81,hook,registered,
wp_filter,wpseo_metadesc,plugins\chroma-parent-portal\chroma-parent-portal.php,85,hook,registered,
wp_filter,wpseo_opengraph_desc,plugins\chroma-parent-portal\chroma-parent-portal.php,89,hook,registered,
wp_filter,rest_authentication_errors,plugins\chroma-parent-portal\chroma-parent-portal.php,100,hook,registered,
wp_filter,body_class,plugins\chroma-parent-portal\chroma-parent-portal.php,230,hook,registered,
shortcode,chroma_parent_portal,plugins\chroma-parent-portal\chroma-parent-portal.php,238,shortcode,registered,
enqueue,chroma-portal-app,plugins\chroma-parent-portal\chroma-parent-portal.php,198,asset,registered,
enqueue,chroma-portal-styles,plugins\chroma-parent-portal\chroma-parent-portal.php,206,asset,registered,
enqueue,chroma-portal-login-enhancements,plugins\chroma-parent-portal\chroma-parent-portal.php,213,asset,registered,
enqueue,chroma-portal-app,plugins\chroma-parent-portal\chroma-parent-portal.php,239,asset,registered,
enqueue,chroma-portal-styles,plugins\chroma-parent-portal\chroma-parent-portal.php,240,asset,registered,
rest_route,chroma-portal/v1 /login,plugins\chroma-parent-portal\includes\class-api-routes.php,19,wordpress_rest,registered,
rest_route,chroma-portal/v1 /content/dashboard,plugins\chroma-parent-portal\includes\class-api-routes.php,26,wordpress_rest,registered,
rest_route,chroma-portal/v1 /years,plugins\chroma-parent-portal\includes\class-api-routes.php,33,wordpress_rest,registered,
rest_route,chroma-portal/v1 /taxonomy/(?P<taxonomy>[a-z_]+),plugins\chroma-parent-portal\includes\class-api-routes.php,40,wordpress_rest,registered,
rest_route,chroma-portal/v1 /content/create,plugins\chroma-parent-portal\includes\class-api-routes.php,47,wordpress_rest,registered,
rest_route,chroma-portal/v1 /content/update/(?P<id>\d+),plugins\chroma-parent-portal\includes\class-api-routes.php,54,wordpress_rest,registered,
rest_route,chroma-portal/v1 /content/delete/(?P<id>\d+),plugins\chroma-parent-portal\includes\class-api-routes.php,61,wordpress_rest,registered,
rest_route,chroma-portal/v1 /system-check,plugins\chroma-parent-portal\includes\class-api-routes.php,68,wordpress_rest,registered,
rest_route,chroma-portal/v1 /cookie-test,plugins\chroma-parent-portal\includes\class-api-routes.php,75,wordpress_rest,registered,
wp_action,rest_api_init,plugins\chroma-parent-portal\includes\class-api-routes.php,11,hook,registered,
wp_action,admin_menu,plugins\chroma-parent-portal\includes\class-bulk-importer.php,17,hook,registered,
wp_action,wp_ajax_chroma_portal_run_seed,plugins\chroma-parent-portal\includes\class-bulk-importer.php,18,hook,registered,
wp_action,admin_menu,plugins\chroma-parent-portal\includes\class-bulk-uploader.php,24,hook,registered,
wp_action,admin_post_chroma_portal_bulk_prepare,plugins\chroma-parent-portal\includes\class-bulk-uploader.php,25,hook,registered,
wp_action,wp_ajax_chroma_portal_bulk_run,plugins\chroma-parent-portal\includes\class-bulk-uploader.php,26,hook,registered,
wp_action,wp_ajax_chroma_portal_bulk_rollback,plugins\chroma-parent-portal\includes\class-bulk-uploader.php,27,hook,registered,
wp_action,wp_ajax_chroma_portal_bulk_assign_files,plugins\chroma-parent-portal\includes\class-bulk-uploader.php,28,hook,registered,
wp_action,init,plugins\chroma-parent-portal\includes\class-cpt-registrar.php,16,hook,registered,
wp_action,init,plugins\chroma-parent-portal\includes\class-cpt-registrar.php,17,hook,registered,
wp_action,manage_{$post_type}_posts_custom_column,plugins\chroma-parent-portal\includes\class-cpt-registrar.php,22,hook,registered,
wp_filter,manage_{$post_type}_posts_columns,plugins\chroma-parent-portal\includes\class-cpt-registrar.php,21,hook,registered,
wp_filter,manage_edit-{$post_type}_sortable_columns,plugins\chroma-parent-portal\includes\class-cpt-registrar.php,23,hook,registered,
cpt,cp_lesson_plan,plugins\chroma-parent-portal\includes\class-cpt-registrar.php,30,post_type,registered,
cpt,cp_meal_plan,plugins\chroma-parent-portal\includes\class-cpt-registrar.php,46,post_type,registered,
cpt,cp_resource,plugins\chroma-parent-portal\includes\class-cpt-registrar.php,60,post_type,registered,
cpt,cp_form,plugins\chroma-parent-portal\includes\class-cpt-registrar.php,74,post_type,registered,
cpt,cp_announcement,plugins\chroma-parent-portal\includes\class-cpt-registrar.php,88,post_type,registered,
cpt,cp_event,plugins\chroma-parent-portal\includes\class-cpt-registrar.php,102,post_type,registered,
cpt,cp_family,plugins\chroma-parent-portal\includes\class-cpt-registrar.php,116,post_type,registered,
cpt,cp_home_activity,plugins\chroma-parent-portal\includes\class-cpt-registrar.php,130,post_type,registered,
taxonomy,portal_school,plugins\chroma-parent-portal\includes\class-cpt-registrar.php,147,taxonomy,registered,
taxonomy,portal_year,plugins\chroma-parent-portal\includes\class-cpt-registrar.php,157,taxonomy,registered,
taxonomy,portal_month,plugins\chroma-parent-portal\includes\class-cpt-registrar.php,167,taxonomy,registered,
taxonomy,portal_quarter,plugins\chroma-parent-portal\includes\class-cpt-registrar.php,177,taxonomy,registered,
taxonomy,portal_category,plugins\chroma-parent-portal\includes\class-cpt-registrar.php,187,taxonomy,registered,
taxonomy,portal_classroom,plugins\chroma-parent-portal\includes\class-cpt-registrar.php,197,taxonomy,registered,
wp_action,add_meta_boxes,plugins\chroma-parent-portal\includes\class-meta-boxes.php,11,hook,registered,
wp_action,save_post,plugins\chroma-parent-portal\includes\class-meta-boxes.php,12,hook,registered,
wp_action,admin_enqueue_scripts,plugins\chroma-parent-portal\includes\class-meta-boxes.php,13,hook,registered,
wp_action,plugins_loaded,plugins\chroma-school-dashboard\chroma-school-dashboard.php,42,hook,registered,
wp_action,init,plugins\chroma-school-dashboard\chroma-school-dashboard.php,54,hook,registered,
wp_action,admin_menu,plugins\chroma-school-dashboard\inc\class-admin-settings.php,7,hook,registered,
wp_action,admin_init,plugins\chroma-school-dashboard\inc\class-admin-settings.php,8,hook,registered,
rest_route,chroma/v1 /tv/(?P<slug>[a-zA-Z0-9-]+),plugins\chroma-school-dashboard\inc\class-api-routes.php,14,wordpress_rest,registered,
rest_route,chroma/v1 /auth/google,plugins\chroma-school-dashboard\inc\class-api-routes.php,20,wordpress_rest,registered,
rest_route,chroma/v1 /portal/school/(?P<id>\d+),plugins\chroma-school-dashboard\inc\class-api-routes.php,26,wordpress_rest,registered,
rest_route,chroma/v1 /portal/me,plugins\chroma-school-dashboard\inc\class-api-routes.php,32,wordpress_rest,registered,
rest_route,chroma/v1 /weather,plugins\chroma-school-dashboard\inc\class-api-routes.php,38,wordpress_rest,registered,
wp_action,rest_api_init,plugins\chroma-school-dashboard\inc\class-api-routes.php,9,hook,registered,
wp_filter,rest_pre_serve_request,plugins\chroma-school-dashboard\inc\class-api-routes.php,45,hook,registered,
wp_filter,user_has_cap,plugins\chroma-school-dashboard\inc\class-media-permissions.php,13,hook,registered,
wp_filter,wp_ajax_nopriv_query-attachments,plugins\chroma-school-dashboard\inc\class-media-permissions.php,14,hook,registered,
wp_filter,determine_current_user,plugins\chroma-school-dashboard\inc\class-media-permissions.php,78,hook,registered,
wp_action,init,plugins\chroma-school-dashboard\inc\class-portal-loader.php,7,hook,registered,
wp_action,wp_enqueue_scripts,plugins\chroma-school-dashboard\inc\class-portal-loader.php,10,hook,registered,
wp_filter,query_vars,plugins\chroma-school-dashboard\inc\class-portal-loader.php,8,hook,registered,
wp_filter,template_include,plugins\chroma-school-dashboard\inc\class-portal-loader.php,9,hook,registered,
enqueue,chroma-portal-css,plugins\chroma-school-dashboard\inc\class-portal-loader.php,65,asset,registered,
enqueue,react,plugins\chroma-school-dashboard\inc\class-portal-loader.php,69,asset,registered,
enqueue,react-dom,plugins\chroma-school-dashboard\inc\class-portal-loader.php,70,asset,registered,
enqueue,chroma-portal-js,plugins\chroma-school-dashboard\inc\class-portal-loader.php,73,asset,registered,
wp_action,init,plugins\chroma-school-dashboard\inc\class-post-type.php,7,hook,registered,
wp_action,add_meta_boxes,plugins\chroma-school-dashboard\inc\class-post-type.php,8,hook,registered,
wp_action,save_post,plugins\chroma-school-dashboard\inc\class-post-type.php,9,hook,registered,
cpt,chroma_school,plugins\chroma-school-dashboard\inc\class-post-type.php,14,post_type,registered,
wp_action,init,plugins\chroma-school-dashboard\inc\class-template-loader.php,7,hook,registered,
wp_action,wp_enqueue_scripts,plugins\chroma-school-dashboard\inc\class-template-loader.php,10,hook,registered,
wp_action,wp_head,plugins\chroma-school-dashboard\inc\class-template-loader.php,11,hook,registered,
wp_filter,query_vars,plugins\chroma-school-dashboard\inc\class-template-loader.php,8,hook,registered,
wp_filter,template_include,plugins\chroma-school-dashboard\inc\class-template-loader.php,9,hook,registered,
enqueue,chroma-tv-dashboard-css,plugins\chroma-school-dashboard\inc\class-template-loader.php,55,asset,registered,
enqueue,chroma-tv-font-awesome,plugins\chroma-school-dashboard\inc\class-template-loader.php,62,asset,registered,
enqueue,chroma-tv-pdfjs,plugins\chroma-school-dashboard\inc\class-template-loader.php,69,asset,registered,
enqueue,chroma-tv-dashboard-js,plugins\chroma-school-dashboard\inc\class-template-loader.php,83,asset,registered,
enqueue,media-views,plugins\chroma-school-dashboard\templates\portal-dashboard.php,11,asset,registered,
enqueue,imgareaselect,plugins\chroma-school-dashboard\templates\portal-dashboard.php,12,asset,registered,
enqueue,dashicons,plugins\chroma-school-dashboard\templates\portal-dashboard.php,13,asset,registered,
enqueue,buttons,plugins\chroma-school-dashboard\templates\portal-dashboard.php,14,asset,registered,
enqueue,wp-mediaelement,plugins\chroma-school-dashboard\templates\portal-dashboard.php,15,asset,registered,
wp_action,plugins_loaded,plugins\chroma-seo-pro-reset\chroma-seo-reset.php,33,hook,registered,
wp_action,admin_notices,plugins\chroma-seo-pro-reset\chroma-seo-reset.php,44,hook,registered,
wp_action,plugins_loaded,plugins\chroma-seo-pro-reset\chroma-seo-reset.php,54,hook,registered,
wp_action,admin_menu,plugins\chroma-seo-pro-reset\inc\admin\class-content-inspector.php,18,hook,registered,
wp_action,wp_ajax_chroma_bulk_translate_all,plugins\chroma-seo-pro-reset\inc\admin\class-content-inspector.php,19,hook,registered,
wp_action,admin_menu,plugins\chroma-seo-pro-reset\inc\admin\class-hreflang-auditor.php,18,hook,registered,
wp_action,admin_menu,plugins\chroma-seo-pro-reset\inc\admin\class-llm-admin-settings.php,19,hook,registered,
wp_action,admin_init,plugins\chroma-seo-pro-reset\inc\admin\class-llm-admin-settings.php,20,hook,registered,
wp_action,admin_enqueue_scripts,plugins\chroma-seo-pro-reset\inc\admin\class-llm-admin-settings.php,21,hook,registered,
enqueue,chroma-llm-admin,plugins\chroma-seo-pro-reset\inc\admin\class-llm-admin-settings.php,106,asset,registered,
enqueue,chroma-llm-admin,plugins\chroma-seo-pro-reset\inc\admin\class-llm-admin-settings.php,107,asset,registered,
wp_action,admin_enqueue_scripts,plugins\chroma-seo-pro-reset\inc\admin\class-schema-inspector.php,18,hook,registered,
wp_action,wp_ajax_chroma_validate_page_schema,plugins\chroma-seo-pro-reset\inc\admin\class-schema-inspector.php,19,hook,registered,
wp_action,wp_ajax_chroma_fix_schema_with_ai,plugins\chroma-seo-pro-reset\inc\admin\class-schema-inspector.php,20,hook,registered,
enqueue,chroma-schema-inspector-data,plugins\chroma-seo-pro-reset\inc\admin\class-schema-inspector.php,63,asset,registered,
enqueue,chroma-schema-inspector-core,plugins\chroma-seo-pro-reset\inc\admin\class-schema-inspector.php,77,asset,registered,
wp_action,admin_menu,plugins\chroma-seo-pro-reset\inc\admin\class-theme-translator.php,21,hook,registered,
wp_action,wp_ajax_chroma_scan_theme_strings,plugins\chroma-seo-pro-reset\inc\admin\class-theme-translator.php,22,hook,registered,
wp_action,wp_ajax_chroma_save_string_translations,plugins\chroma-seo-pro-reset\inc\admin\class-theme-translator.php,23,hook,registered,
wp_action,wp_ajax_chroma_bulk_translate_strings,plugins\chroma-seo-pro-reset\inc\admin\class-theme-translator.php,24,hook,registered,
wp_action,wp_ajax_chroma_export_po,plugins\chroma-seo-pro-reset\inc\admin\class-theme-translator.php,25,hook,registered,
wp_action,wp_ajax_chroma_debug_meta,plugins\chroma-seo-pro-reset\inc\admin\class-theme-translator.php,29,hook,registered,
wp_filter,gettext,plugins\chroma-seo-pro-reset\inc\admin\class-theme-translator.php,33,hook,registered,
wp_action,wp_head,plugins\chroma-seo-pro-reset\inc\bootstrap.php,300,hook,registered,
wp_action,wp_head,plugins\chroma-seo-pro-reset\inc\bootstrap.php,302,hook,registered,
wp_action,wp_head,plugins\chroma-seo-pro-reset\inc\bootstrap.php,304,hook,registered,
wp_action,wp_head,plugins\chroma-seo-pro-reset\inc\bootstrap.php,306,hook,registered,
wp_action,wp_head,plugins\chroma-seo-pro-reset\inc\bootstrap.php,308,hook,registered,
wp_action,wp_head,plugins\chroma-seo-pro-reset\inc\bootstrap.php,310,hook,registered,
wp_action,wp_head,plugins\chroma-seo-pro-reset\inc\bootstrap.php,314,hook,registered,
wp_action,wp_head,plugins\chroma-seo-pro-reset\inc\bootstrap.php,316,hook,registered,
wp_action,wp_head,plugins\chroma-seo-pro-reset\inc\bootstrap.php,318,hook,registered,
wp_action,wp_head,plugins\chroma-seo-pro-reset\inc\bootstrap.php,320,hook,registered,
wp_action,wp_head,plugins\chroma-seo-pro-reset\inc\bootstrap.php,324,hook,registered,
wp_action,wp_head,plugins\chroma-seo-pro-reset\inc\bootstrap.php,326,hook,registered,
wp_action,wp_head,plugins\chroma-seo-pro-reset\inc\bootstrap.php,330,hook,registered,
wp_action,init,plugins\chroma-seo-pro-reset\inc\bootstrap.php,338,hook,registered,
wp_action,admin_enqueue_scripts,plugins\chroma-seo-pro-reset\inc\bootstrap.php,476,hook,registered,
wp_action,admin_notices,plugins\chroma-seo-pro-reset\inc\bootstrap.php,498,hook,registered,
enqueue,chroma-seo-admin-inline,plugins\chroma-seo-pro-reset\inc\bootstrap.php,468,asset,registered,
enqueue,chroma-seo-admin-inline,plugins\chroma-seo-pro-reset\inc\bootstrap.php,472,asset,registered,
wp_action,chroma_seo_dashboard_tabs,plugins\chroma-seo-pro-reset\inc\class-admin-help.php,22,hook,registered,
wp_action,chroma_seo_dashboard_content,plugins\chroma-seo-pro-reset\inc\class-admin-help.php,23,hook,registered,
wp_action,wp_ajax_chroma_analyze_image,plugins\chroma-seo-pro-reset\inc\class-advanced-features.php,347,hook,registered,
wp_action,wp_ajax_chroma_compare_competitor,plugins\chroma-seo-pro-reset\inc\class-advanced-features.php,368,hook,registered,
wp_action,chroma_breadcrumbs,plugins\chroma-seo-pro-reset\inc\class-breadcrumbs.php,21,hook,registered,
wp_action,wp_head,plugins\chroma-seo-pro-reset\inc\class-breadcrumbs.php,22,hook,registered,
wp_action,wp_ajax_chroma_save_breadcrumb_settings,plugins\chroma-seo-pro-reset\inc\class-breadcrumbs.php,23,hook,registered,
wp_action,wp_ajax_chroma_preview_breadcrumbs,plugins\chroma-seo-pro-reset\inc\class-breadcrumbs.php,24,hook,registered,
wp_action,wp_ajax_chroma_get_preview_posts,plugins\chroma-seo-pro-reset\inc\class-breadcrumbs.php,25,hook,registered,
wp_action,chroma_career_sync_event,plugins\chroma-seo-pro-reset\inc\class-career-sync.php,39,hook,registered,
wp_action,wp_ajax_chroma_sync_careers,plugins\chroma-seo-pro-reset\inc\class-career-sync.php,40,hook,registered,
wp_filter,cron_schedules,plugins\chroma-seo-pro-reset\inc\class-career-sync.php,38,hook,registered,
rest_route,chroma/v1 /citation-facts,plugins\chroma-seo-pro-reset\inc\class-citation-datasets.php,177,wordpress_rest,registered,
wp_action,admin_menu,plugins\chroma-seo-pro-reset\inc\class-citation-datasets.php,27,hook,registered,
wp_action,admin_init,plugins\chroma-seo-pro-reset\inc\class-citation-datasets.php,28,hook,registered,
wp_action,rest_api_init,plugins\chroma-seo-pro-reset\inc\class-citation-datasets.php,29,hook,registered,
wp_action,template_redirect,plugins\chroma-seo-pro-reset\inc\class-facts-generator.php,21,hook,registered,
wp_action,wp_ajax_chroma_sync_gmb_data,plugins\chroma-seo-pro-reset\inc\class-google-places-client.php,23,hook,registered,
wp_action,wp_ajax_chroma_get_place_id,plugins\chroma-seo-pro-reset\inc\class-google-places-client.php,24,hook,registered,
wp_action,admin_menu,plugins\chroma-seo-pro-reset\inc\class-homepage-translation-admin.php,25,hook,registered,
wp_action,admin_init,plugins\chroma-seo-pro-reset\inc\class-homepage-translation-admin.php,26,hook,registered,
wp_action,wp_ajax_chroma_translate_homepage,plugins\chroma-seo-pro-reset\inc\class-homepage-translation-admin.php,27,hook,registered,
wp_action,plugins_loaded,plugins\chroma-seo-pro-reset\inc\class-homepage-translation-admin.php,280,hook,registered,
wp_filter,wp_get_attachment_image_attributes,plugins\chroma-seo-pro-reset\inc\class-image-alt-automation.php,23,hook,registered,
wp_action,wp_ajax_chroma_bulk_generate_start,plugins\chroma-seo-pro-reset\inc\class-llm-bulk-processor.php,25,hook,registered,
wp_action,wp_ajax_chroma_bulk_generate_status,plugins\chroma-seo-pro-reset\inc\class-llm-bulk-processor.php,26,hook,registered,
wp_action,wp_ajax_chroma_bulk_generate_cancel,plugins\chroma-seo-pro-reset\inc\class-llm-bulk-processor.php,27,hook,registered,
wp_action,wp_ajax_chroma_save_llm_settings,plugins\chroma-seo-pro-reset\inc\class-llm-client.php,29,hook,registered,
wp_action,wp_ajax_chroma_test_llm_connection,plugins\chroma-seo-pro-reset\inc\class-llm-client.php,30,hook,registered,
wp_action,wp_ajax_chroma_generate_schema,plugins\chroma-seo-pro-reset\inc\class-llm-client.php,31,hook,registered,
wp_action,wp_ajax_chroma_generate_llm_targeting,plugins\chroma-seo-pro-reset\inc\class-llm-client.php,32,hook,registered,
wp_action,wp_ajax_chroma_generate_general_seo_meta,plugins\chroma-seo-pro-reset\inc\class-llm-client.php,33,hook,registered,
wp_action,wp_ajax_chroma_translate_text,plugins\chroma-seo-pro-reset\inc\class-llm-client.php,34,hook,registered,
wp_action,wp_ajax_chroma_fetch_available_models,plugins\chroma-seo-pro-reset\inc\class-llm-client.php,35,hook,registered,
wp_action,add_meta_boxes,plugins\chroma-seo-pro-reset\inc\class-meta-box-base.php,57,hook,registered,
wp_action,save_post,plugins\chroma-seo-pro-reset\inc\class-meta-box-base.php,58,hook,registered,
wp_action,init,plugins\chroma-seo-pro-reset\inc\class-multilingual-manager.php,38,hook,registered,
wp_action,wp_head,plugins\chroma-seo-pro-reset\inc\class-multilingual-manager.php,55,hook,registered,
wp_action,wp_head,plugins\chroma-seo-pro-reset\inc\class-multilingual-manager.php,64,hook,registered,
wp_action,wp_head,plugins\chroma-seo-pro-reset\inc\class-multilingual-manager.php,74,hook,registered,
wp_action,template_redirect,plugins\chroma-seo-pro-reset\inc\class-multilingual-manager.php,77,hook,registered,
wp_filter,query_vars,plugins\chroma-seo-pro-reset\inc\class-multilingual-manager.php,39,hook,registered,
wp_filter,home_url,plugins\chroma-seo-pro-reset\inc\class-multilingual-manager.php,42,hook,registered,
wp_filter,page_link,plugins\chroma-seo-pro-reset\inc\class-multilingual-manager.php,43,hook,registered,
wp_filter,post_link,plugins\chroma-seo-pro-reset\inc\class-multilingual-manager.php,44,hook,registered,
wp_filter,post_type_link,plugins\chroma-seo-pro-reset\inc\class-multilingual-manager.php,45,hook,registered,
wp_filter,term_link,plugins\chroma-seo-pro-reset\inc\class-multilingual-manager.php,46,hook,registered,
wp_filter,body_class,plugins\chroma-seo-pro-reset\inc\class-multilingual-manager.php,49,hook,registered,
wp_filter,language_attributes,plugins\chroma-seo-pro-reset\inc\class-multilingual-manager.php,52,hook,registered,
wp_filter,the_title,plugins\chroma-seo-pro-reset\inc\class-multilingual-manager.php,58,hook,registered,
wp_filter,the_content,plugins\chroma-seo-pro-reset\inc\class-multilingual-manager.php,59,hook,registered,
wp_filter,the_excerpt,plugins\chroma-seo-pro-reset\inc\class-multilingual-manager.php,60,hook,registered,
wp_filter,pre_get_document_title,plugins\chroma-seo-pro-reset\inc\class-multilingual-manager.php,63,hook,registered,
wp_filter,the_content,plugins\chroma-seo-pro-reset\inc\class-multilingual-manager.php,67,hook,registered,
wp_filter,nav_menu_link_attributes,plugins\chroma-seo-pro-reset\inc\class-multilingual-manager.php,68,hook,registered,
wp_filter,get_canonical_url,plugins\chroma-seo-pro-reset\inc\class-multilingual-manager.php,71,hook,registered,
wp_filter,gettext,plugins\chroma-seo-pro-reset\inc\class-multilingual-manager.php,80,hook,registered,
wp_action,wp_ajax_chroma_review_schema,plugins\chroma-seo-pro-reset\inc\class-schema-quality.php,19,hook,registered,
wp_action,wp_ajax_chroma_get_review_queue,plugins\chroma-seo-pro-reset\inc\class-schema-quality.php,20,hook,registered,
wp_action,wp_head,plugins\chroma-seo-pro-reset\inc\class-schema-registry.php,59,hook,registered,
wp_action,init,plugins\chroma-seo-pro-reset\inc\class-schema-registry.php,337,hook,registered,
wp_action,wp_ajax_chroma_validate_schema,plugins\chroma-seo-pro-reset\inc\class-schema-validator.php,1154,hook,registered,
wp_action,wp_ajax_chroma_validate_post_schema,plugins\chroma-seo-pro-reset\inc\class-schema-validator.php,1186,hook,registered,
wp_filter,chroma_schema_before_output,plugins\chroma-seo-pro-reset\inc\class-schema-validator.php,1247,hook,registered,
rest_route,chroma/v1 /validate,plugins\chroma-seo-pro-reset\inc\class-seo-dashboard.php,89,wordpress_rest,registered,
wp_action,admin_menu,plugins\chroma-seo-pro-reset\inc\class-seo-dashboard.php,23,hook,registered,
wp_action,admin_enqueue_scripts,plugins\chroma-seo-pro-reset\inc\class-seo-dashboard.php,24,hook,registered,
wp_action,wp_ajax_chroma_fetch_schema_inspector,plugins\chroma-seo-pro-reset\inc\class-seo-dashboard.php,25,hook,registered,
wp_action,wp_ajax_chroma_save_schema_inspector,plugins\chroma-seo-pro-reset\inc\class-seo-dashboard.php,26,hook,registered,
wp_action,wp_ajax_chroma_scan_schema_batch,plugins\chroma-seo-pro-reset\inc\class-seo-dashboard.php,27,hook,registered,
wp_action,wp_ajax_chroma_get_schema_fields,plugins\chroma-seo-pro-reset\inc\class-seo-dashboard.php,28,hook,registered,
wp_action,wp_ajax_chroma_fetch_social_preview,plugins\chroma-seo-pro-reset\inc\class-seo-dashboard.php,29,hook,registered,
wp_action,wp_ajax_chroma_fetch_llm_data,plugins\chroma-seo-pro-reset\inc\class-seo-dashboard.php,30,hook,registered,
wp_action,wp_ajax_chroma_save_llm_targeting,plugins\chroma-seo-pro-reset\inc\class-seo-dashboard.php,31,hook,registered,
wp_action,wp_ajax_chroma_reset_post_schema,plugins\chroma-seo-pro-reset\inc\class-seo-dashboard.php,32,hook,registered,
wp_action,wp_ajax_chroma_apply_schema_fix,plugins\chroma-seo-pro-reset\inc\class-seo-dashboard.php,33,hook,registered,
wp_action,wp_ajax_chroma_fetch_live_schema,plugins\chroma-seo-pro-reset\inc\class-seo-dashboard.php,34,hook,registered,
wp_action,wp_ajax_chroma_sync_schema_to_builder,plugins\chroma-seo-pro-reset\inc\class-seo-dashboard.php,35,hook,registered,
wp_action,wp_ajax_chroma_save_sitemap_urls,plugins\chroma-seo-pro-reset\inc\class-seo-dashboard.php,36,hook,registered,
wp_action,wp_ajax_chroma_parse_sitemap_urls,plugins\chroma-seo-pro-reset\inc\class-seo-dashboard.php,37,hook,registered,
wp_action,wp_ajax_chroma_validate_url,plugins\chroma-seo-pro-reset\inc\class-seo-dashboard.php,38,hook,registered,
wp_action,wp_ajax_chroma_clear_validation_cache,plugins\chroma-seo-pro-reset\inc\class-seo-dashboard.php,39,hook,registered,
wp_action,wp_ajax_chroma_save_validator_setting,plugins\chroma-seo-pro-reset\inc\class-seo-dashboard.php,40,hook,registered,
wp_action,wp_ajax_chroma_run_link_analysis,plugins\chroma-seo-pro-reset\inc\class-seo-dashboard.php,41,hook,registered,
wp_action,wp_ajax_chroma_schema_cleanup_scan,plugins\chroma-seo-pro-reset\inc\class-seo-dashboard.php,42,hook,registered,
wp_action,wp_ajax_chroma_schema_cleanup_execute,plugins\chroma-seo-pro-reset\inc\class-seo-dashboard.php,43,hook,registered,
wp_action,rest_api_init,plugins\chroma-seo-pro-reset\inc\class-seo-dashboard.php,44,hook,registered,
wp_action,admin_init,plugins\chroma-seo-pro-reset\inc\class-seo-dashboard.php,45,hook,registered,
wp_action,transition_post_status,plugins\chroma-seo-pro-reset\inc\class-seo-dashboard.php,46,hook,registered,
enqueue,jquery,plugins\chroma-seo-pro-reset\inc\class-seo-dashboard.php,271,asset,registered,
enqueue,jquery-ui-tabs,plugins\chroma-seo-pro-reset\inc\class-seo-dashboard.php,272,asset,registered,
enqueue,jquery-ui-tooltip,plugins\chroma-seo-pro-reset\inc\class-seo-dashboard.php,273,asset,registered,
enqueue,google-charts,plugins\chroma-seo-pro-reset\inc\class-seo-dashboard.php,274,asset,registered,
wp_action,template_redirect,plugins\chroma-seo-pro-reset\inc\class-sitemap-integrator.php,19,hook,registered,
wp_action,template_redirect,plugins\chroma-seo-pro-reset\inc\class-sitemap-integrator.php,25,hook,registered,
wp_filter,wp_sitemaps_posts_query_args,plugins\chroma-seo-pro-reset\inc\class-sitemap-integrator.php,28,hook,registered,
wp_filter,redirect_canonical,plugins\chroma-seo-pro-reset\inc\class-sitemap-integrator.php,31,hook,registered,
wp_filter,wpseo_sitemap_index,plugins\chroma-seo-pro-reset\inc\class-sitemap-integrator.php,34,hook,registered,
wp_action,wp_head,plugins\chroma-seo-pro-reset\inc\class-theme-schema-compat.php,91,hook,registered,
wp_action,wp_head,plugins\chroma-seo-pro-reset\inc\class-theme-schema-compat.php,363,hook,registered,
wp_action,wp_head,plugins\chroma-seo-pro-reset\inc\class-theme-schema-compat.php,452,hook,registered,
wp_action,wp_head,plugins\chroma-seo-pro-reset\inc\class-theme-schema-compat.php,613,hook,registered,
wp_action,wp_head,plugins\chroma-seo-pro-reset\inc\class-theme-schema-compat.php,614,hook,registered,
wp_action,wp_head,plugins\chroma-seo-pro-reset\inc\class-theme-schema-compat.php,683,hook,registered,
wp_action,wp_head,plugins\chroma-seo-pro-reset\inc\class-theme-schema-compat.php,716,hook,registered,
wp_action,wp_head,plugins\chroma-seo-pro-reset\inc\class-theme-schema-compat.php,723,hook,registered,
wp_action,wp_head,plugins\chroma-seo-pro-reset\inc\class-theme-schema-compat.php,742,hook,registered,
rest_route,chroma/v1 /translations/(?P<id>\d+),plugins\chroma-seo-pro-reset\inc\class-translation-api.php,23,wordpress_rest,registered,
rest_route,chroma/v1 /translations,plugins\chroma-seo-pro-reset\inc\class-translation-api.php,48,wordpress_rest,registered,
rest_route,chroma/v1 /translate,plugins\chroma-seo-pro-reset\inc\class-translation-api.php,54,wordpress_rest,registered,
rest_route,chroma/v1 /stats,plugins\chroma-seo-pro-reset\inc\class-translation-api.php,60,wordpress_rest,registered,
wp_action,rest_api_init,plugins\chroma-seo-pro-reset\inc\class-translation-api.php,18,hook,registered,
wp_action,wp_ajax_chroma_auto_translate_post,plugins\chroma-seo-pro-reset\inc\class-translation-engine.php,22,hook,registered,
wp_action,init,plugins\chroma-seo-pro-reset\inc\endpoints\kml-endpoint.php,22,hook,registered,
wp_action,template_redirect,plugins\chroma-seo-pro-reset\inc\endpoints\kml-endpoint.php,23,hook,registered,
wp_action,add_meta_boxes,plugins\chroma-seo-pro-reset\inc\meta-boxes\class-location-advanced-schema.php,18,hook,registered,
wp_action,save_post_location,plugins\chroma-seo-pro-reset\inc\meta-boxes\class-location-advanced-schema.php,19,hook,registered,
wp_action,add_meta_boxes,plugins\chroma-seo-pro-reset\inc\meta-boxes\class-schema-editor-metabox.php,17,hook,registered,
wp_action,save_post,plugins\chroma-seo-pro-reset\inc\meta-boxes\class-schema-editor-metabox.php,18,hook,registered,
wp_action,admin_enqueue_scripts,plugins\chroma-seo-pro-reset\inc\meta-boxes\class-schema-editor-metabox.php,19,hook,registered,
wp_action,wp_ajax_chroma_get_translation_history,plugins\chroma-seo-pro-reset\inc\meta-boxes\class-spanish-content.php,673,hook,registered,
wp_action,wp_ajax_chroma_restore_translation,plugins\chroma-seo-pro-reset\inc\meta-boxes\class-spanish-content.php,674,hook,registered,
wp_action,after_setup_theme,plugins\chroma-seo-pro-reset\inc\seo-automations\bootstrap.php,53,hook,registered,
wp_action,init,plugins\chroma-seo-pro-reset\inc\seo-automations\bootstrap.php,99,hook,registered,
wp_action,wp_body_open,plugins\chroma-seo-pro-reset\inc\seo-automations\class-accessibility-seo.php,17,hook,registered,
wp_action,wp_head,plugins\chroma-seo-pro-reset\inc\seo-automations\class-accessibility-seo.php,18,hook,registered,
wp_action,admin_notices,plugins\chroma-seo-pro-reset\inc\seo-automations\class-accessibility-seo.php,21,hook,registered,
wp_filter,the_content,plugins\chroma-seo-pro-reset\inc\seo-automations\class-accessibility-seo.php,19,hook,registered,
wp_filter,post_thumbnail_html,plugins\chroma-seo-pro-reset\inc\seo-automations\class-accessibility-seo.php,20,hook,registered,
wp_action,wp_head,plugins\chroma-seo-pro-reset\inc\seo-automations\class-author-tags.php,17,hook,registered,
wp_filter,the_content,plugins\chroma-seo-pro-reset\inc\seo-automations\class-author-tags.php,18,hook,registered,
wp_action,wp_head,plugins\chroma-seo-pro-reset\inc\seo-automations\class-canonical-enforcer.php,42,hook,registered,
wp_action,template_redirect,plugins\chroma-seo-pro-reset\inc\seo-automations\class-canonical-enforcer.php,47,hook,registered,
wp_filter,wp_robots,plugins\chroma-seo-pro-reset\inc\seo-automations\class-canonical-enforcer.php,43,hook,registered,
wp_filter,wpseo_robots,plugins\chroma-seo-pro-reset\inc\seo-automations\class-canonical-enforcer.php,44,hook,registered,
wp_action,wp_ajax_chroma_combo_ai_generate,plugins\chroma-seo-pro-reset\inc\seo-automations\class-combo-ai-generator.php,17,hook,registered,
wp_action,wp_ajax_chroma_combo_ai_bulk_generate,plugins\chroma-seo-pro-reset\inc\seo-automations\class-combo-ai-generator.php,18,hook,registered,
wp_action,wp_ajax_chroma_combo_bulk_status,plugins\chroma-seo-pro-reset\inc\seo-automations\class-combo-ai-generator.php,19,hook,registered,
wp_action,wp_ajax_chroma_combo_save_data,plugins\chroma-seo-pro-reset\inc\seo-automations\class-combo-ai-generator.php,20,hook,registered,
wp_action,wp_ajax_chroma_combo_get_data,plugins\chroma-seo-pro-reset\inc\seo-automations\class-combo-ai-generator.php,21,hook,registered,
wp_action,wp_ajax_chroma_combo_ai_translate,plugins\chroma-seo-pro-reset\inc\seo-automations\class-combo-ai-generator.php,22,hook,registered,
wp_action,wp_ajax_chroma_combo_ai_bulk_translate,plugins\chroma-seo-pro-reset\inc\seo-automations\class-combo-ai-generator.php,23,hook,registered,
wp_action,chroma_after_program_content,plugins\chroma-seo-pro-reset\inc\seo-automations\class-combo-internal-links.php,18,hook,registered,
wp_action,chroma_after_city_content,plugins\chroma-seo-pro-reset\inc\seo-automations\class-combo-internal-links.php,21,hook,registered,
wp_filter,the_content,plugins\chroma-seo-pro-reset\inc\seo-automations\class-combo-internal-links.php,24,hook,registered,
wp_action,init,plugins\chroma-seo-pro-reset\inc\seo-automations\class-combo-page-generator.php,20,hook,registered,
wp_action,template_redirect,plugins\chroma-seo-pro-reset\inc\seo-automations\class-combo-page-generator.php,22,hook,registered,
wp_action,admin_menu,plugins\chroma-seo-pro-reset\inc\seo-automations\class-combo-page-generator.php,24,hook,registered,
wp_action,template_redirect,plugins\chroma-seo-pro-reset\inc\seo-automations\class-combo-page-generator.php,26,hook,registered,
wp_action,admin_init,plugins\chroma-seo-pro-reset\inc\seo-automations\class-combo-page-generator.php,1735,hook,registered,
wp_filter,query_vars,plugins\chroma-seo-pro-reset\inc\seo-automations\class-combo-page-generator.php,21,hook,registered,
wp_filter,wpseo_sitemap_index,plugins\chroma-seo-pro-reset\inc\seo-automations\class-combo-page-generator.php,27,hook,registered,
wp_filter,chroma_sitemap_urls,plugins\chroma-seo-pro-reset\inc\seo-automations\class-combo-page-generator.php,28,hook,registered,
wp_filter,body_class,plugins\chroma-seo-pro-reset\inc\seo-automations\class-combo-page-generator.php,142,hook,registered,
wp_filter,wpseo_title,plugins\chroma-seo-pro-reset\inc\seo-automations\class-combo-page-generator.php,174,hook,registered,
wp_filter,pre_get_document_title,plugins\chroma-seo-pro-reset\inc\seo-automations\class-combo-page-generator.php,177,hook,registered,
wp_filter,wpseo_metadesc,plugins\chroma-seo-pro-reset\inc\seo-automations\class-combo-page-generator.php,180,hook,registered,
wp_filter,wpseo_opengraph_desc,plugins\chroma-seo-pro-reset\inc\seo-automations\class-combo-page-generator.php,183,hook,registered,
wp_action,wp_head,plugins\chroma-seo-pro-reset\inc\seo-automations\class-credential-badges.php,52,hook,registered,
wp_filter,the_content,plugins\chroma-seo-pro-reset\inc\seo-automations\class-credential-badges.php,51,hook,registered,
shortcode,credential_badges,plugins\chroma-seo-pro-reset\inc\seo-automations\class-credential-badges.php,50,shortcode,registered,
wp_action,admin_menu,plugins\chroma-seo-pro-reset\inc\seo-automations\class-dynamic-titles.php,21,hook,registered,
wp_action,admin_init,plugins\chroma-seo-pro-reset\inc\seo-automations\class-dynamic-titles.php,22,hook,registered,
wp_filter,document_title_parts,plugins\chroma-seo-pro-reset\inc\seo-automations\class-dynamic-titles.php,19,hook,registered,
wp_filter,pre_get_document_title,plugins\chroma-seo-pro-reset\inc\seo-automations\class-dynamic-titles.php,20,hook,registered,
wp_action,wp_head,plugins\chroma-seo-pro-reset\inc\seo-automations\class-entity-seo.php,18,hook,registered,
wp_filter,the_content,plugins\chroma-seo-pro-reset\inc\seo-automations\class-entity-seo.php,19,hook,registered,
wp_action,wp_footer,plugins\chroma-seo-pro-reset\inc\seo-automations\class-footer-city-links.php,17,hook,registered,
wp_action,widgets_init,plugins\chroma-seo-pro-reset\inc\seo-automations\class-footer-city-links.php,18,hook,registered,
wp_action,save_post_location,plugins\chroma-seo-pro-reset\inc\seo-automations\class-footer-city-links.php,19,hook,registered,
shortcode,city_links,plugins\chroma-seo-pro-reset\inc\seo-automations\class-footer-city-links.php,231,shortcode,registered,
wp_action,wp_head,plugins\chroma-seo-pro-reset\inc\seo-automations\class-geographic-seo.php,17,hook,registered,
wp_action,init,plugins\chroma-seo-pro-reset\inc\seo-automations\class-geographic-seo.php,19,hook,registered,
wp_action,template_redirect,plugins\chroma-seo-pro-reset\inc\seo-automations\class-geographic-seo.php,21,hook,registered,
wp_action,admin_menu,plugins\chroma-seo-pro-reset\inc\seo-automations\class-geographic-seo.php,22,hook,registered,
wp_filter,query_vars,plugins\chroma-seo-pro-reset\inc\seo-automations\class-geographic-seo.php,20,hook,registered,
wp_filter,body_class,plugins\chroma-seo-pro-reset\inc\seo-automations\class-geographic-seo.php,233,hook,registered,
shortcode,nearest_location,plugins\chroma-seo-pro-reset\inc\seo-automations\class-geographic-seo.php,18,shortcode,registered,
wp_action,transition_post_status,plugins\chroma-seo-pro-reset\inc\seo-automations\class-indexnow.php,19,hook,registered,
wp_action,admin_init,plugins\chroma-seo-pro-reset\inc\seo-automations\class-indexnow.php,20,hook,registered,
wp_action,admin_menu,plugins\chroma-seo-pro-reset\inc\seo-automations\class-keyword-linker.php,21,hook,registered,
wp_action,admin_init,plugins\chroma-seo-pro-reset\inc\seo-automations\class-keyword-linker.php,22,hook,registered,
wp_filter,the_content,plugins\chroma-seo-pro-reset\inc\seo-automations\class-keyword-linker.php,20,hook,registered,
wp_action,admin_menu,plugins\chroma-seo-pro-reset\inc\seo-automations\class-link-equity-analyzer.php,17,hook,registered,
wp_action,wp_ajax_chroma_link_equity_ai_preview,plugins\chroma-seo-pro-reset\inc\seo-automations\class-link-equity-analyzer.php,483,hook,registered,
wp_action,wp_ajax_chroma_link_equity_ai_apply,plugins\chroma-seo-pro-reset\inc\seo-automations\class-link-equity-analyzer.php,533,hook,registered,
wp_action,init,plugins\chroma-seo-pro-reset\inc\seo-automations\class-near-me-pages.php,22,hook,registered,
wp_action,template_redirect,plugins\chroma-seo-pro-reset\inc\seo-automations\class-near-me-pages.php,24,hook,registered,
wp_action,wp_enqueue_scripts,plugins\chroma-seo-pro-reset\inc\seo-automations\class-near-me-pages.php,25,hook,registered,
wp_filter,query_vars,plugins\chroma-seo-pro-reset\inc\seo-automations\class-near-me-pages.php,23,hook,registered,
wp_filter,chroma_sitemap_urls,plugins\chroma-seo-pro-reset\inc\seo-automations\class-near-me-pages.php,26,hook,registered,
wp_filter,body_class,plugins\chroma-seo-pro-reset\inc\seo-automations\class-near-me-pages.php,110,hook,registered,
wp_filter,pre_get_document_title,plugins\chroma-seo-pro-reset\inc\seo-automations\class-near-me-pages.php,257,hook,registered,
wp_filter,wpseo_title,plugins\chroma-seo-pro-reset\inc\seo-automations\class-near-me-pages.php,261,hook,registered,
wp_filter,wpseo_metadesc,plugins\chroma-seo-pro-reset\inc\seo-automations\class-near-me-pages.php,265,hook,registered,
wp_filter,wpseo_opengraph_desc,plugins\chroma-seo-pro-reset\inc\seo-automations\class-near-me-pages.php,269,hook,registered,
wp_action,wp_enqueue_scripts,plugins\chroma-seo-pro-reset\inc\seo-automations\class-related-locations.php,18,hook,registered,
wp_filter,the_content,plugins\chroma-seo-pro-reset\inc\seo-automations\class-related-locations.php,17,hook,registered,
shortcode,related_locations,plugins\chroma-seo-pro-reset\inc\seo-automations\class-related-locations.php,220,shortcode,registered,
wp_filter,the_content,plugins\chroma-seo-pro-reset\inc\seo-automations\class-related-programs.php,17,hook,registered,
wp_action,wp_ajax_chroma_bulk_reset_schema,plugins\chroma-seo-pro-reset\inc\seo-automations\class-schema-bulk-ops.php,17,hook,registered,
wp_action,wp_ajax_chroma_bulk_reset_faq,plugins\chroma-seo-pro-reset\inc\seo-automations\class-schema-bulk-ops.php,18,hook,registered,
wp_action,wp_head,plugins\chroma-seo-pro-reset\inc\seo-automations\class-speculation-rules.php,17,hook,registered,
wp_action,template_redirect,plugins\chroma-seo-pro-reset\inc\seo-automations\class-url-consolidator.php,33,hook,registered,
wp_filter,wpseo_title,plugins\chroma-seo-pro-reset\inc\seo-automations\class-virtual-page-seo-data.php,130,hook,registered,
wp_filter,pre_get_document_title,plugins\chroma-seo-pro-reset\inc\seo-automations\class-virtual-page-seo-data.php,133,hook,registered,
wp_filter,wpseo_metadesc,plugins\chroma-seo-pro-reset\inc\seo-automations\class-virtual-page-seo-data.php,139,hook,registered,
wp_filter,wpseo_opengraph_desc,plugins\chroma-seo-pro-reset\inc\seo-automations\class-virtual-page-seo-data.php,142,hook,registered,
wp_filter,wpseo_robots,plugins\chroma-seo-pro-reset\inc\seo-automations\class-virtual-page-seo-data.php,148,hook,registered,
rest_route,chroma/v1 /citation-facts,plugins\chroma-seo-pro\inc\class-citation-datasets.php,177,wordpress_rest,registered,
wp_action,admin_menu,plugins\chroma-seo-pro\inc\class-citation-datasets.php,27,hook,registered,
wp_action,admin_init,plugins\chroma-seo-pro\inc\class-citation-datasets.php,28,hook,registered,
wp_action,rest_api_init,plugins\chroma-seo-pro\inc\class-citation-datasets.php,29,hook,registered,
template,404.php,chroma-excellence-theme/404.php,,theme,tracked,
template,archive-city.php,chroma-excellence-theme/archive-city.php,,theme,tracked,
template,archive-location.php,chroma-excellence-theme/archive-location.php,,theme,tracked,
template,archive-program.php,chroma-excellence-theme/archive-program.php,,theme,tracked,
template,fetch_jobs.php,chroma-excellence-theme/fetch_jobs.php,,theme,tracked,
template,fetch_jobs_wp.php,chroma-excellence-theme/fetch_jobs_wp.php,,theme,tracked,
template,footer.php,chroma-excellence-theme/footer.php,,theme,tracked,
template,front-page.php,chroma-excellence-theme/front-page.php,,theme,tracked,
template,functions.php,chroma-excellence-theme/functions.php,,theme,tracked,
template,generate-city-pages.php,chroma-excellence-theme/generate-city-pages.php,,theme,tracked,
template,header.php,chroma-excellence-theme/header.php,,theme,tracked,
template,about-page-meta.php,chroma-excellence-theme/inc/about-page-meta.php,,theme,tracked,
template,about-seo.php,chroma-excellence-theme/inc/about-seo.php,,theme,tracked,
template,acf-homepage.php,chroma-excellence-theme/inc/acf-homepage.php,,theme,tracked,
template,acf-options.php,chroma-excellence-theme/inc/acf-options.php,,theme,tracked,
template,class-menu-sync.php,chroma-excellence-theme/inc/admin/class-menu-sync.php,,theme,tracked,
template,archive-root-query-context.php,chroma-excellence-theme/inc/archive-root-query-context.php,,theme,tracked,
template,careers-page-meta.php,chroma-excellence-theme/inc/careers-page-meta.php,,theme,tracked,
template,chroma-booking-modal.php,chroma-excellence-theme/inc/chroma-booking-modal.php,,theme,tracked,
template,chroma-pdf-viewer.php,chroma-excellence-theme/inc/chroma-pdf-viewer.php,,theme,tracked,
template,city-slug-logic.php,chroma-excellence-theme/inc/city-slug-logic.php,,theme,tracked,
template,class-amp-blog.php,chroma-excellence-theme/inc/class-amp-blog.php,,theme,tracked,
template,class-branding-engine.php,chroma-excellence-theme/inc/class-branding-engine.php,,theme,tracked,
template,class-data-service.php,chroma-excellence-theme/inc/class-data-service.php,,theme,tracked,
template,class-program-enhancements.php,chroma-excellence-theme/inc/class-program-enhancements.php,,theme,tracked,
template,cleanup.php,chroma-excellence-theme/inc/cleanup.php,,theme,tracked,
template,contact-page-meta.php,chroma-excellence-theme/inc/contact-page-meta.php,,theme,tracked,
template,cpt-careers.php,chroma-excellence-theme/inc/cpt-careers.php,,theme,tracked,
template,cpt-cities.php,chroma-excellence-theme/inc/cpt-cities.php,,theme,tracked,
template,cpt-locations.php,chroma-excellence-theme/inc/cpt-locations.php,,theme,tracked,
template,cpt-programs.php,chroma-excellence-theme/inc/cpt-programs.php,,theme,tracked,
template,cpt-team-members.php,chroma-excellence-theme/inc/cpt-team-members.php,,theme,tracked,
template,critical-css.php,chroma-excellence-theme/inc/critical-css.php,,theme,tracked,
template,curriculum-page-meta.php,chroma-excellence-theme/inc/curriculum-page-meta.php,,theme,tracked,
template,customizer-footer.php,chroma-excellence-theme/inc/customizer-footer.php,,theme,tracked,
template,customizer-header.php,chroma-excellence-theme/inc/customizer-header.php,,theme,tracked,
template,customizer-home.php,chroma-excellence-theme/inc/customizer-home.php,,theme,tracked,
template,customizer-locations.php,chroma-excellence-theme/inc/customizer-locations.php,,theme,tracked,
template,customizer-scripts.php,chroma-excellence-theme/inc/customizer-scripts.php,,theme,tracked,
template,customizer-seo.php,chroma-excellence-theme/inc/customizer-seo.php,,theme,tracked,
template,dynamic-links.php,chroma-excellence-theme/inc/dynamic-links.php,,theme,tracked,
template,early-start-program-meta.php,chroma-excellence-theme/inc/early-start-program-meta.php,,theme,tracked,
template,employers-page-meta.php,chroma-excellence-theme/inc/employers-page-meta.php,,theme,tracked,
template,enqueue.php,chroma-excellence-theme/inc/enqueue.php,,theme,tracked,
template,force-trailing-slashes.php,chroma-excellence-theme/inc/force-trailing-slashes.php,,theme,tracked,
template,general-seo-meta.php,chroma-excellence-theme/inc/general-seo-meta.php,,theme,tracked,
template,home-page-meta.php,chroma-excellence-theme/inc/home-page-meta.php,,theme,tracked,
template,class-post-newsroom.php,chroma-excellence-theme/inc/meta-boxes/class-post-newsroom.php,,theme,tracked,
template,monthly-seo-cron.php,chroma-excellence-theme/inc/monthly-seo-cron.php,,theme,tracked,
template,nav-menus.php,chroma-excellence-theme/inc/nav-menus.php,,theme,tracked,
template,parents-page-meta.php,chroma-excellence-theme/inc/parents-page-meta.php,,theme,tracked,
template,performance-optimizations.php,chroma-excellence-theme/inc/performance-optimizations.php,,theme,tracked,
template,privacy-page-meta.php,chroma-excellence-theme/inc/privacy-page-meta.php,,theme,tracked,
template,program-settings.php,chroma-excellence-theme/inc/program-settings.php,,theme,tracked,
template,schema-meta-boxes.php,chroma-excellence-theme/inc/schema-meta-boxes.php,,theme,tracked,
template,security.php,chroma-excellence-theme/inc/security.php,,theme,tracked,
template,seo-keywords-data.php,chroma-excellence-theme/inc/seo-keywords-data.php,,theme,tracked,
template,seo-profile.php,chroma-excellence-theme/inc/seo-profile.php,,theme,tracked,
template,seo-runtime.php,chroma-excellence-theme/inc/seo-runtime.php,,theme,tracked,
template,setup.php,chroma-excellence-theme/inc/setup.php,,theme,tracked,
template,spanish-variant-generator.php,chroma-excellence-theme/inc/spanish-variant-generator.php,,theme,tracked,
template,stories-page-meta.php,chroma-excellence-theme/inc/stories-page-meta.php,,theme,tracked,
template,tailwind-safelist.php,chroma-excellence-theme/inc/tailwind-safelist.php,,theme,tracked,
template,template-tags.php,chroma-excellence-theme/inc/template-tags.php,,theme,tracked,
template,translation-helpers.php,chroma-excellence-theme/inc/translation-helpers.php,,theme,tracked,
template,index.php,chroma-excellence-theme/index.php,,theme,tracked,
template,page-about.php,chroma-excellence-theme/page-about.php,,theme,tracked,
template,page-acquisitions.php,chroma-excellence-theme/page-acquisitions.php,,theme,tracked,
template,page-careers.php,chroma-excellence-theme/page-careers.php,,theme,tracked,
template,page-contact.php,chroma-excellence-theme/page-contact.php,,theme,tracked,
template,page-curriculum.php,chroma-excellence-theme/page-curriculum.php,,theme,tracked,
template,page-early-start.php,chroma-excellence-theme/page-early-start.php,,theme,tracked,
template,page-employers.php,chroma-excellence-theme/page-employers.php,,theme,tracked,
template,page-locations.php,chroma-excellence-theme/page-locations.php,,theme,tracked,
template,page-newsroom.php,chroma-excellence-theme/page-newsroom.php,,theme,tracked,
template,page-parents.php,chroma-excellence-theme/page-parents.php,,theme,tracked,
template,page-privacy.php,chroma-excellence-theme/page-privacy.php,,theme,tracked,
template,page-programs.php,chroma-excellence-theme/page-programs.php,,theme,tracked,
template,page-schedule-tour.php,chroma-excellence-theme/page-schedule-tour.php,,theme,tracked,
template,page-stories.php,chroma-excellence-theme/page-stories.php,,theme,tracked,
template,page-summer-camp.php,chroma-excellence-theme/page-summer-camp.php,,theme,tracked,
template,page-terms.php,chroma-excellence-theme/page-terms.php,,theme,tracked,
template,page.php,chroma-excellence-theme/page.php,,theme,tracked,
template,searchform.php,chroma-excellence-theme/searchform.php,,theme,tracked,
template,single-city.php,chroma-excellence-theme/single-city.php,,theme,tracked,
template,single-location.php,chroma-excellence-theme/single-location.php,,theme,tracked,
template,single-program.php,chroma-excellence-theme/single-program.php,,theme,tracked,
template,single.php,chroma-excellence-theme/single.php,,theme,tracked,
template,template-legal-hipaa-notice.php,chroma-excellence-theme/template-legal-hipaa-notice.php,,theme,tracked,
template,template-legal-privacy-policy.php,chroma-excellence-theme/template-legal-privacy-policy.php,,theme,tracked,
template,template-legal-terms-of-use.php,chroma-excellence-theme/template-legal-terms-of-use.php,,theme,tracked,
template,curriculum-chart.php,chroma-excellence-theme/template-parts/home/curriculum-chart.php,,theme,tracked,
template,curriculum.php,chroma-excellence-theme/template-parts/home/curriculum.php,,theme,tracked,
template,faq.php,chroma-excellence-theme/template-parts/home/faq.php,,theme,tracked,
template,hero.php,chroma-excellence-theme/template-parts/home/hero.php,,theme,tracked,
template,locations-preview.php,chroma-excellence-theme/template-parts/home/locations-preview.php,,theme,tracked,
template,parent-reviews.php,chroma-excellence-theme/template-parts/home/parent-reviews.php,,theme,tracked,
template,prismpath-expertise.php,chroma-excellence-theme/template-parts/home/prismpath-expertise.php,,theme,tracked,
template,programs-preview.php,chroma-excellence-theme/template-parts/home/programs-preview.php,,theme,tracked,
template,programs-wizard.php,chroma-excellence-theme/template-parts/home/programs-wizard.php,,theme,tracked,
template,schedule-tabs.php,chroma-excellence-theme/template-parts/home/schedule-tabs.php,,theme,tracked,
template,stats-strip.php,chroma-excellence-theme/template-parts/home/stats-strip.php,,theme,tracked,
template,tour-cta.php,chroma-excellence-theme/template-parts/home/tour-cta.php,,theme,tracked,
template,template-program-early-start.php,chroma-excellence-theme/template-program-early-start.php,,theme,tracked,
template,template-program-kindergarten.php,chroma-excellence-theme/template-program-kindergarten.php,,theme,tracked,
template,template-program-rising-kindergarten.php,chroma-excellence-theme/template-program-rising-kindergarten.php,,theme,tracked,
template,template-program-rising-prek.php,chroma-excellence-theme/template-program-rising-prek.php,,theme,tracked,
package_manifest,chroma-excellence-theme/package.json,chroma-excellence-theme/package.json,,node,tracked,
package_manifest,director-portal/package.json,director-portal/package.json,,node,tracked,
package_manifest,lighthouse-automation/node_modules/@formatjs/ecma402-abstract/package.json,lighthouse-automation/node_modules/@formatjs/ecma402-abstract/package.json,,node,tracked,
package_manifest,lighthouse-automation/node_modules/@formatjs/fast-memoize/package.json,lighthouse-automation/node_modules/@formatjs/fast-memoize/package.json,,node,tracked,
package_manifest,lighthouse-automation/node_modules/@formatjs/icu-messageformat-parser/package.json,lighthouse-automation/node_modules/@formatjs/icu-messageformat-parser/package.json,,node,tracked,
package_manifest,lighthouse-automation/node_modules/@formatjs/icu-skeleton-parser/package.json,lighthouse-automation/node_modules/@formatjs/icu-skeleton-parser/package.json,,node,tracked,
package_manifest,lighthouse-automation/node_modules/@formatjs/intl-localematcher/package.json,lighthouse-automation/node_modules/@formatjs/intl-localematcher/package.json,,node,tracked,
package_manifest,lighthouse-automation/node_modules/@opentelemetry/api-logs/package.json,lighthouse-automation/node_modules/@opentelemetry/api-logs/package.json,,node,tracked,
package_manifest,lighthouse-automation/node_modules/@opentelemetry/api/package.json,lighthouse-automation/node_modules/@opentelemetry/api/package.json,,node,tracked,
package_manifest,lighthouse-automation/node_modules/@opentelemetry/context-async-hooks/package.json,lighthouse-automation/node_modules/@opentelemetry/context-async-hooks/package.json,,node,tracked,
package_manifest,lighthouse-automation/node_modules/@opentelemetry/core/node_modules/@opentelemetry/semantic-conventions/package.json,lighthouse-automation/node_modules/@opentelemetry/core/node_modules/@opentelemetry/semantic-conventions/package.json,,node,tracked,
package_manifest,lighthouse-automation/node_modules/@opentelemetry/core/package.json,lighthouse-automation/node_modules/@opentelemetry/core/package.json,,node,tracked,
package_manifest,lighthouse-automation/node_modules/@opentelemetry/instrumentation-amqplib/package.json,lighthouse-automation/node_modules/@opentelemetry/instrumentation-amqplib/package.json,,node,tracked,
package_manifest,lighthouse-automation/node_modules/@opentelemetry/instrumentation-connect/package.json,lighthouse-automation/node_modules/@opentelemetry/instrumentation-connect/package.json,,node,tracked,
package_manifest,lighthouse-automation/node_modules/@opentelemetry/instrumentation-dataloader/package.json,lighthouse-automation/node_modules/@opentelemetry/instrumentation-dataloader/package.json,,node,tracked,
package_manifest,lighthouse-automation/node_modules/@opentelemetry/instrumentation-express/package.json,lighthouse-automation/node_modules/@opentelemetry/instrumentation-express/package.json,,node,tracked,
package_manifest,lighthouse-automation/node_modules/@opentelemetry/instrumentation-fs/package.json,lighthouse-automation/node_modules/@opentelemetry/instrumentation-fs/package.json,,node,tracked,
package_manifest,lighthouse-automation/node_modules/@opentelemetry/instrumentation-generic-pool/package.json,lighthouse-automation/node_modules/@opentelemetry/instrumentation-generic-pool/package.json,,node,tracked,
package_manifest,lighthouse-automation/node_modules/@opentelemetry/instrumentation-graphql/package.json,lighthouse-automation/node_modules/@opentelemetry/instrumentation-graphql/package.json,,node,tracked,
package_manifest,lighthouse-automation/node_modules/@opentelemetry/instrumentation-hapi/package.json,lighthouse-automation/node_modules/@opentelemetry/instrumentation-hapi/package.json,,node,tracked,
package_manifest,lighthouse-automation/node_modules/@opentelemetry/instrumentation-http/node_modules/@opentelemetry/semantic-conventions/package.json,lighthouse-automation/node_modules/@opentelemetry/instrumentation-http/node_modules/@opentelemetry/semantic-conventions/package.json,,node,tracked,
package_manifest,lighthouse-automation/node_modules/@opentelemetry/instrumentation-http/package.json,lighthouse-automation/node_modules/@opentelemetry/instrumentation-http/package.json,,node,tracked,
package_manifest,lighthouse-automation/node_modules/@opentelemetry/instrumentation-ioredis/package.json,lighthouse-automation/node_modules/@opentelemetry/instrumentation-ioredis/package.json,,node,tracked,
package_manifest,lighthouse-automation/node_modules/@opentelemetry/instrumentation-kafkajs/package.json,lighthouse-automation/node_modules/@opentelemetry/instrumentation-kafkajs/package.json,,node,tracked,
package_manifest,lighthouse-automation/node_modules/@opentelemetry/instrumentation-knex/package.json,lighthouse-automation/node_modules/@opentelemetry/instrumentation-knex/package.json,,node,tracked,
package_manifest,lighthouse-automation/node_modules/@opentelemetry/instrumentation-koa/package.json,lighthouse-automation/node_modules/@opentelemetry/instrumentation-koa/package.json,,node,tracked,
package_manifest,lighthouse-automation/node_modules/@opentelemetry/instrumentation-lru-memoizer/package.json,lighthouse-automation/node_modules/@opentelemetry/instrumentation-lru-memoizer/package.json,,node,tracked,
package_manifest,lighthouse-automation/node_modules/@opentelemetry/instrumentation-mongodb/package.json,lighthouse-automation/node_modules/@opentelemetry/instrumentation-mongodb/package.json,,node,tracked,
package_manifest,lighthouse-automation/node_modules/@opentelemetry/instrumentation-mongoose/package.json,lighthouse-automation/node_modules/@opentelemetry/instrumentation-mongoose/package.json,,node,tracked,
package_manifest,lighthouse-automation/node_modules/@opentelemetry/instrumentation-mysql/package.json,lighthouse-automation/node_modules/@opentelemetry/instrumentation-mysql/package.json,,node,tracked,
package_manifest,lighthouse-automation/node_modules/@opentelemetry/instrumentation-mysql2/package.json,lighthouse-automation/node_modules/@opentelemetry/instrumentation-mysql2/package.json,,node,tracked,
package_manifest,lighthouse-automation/node_modules/@opentelemetry/instrumentation-pg/package.json,lighthouse-automation/node_modules/@opentelemetry/instrumentation-pg/package.json,,node,tracked,
package_manifest,lighthouse-automation/node_modules/@opentelemetry/instrumentation-redis-4/package.json,lighthouse-automation/node_modules/@opentelemetry/instrumentation-redis-4/package.json,,node,tracked,
package_manifest,lighthouse-automation/node_modules/@opentelemetry/instrumentation-tedious/package.json,lighthouse-automation/node_modules/@opentelemetry/instrumentation-tedious/package.json,,node,tracked,
package_manifest,lighthouse-automation/node_modules/@opentelemetry/instrumentation-undici/package.json,lighthouse-automation/node_modules/@opentelemetry/instrumentation-undici/package.json,,node,tracked,
package_manifest,lighthouse-automation/node_modules/@opentelemetry/instrumentation/package.json,lighthouse-automation/node_modules/@opentelemetry/instrumentation/package.json,,node,tracked,
package_manifest,lighthouse-automation/node_modules/@opentelemetry/redis-common/package.json,lighthouse-automation/node_modules/@opentelemetry/redis-common/package.json,,node,tracked,
package_manifest,lighthouse-automation/node_modules/@opentelemetry/resources/node_modules/@opentelemetry/semantic-conventions/package.json,lighthouse-automation/node_modules/@opentelemetry/resources/node_modules/@opentelemetry/semantic-conventions/package.json,,node,tracked,
package_manifest,lighthouse-automation/node_modules/@opentelemetry/resources/package.json,lighthouse-automation/node_modules/@opentelemetry/resources/package.json,,node,tracked,
package_manifest,lighthouse-automation/node_modules/@opentelemetry/sdk-trace-base/node_modules/@opentelemetry/semantic-conventions/package.json,lighthouse-automation/node_modules/@opentelemetry/sdk-trace-base/node_modules/@opentelemetry/semantic-conventions/package.json,,node,tracked,
package_manifest,lighthouse-automation/node_modules/@opentelemetry/sdk-trace-base/package.json,lighthouse-automation/node_modules/@opentelemetry/sdk-trace-base/package.json,,node,tracked,
package_manifest,lighthouse-automation/node_modules/@opentelemetry/semantic-conventions/package.json,lighthouse-automation/node_modules/@opentelemetry/semantic-conventions/package.json,,node,tracked,
package_manifest,lighthouse-automation/node_modules/@opentelemetry/sql-common/package.json,lighthouse-automation/node_modules/@opentelemetry/sql-common/package.json,,node,tracked,
package_manifest,lighthouse-automation/node_modules/@paulirish/trace_engine/package.json,lighthouse-automation/node_modules/@paulirish/trace_engine/package.json,,node,tracked,
package_manifest,lighthouse-automation/node_modules/@prisma/instrumentation/package.json,lighthouse-automation/node_modules/@prisma/instrumentation/package.json,,node,tracked,
package_manifest,lighthouse-automation/node_modules/@puppeteer/browsers/lib/esm/package.json,lighthouse-automation/node_modules/@puppeteer/browsers/lib/esm/package.json,,node,tracked,
package_manifest,lighthouse-automation/node_modules/@puppeteer/browsers/package.json,lighthouse-automation/node_modules/@puppeteer/browsers/package.json,,node,tracked,
package_manifest,lighthouse-automation/node_modules/@sentry/core/build/esm/package.json,lighthouse-automation/node_modules/@sentry/core/build/esm/package.json,,node,tracked,
package_manifest,lighthouse-automation/node_modules/@sentry/core/package.json,lighthouse-automation/node_modules/@sentry/core/package.json,,node,tracked,
package_manifest,lighthouse-automation/node_modules/@sentry/node-core/build/esm/package.json,lighthouse-automation/node_modules/@sentry/node-core/build/esm/package.json,,node,tracked,
package_manifest,lighthouse-automation/node_modules/@sentry/node-core/package.json,lighthouse-automation/node_modules/@sentry/node-core/package.json,,node,tracked,
package_manifest,lighthouse-automation/node_modules/@sentry/node/build/esm/package.json,lighthouse-automation/node_modules/@sentry/node/build/esm/package.json,,node,tracked,
package_manifest,lighthouse-automation/node_modules/@sentry/node/package.json,lighthouse-automation/node_modules/@sentry/node/package.json,,node,tracked,
package_manifest,lighthouse-automation/node_modules/@sentry/opentelemetry/build/esm/package.json,lighthouse-automation/node_modules/@sentry/opentelemetry/build/esm/package.json,,node,tracked,
package_manifest,lighthouse-automation/node_modules/@sentry/opentelemetry/package.json,lighthouse-automation/node_modules/@sentry/opentelemetry/package.json,,node,tracked,
package_manifest,lighthouse-automation/node_modules/@tootallnate/quickjs-emscripten/package.json,lighthouse-automation/node_modules/@tootallnate/quickjs-emscripten/package.json,,node,tracked,
package_manifest,lighthouse-automation/node_modules/@types/connect/package.json,lighthouse-automation/node_modules/@types/connect/package.json,,node,tracked,
package_manifest,lighthouse-automation/node_modules/@types/mysql/package.json,lighthouse-automation/node_modules/@types/mysql/package.json,,node,tracked,
package_manifest,lighthouse-automation/node_modules/@types/node/package.json,lighthouse-automation/node_modules/@types/node/package.json,,node,tracked,
package_manifest,lighthouse-automation/node_modules/@types/pg-pool/package.json,lighthouse-automation/node_modules/@types/pg-pool/package.json,,node,tracked,
package_manifest,lighthouse-automation/node_modules/@types/pg/package.json,lighthouse-automation/node_modules/@types/pg/package.json,,node,tracked,
package_manifest,lighthouse-automation/node_modules/@types/shimmer/package.json,lighthouse-automation/node_modules/@types/shimmer/package.json,,node,tracked,
package_manifest,lighthouse-automation/node_modules/@types/tedious/package.json,lighthouse-automation/node_modules/@types/tedious/package.json,,node,tracked,
package_manifest,lighthouse-automation/node_modules/@types/yauzl/package.json,lighthouse-automation/node_modules/@types/yauzl/package.json,,node,tracked,
package_manifest,lighthouse-automation/node_modules/acorn-import-attributes/package.json,lighthouse-automation/node_modules/acorn-import-attributes/package.json,,node,tracked,
package_manifest,lighthouse-automation/node_modules/acorn/package.json,lighthouse-automation/node_modules/acorn/package.json,,node,tracked,
package_manifest,lighthouse-automation/node_modules/agent-base/package.json,lighthouse-automation/node_modules/agent-base/package.json,,node,tracked,
package_manifest,lighthouse-automation/node_modules/ansi-colors/package.json,lighthouse-automation/node_modules/ansi-colors/package.json,,node,tracked,
package_manifest,lighthouse-automation/node_modules/ansi-regex/package.json,lighthouse-automation/node_modules/ansi-regex/package.json,,node,tracked,
package_manifest,lighthouse-automation/node_modules/ansi-styles/package.json,lighthouse-automation/node_modules/ansi-styles/package.json,,node,tracked,
package_manifest,lighthouse-automation/node_modules/ast-types/package.json,lighthouse-automation/node_modules/ast-types/package.json,,node,tracked,
package_manifest,lighthouse-automation/node_modules/asynckit/package.json,lighthouse-automation/node_modules/asynckit/package.json,,node,tracked,
package_manifest,lighthouse-automation/node_modules/atomically/package.json,lighthouse-automation/node_modules/atomically/package.json,,node,tracked,
package_manifest,lighthouse-automation/node_modules/axe-core/package.json,lighthouse-automation/node_modules/axe-core/package.json,,node,tracked,
package_manifest,lighthouse-automation/node_modules/axios/package.json,lighthouse-automation/node_modules/axios/package.json,,node,tracked,
package_manifest,lighthouse-automation/node_modules/b4a/package.json,lighthouse-automation/node_modules/b4a/package.json,,node,tracked,
package_manifest,lighthouse-automation/node_modules/balanced-match/package.json,lighthouse-automation/node_modules/balanced-match/package.json,,node,tracked,
package_manifest,lighthouse-automation/node_modules/bare-events/package.json,lighthouse-automation/node_modules/bare-events/package.json,,node,tracked,
package_manifest,lighthouse-automation/node_modules/bare-fs/package.json,lighthouse-automation/node_modules/bare-fs/package.json,,node,tracked,
package_manifest,lighthouse-automation/node_modules/bare-os/package.json,lighthouse-automation/node_modules/bare-os/package.json,,node,tracked,
package_manifest,lighthouse-automation/node_modules/bare-path/package.json,lighthouse-automation/node_modules/bare-path/package.json,,node,tracked,
package_manifest,lighthouse-automation/node_modules/bare-stream/package.json,lighthouse-automation/node_modules/bare-stream/package.json,,node,tracked,
package_manifest,lighthouse-automation/node_modules/bare-url/package.json,lighthouse-automation/node_modules/bare-url/package.json,,node,tracked,
package_manifest,lighthouse-automation/node_modules/basic-ftp/package.json,lighthouse-automation/node_modules/basic-ftp/package.json,,node,tracked,
package_manifest,lighthouse-automation/node_modules/brace-expansion/package.json,lighthouse-automation/node_modules/brace-expansion/package.json,,node,tracked,
package_manifest,lighthouse-automation/node_modules/buffer-crc32/package.json,lighthouse-automation/node_modules/buffer-crc32/package.json,,node,tracked,
package_manifest,lighthouse-automation/node_modules/call-bind-apply-helpers/package.json,lighthouse-automation/node_modules/call-bind-apply-helpers/package.json,,node,tracked,
package_manifest,lighthouse-automation/node_modules/chrome-launcher/package.json,lighthouse-automation/node_modules/chrome-launcher/package.json,,node,tracked,
package_manifest,lighthouse-automation/node_modules/chromium-bidi/lib/esm/package.json,lighthouse-automation/node_modules/chromium-bidi/lib/esm/package.json,,node,tracked,
package_manifest,lighthouse-automation/node_modules/chromium-bidi/package.json,lighthouse-automation/node_modules/chromium-bidi/package.json,,node,tracked,
package_manifest,lighthouse-automation/node_modules/cjs-module-lexer/package.json,lighthouse-automation/node_modules/cjs-module-lexer/package.json,,node,tracked,
package_manifest,lighthouse-automation/node_modules/cliui/package.json,lighthouse-automation/node_modules/cliui/package.json,,node,tracked,
package_manifest,lighthouse-automation/node_modules/color-convert/package.json,lighthouse-automation/node_modules/color-convert/package.json,,node,tracked,
package_manifest,lighthouse-automation/node_modules/color-name/package.json,lighthouse-automation/node_modules/color-name/package.json,,node,tracked,
package_manifest,lighthouse-automation/node_modules/combined-stream/package.json,lighthouse-automation/node_modules/combined-stream/package.json,,node,tracked,
package_manifest,lighthouse-automation/node_modules/configstore/package.json,lighthouse-automation/node_modules/configstore/package.json,,node,tracked,
package_manifest,lighthouse-automation/node_modules/csp_evaluator/package.json,lighthouse-automation/node_modules/csp_evaluator/package.json,,node,tracked,
package_manifest,lighthouse-automation/node_modules/data-uri-to-buffer/package.json,lighthouse-automation/node_modules/data-uri-to-buffer/package.json,,node,tracked,
package_manifest,lighthouse-automation/node_modules/debug/package.json,lighthouse-automation/node_modules/debug/package.json,,node,tracked,
package_manifest,lighthouse-automation/node_modules/decimal.js/package.json,lighthouse-automation/node_modules/decimal.js/package.json,,node,tracked,
package_manifest,lighthouse-automation/node_modules/define-lazy-prop/package.json,lighthouse-automation/node_modules/define-lazy-prop/package.json,,node,tracked,
package_manifest,lighthouse-automation/node_modules/degenerator/package.json,lighthouse-automation/node_modules/degenerator/package.json,,node,tracked,
package_manifest,lighthouse-automation/node_modules/delayed-stream/package.json,lighthouse-automation/node_modules/delayed-stream/package.json,,node,tracked,
package_manifest,lighthouse-automation/node_modules/devtools-protocol/package.json,lighthouse-automation/node_modules/devtools-protocol/package.json,,node,tracked,
package_manifest,lighthouse-automation/node_modules/dot-prop/package.json,lighthouse-automation/node_modules/dot-prop/package.json,,node,tracked,
package_manifest,lighthouse-automation/node_modules/dunder-proto/package.json,lighthouse-automation/node_modules/dunder-proto/package.json,,node,tracked,
package_manifest,lighthouse-automation/node_modules/emoji-regex/package.json,lighthouse-automation/node_modules/emoji-regex/package.json,,node,tracked,
package_manifest,lighthouse-automation/node_modules/end-of-stream/package.json,lighthouse-automation/node_modules/end-of-stream/package.json,,node,tracked,
package_manifest,lighthouse-automation/node_modules/enquirer/package.json,lighthouse-automation/node_modules/enquirer/package.json,,node,tracked,
package_manifest,lighthouse-automation/node_modules/es-define-property/package.json,lighthouse-automation/node_modules/es-define-property/package.json,,node,tracked,
package_manifest,lighthouse-automation/node_modules/es-errors/package.json,lighthouse-automation/node_modules/es-errors/package.json,,node,tracked,
package_manifest,lighthouse-automation/node_modules/es-object-atoms/package.json,lighthouse-automation/node_modules/es-object-atoms/package.json,,node,tracked,
package_manifest,lighthouse-automation/node_modules/es-set-tostringtag/package.json,lighthouse-automation/node_modules/es-set-tostringtag/package.json,,node,tracked,
package_manifest,lighthouse-automation/node_modules/escalade/package.json,lighthouse-automation/node_modules/escalade/package.json,,node,tracked,
package_manifest,lighthouse-automation/node_modules/escape-string-regexp/package.json,lighthouse-automation/node_modules/escape-string-regexp/package.json,,node,tracked,
package_manifest,lighthouse-automation/node_modules/escodegen/package.json,lighthouse-automation/node_modules/escodegen/package.json,,node,tracked,
package_manifest,lighthouse-automation/node_modules/esprima/package.json,lighthouse-automation/node_modules/esprima/package.json,,node,tracked,
package_manifest,lighthouse-automation/node_modules/estraverse/package.json,lighthouse-automation/node_modules/estraverse/package.json,,node,tracked,
package_manifest,lighthouse-automation/node_modules/esutils/package.json,lighthouse-automation/node_modules/esutils/package.json,,node,tracked,
package_manifest,lighthouse-automation/node_modules/events-universal/package.json,lighthouse-automation/node_modules/events-universal/package.json,,node,tracked,
package_manifest,lighthouse-automation/node_modules/extract-zip/package.json,lighthouse-automation/node_modules/extract-zip/package.json,,node,tracked,
package_manifest,lighthouse-automation/node_modules/fast-fifo/package.json,lighthouse-automation/node_modules/fast-fifo/package.json,,node,tracked,
package_manifest,lighthouse-automation/node_modules/fast-xml-parser/package.json,lighthouse-automation/node_modules/fast-xml-parser/package.json,,node,tracked,
package_manifest,lighthouse-automation/node_modules/fd-slicer/package.json,lighthouse-automation/node_modules/fd-slicer/package.json,,node,tracked,
package_manifest,lighthouse-automation/node_modules/follow-redirects/package.json,lighthouse-automation/node_modules/follow-redirects/package.json,,node,tracked,
package_manifest,lighthouse-automation/node_modules/form-data/package.json,lighthouse-automation/node_modules/form-data/package.json,,node,tracked,
package_manifest,lighthouse-automation/node_modules/forwarded-parse/package.json,lighthouse-automation/node_modules/forwarded-parse/package.json,,node,tracked,
package_manifest,lighthouse-automation/node_modules/function-bind/package.json,lighthouse-automation/node_modules/function-bind/package.json,,node,tracked,
package_manifest,lighthouse-automation/node_modules/get-caller-file/package.json,lighthouse-automation/node_modules/get-caller-file/package.json,,node,tracked,
package_manifest,lighthouse-automation/node_modules/get-intrinsic/package.json,lighthouse-automation/node_modules/get-intrinsic/package.json,,node,tracked,
package_manifest,lighthouse-automation/node_modules/get-proto/package.json,lighthouse-automation/node_modules/get-proto/package.json,,node,tracked,
package_manifest,lighthouse-automation/node_modules/get-stream/package.json,lighthouse-automation/node_modules/get-stream/package.json,,node,tracked,
package_manifest,lighthouse-automation/node_modules/get-uri/package.json,lighthouse-automation/node_modules/get-uri/package.json,,node,tracked,
package_manifest,lighthouse-automation/node_modules/gopd/package.json,lighthouse-automation/node_modules/gopd/package.json,,node,tracked,
package_manifest,lighthouse-automation/node_modules/graceful-fs/package.json,lighthouse-automation/node_modules/graceful-fs/package.json,,node,tracked,
package_manifest,lighthouse-automation/node_modules/has-symbols/package.json,lighthouse-automation/node_modules/has-symbols/package.json,,node,tracked,
package_manifest,lighthouse-automation/node_modules/has-tostringtag/package.json,lighthouse-automation/node_modules/has-tostringtag/package.json,,node,tracked,
package_manifest,lighthouse-automation/node_modules/hasown/package.json,lighthouse-automation/node_modules/hasown/package.json,,node,tracked,
package_manifest,lighthouse-automation/node_modules/http-link-header/package.json,lighthouse-automation/node_modules/http-link-header/package.json,,node,tracked,
package_manifest,lighthouse-automation/node_modules/http-proxy-agent/package.json,lighthouse-automation/node_modules/http-proxy-agent/package.json,,node,tracked,
package_manifest,lighthouse-automation/node_modules/https-proxy-agent/package.json,lighthouse-automation/node_modules/https-proxy-agent/package.json,,node,tracked,
package_manifest,lighthouse-automation/node_modules/image-ssim/package.json,lighthouse-automation/node_modules/image-ssim/package.json,,node,tracked,
package_manifest,lighthouse-automation/node_modules/import-in-the-middle/package.json,lighthouse-automation/node_modules/import-in-the-middle/package.json,,node,tracked,
package_manifest,lighthouse-automation/node_modules/import-in-the-middle/test/fixtures/package.json,lighthouse-automation/node_modules/import-in-the-middle/test/fixtures/package.json,,node,tracked,
package_manifest,lighthouse-automation/node_modules/intl-messageformat/package.json,lighthouse-automation/node_modules/intl-messageformat/package.json,,node,tracked,
package_manifest,lighthouse-automation/node_modules/ip-address/package.json,lighthouse-automation/node_modules/ip-address/package.json,,node,tracked,
package_manifest,lighthouse-automation/node_modules/is-core-module/package.json,lighthouse-automation/node_modules/is-core-module/package.json,,node,tracked,
package_manifest,lighthouse-automation/node_modules/is-docker/package.json,lighthouse-automation/node_modules/is-docker/package.json,,node,tracked,
package_manifest,lighthouse-automation/node_modules/is-fullwidth-code-point/package.json,lighthouse-automation/node_modules/is-fullwidth-code-point/package.json,,node,tracked,
package_manifest,lighthouse-automation/node_modules/is-wsl/package.json,lighthouse-automation/node_modules/is-wsl/package.json,,node,tracked,
package_manifest,lighthouse-automation/node_modules/jpeg-js/package.json,lighthouse-automation/node_modules/jpeg-js/package.json,,node,tracked,
package_manifest,lighthouse-automation/node_modules/js-library-detector/package.json,lighthouse-automation/node_modules/js-library-detector/package.json,,node,tracked,
package_manifest,lighthouse-automation/node_modules/legacy-javascript/package.json,lighthouse-automation/node_modules/legacy-javascript/package.json,,node,tracked,
package_manifest,lighthouse-automation/node_modules/lighthouse-logger/package.json,lighthouse-automation/node_modules/lighthouse-logger/package.json,,node,tracked,
package_manifest,lighthouse-automation/node_modules/lighthouse-stack-packs/package.json,lighthouse-automation/node_modules/lighthouse-stack-packs/package.json,,node,tracked,
package_manifest,lighthouse-automation/node_modules/lighthouse/core/lib/cdt/package.json,lighthouse-automation/node_modules/lighthouse/core/lib/cdt/package.json,,node,tracked,
package_manifest,lighthouse-automation/node_modules/lighthouse/core/lib/legacy-javascript/package.json,lighthouse-automation/node_modules/lighthouse/core/lib/legacy-javascript/package.json,,node,tracked,
package_manifest,lighthouse-automation/node_modules/lighthouse/package.json,lighthouse-automation/node_modules/lighthouse/package.json,,node,tracked,
package_manifest,lighthouse-automation/node_modules/lodash-es/package.json,lighthouse-automation/node_modules/lodash-es/package.json,,node,tracked,
package_manifest,lighthouse-automation/node_modules/lookup-closest-locale/package.json,lighthouse-automation/node_modules/lookup-closest-locale/package.json,,node,tracked,
package_manifest,lighthouse-automation/node_modules/lru-cache/package.json,lighthouse-automation/node_modules/lru-cache/package.json,,node,tracked,
package_manifest,lighthouse-automation/node_modules/marky/package.json,lighthouse-automation/node_modules/marky/package.json,,node,tracked,
package_manifest,lighthouse-automation/node_modules/math-intrinsics/package.json,lighthouse-automation/node_modules/math-intrinsics/package.json,,node,tracked,
package_manifest,lighthouse-automation/node_modules/mime-db/package.json,lighthouse-automation/node_modules/mime-db/package.json,,node,tracked,
package_manifest,lighthouse-automation/node_modules/mime-types/package.json,lighthouse-automation/node_modules/mime-types/package.json,,node,tracked,
package_manifest,lighthouse-automation/node_modules/minimatch/dist/commonjs/package.json,lighthouse-automation/node_modules/minimatch/dist/commonjs/package.json,,node,tracked,
package_manifest,lighthouse-automation/node_modules/minimatch/dist/esm/package.json,lighthouse-automation/node_modules/minimatch/dist/esm/package.json,,node,tracked,
package_manifest,lighthouse-automation/node_modules/minimatch/package.json,lighthouse-automation/node_modules/minimatch/package.json,,node,tracked,
package_manifest,lighthouse-automation/node_modules/mitt/package.json,lighthouse-automation/node_modules/mitt/package.json,,node,tracked,
package_manifest,lighthouse-automation/node_modules/module-details-from-path/package.json,lighthouse-automation/node_modules/module-details-from-path/package.json,,node,tracked,
package_manifest,lighthouse-automation/node_modules/ms/package.json,lighthouse-automation/node_modules/ms/package.json,,node,tracked,
package_manifest,lighthouse-automation/node_modules/netmask/package.json,lighthouse-automation/node_modules/netmask/package.json,,node,tracked,
package_manifest,lighthouse-automation/node_modules/once/package.json,lighthouse-automation/node_modules/once/package.json,,node,tracked,
package_manifest,lighthouse-automation/node_modules/open/package.json,lighthouse-automation/node_modules/open/package.json,,node,tracked,
package_manifest,lighthouse-automation/node_modules/p-limit/package.json,lighthouse-automation/node_modules/p-limit/package.json,,node,tracked,
package_manifest,lighthouse-automation/node_modules/pac-proxy-agent/package.json,lighthouse-automation/node_modules/pac-proxy-agent/package.json,,node,tracked,
package_manifest,lighthouse-automation/node_modules/pac-resolver/package.json,lighthouse-automation/node_modules/pac-resolver/package.json,,node,tracked,
package_manifest,lighthouse-automation/node_modules/path-parse/package.json,lighthouse-automation/node_modules/path-parse/package.json,,node,tracked,
package_manifest,lighthouse-automation/node_modules/pend/package.json,lighthouse-automation/node_modules/pend/package.json,,node,tracked,
package_manifest,lighthouse-automation/node_modules/pg-int8/package.json,lighthouse-automation/node_modules/pg-int8/package.json,,node,tracked,
package_manifest,lighthouse-automation/node_modules/pg-protocol/package.json,lighthouse-automation/node_modules/pg-protocol/package.json,,node,tracked,
package_manifest,lighthouse-automation/node_modules/pg-types/package.json,lighthouse-automation/node_modules/pg-types/package.json,,node,tracked,
package_manifest,lighthouse-automation/node_modules/postgres-array/package.json,lighthouse-automation/node_modules/postgres-array/package.json,,node,tracked,
package_manifest,lighthouse-automation/node_modules/postgres-bytea/package.json,lighthouse-automation/node_modules/postgres-bytea/package.json,,node,tracked,
package_manifest,lighthouse-automation/node_modules/postgres-date/package.json,lighthouse-automation/node_modules/postgres-date/package.json,,node,tracked,
package_manifest,lighthouse-automation/node_modules/postgres-interval/package.json,lighthouse-automation/node_modules/postgres-interval/package.json,,node,tracked,
package_manifest,lighthouse-automation/node_modules/progress/package.json,lighthouse-automation/node_modules/progress/package.json,,node,tracked,
package_manifest,lighthouse-automation/node_modules/proxy-agent/package.json,lighthouse-automation/node_modules/proxy-agent/package.json,,node,tracked,
package_manifest,lighthouse-automation/node_modules/proxy-from-env/package.json,lighthouse-automation/node_modules/proxy-from-env/package.json,,node,tracked,
package_manifest,lighthouse-automation/node_modules/pump/package.json,lighthouse-automation/node_modules/pump/package.json,,node,tracked,
package_manifest,lighthouse-automation/node_modules/puppeteer-core/lib/esm/package.json,lighthouse-automation/node_modules/puppeteer-core/lib/esm/package.json,,node,tracked,
package_manifest,lighthouse-automation/node_modules/puppeteer-core/node_modules/devtools-protocol/package.json,lighthouse-automation/node_modules/puppeteer-core/node_modules/devtools-protocol/package.json,,node,tracked,
package_manifest,lighthouse-automation/node_modules/puppeteer-core/node_modules/ws/package.json,lighthouse-automation/node_modules/puppeteer-core/node_modules/ws/package.json,,node,tracked,
package_manifest,lighthouse-automation/node_modules/puppeteer-core/package.json,lighthouse-automation/node_modules/puppeteer-core/package.json,,node,tracked,
package_manifest,lighthouse-automation/node_modules/require-directory/package.json,lighthouse-automation/node_modules/require-directory/package.json,,node,tracked,
package_manifest,lighthouse-automation/node_modules/require-in-the-middle/package.json,lighthouse-automation/node_modules/require-in-the-middle/package.json,,node,tracked,
package_manifest,lighthouse-automation/node_modules/resolve/package.json,lighthouse-automation/node_modules/resolve/package.json,,node,tracked,
package_manifest,lighthouse-automation/node_modules/resolve/test/module_dir/zmodules/bbb/package.json,lighthouse-automation/node_modules/resolve/test/module_dir/zmodules/bbb/package.json,,node,tracked,
package_manifest,lighthouse-automation/node_modules/resolve/test/resolver/baz/package.json,lighthouse-automation/node_modules/resolve/test/resolver/baz/package.json,,node,tracked,
package_manifest,lighthouse-automation/node_modules/resolve/test/resolver/browser_field/package.json,lighthouse-automation/node_modules/resolve/test/resolver/browser_field/package.json,,node,tracked,
package_manifest,lighthouse-automation/node_modules/resolve/test/resolver/dot_main/package.json,lighthouse-automation/node_modules/resolve/test/resolver/dot_main/package.json,,node,tracked,
package_manifest,lighthouse-automation/node_modules/resolve/test/resolver/dot_slash_main/package.json,lighthouse-automation/node_modules/resolve/test/resolver/dot_slash_main/package.json,,node,tracked,
package_manifest,lighthouse-automation/node_modules/resolve/test/resolver/false_main/package.json,lighthouse-automation/node_modules/resolve/test/resolver/false_main/package.json,,node,tracked,
package_manifest,lighthouse-automation/node_modules/resolve/test/resolver/incorrect_main/package.json,lighthouse-automation/node_modules/resolve/test/resolver/incorrect_main/package.json,,node,tracked,
package_manifest,lighthouse-automation/node_modules/resolve/test/resolver/invalid_main/package.json,lighthouse-automation/node_modules/resolve/test/resolver/invalid_main/package.json,,node,tracked,
package_manifest,lighthouse-automation/node_modules/resolve/test/resolver/multirepo/package.json,lighthouse-automation/node_modules/resolve/test/resolver/multirepo/package.json,,node,tracked,
package_manifest,lighthouse-automation/node_modules/resolve/test/resolver/multirepo/packages/package-a/package.json,lighthouse-automation/node_modules/resolve/test/resolver/multirepo/packages/package-a/package.json,,node,tracked,
package_manifest,lighthouse-automation/node_modules/resolve/test/resolver/multirepo/packages/package-b/package.json,lighthouse-automation/node_modules/resolve/test/resolver/multirepo/packages/package-b/package.json,,node,tracked,
package_manifest,lighthouse-automation/node_modules/resolve/test/resolver/nested_symlinks/mylib/package.json,lighthouse-automation/node_modules/resolve/test/resolver/nested_symlinks/mylib/package.json,,node,tracked,
package_manifest,lighthouse-automation/node_modules/resolve/test/resolver/symlinked/package/package.json,lighthouse-automation/node_modules/resolve/test/resolver/symlinked/package/package.json,,node,tracked,
package_manifest,lighthouse-automation/node_modules/robots-parser/package.json,lighthouse-automation/node_modules/robots-parser/package.json,,node,tracked,
package_manifest,lighthouse-automation/node_modules/semver/package.json,lighthouse-automation/node_modules/semver/package.json,,node,tracked,
package_manifest,lighthouse-automation/node_modules/shimmer/package.json,lighthouse-automation/node_modules/shimmer/package.json,,node,tracked,
package_manifest,lighthouse-automation/node_modules/smart-buffer/package.json,lighthouse-automation/node_modules/smart-buffer/package.json,,node,tracked,
package_manifest,lighthouse-automation/node_modules/socks-proxy-agent/package.json,lighthouse-automation/node_modules/socks-proxy-agent/package.json,,node,tracked,
package_manifest,lighthouse-automation/node_modules/socks/package.json,lighthouse-automation/node_modules/socks/package.json,,node,tracked,
package_manifest,lighthouse-automation/node_modules/source-map/package.json,lighthouse-automation/node_modules/source-map/package.json,,node,tracked,
package_manifest,lighthouse-automation/node_modules/speedline-core/package.json,lighthouse-automation/node_modules/speedline-core/package.json,,node,tracked,
package_manifest,lighthouse-automation/node_modules/streamx/package.json,lighthouse-automation/node_modules/streamx/package.json,,node,tracked,
package_manifest,lighthouse-automation/node_modules/string-width/package.json,lighthouse-automation/node_modules/string-width/package.json,,node,tracked,
package_manifest,lighthouse-automation/node_modules/strip-ansi/package.json,lighthouse-automation/node_modules/strip-ansi/package.json,,node,tracked,
package_manifest,lighthouse-automation/node_modules/strnum/package.json,lighthouse-automation/node_modules/strnum/package.json,,node,tracked,
package_manifest,lighthouse-automation/node_modules/stubborn-fs/package.json,lighthouse-automation/node_modules/stubborn-fs/package.json,,node,tracked,
package_manifest,lighthouse-automation/node_modules/stubborn-utils/package.json,lighthouse-automation/node_modules/stubborn-utils/package.json,,node,tracked,
package_manifest,lighthouse-automation/node_modules/supports-preserve-symlinks-flag/package.json,lighthouse-automation/node_modules/supports-preserve-symlinks-flag/package.json,,node,tracked,
package_manifest,lighthouse-automation/node_modules/tar-fs/package.json,lighthouse-automation/node_modules/tar-fs/package.json,,node,tracked,
package_manifest,lighthouse-automation/node_modules/tar-stream/package.json,lighthouse-automation/node_modules/tar-stream/package.json,,node,tracked,
package_manifest,lighthouse-automation/node_modules/text-decoder/package.json,lighthouse-automation/node_modules/text-decoder/package.json,,node,tracked,
package_manifest,lighthouse-automation/node_modules/third-party-web/package.json,lighthouse-automation/node_modules/third-party-web/package.json,,node,tracked,
package_manifest,lighthouse-automation/node_modules/tldts-core/package.json,lighthouse-automation/node_modules/tldts-core/package.json,,node,tracked,
package_manifest,lighthouse-automation/node_modules/tldts-icann/package.json,lighthouse-automation/node_modules/tldts-icann/package.json,,node,tracked,
package_manifest,lighthouse-automation/node_modules/tslib/modules/package.json,lighthouse-automation/node_modules/tslib/modules/package.json,,node,tracked,
package_manifest,lighthouse-automation/node_modules/tslib/package.json,lighthouse-automation/node_modules/tslib/package.json,,node,tracked,
package_manifest,lighthouse-automation/node_modules/type-fest/package.json,lighthouse-automation/node_modules/type-fest/package.json,,node,tracked,
package_manifest,lighthouse-automation/node_modules/typed-query-selector/package.json,lighthouse-automation/node_modules/typed-query-selector/package.json,,node,tracked,
package_manifest,lighthouse-automation/node_modules/undici-types/package.json,lighthouse-automation/node_modules/undici-types/package.json,,node,tracked,
package_manifest,lighthouse-automation/node_modules/webdriver-bidi-protocol/package.json,lighthouse-automation/node_modules/webdriver-bidi-protocol/package.json,,node,tracked,
package_manifest,lighthouse-automation/node_modules/when-exit/package.json,lighthouse-automation/node_modules/when-exit/package.json,,node,tracked,
package_manifest,lighthouse-automation/node_modules/wrap-ansi/package.json,lighthouse-automation/node_modules/wrap-ansi/package.json,,node,tracked,
package_manifest,lighthouse-automation/node_modules/wrappy/package.json,lighthouse-automation/node_modules/wrappy/package.json,,node,tracked,
package_manifest,lighthouse-automation/node_modules/ws/package.json,lighthouse-automation/node_modules/ws/package.json,,node,tracked,
package_manifest,lighthouse-automation/node_modules/xdg-basedir/package.json,lighthouse-automation/node_modules/xdg-basedir/package.json,,node,tracked,
package_manifest,lighthouse-automation/node_modules/xtend/package.json,lighthouse-automation/node_modules/xtend/package.json,,node,tracked,
package_manifest,lighthouse-automation/node_modules/y18n/package.json,lighthouse-automation/node_modules/y18n/package.json,,node,tracked,
package_manifest,lighthouse-automation/node_modules/yargs-parser/package.json,lighthouse-automation/node_modules/yargs-parser/package.json,,node,tracked,
package_manifest,lighthouse-automation/node_modules/yargs/helpers/package.json,lighthouse-automation/node_modules/yargs/helpers/package.json,,node,tracked,
package_manifest,lighthouse-automation/node_modules/yargs/package.json,lighthouse-automation/node_modules/yargs/package.json,,node,tracked,
package_manifest,lighthouse-automation/node_modules/yauzl/package.json,lighthouse-automation/node_modules/yauzl/package.json,,node,tracked,
package_manifest,lighthouse-automation/node_modules/yocto-queue/package.json,lighthouse-automation/node_modules/yocto-queue/package.json,,node,tracked,
package_manifest,lighthouse-automation/node_modules/zod/package.json,lighthouse-automation/node_modules/zod/package.json,,node,tracked,
package_manifest,lighthouse-automation/package.json,lighthouse-automation/package.json,,node,tracked,
package_manifest,node_modules_backup/@alloc/quick-lru/package.json,node_modules_backup/@alloc/quick-lru/package.json,,node,tracked,
package_manifest,node_modules_backup/@formatjs/ecma402-abstract/package.json,node_modules_backup/@formatjs/ecma402-abstract/package.json,,node,tracked,
package_manifest,node_modules_backup/@formatjs/fast-memoize/package.json,node_modules_backup/@formatjs/fast-memoize/package.json,,node,tracked,
package_manifest,node_modules_backup/@formatjs/icu-messageformat-parser/package.json,node_modules_backup/@formatjs/icu-messageformat-parser/package.json,,node,tracked,
package_manifest,node_modules_backup/@formatjs/icu-skeleton-parser/package.json,node_modules_backup/@formatjs/icu-skeleton-parser/package.json,,node,tracked,
package_manifest,node_modules_backup/@formatjs/intl-localematcher/package.json,node_modules_backup/@formatjs/intl-localematcher/package.json,,node,tracked,
package_manifest,node_modules_backup/@jridgewell/gen-mapping/package.json,node_modules_backup/@jridgewell/gen-mapping/package.json,,node,tracked,
package_manifest,node_modules_backup/@jridgewell/resolve-uri/package.json,node_modules_backup/@jridgewell/resolve-uri/package.json,,node,tracked,
package_manifest,node_modules_backup/@jridgewell/sourcemap-codec/package.json,node_modules_backup/@jridgewell/sourcemap-codec/package.json,,node,tracked,
package_manifest,node_modules_backup/@jridgewell/trace-mapping/package.json,node_modules_backup/@jridgewell/trace-mapping/package.json,,node,tracked,
package_manifest,node_modules_backup/@nodelib/fs.scandir/package.json,node_modules_backup/@nodelib/fs.scandir/package.json,,node,tracked,
package_manifest,node_modules_backup/@nodelib/fs.stat/package.json,node_modules_backup/@nodelib/fs.stat/package.json,,node,tracked,
package_manifest,node_modules_backup/@nodelib/fs.walk/package.json,node_modules_backup/@nodelib/fs.walk/package.json,,node,tracked,
package_manifest,node_modules_backup/@opentelemetry/api-logs/package.json,node_modules_backup/@opentelemetry/api-logs/package.json,,node,tracked,
package_manifest,node_modules_backup/@opentelemetry/api/package.json,node_modules_backup/@opentelemetry/api/package.json,,node,tracked,
package_manifest,node_modules_backup/@opentelemetry/context-async-hooks/package.json,node_modules_backup/@opentelemetry/context-async-hooks/package.json,,node,tracked,
package_manifest,node_modules_backup/@opentelemetry/core/node_modules/@opentelemetry/semantic-conventions/package.json,node_modules_backup/@opentelemetry/core/node_modules/@opentelemetry/semantic-conventions/package.json,,node,tracked,
package_manifest,node_modules_backup/@opentelemetry/core/package.json,node_modules_backup/@opentelemetry/core/package.json,,node,tracked,
package_manifest,node_modules_backup/@opentelemetry/instrumentation-amqplib/package.json,node_modules_backup/@opentelemetry/instrumentation-amqplib/package.json,,node,tracked,
package_manifest,node_modules_backup/@opentelemetry/instrumentation-connect/package.json,node_modules_backup/@opentelemetry/instrumentation-connect/package.json,,node,tracked,
package_manifest,node_modules_backup/@opentelemetry/instrumentation-dataloader/package.json,node_modules_backup/@opentelemetry/instrumentation-dataloader/package.json,,node,tracked,
package_manifest,node_modules_backup/@opentelemetry/instrumentation-express/package.json,node_modules_backup/@opentelemetry/instrumentation-express/package.json,,node,tracked,
package_manifest,node_modules_backup/@opentelemetry/instrumentation-fs/package.json,node_modules_backup/@opentelemetry/instrumentation-fs/package.json,,node,tracked,
package_manifest,node_modules_backup/@opentelemetry/instrumentation-generic-pool/package.json,node_modules_backup/@opentelemetry/instrumentation-generic-pool/package.json,,node,tracked,
package_manifest,node_modules_backup/@opentelemetry/instrumentation-graphql/package.json,node_modules_backup/@opentelemetry/instrumentation-graphql/package.json,,node,tracked,
package_manifest,node_modules_backup/@opentelemetry/instrumentation-hapi/package.json,node_modules_backup/@opentelemetry/instrumentation-hapi/package.json,,node,tracked,
package_manifest,node_modules_backup/@opentelemetry/instrumentation-http/node_modules/@opentelemetry/semantic-conventions/package.json,node_modules_backup/@opentelemetry/instrumentation-http/node_modules/@opentelemetry/semantic-conventions/package.json,,node,tracked,
package_manifest,node_modules_backup/@opentelemetry/instrumentation-http/package.json,node_modules_backup/@opentelemetry/instrumentation-http/package.json,,node,tracked,
package_manifest,node_modules_backup/@opentelemetry/instrumentation-ioredis/package.json,node_modules_backup/@opentelemetry/instrumentation-ioredis/package.json,,node,tracked,
package_manifest,node_modules_backup/@opentelemetry/instrumentation-kafkajs/package.json,node_modules_backup/@opentelemetry/instrumentation-kafkajs/package.json,,node,tracked,
package_manifest,node_modules_backup/@opentelemetry/instrumentation-knex/package.json,node_modules_backup/@opentelemetry/instrumentation-knex/package.json,,node,tracked,
package_manifest,node_modules_backup/@opentelemetry/instrumentation-koa/package.json,node_modules_backup/@opentelemetry/instrumentation-koa/package.json,,node,tracked,
package_manifest,node_modules_backup/@opentelemetry/instrumentation-lru-memoizer/package.json,node_modules_backup/@opentelemetry/instrumentation-lru-memoizer/package.json,,node,tracked,
package_manifest,node_modules_backup/@opentelemetry/instrumentation-mongodb/package.json,node_modules_backup/@opentelemetry/instrumentation-mongodb/package.json,,node,tracked,
package_manifest,node_modules_backup/@opentelemetry/instrumentation-mongoose/package.json,node_modules_backup/@opentelemetry/instrumentation-mongoose/package.json,,node,tracked,
package_manifest,node_modules_backup/@opentelemetry/instrumentation-mysql/package.json,node_modules_backup/@opentelemetry/instrumentation-mysql/package.json,,node,tracked,
package_manifest,node_modules_backup/@opentelemetry/instrumentation-mysql2/package.json,node_modules_backup/@opentelemetry/instrumentation-mysql2/package.json,,node,tracked,
package_manifest,node_modules_backup/@opentelemetry/instrumentation-pg/package.json,node_modules_backup/@opentelemetry/instrumentation-pg/package.json,,node,tracked,
package_manifest,node_modules_backup/@opentelemetry/instrumentation-redis-4/package.json,node_modules_backup/@opentelemetry/instrumentation-redis-4/package.json,,node,tracked,
package_manifest,node_modules_backup/@opentelemetry/instrumentation-tedious/package.json,node_modules_backup/@opentelemetry/instrumentation-tedious/package.json,,node,tracked,
package_manifest,node_modules_backup/@opentelemetry/instrumentation-undici/package.json,node_modules_backup/@opentelemetry/instrumentation-undici/package.json,,node,tracked,
package_manifest,node_modules_backup/@opentelemetry/instrumentation/package.json,node_modules_backup/@opentelemetry/instrumentation/package.json,,node,tracked,
package_manifest,node_modules_backup/@opentelemetry/redis-common/package.json,node_modules_backup/@opentelemetry/redis-common/package.json,,node,tracked,
package_manifest,node_modules_backup/@opentelemetry/resources/node_modules/@opentelemetry/semantic-conventions/package.json,node_modules_backup/@opentelemetry/resources/node_modules/@opentelemetry/semantic-conventions/package.json,,node,tracked,
package_manifest,node_modules_backup/@opentelemetry/resources/package.json,node_modules_backup/@opentelemetry/resources/package.json,,node,tracked,
package_manifest,node_modules_backup/@opentelemetry/sdk-trace-base/node_modules/@opentelemetry/semantic-conventions/package.json,node_modules_backup/@opentelemetry/sdk-trace-base/node_modules/@opentelemetry/semantic-conventions/package.json,,node,tracked,
package_manifest,node_modules_backup/@opentelemetry/sdk-trace-base/package.json,node_modules_backup/@opentelemetry/sdk-trace-base/package.json,,node,tracked,
package_manifest,node_modules_backup/@opentelemetry/semantic-conventions/package.json,node_modules_backup/@opentelemetry/semantic-conventions/package.json,,node,tracked,
package_manifest,node_modules_backup/@opentelemetry/sql-common/package.json,node_modules_backup/@opentelemetry/sql-common/package.json,,node,tracked,
package_manifest,node_modules_backup/@paulirish/trace_engine/package.json,node_modules_backup/@paulirish/trace_engine/package.json,,node,tracked,
package_manifest,node_modules_backup/@prisma/instrumentation/package.json,node_modules_backup/@prisma/instrumentation/package.json,,node,tracked,
package_manifest,node_modules_backup/@puppeteer/browsers/lib/esm/package.json,node_modules_backup/@puppeteer/browsers/lib/esm/package.json,,node,tracked,
package_manifest,node_modules_backup/@puppeteer/browsers/package.json,node_modules_backup/@puppeteer/browsers/package.json,,node,tracked,
package_manifest,node_modules_backup/@sentry/core/build/esm/package.json,node_modules_backup/@sentry/core/build/esm/package.json,,node,tracked,
package_manifest,node_modules_backup/@sentry/core/package.json,node_modules_backup/@sentry/core/package.json,,node,tracked,
package_manifest,node_modules_backup/@sentry/node-core/build/esm/package.json,node_modules_backup/@sentry/node-core/build/esm/package.json,,node,tracked,
package_manifest,node_modules_backup/@sentry/node-core/package.json,node_modules_backup/@sentry/node-core/package.json,,node,tracked,
package_manifest,node_modules_backup/@sentry/node/build/esm/package.json,node_modules_backup/@sentry/node/build/esm/package.json,,node,tracked,
package_manifest,node_modules_backup/@sentry/node/package.json,node_modules_backup/@sentry/node/package.json,,node,tracked,
package_manifest,node_modules_backup/@sentry/opentelemetry/build/esm/package.json,node_modules_backup/@sentry/opentelemetry/build/esm/package.json,,node,tracked,
package_manifest,node_modules_backup/@sentry/opentelemetry/package.json,node_modules_backup/@sentry/opentelemetry/package.json,,node,tracked,
package_manifest,node_modules_backup/@tootallnate/quickjs-emscripten/package.json,node_modules_backup/@tootallnate/quickjs-emscripten/package.json,,node,tracked,
package_manifest,node_modules_backup/@trysound/sax/package.json,node_modules_backup/@trysound/sax/package.json,,node,tracked,
package_manifest,node_modules_backup/@types/connect/package.json,node_modules_backup/@types/connect/package.json,,node,tracked,
package_manifest,node_modules_backup/@types/mysql/package.json,node_modules_backup/@types/mysql/package.json,,node,tracked,
package_manifest,node_modules_backup/@types/node/package.json,node_modules_backup/@types/node/package.json,,node,tracked,
package_manifest,node_modules_backup/@types/pg-pool/package.json,node_modules_backup/@types/pg-pool/package.json,,node,tracked,
package_manifest,node_modules_backup/@types/pg/package.json,node_modules_backup/@types/pg/package.json,,node,tracked,
package_manifest,node_modules_backup/@types/shimmer/package.json,node_modules_backup/@types/shimmer/package.json,,node,tracked,
package_manifest,node_modules_backup/@types/tedious/package.json,node_modules_backup/@types/tedious/package.json,,node,tracked,
package_manifest,node_modules_backup/@types/yauzl/package.json,node_modules_backup/@types/yauzl/package.json,,node,tracked,
package_manifest,node_modules_backup/acorn-import-attributes/package.json,node_modules_backup/acorn-import-attributes/package.json,,node,tracked,
package_manifest,node_modules_backup/acorn/package.json,node_modules_backup/acorn/package.json,,node,tracked,
package_manifest,node_modules_backup/agent-base/package.json,node_modules_backup/agent-base/package.json,,node,tracked,
package_manifest,node_modules_backup/ansi-colors/package.json,node_modules_backup/ansi-colors/package.json,,node,tracked,
package_manifest,node_modules_backup/ansi-regex/package.json,node_modules_backup/ansi-regex/package.json,,node,tracked,
package_manifest,node_modules_backup/ansi-styles/package.json,node_modules_backup/ansi-styles/package.json,,node,tracked,
package_manifest,node_modules_backup/any-promise/package.json,node_modules_backup/any-promise/package.json,,node,tracked,
package_manifest,node_modules_backup/anymatch/package.json,node_modules_backup/anymatch/package.json,,node,tracked,
package_manifest,node_modules_backup/arg/package.json,node_modules_backup/arg/package.json,,node,tracked,
package_manifest,node_modules_backup/ast-types/package.json,node_modules_backup/ast-types/package.json,,node,tracked,
package_manifest,node_modules_backup/atomically/package.json,node_modules_backup/atomically/package.json,,node,tracked,
package_manifest,node_modules_backup/autoprefixer/package.json,node_modules_backup/autoprefixer/package.json,,node,tracked,
package_manifest,node_modules_backup/axe-core/package.json,node_modules_backup/axe-core/package.json,,node,tracked,
package_manifest,node_modules_backup/b4a/package.json,node_modules_backup/b4a/package.json,,node,tracked,
package_manifest,node_modules_backup/balanced-match/package.json,node_modules_backup/balanced-match/package.json,,node,tracked,
package_manifest,node_modules_backup/bare-events/package.json,node_modules_backup/bare-events/package.json,,node,tracked,
package_manifest,node_modules_backup/bare-fs/package.json,node_modules_backup/bare-fs/package.json,,node,tracked,
package_manifest,node_modules_backup/bare-os/package.json,node_modules_backup/bare-os/package.json,,node,tracked,
package_manifest,node_modules_backup/bare-path/package.json,node_modules_backup/bare-path/package.json,,node,tracked,
package_manifest,node_modules_backup/bare-stream/package.json,node_modules_backup/bare-stream/package.json,,node,tracked,
package_manifest,node_modules_backup/bare-url/package.json,node_modules_backup/bare-url/package.json,,node,tracked,
package_manifest,node_modules_backup/baseline-browser-mapping/package.json,node_modules_backup/baseline-browser-mapping/package.json,,node,tracked,
package_manifest,node_modules_backup/basic-ftp/package.json,node_modules_backup/basic-ftp/package.json,,node,tracked,
package_manifest,node_modules_backup/binary-extensions/package.json,node_modules_backup/binary-extensions/package.json,,node,tracked,
package_manifest,node_modules_backup/boolbase/package.json,node_modules_backup/boolbase/package.json,,node,tracked,
package_manifest,node_modules_backup/brace-expansion/package.json,node_modules_backup/brace-expansion/package.json,,node,tracked,
package_manifest,node_modules_backup/braces/package.json,node_modules_backup/braces/package.json,,node,tracked,
package_manifest,node_modules_backup/browserslist/package.json,node_modules_backup/browserslist/package.json,,node,tracked,
package_manifest,node_modules_backup/buffer-crc32/package.json,node_modules_backup/buffer-crc32/package.json,,node,tracked,
package_manifest,node_modules_backup/camelcase-css/package.json,node_modules_backup/camelcase-css/package.json,,node,tracked,
package_manifest,node_modules_backup/caniuse-api/package.json,node_modules_backup/caniuse-api/package.json,,node,tracked,
package_manifest,node_modules_backup/caniuse-lite/package.json,node_modules_backup/caniuse-lite/package.json,,node,tracked,
package_manifest,node_modules_backup/chokidar/package.json,node_modules_backup/chokidar/package.json,,node,tracked,
package_manifest,node_modules_backup/chrome-launcher/package.json,node_modules_backup/chrome-launcher/package.json,,node,tracked,
package_manifest,node_modules_backup/chromium-bidi/lib/esm/package.json,node_modules_backup/chromium-bidi/lib/esm/package.json,,node,tracked,
package_manifest,node_modules_backup/chromium-bidi/package.json,node_modules_backup/chromium-bidi/package.json,,node,tracked,
package_manifest,node_modules_backup/cjs-module-lexer/package.json,node_modules_backup/cjs-module-lexer/package.json,,node,tracked,
package_manifest,node_modules_backup/cliui/package.json,node_modules_backup/cliui/package.json,,node,tracked,
package_manifest,node_modules_backup/color-convert/package.json,node_modules_backup/color-convert/package.json,,node,tracked,
package_manifest,node_modules_backup/color-name/package.json,node_modules_backup/color-name/package.json,,node,tracked,
package_manifest,node_modules_backup/colord/package.json,node_modules_backup/colord/package.json,,node,tracked,
package_manifest,node_modules_backup/commander/package.json,node_modules_backup/commander/package.json,,node,tracked,
package_manifest,node_modules_backup/configstore/package.json,node_modules_backup/configstore/package.json,,node,tracked,
package_manifest,node_modules_backup/csp_evaluator/package.json,node_modules_backup/csp_evaluator/package.json,,node,tracked,
package_manifest,node_modules_backup/css-declaration-sorter/package.json,node_modules_backup/css-declaration-sorter/package.json,,node,tracked,
package_manifest,node_modules_backup/css-select/lib/esm/package.json,node_modules_backup/css-select/lib/esm/package.json,,node,tracked,
package_manifest,node_modules_backup/css-select/package.json,node_modules_backup/css-select/package.json,,node,tracked,
package_manifest,node_modules_backup/css-tree/package.json,node_modules_backup/css-tree/package.json,,node,tracked,
package_manifest,node_modules_backup/css-what/package.json,node_modules_backup/css-what/package.json,,node,tracked,
package_manifest,node_modules_backup/cssesc/package.json,node_modules_backup/cssesc/package.json,,node,tracked,
package_manifest,node_modules_backup/cssnano-preset-default/package.json,node_modules_backup/cssnano-preset-default/package.json,,node,tracked,
package_manifest,node_modules_backup/cssnano-utils/package.json,node_modules_backup/cssnano-utils/package.json,,node,tracked,
package_manifest,node_modules_backup/cssnano/package.json,node_modules_backup/cssnano/package.json,,node,tracked,
package_manifest,node_modules_backup/csso/node_modules/css-tree/package.json,node_modules_backup/csso/node_modules/css-tree/package.json,,node,tracked,
package_manifest,node_modules_backup/csso/node_modules/mdn-data/package.json,node_modules_backup/csso/node_modules/mdn-data/package.json,,node,tracked,
package_manifest,node_modules_backup/csso/package.json,node_modules_backup/csso/package.json,,node,tracked,
package_manifest,node_modules_backup/data-uri-to-buffer/package.json,node_modules_backup/data-uri-to-buffer/package.json,,node,tracked,
package_manifest,node_modules_backup/debug/package.json,node_modules_backup/debug/package.json,,node,tracked,
package_manifest,node_modules_backup/decimal.js/package.json,node_modules_backup/decimal.js/package.json,,node,tracked,
package_manifest,node_modules_backup/define-lazy-prop/package.json,node_modules_backup/define-lazy-prop/package.json,,node,tracked,
package_manifest,node_modules_backup/degenerator/package.json,node_modules_backup/degenerator/package.json,,node,tracked,
package_manifest,node_modules_backup/dependency-graph/package.json,node_modules_backup/dependency-graph/package.json,,node,tracked,
package_manifest,node_modules_backup/devtools-protocol/package.json,node_modules_backup/devtools-protocol/package.json,,node,tracked,
package_manifest,node_modules_backup/didyoumean/package.json,node_modules_backup/didyoumean/package.json,,node,tracked,
package_manifest,node_modules_backup/dlv/package.json,node_modules_backup/dlv/package.json,,node,tracked,
package_manifest,node_modules_backup/dom-serializer/lib/esm/package.json,node_modules_backup/dom-serializer/lib/esm/package.json,,node,tracked,
package_manifest,node_modules_backup/dom-serializer/package.json,node_modules_backup/dom-serializer/package.json,,node,tracked,
package_manifest,node_modules_backup/domelementtype/lib/esm/package.json,node_modules_backup/domelementtype/lib/esm/package.json,,node,tracked,
package_manifest,node_modules_backup/domelementtype/package.json,node_modules_backup/domelementtype/package.json,,node,tracked,
package_manifest,node_modules_backup/domhandler/lib/esm/package.json,node_modules_backup/domhandler/lib/esm/package.json,,node,tracked,
package_manifest,node_modules_backup/domhandler/package.json,node_modules_backup/domhandler/package.json,,node,tracked,
package_manifest,node_modules_backup/domutils/lib/esm/package.json,node_modules_backup/domutils/lib/esm/package.json,,node,tracked,
package_manifest,node_modules_backup/domutils/package.json,node_modules_backup/domutils/package.json,,node,tracked,
package_manifest,node_modules_backup/dot-prop/package.json,node_modules_backup/dot-prop/package.json,,node,tracked,
package_manifest,node_modules_backup/electron-to-chromium/package.json,node_modules_backup/electron-to-chromium/package.json,,node,tracked,
package_manifest,node_modules_backup/emoji-regex/package.json,node_modules_backup/emoji-regex/package.json,,node,tracked,
package_manifest,node_modules_backup/end-of-stream/package.json,node_modules_backup/end-of-stream/package.json,,node,tracked,
package_manifest,node_modules_backup/enquirer/package.json,node_modules_backup/enquirer/package.json,,node,tracked,
package_manifest,node_modules_backup/entities/lib/esm/package.json,node_modules_backup/entities/lib/esm/package.json,,node,tracked,
package_manifest,node_modules_backup/entities/package.json,node_modules_backup/entities/package.json,,node,tracked,
package_manifest,node_modules_backup/escalade/package.json,node_modules_backup/escalade/package.json,,node,tracked,
package_manifest,node_modules_backup/escape-string-regexp/package.json,node_modules_backup/escape-string-regexp/package.json,,node,tracked,
package_manifest,node_modules_backup/escodegen/package.json,node_modules_backup/escodegen/package.json,,node,tracked,
package_manifest,node_modules_backup/esprima/package.json,node_modules_backup/esprima/package.json,,node,tracked,
package_manifest,node_modules_backup/estraverse/package.json,node_modules_backup/estraverse/package.json,,node,tracked,
package_manifest,node_modules_backup/esutils/package.json,node_modules_backup/esutils/package.json,,node,tracked,
package_manifest,node_modules_backup/events-universal/package.json,node_modules_backup/events-universal/package.json,,node,tracked,
package_manifest,node_modules_backup/extract-zip/package.json,node_modules_backup/extract-zip/package.json,,node,tracked,
package_manifest,node_modules_backup/fast-fifo/package.json,node_modules_backup/fast-fifo/package.json,,node,tracked,
package_manifest,node_modules_backup/fast-glob/package.json,node_modules_backup/fast-glob/package.json,,node,tracked,
package_manifest,node_modules_backup/fastq/package.json,node_modules_backup/fastq/package.json,,node,tracked,
package_manifest,node_modules_backup/fd-slicer/package.json,node_modules_backup/fd-slicer/package.json,,node,tracked,
package_manifest,node_modules_backup/fill-range/package.json,node_modules_backup/fill-range/package.json,,node,tracked,
package_manifest,node_modules_backup/forwarded-parse/package.json,node_modules_backup/forwarded-parse/package.json,,node,tracked,
package_manifest,node_modules_backup/fraction.js/package.json,node_modules_backup/fraction.js/package.json,,node,tracked,
package_manifest,node_modules_backup/fs-extra/package.json,node_modules_backup/fs-extra/package.json,,node,tracked,
package_manifest,node_modules_backup/function-bind/package.json,node_modules_backup/function-bind/package.json,,node,tracked,
package_manifest,node_modules_backup/get-caller-file/package.json,node_modules_backup/get-caller-file/package.json,,node,tracked,
package_manifest,node_modules_backup/get-stream/package.json,node_modules_backup/get-stream/package.json,,node,tracked,
package_manifest,node_modules_backup/get-uri/package.json,node_modules_backup/get-uri/package.json,,node,tracked,
package_manifest,node_modules_backup/glob-parent/package.json,node_modules_backup/glob-parent/package.json,,node,tracked,
package_manifest,node_modules_backup/graceful-fs/package.json,node_modules_backup/graceful-fs/package.json,,node,tracked,
package_manifest,node_modules_backup/hasown/package.json,node_modules_backup/hasown/package.json,,node,tracked,
package_manifest,node_modules_backup/http-link-header/package.json,node_modules_backup/http-link-header/package.json,,node,tracked,
package_manifest,node_modules_backup/http-proxy-agent/package.json,node_modules_backup/http-proxy-agent/package.json,,node,tracked,
package_manifest,node_modules_backup/https-proxy-agent/package.json,node_modules_backup/https-proxy-agent/package.json,,node,tracked,
package_manifest,node_modules_backup/image-ssim/package.json,node_modules_backup/image-ssim/package.json,,node,tracked,
package_manifest,node_modules_backup/import-in-the-middle/package.json,node_modules_backup/import-in-the-middle/package.json,,node,tracked,
package_manifest,node_modules_backup/import-in-the-middle/test/fixtures/package.json,node_modules_backup/import-in-the-middle/test/fixtures/package.json,,node,tracked,
package_manifest,node_modules_backup/intl-messageformat/package.json,node_modules_backup/intl-messageformat/package.json,,node,tracked,
package_manifest,node_modules_backup/ip-address/package.json,node_modules_backup/ip-address/package.json,,node,tracked,
package_manifest,node_modules_backup/is-binary-path/package.json,node_modules_backup/is-binary-path/package.json,,node,tracked,
package_manifest,node_modules_backup/is-core-module/package.json,node_modules_backup/is-core-module/package.json,,node,tracked,
package_manifest,node_modules_backup/is-docker/package.json,node_modules_backup/is-docker/package.json,,node,tracked,
package_manifest,node_modules_backup/is-extglob/package.json,node_modules_backup/is-extglob/package.json,,node,tracked,
package_manifest,node_modules_backup/is-fullwidth-code-point/package.json,node_modules_backup/is-fullwidth-code-point/package.json,,node,tracked,
package_manifest,node_modules_backup/is-glob/package.json,node_modules_backup/is-glob/package.json,,node,tracked,
package_manifest,node_modules_backup/is-number/package.json,node_modules_backup/is-number/package.json,,node,tracked,
package_manifest,node_modules_backup/is-wsl/package.json,node_modules_backup/is-wsl/package.json,,node,tracked,
package_manifest,node_modules_backup/jiti/package.json,node_modules_backup/jiti/package.json,,node,tracked,
package_manifest,node_modules_backup/jpeg-js/package.json,node_modules_backup/jpeg-js/package.json,,node,tracked,
package_manifest,node_modules_backup/js-library-detector/package.json,node_modules_backup/js-library-detector/package.json,,node,tracked,
package_manifest,node_modules_backup/jsonfile/package.json,node_modules_backup/jsonfile/package.json,,node,tracked,
package_manifest,node_modules_backup/legacy-javascript/package.json,node_modules_backup/legacy-javascript/package.json,,node,tracked,
package_manifest,node_modules_backup/lighthouse-logger/package.json,node_modules_backup/lighthouse-logger/package.json,,node,tracked,
package_manifest,node_modules_backup/lighthouse-stack-packs/package.json,node_modules_backup/lighthouse-stack-packs/package.json,,node,tracked,
package_manifest,node_modules_backup/lighthouse/core/lib/cdt/package.json,node_modules_backup/lighthouse/core/lib/cdt/package.json,,node,tracked,
package_manifest,node_modules_backup/lighthouse/core/lib/legacy-javascript/package.json,node_modules_backup/lighthouse/core/lib/legacy-javascript/package.json,,node,tracked,
package_manifest,node_modules_backup/lighthouse/package.json,node_modules_backup/lighthouse/package.json,,node,tracked,
package_manifest,node_modules_backup/lilconfig/package.json,node_modules_backup/lilconfig/package.json,,node,tracked,
package_manifest,node_modules_backup/lines-and-columns/package.json,node_modules_backup/lines-and-columns/package.json,,node,tracked,
package_manifest,node_modules_backup/lodash-es/package.json,node_modules_backup/lodash-es/package.json,,node,tracked,
package_manifest,node_modules_backup/lodash.memoize/package.json,node_modules_backup/lodash.memoize/package.json,,node,tracked,
package_manifest,node_modules_backup/lodash.uniq/package.json,node_modules_backup/lodash.uniq/package.json,,node,tracked,
package_manifest,node_modules_backup/lookup-closest-locale/package.json,node_modules_backup/lookup-closest-locale/package.json,,node,tracked,
package_manifest,node_modules_backup/lru-cache/package.json,node_modules_backup/lru-cache/package.json,,node,tracked,
package_manifest,node_modules_backup/marky/package.json,node_modules_backup/marky/package.json,,node,tracked,
package_manifest,node_modules_backup/mdn-data/package.json,node_modules_backup/mdn-data/package.json,,node,tracked,
package_manifest,node_modules_backup/merge2/package.json,node_modules_backup/merge2/package.json,,node,tracked,
package_manifest,node_modules_backup/micromatch/package.json,node_modules_backup/micromatch/package.json,,node,tracked,
package_manifest,node_modules_backup/minimatch/dist/commonjs/package.json,node_modules_backup/minimatch/dist/commonjs/package.json,,node,tracked,
package_manifest,node_modules_backup/minimatch/dist/esm/package.json,node_modules_backup/minimatch/dist/esm/package.json,,node,tracked,
package_manifest,node_modules_backup/minimatch/package.json,node_modules_backup/minimatch/package.json,,node,tracked,
package_manifest,node_modules_backup/mitt/package.json,node_modules_backup/mitt/package.json,,node,tracked,
package_manifest,node_modules_backup/module-details-from-path/package.json,node_modules_backup/module-details-from-path/package.json,,node,tracked,
package_manifest,node_modules_backup/ms/package.json,node_modules_backup/ms/package.json,,node,tracked,
package_manifest,node_modules_backup/mz/package.json,node_modules_backup/mz/package.json,,node,tracked,
package_manifest,node_modules_backup/nanoid/async/package.json,node_modules_backup/nanoid/async/package.json,,node,tracked,
package_manifest,node_modules_backup/nanoid/non-secure/package.json,node_modules_backup/nanoid/non-secure/package.json,,node,tracked,
package_manifest,node_modules_backup/nanoid/package.json,node_modules_backup/nanoid/package.json,,node,tracked,
package_manifest,node_modules_backup/nanoid/url-alphabet/package.json,node_modules_backup/nanoid/url-alphabet/package.json,,node,tracked,
package_manifest,node_modules_backup/netmask/package.json,node_modules_backup/netmask/package.json,,node,tracked,
package_manifest,node_modules_backup/node-releases/package.json,node_modules_backup/node-releases/package.json,,node,tracked,
package_manifest,node_modules_backup/normalize-path/package.json,node_modules_backup/normalize-path/package.json,,node,tracked,
package_manifest,node_modules_backup/normalize-range/package.json,node_modules_backup/normalize-range/package.json,,node,tracked,
package_manifest,node_modules_backup/nth-check/lib/esm/package.json,node_modules_backup/nth-check/lib/esm/package.json,,node,tracked,
package_manifest,node_modules_backup/nth-check/package.json,node_modules_backup/nth-check/package.json,,node,tracked,
package_manifest,node_modules_backup/object-assign/package.json,node_modules_backup/object-assign/package.json,,node,tracked,
package_manifest,node_modules_backup/object-hash/package.json,node_modules_backup/object-hash/package.json,,node,tracked,
package_manifest,node_modules_backup/once/package.json,node_modules_backup/once/package.json,,node,tracked,
package_manifest,node_modules_backup/open/package.json,node_modules_backup/open/package.json,,node,tracked,
package_manifest,node_modules_backup/pac-proxy-agent/package.json,node_modules_backup/pac-proxy-agent/package.json,,node,tracked,
package_manifest,node_modules_backup/pac-resolver/package.json,node_modules_backup/pac-resolver/package.json,,node,tracked,
package_manifest,node_modules_backup/path-parse/package.json,node_modules_backup/path-parse/package.json,,node,tracked,
package_manifest,node_modules_backup/pend/package.json,node_modules_backup/pend/package.json,,node,tracked,
package_manifest,node_modules_backup/pg-int8/package.json,node_modules_backup/pg-int8/package.json,,node,tracked,
package_manifest,node_modules_backup/pg-protocol/package.json,node_modules_backup/pg-protocol/package.json,,node,tracked,
package_manifest,node_modules_backup/pg-types/package.json,node_modules_backup/pg-types/package.json,,node,tracked,
package_manifest,node_modules_backup/picocolors/package.json,node_modules_backup/picocolors/package.json,,node,tracked,
package_manifest,node_modules_backup/picomatch/package.json,node_modules_backup/picomatch/package.json,,node,tracked,
package_manifest,node_modules_backup/pify/package.json,node_modules_backup/pify/package.json,,node,tracked,
package_manifest,node_modules_backup/pirates/package.json,node_modules_backup/pirates/package.json,,node,tracked,
package_manifest,node_modules_backup/postcss-calc/package.json,node_modules_backup/postcss-calc/package.json,,node,tracked,
package_manifest,node_modules_backup/postcss-cli/package.json,node_modules_backup/postcss-cli/package.json,,node,tracked,
package_manifest,node_modules_backup/postcss-colormin/package.json,node_modules_backup/postcss-colormin/package.json,,node,tracked,
package_manifest,node_modules_backup/postcss-convert-values/package.json,node_modules_backup/postcss-convert-values/package.json,,node,tracked,
package_manifest,node_modules_backup/postcss-discard-comments/package.json,node_modules_backup/postcss-discard-comments/package.json,,node,tracked,
package_manifest,node_modules_backup/postcss-discard-duplicates/package.json,node_modules_backup/postcss-discard-duplicates/package.json,,node,tracked,
package_manifest,node_modules_backup/postcss-discard-empty/package.json,node_modules_backup/postcss-discard-empty/package.json,,node,tracked,
package_manifest,node_modules_backup/postcss-discard-overridden/package.json,node_modules_backup/postcss-discard-overridden/package.json,,node,tracked,
package_manifest,node_modules_backup/postcss-import/package.json,node_modules_backup/postcss-import/package.json,,node,tracked,
package_manifest,node_modules_backup/postcss-js/package.json,node_modules_backup/postcss-js/package.json,,node,tracked,
package_manifest,node_modules_backup/postcss-load-config/package.json,node_modules_backup/postcss-load-config/package.json,,node,tracked,
package_manifest,node_modules_backup/postcss-merge-longhand/package.json,node_modules_backup/postcss-merge-longhand/package.json,,node,tracked,
package_manifest,node_modules_backup/postcss-merge-rules/package.json,node_modules_backup/postcss-merge-rules/package.json,,node,tracked,
package_manifest,node_modules_backup/postcss-minify-font-values/package.json,node_modules_backup/postcss-minify-font-values/package.json,,node,tracked,
package_manifest,node_modules_backup/postcss-minify-gradients/package.json,node_modules_backup/postcss-minify-gradients/package.json,,node,tracked,
package_manifest,node_modules_backup/postcss-minify-params/package.json,node_modules_backup/postcss-minify-params/package.json,,node,tracked,
package_manifest,node_modules_backup/postcss-minify-selectors/package.json,node_modules_backup/postcss-minify-selectors/package.json,,node,tracked,
package_manifest,node_modules_backup/postcss-nested/package.json,node_modules_backup/postcss-nested/package.json,,node,tracked,
package_manifest,node_modules_backup/postcss-normalize-charset/package.json,node_modules_backup/postcss-normalize-charset/package.json,,node,tracked,
package_manifest,node_modules_backup/postcss-normalize-display-values/package.json,node_modules_backup/postcss-normalize-display-values/package.json,,node,tracked,
package_manifest,node_modules_backup/postcss-normalize-positions/package.json,node_modules_backup/postcss-normalize-positions/package.json,,node,tracked,
package_manifest,node_modules_backup/postcss-normalize-repeat-style/package.json,node_modules_backup/postcss-normalize-repeat-style/package.json,,node,tracked,
package_manifest,node_modules_backup/postcss-normalize-string/package.json,node_modules_backup/postcss-normalize-string/package.json,,node,tracked,
package_manifest,node_modules_backup/postcss-normalize-timing-functions/package.json,node_modules_backup/postcss-normalize-timing-functions/package.json,,node,tracked,
package_manifest,node_modules_backup/postcss-normalize-unicode/package.json,node_modules_backup/postcss-normalize-unicode/package.json,,node,tracked,
package_manifest,node_modules_backup/postcss-normalize-url/package.json,node_modules_backup/postcss-normalize-url/package.json,,node,tracked,
package_manifest,node_modules_backup/postcss-normalize-whitespace/package.json,node_modules_backup/postcss-normalize-whitespace/package.json,,node,tracked,
package_manifest,node_modules_backup/postcss-ordered-values/package.json,node_modules_backup/postcss-ordered-values/package.json,,node,tracked,
package_manifest,node_modules_backup/postcss-reduce-initial/package.json,node_modules_backup/postcss-reduce-initial/package.json,,node,tracked,
package_manifest,node_modules_backup/postcss-reduce-transforms/package.json,node_modules_backup/postcss-reduce-transforms/package.json,,node,tracked,
package_manifest,node_modules_backup/postcss-reporter/package.json,node_modules_backup/postcss-reporter/package.json,,node,tracked,
package_manifest,node_modules_backup/postcss-selector-parser/package.json,node_modules_backup/postcss-selector-parser/package.json,,node,tracked,
package_manifest,node_modules_backup/postcss-svgo/package.json,node_modules_backup/postcss-svgo/package.json,,node,tracked,
package_manifest,node_modules_backup/postcss-unique-selectors/package.json,node_modules_backup/postcss-unique-selectors/package.json,,node,tracked,
package_manifest,node_modules_backup/postcss-value-parser/package.json,node_modules_backup/postcss-value-parser/package.json,,node,tracked,
package_manifest,node_modules_backup/postcss/package.json,node_modules_backup/postcss/package.json,,node,tracked,
package_manifest,node_modules_backup/postgres-array/package.json,node_modules_backup/postgres-array/package.json,,node,tracked,
package_manifest,node_modules_backup/postgres-bytea/package.json,node_modules_backup/postgres-bytea/package.json,,node,tracked,
package_manifest,node_modules_backup/postgres-date/package.json,node_modules_backup/postgres-date/package.json,,node,tracked,
package_manifest,node_modules_backup/postgres-interval/package.json,node_modules_backup/postgres-interval/package.json,,node,tracked,
package_manifest,node_modules_backup/pretty-hrtime/package.json,node_modules_backup/pretty-hrtime/package.json,,node,tracked,
package_manifest,node_modules_backup/progress/package.json,node_modules_backup/progress/package.json,,node,tracked,
package_manifest,node_modules_backup/proxy-agent/package.json,node_modules_backup/proxy-agent/package.json,,node,tracked,
package_manifest,node_modules_backup/proxy-from-env/package.json,node_modules_backup/proxy-from-env/package.json,,node,tracked,
package_manifest,node_modules_backup/pump/package.json,node_modules_backup/pump/package.json,,node,tracked,
package_manifest,node_modules_backup/puppeteer-core/lib/esm/package.json,node_modules_backup/puppeteer-core/lib/esm/package.json,,node,tracked,
package_manifest,node_modules_backup/puppeteer-core/node_modules/devtools-protocol/package.json,node_modules_backup/puppeteer-core/node_modules/devtools-protocol/package.json,,node,tracked,
package_manifest,node_modules_backup/puppeteer-core/node_modules/ws/package.json,node_modules_backup/puppeteer-core/node_modules/ws/package.json,,node,tracked,
package_manifest,node_modules_backup/puppeteer-core/package.json,node_modules_backup/puppeteer-core/package.json,,node,tracked,
package_manifest,node_modules_backup/queue-microtask/package.json,node_modules_backup/queue-microtask/package.json,,node,tracked,
package_manifest,node_modules_backup/read-cache/package.json,node_modules_backup/read-cache/package.json,,node,tracked,
package_manifest,node_modules_backup/readdirp/package.json,node_modules_backup/readdirp/package.json,,node,tracked,
package_manifest,node_modules_backup/require-directory/package.json,node_modules_backup/require-directory/package.json,,node,tracked,
package_manifest,node_modules_backup/require-in-the-middle/package.json,node_modules_backup/require-in-the-middle/package.json,,node,tracked,
package_manifest,node_modules_backup/resolve/package.json,node_modules_backup/resolve/package.json,,node,tracked,
package_manifest,node_modules_backup/resolve/test/module_dir/zmodules/bbb/package.json,node_modules_backup/resolve/test/module_dir/zmodules/bbb/package.json,,node,tracked,
package_manifest,node_modules_backup/resolve/test/resolver/baz/package.json,node_modules_backup/resolve/test/resolver/baz/package.json,,node,tracked,
package_manifest,node_modules_backup/resolve/test/resolver/browser_field/package.json,node_modules_backup/resolve/test/resolver/browser_field/package.json,,node,tracked,
package_manifest,node_modules_backup/resolve/test/resolver/dot_main/package.json,node_modules_backup/resolve/test/resolver/dot_main/package.json,,node,tracked,
package_manifest,node_modules_backup/resolve/test/resolver/dot_slash_main/package.json,node_modules_backup/resolve/test/resolver/dot_slash_main/package.json,,node,tracked,
package_manifest,node_modules_backup/resolve/test/resolver/false_main/package.json,node_modules_backup/resolve/test/resolver/false_main/package.json,,node,tracked,
package_manifest,node_modules_backup/resolve/test/resolver/incorrect_main/package.json,node_modules_backup/resolve/test/resolver/incorrect_main/package.json,,node,tracked,
package_manifest,node_modules_backup/resolve/test/resolver/invalid_main/package.json,node_modules_backup/resolve/test/resolver/invalid_main/package.json,,node,tracked,
package_manifest,node_modules_backup/resolve/test/resolver/multirepo/package.json,node_modules_backup/resolve/test/resolver/multirepo/package.json,,node,tracked,
package_manifest,node_modules_backup/resolve/test/resolver/multirepo/packages/package-a/package.json,node_modules_backup/resolve/test/resolver/multirepo/packages/package-a/package.json,,node,tracked,
package_manifest,node_modules_backup/resolve/test/resolver/multirepo/packages/package-b/package.json,node_modules_backup/resolve/test/resolver/multirepo/packages/package-b/package.json,,node,tracked,
package_manifest,node_modules_backup/resolve/test/resolver/nested_symlinks/mylib/package.json,node_modules_backup/resolve/test/resolver/nested_symlinks/mylib/package.json,,node,tracked,
package_manifest,node_modules_backup/resolve/test/resolver/symlinked/package/package.json,node_modules_backup/resolve/test/resolver/symlinked/package/package.json,,node,tracked,
package_manifest,node_modules_backup/reusify/package.json,node_modules_backup/reusify/package.json,,node,tracked,
package_manifest,node_modules_backup/robots-parser/package.json,node_modules_backup/robots-parser/package.json,,node,tracked,
package_manifest,node_modules_backup/run-parallel/package.json,node_modules_backup/run-parallel/package.json,,node,tracked,
package_manifest,node_modules_backup/semver/package.json,node_modules_backup/semver/package.json,,node,tracked,
package_manifest,node_modules_backup/shimmer/package.json,node_modules_backup/shimmer/package.json,,node,tracked,
package_manifest,node_modules_backup/slash/package.json,node_modules_backup/slash/package.json,,node,tracked,
package_manifest,node_modules_backup/smart-buffer/package.json,node_modules_backup/smart-buffer/package.json,,node,tracked,
package_manifest,node_modules_backup/socks-proxy-agent/package.json,node_modules_backup/socks-proxy-agent/package.json,,node,tracked,
package_manifest,node_modules_backup/socks/package.json,node_modules_backup/socks/package.json,,node,tracked,
package_manifest,node_modules_backup/source-map-js/package.json,node_modules_backup/source-map-js/package.json,,node,tracked,
package_manifest,node_modules_backup/source-map/package.json,node_modules_backup/source-map/package.json,,node,tracked,
package_manifest,node_modules_backup/speedline-core/package.json,node_modules_backup/speedline-core/package.json,,node,tracked,
package_manifest,node_modules_backup/streamx/package.json,node_modules_backup/streamx/package.json,,node,tracked,
package_manifest,node_modules_backup/string-width/package.json,node_modules_backup/string-width/package.json,,node,tracked,
package_manifest,node_modules_backup/strip-ansi/package.json,node_modules_backup/strip-ansi/package.json,,node,tracked,
package_manifest,node_modules_backup/stubborn-fs/package.json,node_modules_backup/stubborn-fs/package.json,,node,tracked,
package_manifest,node_modules_backup/stubborn-utils/package.json,node_modules_backup/stubborn-utils/package.json,,node,tracked,
package_manifest,node_modules_backup/stylehacks/package.json,node_modules_backup/stylehacks/package.json,,node,tracked,
package_manifest,node_modules_backup/sucrase/package.json,node_modules_backup/sucrase/package.json,,node,tracked,
package_manifest,node_modules_backup/supports-preserve-symlinks-flag/package.json,node_modules_backup/supports-preserve-symlinks-flag/package.json,,node,tracked,
package_manifest,node_modules_backup/svgo/node_modules/commander/package.json,node_modules_backup/svgo/node_modules/commander/package.json,,node,tracked,
package_manifest,node_modules_backup/svgo/package.json,node_modules_backup/svgo/package.json,,node,tracked,
package_manifest,node_modules_backup/tailwindcss/node_modules/glob-parent/package.json,node_modules_backup/tailwindcss/node_modules/glob-parent/package.json,,node,tracked,
package_manifest,node_modules_backup/tailwindcss/package.json,node_modules_backup/tailwindcss/package.json,,node,tracked,
package_manifest,node_modules_backup/tar-fs/package.json,node_modules_backup/tar-fs/package.json,,node,tracked,
package_manifest,node_modules_backup/tar-stream/package.json,node_modules_backup/tar-stream/package.json,,node,tracked,
package_manifest,node_modules_backup/text-decoder/package.json,node_modules_backup/text-decoder/package.json,,node,tracked,
package_manifest,node_modules_backup/thenby/package.json,node_modules_backup/thenby/package.json,,node,tracked,
package_manifest,node_modules_backup/thenify-all/package.json,node_modules_backup/thenify-all/package.json,,node,tracked,
package_manifest,node_modules_backup/thenify/package.json,node_modules_backup/thenify/package.json,,node,tracked,
package_manifest,node_modules_backup/third-party-web/package.json,node_modules_backup/third-party-web/package.json,,node,tracked,
package_manifest,node_modules_backup/tinyglobby/node_modules/fdir/package.json,node_modules_backup/tinyglobby/node_modules/fdir/package.json,,node,tracked,
package_manifest,node_modules_backup/tinyglobby/node_modules/picomatch/package.json,node_modules_backup/tinyglobby/node_modules/picomatch/package.json,,node,tracked,
package_manifest,node_modules_backup/tinyglobby/package.json,node_modules_backup/tinyglobby/package.json,,node,tracked,
package_manifest,node_modules_backup/tldts-core/package.json,node_modules_backup/tldts-core/package.json,,node,tracked,
package_manifest,node_modules_backup/tldts-icann/package.json,node_modules_backup/tldts-icann/package.json,,node,tracked,
package_manifest,node_modules_backup/to-regex-range/package.json,node_modules_backup/to-regex-range/package.json,,node,tracked,
package_manifest,node_modules_backup/ts-interface-checker/package.json,node_modules_backup/ts-interface-checker/package.json,,node,tracked,
package_manifest,node_modules_backup/tslib/modules/package.json,node_modules_backup/tslib/modules/package.json,,node,tracked,
package_manifest,node_modules_backup/tslib/package.json,node_modules_backup/tslib/package.json,,node,tracked,
package_manifest,node_modules_backup/type-fest/package.json,node_modules_backup/type-fest/package.json,,node,tracked,
package_manifest,node_modules_backup/typed-query-selector/package.json,node_modules_backup/typed-query-selector/package.json,,node,tracked,
package_manifest,node_modules_backup/undici-types/package.json,node_modules_backup/undici-types/package.json,,node,tracked,
package_manifest,node_modules_backup/universalify/package.json,node_modules_backup/universalify/package.json,,node,tracked,
package_manifest,node_modules_backup/update-browserslist-db/package.json,node_modules_backup/update-browserslist-db/package.json,,node,tracked,
package_manifest,node_modules_backup/util-deprecate/package.json,node_modules_backup/util-deprecate/package.json,,node,tracked,
package_manifest,node_modules_backup/webdriver-bidi-protocol/package.json,node_modules_backup/webdriver-bidi-protocol/package.json,,node,tracked,
package_manifest,node_modules_backup/when-exit/package.json,node_modules_backup/when-exit/package.json,,node,tracked,
package_manifest,node_modules_backup/wrap-ansi/package.json,node_modules_backup/wrap-ansi/package.json,,node,tracked,
package_manifest,node_modules_backup/wrappy/package.json,node_modules_backup/wrappy/package.json,,node,tracked,
package_manifest,node_modules_backup/ws/package.json,node_modules_backup/ws/package.json,,node,tracked,
package_manifest,node_modules_backup/xdg-basedir/package.json,node_modules_backup/xdg-basedir/package.json,,node,tracked,
package_manifest,node_modules_backup/xtend/package.json,node_modules_backup/xtend/package.json,,node,tracked,
package_manifest,node_modules_backup/y18n/package.json,node_modules_backup/y18n/package.json,,node,tracked,
package_manifest,node_modules_backup/yaml/browser/package.json,node_modules_backup/yaml/browser/package.json,,node,tracked,
package_manifest,node_modules_backup/yaml/package.json,node_modules_backup/yaml/package.json,,node,tracked,
package_manifest,node_modules_backup/yargs-parser/package.json,node_modules_backup/yargs-parser/package.json,,node,tracked,
package_manifest,node_modules_backup/yargs/helpers/package.json,node_modules_backup/yargs/helpers/package.json,,node,tracked,
package_manifest,node_modules_backup/yargs/package.json,node_modules_backup/yargs/package.json,,node,tracked,
package_manifest,node_modules_backup/yauzl/package.json,node_modules_backup/yauzl/package.json,,node,tracked,
package_manifest,node_modules_backup/zod/package.json,node_modules_backup/zod/package.json,,node,tracked,
package_manifest,plugins/QA-Report-App/chroma-qa-reports/build-env/node_modules/@alloc/quick-lru/package.json,plugins/QA-Report-App/chroma-qa-reports/build-env/node_modules/@alloc/quick-lru/package.json,,node,tracked,
package_manifest,plugins/QA-Report-App/chroma-qa-reports/build-env/node_modules/@babel/code-frame/package.json,plugins/QA-Report-App/chroma-qa-reports/build-env/node_modules/@babel/code-frame/package.json,,node,tracked,
package_manifest,plugins/QA-Report-App/chroma-qa-reports/build-env/node_modules/@babel/compat-data/package.json,plugins/QA-Report-App/chroma-qa-reports/build-env/node_modules/@babel/compat-data/package.json,,node,tracked,
package_manifest,plugins/QA-Report-App/chroma-qa-reports/build-env/node_modules/@babel/core/package.json,plugins/QA-Report-App/chroma-qa-reports/build-env/node_modules/@babel/core/package.json,,node,tracked,
package_manifest,plugins/QA-Report-App/chroma-qa-reports/build-env/node_modules/@babel/eslint-parser/package.json,plugins/QA-Report-App/chroma-qa-reports/build-env/node_modules/@babel/eslint-parser/package.json,,node,tracked,
package_manifest,plugins/QA-Report-App/chroma-qa-reports/build-env/node_modules/@babel/generator/package.json,plugins/QA-Report-App/chroma-qa-reports/build-env/node_modules/@babel/generator/package.json,,node,tracked,
package_manifest,plugins/QA-Report-App/chroma-qa-reports/build-env/node_modules/@babel/helper-annotate-as-pure/package.json,plugins/QA-Report-App/chroma-qa-reports/build-env/node_modules/@babel/helper-annotate-as-pure/package.json,,node,tracked,
package_manifest,plugins/QA-Report-App/chroma-qa-reports/build-env/node_modules/@babel/helper-compilation-targets/package.json,plugins/QA-Report-App/chroma-qa-reports/build-env/node_modules/@babel/helper-compilation-targets/package.json,,node,tracked,
package_manifest,plugins/QA-Report-App/chroma-qa-reports/build-env/node_modules/@babel/helper-create-class-features-plugin/package.json,plugins/QA-Report-App/chroma-qa-reports/build-env/node_modules/@babel/helper-create-class-features-plugin/package.json,,node,tracked,
package_manifest,plugins/QA-Report-App/chroma-qa-reports/build-env/node_modules/@babel/helper-create-regexp-features-plugin/package.json,plugins/QA-Report-App/chroma-qa-reports/build-env/node_modules/@babel/helper-create-regexp-features-plugin/package.json,,node,tracked,
package_manifest,plugins/QA-Report-App/chroma-qa-reports/build-env/node_modules/@babel/helper-define-polyfill-provider/package.json,plugins/QA-Report-App/chroma-qa-reports/build-env/node_modules/@babel/helper-define-polyfill-provider/package.json,,node,tracked,
package_manifest,plugins/QA-Report-App/chroma-qa-reports/build-env/node_modules/@babel/helper-globals/package.json,plugins/QA-Report-App/chroma-qa-reports/build-env/node_modules/@babel/helper-globals/package.json,,node,tracked,
package_manifest,plugins/QA-Report-App/chroma-qa-reports/build-env/node_modules/@babel/helper-member-expression-to-functions/package.json,plugins/QA-Report-App/chroma-qa-reports/build-env/node_modules/@babel/helper-member-expression-to-functions/package.json,,node,tracked,
package_manifest,plugins/QA-Report-App/chroma-qa-reports/build-env/node_modules/@babel/helper-module-imports/package.json,plugins/QA-Report-App/chroma-qa-reports/build-env/node_modules/@babel/helper-module-imports/package.json,,node,tracked,
package_manifest,plugins/QA-Report-App/chroma-qa-reports/build-env/node_modules/@babel/helper-module-transforms/package.json,plugins/QA-Report-App/chroma-qa-reports/build-env/node_modules/@babel/helper-module-transforms/package.json,,node,tracked,
package_manifest,plugins/QA-Report-App/chroma-qa-reports/build-env/node_modules/@babel/helper-optimise-call-expression/package.json,plugins/QA-Report-App/chroma-qa-reports/build-env/node_modules/@babel/helper-optimise-call-expression/package.json,,node,tracked,
package_manifest,plugins/QA-Report-App/chroma-qa-reports/build-env/node_modules/@babel/helper-plugin-utils/package.json,plugins/QA-Report-App/chroma-qa-reports/build-env/node_modules/@babel/helper-plugin-utils/package.json,,node,tracked,
package_manifest,plugins/QA-Report-App/chroma-qa-reports/build-env/node_modules/@babel/helper-remap-async-to-generator/package.json,plugins/QA-Report-App/chroma-qa-reports/build-env/node_modules/@babel/helper-remap-async-to-generator/package.json,,node,tracked,
package_manifest,plugins/QA-Report-App/chroma-qa-reports/build-env/node_modules/@babel/helper-replace-supers/package.json,plugins/QA-Report-App/chroma-qa-reports/build-env/node_modules/@babel/helper-replace-supers/package.json,,node,tracked,
package_manifest,plugins/QA-Report-App/chroma-qa-reports/build-env/node_modules/@babel/helper-skip-transparent-expression-wrappers/package.json,plugins/QA-Report-App/chroma-qa-reports/build-env/node_modules/@babel/helper-skip-transparent-expression-wrappers/package.json,,node,tracked,
package_manifest,plugins/QA-Report-App/chroma-qa-reports/build-env/node_modules/@babel/helper-string-parser/package.json,plugins/QA-Report-App/chroma-qa-reports/build-env/node_modules/@babel/helper-string-parser/package.json,,node,tracked,
package_manifest,plugins/QA-Report-App/chroma-qa-reports/build-env/node_modules/@babel/helper-validator-identifier/package.json,plugins/QA-Report-App/chroma-qa-reports/build-env/node_modules/@babel/helper-validator-identifier/package.json,,node,tracked,
package_manifest,plugins/QA-Report-App/chroma-qa-reports/build-env/node_modules/@babel/helper-validator-option/package.json,plugins/QA-Report-App/chroma-qa-reports/build-env/node_modules/@babel/helper-validator-option/package.json,,node,tracked,
package_manifest,plugins/QA-Report-App/chroma-qa-reports/build-env/node_modules/@babel/helper-wrap-function/package.json,plugins/QA-Report-App/chroma-qa-reports/build-env/node_modules/@babel/helper-wrap-function/package.json,,node,tracked,
package_manifest,plugins/QA-Report-App/chroma-qa-reports/build-env/node_modules/@babel/helpers/package.json,plugins/QA-Report-App/chroma-qa-reports/build-env/node_modules/@babel/helpers/package.json,,node,tracked,
package_manifest,plugins/QA-Report-App/chroma-qa-reports/build-env/node_modules/@babel/parser/package.json,plugins/QA-Report-App/chroma-qa-reports/build-env/node_modules/@babel/parser/package.json,,node,tracked,
package_manifest,plugins/QA-Report-App/chroma-qa-reports/build-env/node_modules/@babel/plugin-bugfix-firefox-class-in-computed-class-key/package.json,plugins/QA-Report-App/chroma-qa-reports/build-env/node_modules/@babel/plugin-bugfix-firefox-class-in-computed-class-key/package.json,,node,tracked,
package_manifest,plugins/QA-Report-App/chroma-qa-reports/build-env/node_modules/@babel/plugin-bugfix-safari-class-field-initializer-scope/package.json,plugins/QA-Report-App/chroma-qa-reports/build-env/node_modules/@babel/plugin-bugfix-safari-class-field-initializer-scope/package.json,,node,tracked,
package_manifest,plugins/QA-Report-App/chroma-qa-reports/build-env/node_modules/@babel/plugin-bugfix-safari-id-destructuring-collision-in-function-expression/package.json,plugins/QA-Report-App/chroma-qa-reports/build-env/node_modules/@babel/plugin-bugfix-safari-id-destructuring-collision-in-function-expression/package.json,,node,tracked,
package_manifest,plugins/QA-Report-App/chroma-qa-reports/build-env/node_modules/@babel/plugin-bugfix-v8-spread-parameters-in-optional-chaining/package.json,plugins/QA-Report-App/chroma-qa-reports/build-env/node_modules/@babel/plugin-bugfix-v8-spread-parameters-in-optional-chaining/package.json,,node,tracked,
package_manifest,plugins/QA-Report-App/chroma-qa-reports/build-env/node_modules/@babel/plugin-bugfix-v8-static-class-fields-redefine-readonly/package.json,plugins/QA-Report-App/chroma-qa-reports/build-env/node_modules/@babel/plugin-bugfix-v8-static-class-fields-redefine-readonly/package.json,,node,tracked,
package_manifest,plugins/QA-Report-App/chroma-qa-reports/build-env/node_modules/@babel/plugin-proposal-private-property-in-object/package.json,plugins/QA-Report-App/chroma-qa-reports/build-env/node_modules/@babel/plugin-proposal-private-property-in-object/package.json,,node,tracked,
package_manifest,plugins/QA-Report-App/chroma-qa-reports/build-env/node_modules/@babel/plugin-syntax-async-generators/package.json,plugins/QA-Report-App/chroma-qa-reports/build-env/node_modules/@babel/plugin-syntax-async-generators/package.json,,node,tracked,
package_manifest,plugins/QA-Report-App/chroma-qa-reports/build-env/node_modules/@babel/plugin-syntax-bigint/package.json,plugins/QA-Report-App/chroma-qa-reports/build-env/node_modules/@babel/plugin-syntax-bigint/package.json,,node,tracked,
package_manifest,plugins/QA-Report-App/chroma-qa-reports/build-env/node_modules/@babel/plugin-syntax-class-properties/package.json,plugins/QA-Report-App/chroma-qa-reports/build-env/node_modules/@babel/plugin-syntax-class-properties/package.json,,node,tracked,
package_manifest,plugins/QA-Report-App/chroma-qa-reports/build-env/node_modules/@babel/plugin-syntax-class-static-block/package.json,plugins/QA-Report-App/chroma-qa-reports/build-env/node_modules/@babel/plugin-syntax-class-static-block/package.json,,node,tracked,
package_manifest,plugins/QA-Report-App/chroma-qa-reports/build-env/node_modules/@babel/plugin-syntax-import-assertions/package.json,plugins/QA-Report-App/chroma-qa-reports/build-env/node_modules/@babel/plugin-syntax-import-assertions/package.json,,node,tracked,
package_manifest,plugins/QA-Report-App/chroma-qa-reports/build-env/node_modules/@babel/plugin-syntax-import-attributes/package.json,plugins/QA-Report-App/chroma-qa-reports/build-env/node_modules/@babel/plugin-syntax-import-attributes/package.json,,node,tracked,
package_manifest,plugins/QA-Report-App/chroma-qa-reports/build-env/node_modules/@babel/plugin-syntax-import-meta/package.json,plugins/QA-Report-App/chroma-qa-reports/build-env/node_modules/@babel/plugin-syntax-import-meta/package.json,,node,tracked,
package_manifest,plugins/QA-Report-App/chroma-qa-reports/build-env/node_modules/@babel/plugin-syntax-json-strings/package.json,plugins/QA-Report-App/chroma-qa-reports/build-env/node_modules/@babel/plugin-syntax-json-strings/package.json,,node,tracked,
package_manifest,plugins/QA-Report-App/chroma-qa-reports/build-env/node_modules/@babel/plugin-syntax-jsx/package.json,plugins/QA-Report-App/chroma-qa-reports/build-env/node_modules/@babel/plugin-syntax-jsx/package.json,,node,tracked,
package_manifest,plugins/QA-Report-App/chroma-qa-reports/build-env/node_modules/@babel/plugin-syntax-logical-assignment-operators/package.json,plugins/QA-Report-App/chroma-qa-reports/build-env/node_modules/@babel/plugin-syntax-logical-assignment-operators/package.json,,node,tracked,
package_manifest,plugins/QA-Report-App/chroma-qa-reports/build-env/node_modules/@babel/plugin-syntax-nullish-coalescing-operator/package.json,plugins/QA-Report-App/chroma-qa-reports/build-env/node_modules/@babel/plugin-syntax-nullish-coalescing-operator/package.json,,node,tracked,
package_manifest,plugins/QA-Report-App/chroma-qa-reports/build-env/node_modules/@babel/plugin-syntax-numeric-separator/package.json,plugins/QA-Report-App/chroma-qa-reports/build-env/node_modules/@babel/plugin-syntax-numeric-separator/package.json,,node,tracked,
package_manifest,plugins/QA-Report-App/chroma-qa-reports/build-env/node_modules/@babel/plugin-syntax-object-rest-spread/package.json,plugins/QA-Report-App/chroma-qa-reports/build-env/node_modules/@babel/plugin-syntax-object-rest-spread/package.json,,node,tracked,
package_manifest,plugins/QA-Report-App/chroma-qa-reports/build-env/node_modules/@babel/plugin-syntax-optional-catch-binding/package.json,plugins/QA-Report-App/chroma-qa-reports/build-env/node_modules/@babel/plugin-syntax-optional-catch-binding/package.json,,node,tracked,
package_manifest,plugins/QA-Report-App/chroma-qa-reports/build-env/node_modules/@babel/plugin-syntax-optional-chaining/package.json,plugins/QA-Report-App/chroma-qa-reports/build-env/node_modules/@babel/plugin-syntax-optional-chaining/package.json,,node,tracked,
package_manifest,plugins/QA-Report-App/chroma-qa-reports/build-env/node_modules/@babel/plugin-syntax-private-property-in-object/package.json,plugins/QA-Report-App/chroma-qa-reports/build-env/node_modules/@babel/plugin-syntax-private-property-in-object/package.json,,node,tracked,
package_manifest,plugins/QA-Report-App/chroma-qa-reports/build-env/node_modules/@babel/plugin-syntax-top-level-await/package.json,plugins/QA-Report-App/chroma-qa-reports/build-env/node_modules/@babel/plugin-syntax-top-level-await/package.json,,node,tracked,
package_manifest,plugins/QA-Report-App/chroma-qa-reports/build-env/node_modules/@babel/plugin-syntax-typescript/package.json,plugins/QA-Report-App/chroma-qa-reports/build-env/node_modules/@babel/plugin-syntax-typescript/package.json,,node,tracked,
package_manifest,plugins/QA-Report-App/chroma-qa-reports/build-env/node_modules/@babel/plugin-syntax-unicode-sets-regex/package.json,plugins/QA-Report-App/chroma-qa-reports/build-env/node_modules/@babel/plugin-syntax-unicode-sets-regex/package.json,,node,tracked,
package_manifest,plugins/QA-Report-App/chroma-qa-reports/build-env/node_modules/@babel/plugin-transform-arrow-functions/package.json,plugins/QA-Report-App/chroma-qa-reports/build-env/node_modules/@babel/plugin-transform-arrow-functions/package.json,,node,tracked,
package_manifest,plugins/QA-Report-App/chroma-qa-reports/build-env/node_modules/@babel/plugin-transform-async-generator-functions/package.json,plugins/QA-Report-App/chroma-qa-reports/build-env/node_modules/@babel/plugin-transform-async-generator-functions/package.json,,node,tracked,
package_manifest,plugins/QA-Report-App/chroma-qa-reports/build-env/node_modules/@babel/plugin-transform-async-to-generator/package.json,plugins/QA-Report-App/chroma-qa-reports/build-env/node_modules/@babel/plugin-transform-async-to-generator/package.json,,node,tracked,
package_manifest,plugins/QA-Report-App/chroma-qa-reports/build-env/node_modules/@babel/plugin-transform-block-scoped-functions/package.json,plugins/QA-Report-App/chroma-qa-reports/build-env/node_modules/@babel/plugin-transform-block-scoped-functions/package.json,,node,tracked,
package_manifest,plugins/QA-Report-App/chroma-qa-reports/build-env/node_modules/@babel/plugin-transform-block-scoping/package.json,plugins/QA-Report-App/chroma-qa-reports/build-env/node_modules/@babel/plugin-transform-block-scoping/package.json,,node,tracked,
package_manifest,plugins/QA-Report-App/chroma-qa-reports/build-env/node_modules/@babel/plugin-transform-class-properties/package.json,plugins/QA-Report-App/chroma-qa-reports/build-env/node_modules/@babel/plugin-transform-class-properties/package.json,,node,tracked,
package_manifest,plugins/QA-Report-App/chroma-qa-reports/build-env/node_modules/@babel/plugin-transform-class-static-block/package.json,plugins/QA-Report-App/chroma-qa-reports/build-env/node_modules/@babel/plugin-transform-class-static-block/package.json,,node,tracked,
package_manifest,plugins/QA-Report-App/chroma-qa-reports/build-env/node_modules/@babel/plugin-transform-classes/package.json,plugins/QA-Report-App/chroma-qa-reports/build-env/node_modules/@babel/plugin-transform-classes/package.json,,node,tracked,
package_manifest,plugins/QA-Report-App/chroma-qa-reports/build-env/node_modules/@babel/plugin-transform-computed-properties/package.json,plugins/QA-Report-App/chroma-qa-reports/build-env/node_modules/@babel/plugin-transform-computed-properties/package.json,,node,tracked,
package_manifest,plugins/QA-Report-App/chroma-qa-reports/build-env/node_modules/@babel/plugin-transform-destructuring/package.json,plugins/QA-Report-App/chroma-qa-reports/build-env/node_modules/@babel/plugin-transform-destructuring/package.json,,node,tracked,
package_manifest,plugins/QA-Report-App/chroma-qa-reports/build-env/node_modules/@babel/plugin-transform-dotall-regex/package.json,plugins/QA-Report-App/chroma-qa-reports/build-env/node_modules/@babel/plugin-transform-dotall-regex/package.json,,node,tracked,
package_manifest,plugins/QA-Report-App/chroma-qa-reports/build-env/node_modules/@babel/plugin-transform-duplicate-keys/package.json,plugins/QA-Report-App/chroma-qa-reports/build-env/node_modules/@babel/plugin-transform-duplicate-keys/package.json,,node,tracked,
package_manifest,plugins/QA-Report-App/chroma-qa-reports/build-env/node_modules/@babel/plugin-transform-duplicate-named-capturing-groups-regex/package.json,plugins/QA-Report-App/chroma-qa-reports/build-env/node_modules/@babel/plugin-transform-duplicate-named-capturing-groups-regex/package.json,,node,tracked,
package_manifest,plugins/QA-Report-App/chroma-qa-reports/build-env/node_modules/@babel/plugin-transform-dynamic-import/package.json,plugins/QA-Report-App/chroma-qa-reports/build-env/node_modules/@babel/plugin-transform-dynamic-import/package.json,,node,tracked,
package_manifest,plugins/QA-Report-App/chroma-qa-reports/build-env/node_modules/@babel/plugin-transform-explicit-resource-management/package.json,plugins/QA-Report-App/chroma-qa-reports/build-env/node_modules/@babel/plugin-transform-explicit-resource-management/package.json,,node,tracked,
package_manifest,plugins/QA-Report-App/chroma-qa-reports/build-env/node_modules/@babel/plugin-transform-exponentiation-operator/package.json,plugins/QA-Report-App/chroma-qa-reports/build-env/node_modules/@babel/plugin-transform-exponentiation-operator/package.json,,node,tracked,
package_manifest,plugins/QA-Report-App/chroma-qa-reports/build-env/node_modules/@babel/plugin-transform-export-namespace-from/package.json,plugins/QA-Report-App/chroma-qa-reports/build-env/node_modules/@babel/plugin-transform-export-namespace-from/package.json,,node,tracked,
package_manifest,plugins/QA-Report-App/chroma-qa-reports/build-env/node_modules/@babel/plugin-transform-for-of/package.json,plugins/QA-Report-App/chroma-qa-reports/build-env/node_modules/@babel/plugin-transform-for-of/package.json,,node,tracked,
package_manifest,plugins/QA-Report-App/chroma-qa-reports/build-env/node_modules/@babel/plugin-transform-function-name/package.json,plugins/QA-Report-App/chroma-qa-reports/build-env/node_modules/@babel/plugin-transform-function-name/package.json,,node,tracked,
package_manifest,plugins/QA-Report-App/chroma-qa-reports/build-env/node_modules/@babel/plugin-transform-json-strings/package.json,plugins/QA-Report-App/chroma-qa-reports/build-env/node_modules/@babel/plugin-transform-json-strings/package.json,,node,tracked,
package_manifest,plugins/QA-Report-App/chroma-qa-reports/build-env/node_modules/@babel/plugin-transform-literals/package.json,plugins/QA-Report-App/chroma-qa-reports/build-env/node_modules/@babel/plugin-transform-literals/package.json,,node,tracked,
package_manifest,plugins/QA-Report-App/chroma-qa-reports/build-env/node_modules/@babel/plugin-transform-logical-assignment-operators/package.json,plugins/QA-Report-App/chroma-qa-reports/build-env/node_modules/@babel/plugin-transform-logical-assignment-operators/package.json,,node,tracked,
package_manifest,plugins/QA-Report-App/chroma-qa-reports/build-env/node_modules/@babel/plugin-transform-member-expression-literals/package.json,plugins/QA-Report-App/chroma-qa-reports/build-env/node_modules/@babel/plugin-transform-member-expression-literals/package.json,,node,tracked,
package_manifest,plugins/QA-Report-App/chroma-qa-reports/build-env/node_modules/@babel/plugin-transform-modules-amd/package.json,plugins/QA-Report-App/chroma-qa-reports/build-env/node_modules/@babel/plugin-transform-modules-amd/package.json,,node,tracked,
package_manifest,plugins/QA-Report-App/chroma-qa-reports/build-env/node_modules/@babel/plugin-transform-modules-commonjs/package.json,plugins/QA-Report-App/chroma-qa-reports/build-env/node_modules/@babel/plugin-transform-modules-commonjs/package.json,,node,tracked,
package_manifest,plugins/QA-Report-App/chroma-qa-reports/build-env/node_modules/@babel/plugin-transform-modules-systemjs/package.json,plugins/QA-Report-App/chroma-qa-reports/build-env/node_modules/@babel/plugin-transform-modules-systemjs/package.json,,node,tracked,
package_manifest,plugins/QA-Report-App/chroma-qa-reports/build-env/node_modules/@babel/plugin-transform-modules-umd/package.json,plugins/QA-Report-App/chroma-qa-reports/build-env/node_modules/@babel/plugin-transform-modules-umd/package.json,,node,tracked,
package_manifest,plugins/QA-Report-App/chroma-qa-reports/build-env/node_modules/@babel/plugin-transform-named-capturing-groups-regex/package.json,plugins/QA-Report-App/chroma-qa-reports/build-env/node_modules/@babel/plugin-transform-named-capturing-groups-regex/package.json,,node,tracked,
package_manifest,plugins/QA-Report-App/chroma-qa-reports/build-env/node_modules/@babel/plugin-transform-new-target/package.json,plugins/QA-Report-App/chroma-qa-reports/build-env/node_modules/@babel/plugin-transform-new-target/package.json,,node,tracked,
package_manifest,plugins/QA-Report-App/chroma-qa-reports/build-env/node_modules/@babel/plugin-transform-nullish-coalescing-operator/package.json,plugins/QA-Report-App/chroma-qa-reports/build-env/node_modules/@babel/plugin-transform-nullish-coalescing-operator/package.json,,node,tracked,
package_manifest,plugins/QA-Report-App/chroma-qa-reports/build-env/node_modules/@babel/plugin-transform-numeric-separator/package.json,plugins/QA-Report-App/chroma-qa-reports/build-env/node_modules/@babel/plugin-transform-numeric-separator/package.json,,node,tracked,
package_manifest,plugins/QA-Report-App/chroma-qa-reports/build-env/node_modules/@babel/plugin-transform-object-rest-spread/package.json,plugins/QA-Report-App/chroma-qa-reports/build-env/node_modules/@babel/plugin-transform-object-rest-spread/package.json,,node,tracked,
package_manifest,plugins/QA-Report-App/chroma-qa-reports/build-env/node_modules/@babel/plugin-transform-object-super/package.json,plugins/QA-Report-App/chroma-qa-reports/build-env/node_modules/@babel/plugin-transform-object-super/package.json,,node,tracked,
package_manifest,plugins/QA-Report-App/chroma-qa-reports/build-env/node_modules/@babel/plugin-transform-optional-catch-binding/package.json,plugins/QA-Report-App/chroma-qa-reports/build-env/node_modules/@babel/plugin-transform-optional-catch-binding/package.json,,node,tracked,
package_manifest,plugins/QA-Report-App/chroma-qa-reports/build-env/node_modules/@babel/plugin-transform-optional-chaining/package.json,plugins/QA-Report-App/chroma-qa-reports/build-env/node_modules/@babel/plugin-transform-optional-chaining/package.json,,node,tracked,
package_manifest,plugins/QA-Report-App/chroma-qa-reports/build-env/node_modules/@babel/plugin-transform-parameters/package.json,plugins/QA-Report-App/chroma-qa-reports/build-env/node_modules/@babel/plugin-transform-parameters/package.json,,node,tracked,
package_manifest,plugins/QA-Report-App/chroma-qa-reports/build-env/node_modules/@babel/plugin-transform-private-methods/package.json,plugins/QA-Report-App/chroma-qa-reports/build-env/node_modules/@babel/plugin-transform-private-methods/package.json,,node,tracked,
package_manifest,plugins/QA-Report-App/chroma-qa-reports/build-env/node_modules/@babel/plugin-transform-private-property-in-object/package.json,plugins/QA-Report-App/chroma-qa-reports/build-env/node_modules/@babel/plugin-transform-private-property-in-object/package.json,,node,tracked,
package_manifest,plugins/QA-Report-App/chroma-qa-reports/build-env/node_modules/@babel/plugin-transform-property-literals/package.json,plugins/QA-Report-App/chroma-qa-reports/build-env/node_modules/@babel/plugin-transform-property-literals/package.json,,node,tracked,
package_manifest,plugins/QA-Report-App/chroma-qa-reports/build-env/node_modules/@babel/plugin-transform-react-constant-elements/package.json,plugins/QA-Report-App/chroma-qa-reports/build-env/node_modules/@babel/plugin-transform-react-constant-elements/package.json,,node,tracked,
package_manifest,plugins/QA-Report-App/chroma-qa-reports/build-env/node_modules/@babel/plugin-transform-react-display-name/package.json,plugins/QA-Report-App/chroma-qa-reports/build-env/node_modules/@babel/plugin-transform-react-display-name/package.json,,node,tracked,
package_manifest,plugins/QA-Report-App/chroma-qa-reports/build-env/node_modules/@babel/plugin-transform-react-jsx-development/package.json,plugins/QA-Report-App/chroma-qa-reports/build-env/node_modules/@babel/plugin-transform-react-jsx-development/package.json,,node,tracked,
package_manifest,plugins/QA-Report-App/chroma-qa-reports/build-env/node_modules/@babel/plugin-transform-react-jsx/package.json,plugins/QA-Report-App/chroma-qa-reports/build-env/node_modules/@babel/plugin-transform-react-jsx/package.json,,node,tracked,
package_manifest,plugins/QA-Report-App/chroma-qa-reports/build-env/node_modules/@babel/plugin-transform-react-pure-annotations/package.json,plugins/QA-Report-App/chroma-qa-reports/build-env/node_modules/@babel/plugin-transform-react-pure-annotations/package.json,,node,tracked,
package_manifest,plugins/QA-Report-App/chroma-qa-reports/build-env/node_modules/@babel/plugin-transform-regenerator/package.json,plugins/QA-Report-App/chroma-qa-reports/build-env/node_modules/@babel/plugin-transform-regenerator/package.json,,node,tracked,
package_manifest,plugins/QA-Report-App/chroma-qa-reports/build-env/node_modules/@babel/plugin-transform-regexp-modifiers/package.json,plugins/QA-Report-App/chroma-qa-reports/build-env/node_modules/@babel/plugin-transform-regexp-modifiers/package.json,,node,tracked,
package_manifest,plugins/QA-Report-App/chroma-qa-reports/build-env/node_modules/@babel/plugin-transform-reserved-words/package.json,plugins/QA-Report-App/chroma-qa-reports/build-env/node_modules/@babel/plugin-transform-reserved-words/package.json,,node,tracked,
package_manifest,plugins/QA-Report-App/chroma-qa-reports/build-env/node_modules/@babel/plugin-transform-runtime/package.json,plugins/QA-Report-App/chroma-qa-reports/build-env/node_modules/@babel/plugin-transform-runtime/package.json,,node,tracked,
package_manifest,plugins/QA-Report-App/chroma-qa-reports/build-env/node_modules/@babel/plugin-transform-shorthand-properties/package.json,plugins/QA-Report-App/chroma-qa-reports/build-env/node_modules/@babel/plugin-transform-shorthand-properties/package.json,,node,tracked,
package_manifest,plugins/QA-Report-App/chroma-qa-reports/build-env/node_modules/@babel/plugin-transform-spread/package.json,plugins/QA-Report-App/chroma-qa-reports/build-env/node_modules/@babel/plugin-transform-spread/package.json,,node,tracked,
package_manifest,plugins/QA-Report-App/chroma-qa-reports/build-env/node_modules/@babel/plugin-transform-sticky-regex/package.json,plugins/QA-Report-App/chroma-qa-reports/build-env/node_modules/@babel/plugin-transform-sticky-regex/package.json,,node,tracked,
package_manifest,plugins/QA-Report-App/chroma-qa-reports/build-env/node_modules/@babel/plugin-transform-template-literals/package.json,plugins/QA-Report-App/chroma-qa-reports/build-env/node_modules/@babel/plugin-transform-template-literals/package.json,,node,tracked,
package_manifest,plugins/QA-Report-App/chroma-qa-reports/build-env/node_modules/@babel/plugin-transform-typeof-symbol/package.json,plugins/QA-Report-App/chroma-qa-reports/build-env/node_modules/@babel/plugin-transform-typeof-symbol/package.json,,node,tracked,
package_manifest,plugins/QA-Report-App/chroma-qa-reports/build-env/node_modules/@babel/plugin-transform-typescript/package.json,plugins/QA-Report-App/chroma-qa-reports/build-env/node_modules/@babel/plugin-transform-typescript/package.json,,node,tracked,
package_manifest,plugins/QA-Report-App/chroma-qa-reports/build-env/node_modules/@babel/plugin-transform-unicode-escapes/package.json,plugins/QA-Report-App/chroma-qa-reports/build-env/node_modules/@babel/plugin-transform-unicode-escapes/package.json,,node,tracked,
package_manifest,plugins/QA-Report-App/chroma-qa-reports/build-env/node_modules/@babel/plugin-transform-unicode-property-regex/package.json,plugins/QA-Report-App/chroma-qa-reports/build-env/node_modules/@babel/plugin-transform-unicode-property-regex/package.json,,node,tracked,
package_manifest,plugins/QA-Report-App/chroma-qa-reports/build-env/node_modules/@babel/plugin-transform-unicode-regex/package.json,plugins/QA-Report-App/chroma-qa-reports/build-env/node_modules/@babel/plugin-transform-unicode-regex/package.json,,node,tracked,
package_manifest,plugins/QA-Report-App/chroma-qa-reports/build-env/node_modules/@babel/plugin-transform-unicode-sets-regex/package.json,plugins/QA-Report-App/chroma-qa-reports/build-env/node_modules/@babel/plugin-transform-unicode-sets-regex/package.json,,node,tracked,
package_manifest,plugins/QA-Report-App/chroma-qa-reports/build-env/node_modules/@babel/preset-env/data/package.json,plugins/QA-Report-App/chroma-qa-reports/build-env/node_modules/@babel/preset-env/data/package.json,,node,tracked,
package_manifest,plugins/QA-Report-App/chroma-qa-reports/build-env/node_modules/@babel/preset-env/package.json,plugins/QA-Report-App/chroma-qa-reports/build-env/node_modules/@babel/preset-env/package.json,,node,tracked,
package_manifest,plugins/QA-Report-App/chroma-qa-reports/build-env/node_modules/@babel/preset-modules/package.json,plugins/QA-Report-App/chroma-qa-reports/build-env/node_modules/@babel/preset-modules/package.json,,node,tracked,
package_manifest,plugins/QA-Report-App/chroma-qa-reports/build-env/node_modules/@babel/preset-react/package.json,plugins/QA-Report-App/chroma-qa-reports/build-env/node_modules/@babel/preset-react/package.json,,node,tracked,
package_manifest,plugins/QA-Report-App/chroma-qa-reports/build-env/node_modules/@babel/preset-typescript/package.json,plugins/QA-Report-App/chroma-qa-reports/build-env/node_modules/@babel/preset-typescript/package.json,,node,tracked,
package_manifest,plugins/QA-Report-App/chroma-qa-reports/build-env/node_modules/@babel/runtime/helpers/esm/package.json,plugins/QA-Report-App/chroma-qa-reports/build-env/node_modules/@babel/runtime/helpers/esm/package.json,,node,tracked,
package_manifest,plugins/QA-Report-App/chroma-qa-reports/build-env/node_modules/@babel/runtime/package.json,plugins/QA-Report-App/chroma-qa-reports/build-env/node_modules/@babel/runtime/package.json,,node,tracked,
package_manifest,plugins/QA-Report-App/chroma-qa-reports/build-env/node_modules/@babel/template/package.json,plugins/QA-Report-App/chroma-qa-reports/build-env/node_modules/@babel/template/package.json,,node,tracked,
package_manifest,plugins/QA-Report-App/chroma-qa-reports/build-env/node_modules/@babel/traverse/package.json,plugins/QA-Report-App/chroma-qa-reports/build-env/node_modules/@babel/traverse/package.json,,node,tracked,
package_manifest,plugins/QA-Report-App/chroma-qa-reports/build-env/node_modules/@babel/types/package.json,plugins/QA-Report-App/chroma-qa-reports/build-env/node_modules/@babel/types/package.json,,node,tracked,
package_manifest,plugins/QA-Report-App/chroma-qa-reports/build-env/node_modules/@bcoe/v8-coverage/dist/lib/package.json,plugins/QA-Report-App/chroma-qa-reports/build-env/node_modules/@bcoe/v8-coverage/dist/lib/package.json,,node,tracked,
package_manifest,plugins/QA-Report-App/chroma-qa-reports/build-env/node_modules/@bcoe/v8-coverage/package.json,plugins/QA-Report-App/chroma-qa-reports/build-env/node_modules/@bcoe/v8-coverage/package.json,,node,tracked,
package_manifest,plugins/QA-Report-App/chroma-qa-reports/build-env/node_modules/@csstools/selector-specificity/package.json,plugins/QA-Report-App/chroma-qa-reports/build-env/node_modules/@csstools/selector-specificity/package.json,,node,tracked,
package_manifest,plugins/QA-Report-App/chroma-qa-reports/build-env/node_modules/@discoveryjs/json-ext/package.json,plugins/QA-Report-App/chroma-qa-reports/build-env/node_modules/@discoveryjs/json-ext/package.json,,node,tracked,
package_manifest,plugins/QA-Report-App/chroma-qa-reports/build-env/node_modules/@es-joy/jsdoccomment/package.json,plugins/QA-Report-App/chroma-qa-reports/build-env/node_modules/@es-joy/jsdoccomment/package.json,,node,tracked,
package_manifest,plugins/QA-Report-App/chroma-qa-reports/build-env/node_modules/@eslint-community/eslint-utils/node_modules/eslint-visitor-keys/package.json,plugins/QA-Report-App/chroma-qa-reports/build-env/node_modules/@eslint-community/eslint-utils/node_modules/eslint-visitor-keys/package.json,,node,tracked,
package_manifest,plugins/QA-Report-App/chroma-qa-reports/build-env/node_modules/@eslint-community/eslint-utils/package.json,plugins/QA-Report-App/chroma-qa-reports/build-env/node_modules/@eslint-community/eslint-utils/package.json,,node,tracked,
package_manifest,plugins/QA-Report-App/chroma-qa-reports/build-env/node_modules/@eslint-community/regexpp/package.json,plugins/QA-Report-App/chroma-qa-reports/build-env/node_modules/@eslint-community/regexpp/package.json,,node,tracked,
package_manifest,plugins/QA-Report-App/chroma-qa-reports/build-env/node_modules/@eslint/eslintrc/node_modules/argparse/package.json,plugins/QA-Report-App/chroma-qa-reports/build-env/node_modules/@eslint/eslintrc/node_modules/argparse/package.json,,node,tracked,
package_manifest,plugins/QA-Report-App/chroma-qa-reports/build-env/node_modules/@eslint/eslintrc/node_modules/brace-expansion/package.json,plugins/QA-Report-App/chroma-qa-reports/build-env/node_modules/@eslint/eslintrc/node_modules/brace-expansion/package.json,,node,tracked,
package_manifest,plugins/QA-Report-App/chroma-qa-reports/build-env/node_modules/@eslint/eslintrc/node_modules/js-yaml/package.json,plugins/QA-Report-App/chroma-qa-reports/build-env/node_modules/@eslint/eslintrc/node_modules/js-yaml/package.json,,node,tracked,
package_manifest,plugins/QA-Report-App/chroma-qa-reports/build-env/node_modules/@eslint/eslintrc/node_modules/minimatch/package.json,plugins/QA-Report-App/chroma-qa-reports/build-env/node_modules/@eslint/eslintrc/node_modules/minimatch/package.json,,node,tracked,
package_manifest,plugins/QA-Report-App/chroma-qa-reports/build-env/node_modules/@eslint/eslintrc/package.json,plugins/QA-Report-App/chroma-qa-reports/build-env/node_modules/@eslint/eslintrc/package.json,,node,tracked,
package_manifest,plugins/QA-Report-App/chroma-qa-reports/build-env/node_modules/@eslint/js/package.json,plugins/QA-Report-App/chroma-qa-reports/build-env/node_modules/@eslint/js/package.json,,node,tracked,
package_manifest,plugins/QA-Report-App/chroma-qa-reports/build-env/node_modules/@floating-ui/core/package.json,plugins/QA-Report-App/chroma-qa-reports/build-env/node_modules/@floating-ui/core/package.json,,node,tracked,
package_manifest,plugins/QA-Report-App/chroma-qa-reports/build-env/node_modules/@floating-ui/dom/package.json,plugins/QA-Report-App/chroma-qa-reports/build-env/node_modules/@floating-ui/dom/package.json,,node,tracked,
package_manifest,plugins/QA-Report-App/chroma-qa-reports/build-env/node_modules/@floating-ui/react-dom/package.json,plugins/QA-Report-App/chroma-qa-reports/build-env/node_modules/@floating-ui/react-dom/package.json,,node,tracked,
package_manifest,plugins/QA-Report-App/chroma-qa-reports/build-env/node_modules/@floating-ui/utils/dom/package.json,plugins/QA-Report-App/chroma-qa-reports/build-env/node_modules/@floating-ui/utils/dom/package.json,,node,tracked,
package_manifest,plugins/QA-Report-App/chroma-qa-reports/build-env/node_modules/@floating-ui/utils/package.json,plugins/QA-Report-App/chroma-qa-reports/build-env/node_modules/@floating-ui/utils/package.json,,node,tracked,
package_manifest,plugins/QA-Report-App/chroma-qa-reports/build-env/node_modules/@hapi/hoek/package.json,plugins/QA-Report-App/chroma-qa-reports/build-env/node_modules/@hapi/hoek/package.json,,node,tracked,
package_manifest,plugins/QA-Report-App/chroma-qa-reports/build-env/node_modules/@hapi/topo/package.json,plugins/QA-Report-App/chroma-qa-reports/build-env/node_modules/@hapi/topo/package.json,,node,tracked,
package_manifest,plugins/QA-Report-App/chroma-qa-reports/build-env/node_modules/@humanwhocodes/config-array/node_modules/brace-expansion/package.json,plugins/QA-Report-App/chroma-qa-reports/build-env/node_modules/@humanwhocodes/config-array/node_modules/brace-expansion/package.json,,node,tracked,
package_manifest,plugins/QA-Report-App/chroma-qa-reports/build-env/node_modules/@humanwhocodes/config-array/node_modules/minimatch/package.json,plugins/QA-Report-App/chroma-qa-reports/build-env/node_modules/@humanwhocodes/config-array/node_modules/minimatch/package.json,,node,tracked,
package_manifest,plugins/QA-Report-App/chroma-qa-reports/build-env/node_modules/@humanwhocodes/config-array/package.json,plugins/QA-Report-App/chroma-qa-reports/build-env/node_modules/@humanwhocodes/config-array/package.json,,node,tracked,
package_manifest,plugins/QA-Report-App/chroma-qa-reports/build-env/node_modules/@humanwhocodes/module-importer/package.json,plugins/QA-Report-App/chroma-qa-reports/build-env/node_modules/@humanwhocodes/module-importer/package.json,,node,tracked,
package_manifest,plugins/QA-Report-App/chroma-qa-reports/build-env/node_modules/@humanwhocodes/object-schema/package.json,plugins/QA-Report-App/chroma-qa-reports/build-env/node_modules/@humanwhocodes/object-schema/package.json,,node,tracked,
package_manifest,plugins/QA-Report-App/chroma-qa-reports/build-env/node_modules/@istanbuljs/load-nyc-config/node_modules/camelcase/package.json,plugins/QA-Report-App/chroma-qa-reports/build-env/node_modules/@istanbuljs/load-nyc-config/node_modules/camelcase/package.json,,node,tracked,
package_manifest,plugins/QA-Report-App/chroma-qa-reports/build-env/node_modules/@istanbuljs/load-nyc-config/package.json,plugins/QA-Report-App/chroma-qa-reports/build-env/node_modules/@istanbuljs/load-nyc-config/package.json,,node,tracked,
package_manifest,plugins/QA-Report-App/chroma-qa-reports/build-env/node_modules/@istanbuljs/schema/package.json,plugins/QA-Report-App/chroma-qa-reports/build-env/node_modules/@istanbuljs/schema/package.json,,node,tracked,
package_manifest,plugins/QA-Report-App/chroma-qa-reports/build-env/node_modules/@jest/console/package.json,plugins/QA-Report-App/chroma-qa-reports/build-env/node_modules/@jest/console/package.json,,node,tracked,
package_manifest,plugins/QA-Report-App/chroma-qa-reports/build-env/node_modules/@jest/core/package.json,plugins/QA-Report-App/chroma-qa-reports/build-env/node_modules/@jest/core/package.json,,node,tracked,
package_manifest,plugins/QA-Report-App/chroma-qa-reports/build-env/node_modules/@jest/environment/package.json,plugins/QA-Report-App/chroma-qa-reports/build-env/node_modules/@jest/environment/package.json,,node,tracked,
package_manifest,plugins/QA-Report-App/chroma-qa-reports/build-env/node_modules/@jest/expect-utils/package.json,plugins/QA-Report-App/chroma-qa-reports/build-env/node_modules/@jest/expect-utils/package.json,,node,tracked,
package_manifest,plugins/QA-Report-App/chroma-qa-reports/build-env/node_modules/@jest/expect/package.json,plugins/QA-Report-App/chroma-qa-reports/build-env/node_modules/@jest/expect/package.json,,node,tracked,
package_manifest,plugins/QA-Report-App/chroma-qa-reports/build-env/node_modules/@jest/fake-timers/package.json,plugins/QA-Report-App/chroma-qa-reports/build-env/node_modules/@jest/fake-timers/package.json,,node,tracked,
package_manifest,plugins/QA-Report-App/chroma-qa-reports/build-env/node_modules/@jest/globals/package.json,plugins/QA-Report-App/chroma-qa-reports/build-env/node_modules/@jest/globals/package.json,,node,tracked,
package_manifest,plugins/QA-Report-App/chroma-qa-reports/build-env/node_modules/@jest/reporters/node_modules/istanbul-lib-instrument/package.json,plugins/QA-Report-App/chroma-qa-reports/build-env/node_modules/@jest/reporters/node_modules/istanbul-lib-instrument/package.json,,node,tracked,
package_manifest,plugins/QA-Report-App/chroma-qa-reports/build-env/node_modules/@jest/reporters/node_modules/semver/package.json,plugins/QA-Report-App/chroma-qa-reports/build-env/node_modules/@jest/reporters/node_modules/semver/package.json,,node,tracked,
package_manifest,plugins/QA-Report-App/chroma-qa-reports/build-env/node_modules/@jest/reporters/package.json,plugins/QA-Report-App/chroma-qa-reports/build-env/node_modules/@jest/reporters/package.json,,node,tracked,
package_manifest,plugins/QA-Report-App/chroma-qa-reports/build-env/node_modules/@jest/schemas/package.json,plugins/QA-Report-App/chroma-qa-reports/build-env/node_modules/@jest/schemas/package.json,,node,tracked,
package_manifest,plugins/QA-Report-App/chroma-qa-reports/build-env/node_modules/@jest/source-map/package.json,plugins/QA-Report-App/chroma-qa-reports/build-env/node_modules/@jest/source-map/package.json,,node,tracked,
package_manifest,plugins/QA-Report-App/chroma-qa-reports/build-env/node_modules/@jest/test-result/package.json,plugins/QA-Report-App/chroma-qa-reports/build-env/node_modules/@jest/test-result/package.json,,node,tracked,
package_manifest,plugins/QA-Report-App/chroma-qa-reports/build-env/node_modules/@jest/test-sequencer/package.json,plugins/QA-Report-App/chroma-qa-reports/build-env/node_modules/@jest/test-sequencer/package.json,,node,tracked,
package_manifest,plugins/QA-Report-App/chroma-qa-reports/build-env/node_modules/@jest/transform/package.json,plugins/QA-Report-App/chroma-qa-reports/build-env/node_modules/@jest/transform/package.json,,node,tracked,
package_manifest,plugins/QA-Report-App/chroma-qa-reports/build-env/node_modules/@jest/types/package.json,plugins/QA-Report-App/chroma-qa-reports/build-env/node_modules/@jest/types/package.json,,node,tracked,
package_manifest,plugins/QA-Report-App/chroma-qa-reports/build-env/node_modules/@jridgewell/gen-mapping/package.json,plugins/QA-Report-App/chroma-qa-reports/build-env/node_modules/@jridgewell/gen-mapping/package.json,,node,tracked,
package_manifest,plugins/QA-Report-App/chroma-qa-reports/build-env/node_modules/@jridgewell/remapping/package.json,plugins/QA-Report-App/chroma-qa-reports/build-env/node_modules/@jridgewell/remapping/package.json,,node,tracked,
package_manifest,plugins/QA-Report-App/chroma-qa-reports/build-env/node_modules/@jridgewell/resolve-uri/package.json,plugins/QA-Report-App/chroma-qa-reports/build-env/node_modules/@jridgewell/resolve-uri/package.json,,node,tracked,
package_manifest,plugins/QA-Report-App/chroma-qa-reports/build-env/node_modules/@jridgewell/source-map/package.json,plugins/QA-Report-App/chroma-qa-reports/build-env/node_modules/@jridgewell/source-map/package.json,,node,tracked,
package_manifest,plugins/QA-Report-App/chroma-qa-reports/build-env/node_modules/@jridgewell/sourcemap-codec/package.json,plugins/QA-Report-App/chroma-qa-reports/build-env/node_modules/@jridgewell/sourcemap-codec/package.json,,node,tracked,
package_manifest,plugins/QA-Report-App/chroma-qa-reports/build-env/node_modules/@jridgewell/trace-mapping/package.json,plugins/QA-Report-App/chroma-qa-reports/build-env/node_modules/@jridgewell/trace-mapping/package.json,,node,tracked,
package_manifest,plugins/QA-Report-App/chroma-qa-reports/build-env/node_modules/@leichtgewicht/ip-codec/package.json,plugins/QA-Report-App/chroma-qa-reports/build-env/node_modules/@leichtgewicht/ip-codec/package.json,,node,tracked,
package_manifest,plugins/QA-Report-App/chroma-qa-reports/build-env/node_modules/@nicolo-ribaudo/eslint-scope-5-internals/package.json,plugins/QA-Report-App/chroma-qa-reports/build-env/node_modules/@nicolo-ribaudo/eslint-scope-5-internals/package.json,,node,tracked,
package_manifest,plugins/QA-Report-App/chroma-qa-reports/build-env/node_modules/@nodelib/fs.scandir/package.json,plugins/QA-Report-App/chroma-qa-reports/build-env/node_modules/@nodelib/fs.scandir/package.json,,node,tracked,
package_manifest,plugins/QA-Report-App/chroma-qa-reports/build-env/node_modules/@nodelib/fs.stat/package.json,plugins/QA-Report-App/chroma-qa-reports/build-env/node_modules/@nodelib/fs.stat/package.json,,node,tracked,
package_manifest,plugins/QA-Report-App/chroma-qa-reports/build-env/node_modules/@nodelib/fs.walk/package.json,plugins/QA-Report-App/chroma-qa-reports/build-env/node_modules/@nodelib/fs.walk/package.json,,node,tracked,
package_manifest,plugins/QA-Report-App/chroma-qa-reports/build-env/node_modules/@parcel/watcher-win32-x64/package.json,plugins/QA-Report-App/chroma-qa-reports/build-env/node_modules/@parcel/watcher-win32-x64/package.json,,node,tracked,
package_manifest,plugins/QA-Report-App/chroma-qa-reports/build-env/node_modules/@parcel/watcher/node_modules/picomatch/package.json,plugins/QA-Report-App/chroma-qa-reports/build-env/node_modules/@parcel/watcher/node_modules/picomatch/package.json,,node,tracked,
package_manifest,plugins/QA-Report-App/chroma-qa-reports/build-env/node_modules/@parcel/watcher/package.json,plugins/QA-Report-App/chroma-qa-reports/build-env/node_modules/@parcel/watcher/package.json,,node,tracked,
package_manifest,plugins/QA-Report-App/chroma-qa-reports/build-env/node_modules/@pkgr/core/package.json,plugins/QA-Report-App/chroma-qa-reports/build-env/node_modules/@pkgr/core/package.json,,node,tracked,
package_manifest,plugins/QA-Report-App/chroma-qa-reports/build-env/node_modules/@playwright/test/package.json,plugins/QA-Report-App/chroma-qa-reports/build-env/node_modules/@playwright/test/package.json,,node,tracked,
package_manifest,plugins/QA-Report-App/chroma-qa-reports/build-env/node_modules/@pmmmwh/react-refresh-webpack-plugin/client/package.json,plugins/QA-Report-App/chroma-qa-reports/build-env/node_modules/@pmmmwh/react-refresh-webpack-plugin/client/package.json,,node,tracked,
package_manifest,plugins/QA-Report-App/chroma-qa-reports/build-env/node_modules/@pmmmwh/react-refresh-webpack-plugin/overlay/package.json,plugins/QA-Report-App/chroma-qa-reports/build-env/node_modules/@pmmmwh/react-refresh-webpack-plugin/overlay/package.json,,node,tracked,
package_manifest,plugins/QA-Report-App/chroma-qa-reports/build-env/node_modules/@pmmmwh/react-refresh-webpack-plugin/package.json,plugins/QA-Report-App/chroma-qa-reports/build-env/node_modules/@pmmmwh/react-refresh-webpack-plugin/package.json,,node,tracked,
package_manifest,plugins/QA-Report-App/chroma-qa-reports/build-env/node_modules/@pmmmwh/react-refresh-webpack-plugin/sockets/package.json,plugins/QA-Report-App/chroma-qa-reports/build-env/node_modules/@pmmmwh/react-refresh-webpack-plugin/sockets/package.json,,node,tracked,
package_manifest,plugins/QA-Report-App/chroma-qa-reports/build-env/node_modules/@polka/url/package.json,plugins/QA-Report-App/chroma-qa-reports/build-env/node_modules/@polka/url/package.json,,node,tracked,
package_manifest,plugins/QA-Report-App/chroma-qa-reports/build-env/node_modules/@puppeteer/browsers/lib/esm/package.json,plugins/QA-Report-App/chroma-qa-reports/build-env/node_modules/@puppeteer/browsers/lib/esm/package.json,,node,tracked,
package_manifest,plugins/QA-Report-App/chroma-qa-reports/build-env/node_modules/@puppeteer/browsers/node_modules/b4a/package.json,plugins/QA-Report-App/chroma-qa-reports/build-env/node_modules/@puppeteer/browsers/node_modules/b4a/package.json,,node,tracked,
package_manifest,plugins/QA-Report-App/chroma-qa-reports/build-env/node_modules/@puppeteer/browsers/node_modules/debug/package.json,plugins/QA-Report-App/chroma-qa-reports/build-env/node_modules/@puppeteer/browsers/node_modules/debug/package.json,,node,tracked,
package_manifest,plugins/QA-Report-App/chroma-qa-reports/build-env/node_modules/@puppeteer/browsers/node_modules/ms/package.json,plugins/QA-Report-App/chroma-qa-reports/build-env/node_modules/@puppeteer/browsers/node_modules/ms/package.json,,node,tracked,
package_manifest,plugins/QA-Report-App/chroma-qa-reports/build-env/node_modules/@puppeteer/browsers/node_modules/tar-fs/package.json,plugins/QA-Report-App/chroma-qa-reports/build-env/node_modules/@puppeteer/browsers/node_modules/tar-fs/package.json,,node,tracked,
package_manifest,plugins/QA-Report-App/chroma-qa-reports/build-env/node_modules/@puppeteer/browsers/node_modules/tar-stream/package.json,plugins/QA-Report-App/chroma-qa-reports/build-env/node_modules/@puppeteer/browsers/node_modules/tar-stream/package.json,,node,tracked,
package_manifest,plugins/QA-Report-App/chroma-qa-reports/build-env/node_modules/@puppeteer/browsers/node_modules/yargs/helpers/package.json,plugins/QA-Report-App/chroma-qa-reports/build-env/node_modules/@puppeteer/browsers/node_modules/yargs/helpers/package.json,,node,tracked,
package_manifest,plugins/QA-Report-App/chroma-qa-reports/build-env/node_modules/@puppeteer/browsers/node_modules/yargs/package.json,plugins/QA-Report-App/chroma-qa-reports/build-env/node_modules/@puppeteer/browsers/node_modules/yargs/package.json,,node,tracked,
package_manifest,plugins/QA-Report-App/chroma-qa-reports/build-env/node_modules/@puppeteer/browsers/package.json,plugins/QA-Report-App/chroma-qa-reports/build-env/node_modules/@puppeteer/browsers/package.json,,node,tracked,
package_manifest,plugins/QA-Report-App/chroma-qa-reports/build-env/node_modules/@radix-ui/primitive/package.json,plugins/QA-Report-App/chroma-qa-reports/build-env/node_modules/@radix-ui/primitive/package.json,,node,tracked,
package_manifest,plugins/QA-Report-App/chroma-qa-reports/build-env/node_modules/@radix-ui/react-arrow/package.json,plugins/QA-Report-App/chroma-qa-reports/build-env/node_modules/@radix-ui/react-arrow/package.json,,node,tracked,
package_manifest,plugins/QA-Report-App/chroma-qa-reports/build-env/node_modules/@radix-ui/react-collection/package.json,plugins/QA-Report-App/chroma-qa-reports/build-env/node_modules/@radix-ui/react-collection/package.json,,node,tracked,
package_manifest,plugins/QA-Report-App/chroma-qa-reports/build-env/node_modules/@radix-ui/react-compose-refs/package.json,plugins/QA-Report-App/chroma-qa-reports/build-env/node_modules/@radix-ui/react-compose-refs/package.json,,node,tracked,
package_manifest,plugins/QA-Report-App/chroma-qa-reports/build-env/node_modules/@radix-ui/react-context/package.json,plugins/QA-Report-App/chroma-qa-reports/build-env/node_modules/@radix-ui/react-context/package.json,,node,tracked,
package_manifest,plugins/QA-Report-App/chroma-qa-reports/build-env/node_modules/@radix-ui/react-dialog/package.json,plugins/QA-Report-App/chroma-qa-reports/build-env/node_modules/@radix-ui/react-dialog/package.json,,node,tracked,
package_manifest,plugins/QA-Report-App/chroma-qa-reports/build-env/node_modules/@radix-ui/react-direction/package.json,plugins/QA-Report-App/chroma-qa-reports/build-env/node_modules/@radix-ui/react-direction/package.json,,node,tracked,
package_manifest,plugins/QA-Report-App/chroma-qa-reports/build-env/node_modules/@radix-ui/react-dismissable-layer/package.json,plugins/QA-Report-App/chroma-qa-reports/build-env/node_modules/@radix-ui/react-dismissable-layer/package.json,,node,tracked,
package_manifest,plugins/QA-Report-App/chroma-qa-reports/build-env/node_modules/@radix-ui/react-dropdown-menu/package.json,plugins/QA-Report-App/chroma-qa-reports/build-env/node_modules/@radix-ui/react-dropdown-menu/package.json,,node,tracked,
package_manifest,plugins/QA-Report-App/chroma-qa-reports/build-env/node_modules/@radix-ui/react-focus-guards/package.json,plugins/QA-Report-App/chroma-qa-reports/build-env/node_modules/@radix-ui/react-focus-guards/package.json,,node,tracked,
package_manifest,plugins/QA-Report-App/chroma-qa-reports/build-env/node_modules/@radix-ui/react-focus-scope/package.json,plugins/QA-Report-App/chroma-qa-reports/build-env/node_modules/@radix-ui/react-focus-scope/package.json,,node,tracked,
package_manifest,plugins/QA-Report-App/chroma-qa-reports/build-env/node_modules/@radix-ui/react-id/package.json,plugins/QA-Report-App/chroma-qa-reports/build-env/node_modules/@radix-ui/react-id/package.json,,node,tracked,
package_manifest,plugins/QA-Report-App/chroma-qa-reports/build-env/node_modules/@radix-ui/react-menu/package.json,plugins/QA-Report-App/chroma-qa-reports/build-env/node_modules/@radix-ui/react-menu/package.json,,node,tracked,
package_manifest,plugins/QA-Report-App/chroma-qa-reports/build-env/node_modules/@radix-ui/react-popper/package.json,plugins/QA-Report-App/chroma-qa-reports/build-env/node_modules/@radix-ui/react-popper/package.json,,node,tracked,
package_manifest,plugins/QA-Report-App/chroma-qa-reports/build-env/node_modules/@radix-ui/react-portal/package.json,plugins/QA-Report-App/chroma-qa-reports/build-env/node_modules/@radix-ui/react-portal/package.json,,node,tracked,
package_manifest,plugins/QA-Report-App/chroma-qa-reports/build-env/node_modules/@radix-ui/react-presence/package.json,plugins/QA-Report-App/chroma-qa-reports/build-env/node_modules/@radix-ui/react-presence/package.json,,node,tracked,
package_manifest,plugins/QA-Report-App/chroma-qa-reports/build-env/node_modules/@radix-ui/react-primitive/package.json,plugins/QA-Report-App/chroma-qa-reports/build-env/node_modules/@radix-ui/react-primitive/package.json,,node,tracked,
package_manifest,plugins/QA-Report-App/chroma-qa-reports/build-env/node_modules/@radix-ui/react-roving-focus/package.json,plugins/QA-Report-App/chroma-qa-reports/build-env/node_modules/@radix-ui/react-roving-focus/package.json,,node,tracked,
package_manifest,plugins/QA-Report-App/chroma-qa-reports/build-env/node_modules/@radix-ui/react-slot/package.json,plugins/QA-Report-App/chroma-qa-reports/build-env/node_modules/@radix-ui/react-slot/package.json,,node,tracked,
package_manifest,plugins/QA-Report-App/chroma-qa-reports/build-env/node_modules/@radix-ui/react-use-callback-ref/package.json,plugins/QA-Report-App/chroma-qa-reports/build-env/node_modules/@radix-ui/react-use-callback-ref/package.json,,node,tracked,
package_manifest,plugins/QA-Report-App/chroma-qa-reports/build-env/node_modules/@radix-ui/react-use-controllable-state/package.json,plugins/QA-Report-App/chroma-qa-reports/build-env/node_modules/@radix-ui/react-use-controllable-state/package.json,,node,tracked,
package_manifest,plugins/QA-Report-App/chroma-qa-reports/build-env/node_modules/@radix-ui/react-use-effect-event/package.json,plugins/QA-Report-App/chroma-qa-reports/build-env/node_modules/@radix-ui/react-use-effect-event/package.json,,node,tracked,
package_manifest,plugins/QA-Report-App/chroma-qa-reports/build-env/node_modules/@radix-ui/react-use-escape-keydown/package.json,plugins/QA-Report-App/chroma-qa-reports/build-env/node_modules/@radix-ui/react-use-escape-keydown/package.json,,node,tracked,
package_manifest,plugins/QA-Report-App/chroma-qa-reports/build-env/node_modules/@radix-ui/react-use-layout-effect/package.json,plugins/QA-Report-App/chroma-qa-reports/build-env/node_modules/@radix-ui/react-use-layout-effect/package.json,,node,tracked,
package_manifest,plugins/QA-Report-App/chroma-qa-reports/build-env/node_modules/@radix-ui/react-use-rect/package.json,plugins/QA-Report-App/chroma-qa-reports/build-env/node_modules/@radix-ui/react-use-rect/package.json,,node,tracked,
package_manifest,plugins/QA-Report-App/chroma-qa-reports/build-env/node_modules/@radix-ui/react-use-size/package.json,plugins/QA-Report-App/chroma-qa-reports/build-env/node_modules/@radix-ui/react-use-size/package.json,,node,tracked,
package_manifest,plugins/QA-Report-App/chroma-qa-reports/build-env/node_modules/@radix-ui/rect/package.json,plugins/QA-Report-App/chroma-qa-reports/build-env/node_modules/@radix-ui/rect/package.json,,node,tracked,
package_manifest,plugins/QA-Report-App/chroma-qa-reports/build-env/node_modules/@reduxjs/toolkit/node_modules/immer/package.json,plugins/QA-Report-App/chroma-qa-reports/build-env/node_modules/@reduxjs/toolkit/node_modules/immer/package.json,,node,tracked,
package_manifest,plugins/QA-Report-App/chroma-qa-reports/build-env/node_modules/@reduxjs/toolkit/package.json,plugins/QA-Report-App/chroma-qa-reports/build-env/node_modules/@reduxjs/toolkit/package.json,,node,tracked,
package_manifest,plugins/QA-Report-App/chroma-qa-reports/build-env/node_modules/@reduxjs/toolkit/query/package.json,plugins/QA-Report-App/chroma-qa-reports/build-env/node_modules/@reduxjs/toolkit/query/package.json,,node,tracked,
package_manifest,plugins/QA-Report-App/chroma-qa-reports/build-env/node_modules/@reduxjs/toolkit/query/react/package.json,plugins/QA-Report-App/chroma-qa-reports/build-env/node_modules/@reduxjs/toolkit/query/react/package.json,,node,tracked,
package_manifest,plugins/QA-Report-App/chroma-qa-reports/build-env/node_modules/@reduxjs/toolkit/react/package.json,plugins/QA-Report-App/chroma-qa-reports/build-env/node_modules/@reduxjs/toolkit/react/package.json,,node,tracked,
package_manifest,plugins/QA-Report-App/chroma-qa-reports/build-env/node_modules/@remix-run/router/package.json,plugins/QA-Report-App/chroma-qa-reports/build-env/node_modules/@remix-run/router/package.json,,node,tracked,
package_manifest,plugins/QA-Report-App/chroma-qa-reports/build-env/node_modules/@rtsao/scc/package.json,plugins/QA-Report-App/chroma-qa-reports/build-env/node_modules/@rtsao/scc/package.json,,node,tracked,
package_manifest,plugins/QA-Report-App/chroma-qa-reports/build-env/node_modules/@sentry/core/node_modules/tslib/modules/package.json,plugins/QA-Report-App/chroma-qa-reports/build-env/node_modules/@sentry/core/node_modules/tslib/modules/package.json,,node,tracked,
package_manifest,plugins/QA-Report-App/chroma-qa-reports/build-env/node_modules/@sentry/core/node_modules/tslib/package.json,plugins/QA-Report-App/chroma-qa-reports/build-env/node_modules/@sentry/core/node_modules/tslib/package.json,,node,tracked,
package_manifest,plugins/QA-Report-App/chroma-qa-reports/build-env/node_modules/@sentry/core/node_modules/tslib/test/validateModuleExportsMatchCommonJS/package.json,plugins/QA-Report-App/chroma-qa-reports/build-env/node_modules/@sentry/core/node_modules/tslib/test/validateModuleExportsMatchCommonJS/package.json,,node,tracked,
package_manifest,plugins/QA-Report-App/chroma-qa-reports/build-env/node_modules/@sentry/core/package.json,plugins/QA-Report-App/chroma-qa-reports/build-env/node_modules/@sentry/core/package.json,,node,tracked,
package_manifest,plugins/QA-Report-App/chroma-qa-reports/build-env/node_modules/@sentry/hub/node_modules/tslib/modules/package.json,plugins/QA-Report-App/chroma-qa-reports/build-env/node_modules/@sentry/hub/node_modules/tslib/modules/package.json,,node,tracked,
package_manifest,plugins/QA-Report-App/chroma-qa-reports/build-env/node_modules/@sentry/hub/node_modules/tslib/package.json,plugins/QA-Report-App/chroma-qa-reports/build-env/node_modules/@sentry/hub/node_modules/tslib/package.json,,node,tracked,
package_manifest,plugins/QA-Report-App/chroma-qa-reports/build-env/node_modules/@sentry/hub/node_modules/tslib/test/validateModuleExportsMatchCommonJS/package.json,plugins/QA-Report-App/chroma-qa-reports/build-env/node_modules/@sentry/hub/node_modules/tslib/test/validateModuleExportsMatchCommonJS/package.json,,node,tracked,
package_manifest,plugins/QA-Report-App/chroma-qa-reports/build-env/node_modules/@sentry/hub/package.json,plugins/QA-Report-App/chroma-qa-reports/build-env/node_modules/@sentry/hub/package.json,,node,tracked,
package_manifest,plugins/QA-Report-App/chroma-qa-reports/build-env/node_modules/@sentry/minimal/node_modules/tslib/modules/package.json,plugins/QA-Report-App/chroma-qa-reports/build-env/node_modules/@sentry/minimal/node_modules/tslib/modules/package.json,,node,tracked,
package_manifest,plugins/QA-Report-App/chroma-qa-reports/build-env/node_modules/@sentry/minimal/node_modules/tslib/package.json,plugins/QA-Report-App/chroma-qa-reports/build-env/node_modules/@sentry/minimal/node_modules/tslib/package.json,,node,tracked,
package_manifest,plugins/QA-Report-App/chroma-qa-reports/build-env/node_modules/@sentry/minimal/node_modules/tslib/test/validateModuleExportsMatchCommonJS/package.json,plugins/QA-Report-App/chroma-qa-reports/build-env/node_modules/@sentry/minimal/node_modules/tslib/test/validateModuleExportsMatchCommonJS/package.json,,node,tracked,
package_manifest,plugins/QA-Report-App/chroma-qa-reports/build-env/node_modules/@sentry/minimal/package.json,plugins/QA-Report-App/chroma-qa-reports/build-env/node_modules/@sentry/minimal/package.json,,node,tracked,
package_manifest,plugins/QA-Report-App/chroma-qa-reports/build-env/node_modules/@sentry/node/node_modules/tslib/modules/package.json,plugins/QA-Report-App/chroma-qa-reports/build-env/node_modules/@sentry/node/node_modules/tslib/modules/package.json,,node,tracked,
package_manifest,plugins/QA-Report-App/chroma-qa-reports/build-env/node_modules/@sentry/node/node_modules/tslib/package.json,plugins/QA-Report-App/chroma-qa-reports/build-env/node_modules/@sentry/node/node_modules/tslib/package.json,,node,tracked,
package_manifest,plugins/QA-Report-App/chroma-qa-reports/build-env/node_modules/@sentry/node/node_modules/tslib/test/validateModuleExportsMatchCommonJS/package.json,plugins/QA-Report-App/chroma-qa-reports/build-env/node_modules/@sentry/node/node_modules/tslib/test/validateModuleExportsMatchCommonJS/package.json,,node,tracked,
package_manifest,plugins/QA-Report-App/chroma-qa-reports/build-env/node_modules/@sentry/node/package.json,plugins/QA-Report-App/chroma-qa-reports/build-env/node_modules/@sentry/node/package.json,,node,tracked,
package_manifest,plugins/QA-Report-App/chroma-qa-reports/build-env/node_modules/@sentry/types/package.json,plugins/QA-Report-App/chroma-qa-reports/build-env/node_modules/@sentry/types/package.json,,node,tracked,
package_manifest,plugins/QA-Report-App/chroma-qa-reports/build-env/node_modules/@sentry/utils/node_modules/tslib/modules/package.json,plugins/QA-Report-App/chroma-qa-reports/build-env/node_modules/@sentry/utils/node_modules/tslib/modules/package.json,,node,tracked,
package_manifest,plugins/QA-Report-App/chroma-qa-reports/build-env/node_modules/@sentry/utils/node_modules/tslib/package.json,plugins/QA-Report-App/chroma-qa-reports/build-env/node_modules/@sentry/utils/node_modules/tslib/package.json,,node,tracked,
package_manifest,plugins/QA-Report-App/chroma-qa-reports/build-env/node_modules/@sentry/utils/node_modules/tslib/test/validateModuleExportsMatchCommonJS/package.json,plugins/QA-Report-App/chroma-qa-reports/build-env/node_modules/@sentry/utils/node_modules/tslib/test/validateModuleExportsMatchCommonJS/package.json,,node,tracked,
package_manifest,plugins/QA-Report-App/chroma-qa-reports/build-env/node_modules/@sentry/utils/package.json,plugins/QA-Report-App/chroma-qa-reports/build-env/node_modules/@sentry/utils/package.json,,node,tracked,
package_manifest,plugins/QA-Report-App/chroma-qa-reports/build-env/node_modules/@sideway/address/package.json,plugins/QA-Report-App/chroma-qa-reports/build-env/node_modules/@sideway/address/package.json,,node,tracked,
package_manifest,plugins/QA-Report-App/chroma-qa-reports/build-env/node_modules/@sideway/formula/package.json,plugins/QA-Report-App/chroma-qa-reports/build-env/node_modules/@sideway/formula/package.json,,node,tracked,
package_manifest,plugins/QA-Report-App/chroma-qa-reports/build-env/node_modules/@sideway/pinpoint/package.json,plugins/QA-Report-App/chroma-qa-reports/build-env/node_modules/@sideway/pinpoint/package.json,,node,tracked,
package_manifest,plugins/QA-Report-App/chroma-qa-reports/build-env/node_modules/@sinclair/typebox/package.json,plugins/QA-Report-App/chroma-qa-reports/build-env/node_modules/@sinclair/typebox/package.json,,node,tracked,
package_manifest,plugins/QA-Report-App/chroma-qa-reports/build-env/node_modules/@sinonjs/commons/package.json,plugins/QA-Report-App/chroma-qa-reports/build-env/node_modules/@sinonjs/commons/package.json,,node,tracked,
package_manifest,plugins/QA-Report-App/chroma-qa-reports/build-env/node_modules/@sinonjs/fake-timers/package.json,plugins/QA-Report-App/chroma-qa-reports/build-env/node_modules/@sinonjs/fake-timers/package.json,,node,tracked,
package_manifest,plugins/QA-Report-App/chroma-qa-reports/build-env/node_modules/@standard-schema/spec/package.json,plugins/QA-Report-App/chroma-qa-reports/build-env/node_modules/@standard-schema/spec/package.json,,node,tracked,
package_manifest,plugins/QA-Report-App/chroma-qa-reports/build-env/node_modules/@standard-schema/utils/package.json,plugins/QA-Report-App/chroma-qa-reports/build-env/node_modules/@standard-schema/utils/package.json,,node,tracked,
package_manifest,plugins/QA-Report-App/chroma-qa-reports/build-env/node_modules/@svgr/babel-plugin-add-jsx-attribute/package.json,plugins/QA-Report-App/chroma-qa-reports/build-env/node_modules/@svgr/babel-plugin-add-jsx-attribute/package.json,,node,tracked,
package_manifest,plugins/QA-Report-App/chroma-qa-reports/build-env/node_modules/@svgr/babel-plugin-remove-jsx-attribute/package.json,plugins/QA-Report-App/chroma-qa-reports/build-env/node_modules/@svgr/babel-plugin-remove-jsx-attribute/package.json,,node,tracked,
package_manifest,plugins/QA-Report-App/chroma-qa-reports/build-env/node_modules/@svgr/babel-plugin-remove-jsx-empty-expression/package.json,plugins/QA-Report-App/chroma-qa-reports/build-env/node_modules/@svgr/babel-plugin-remove-jsx-empty-expression/package.json,,node,tracked,
package_manifest,plugins/QA-Report-App/chroma-qa-reports/build-env/node_modules/@svgr/babel-plugin-replace-jsx-attribute-value/package.json,plugins/QA-Report-App/chroma-qa-reports/build-env/node_modules/@svgr/babel-plugin-replace-jsx-attribute-value/package.json,,node,tracked,
package_manifest,plugins/QA-Report-App/chroma-qa-reports/build-env/node_modules/@svgr/babel-plugin-svg-dynamic-title/package.json,plugins/QA-Report-App/chroma-qa-reports/build-env/node_modules/@svgr/babel-plugin-svg-dynamic-title/package.json,,node,tracked,
package_manifest,plugins/QA-Report-App/chroma-qa-reports/build-env/node_modules/@svgr/babel-plugin-svg-em-dimensions/package.json,plugins/QA-Report-App/chroma-qa-reports/build-env/node_modules/@svgr/babel-plugin-svg-em-dimensions/package.json,,node,tracked,
package_manifest,plugins/QA-Report-App/chroma-qa-reports/build-env/node_modules/@svgr/babel-plugin-transform-react-native-svg/package.json,plugins/QA-Report-App/chroma-qa-reports/build-env/node_modules/@svgr/babel-plugin-transform-react-native-svg/package.json,,node,tracked,
package_manifest,plugins/QA-Report-App/chroma-qa-reports/build-env/node_modules/@svgr/babel-plugin-transform-svg-component/package.json,plugins/QA-Report-App/chroma-qa-reports/build-env/node_modules/@svgr/babel-plugin-transform-svg-component/package.json,,node,tracked,
package_manifest,plugins/QA-Report-App/chroma-qa-reports/build-env/node_modules/@svgr/babel-preset/package.json,plugins/QA-Report-App/chroma-qa-reports/build-env/node_modules/@svgr/babel-preset/package.json,,node,tracked,
package_manifest,plugins/QA-Report-App/chroma-qa-reports/build-env/node_modules/@svgr/core/package.json,plugins/QA-Report-App/chroma-qa-reports/build-env/node_modules/@svgr/core/package.json,,node,tracked,
package_manifest,plugins/QA-Report-App/chroma-qa-reports/build-env/node_modules/@svgr/hast-util-to-babel-ast/package.json,plugins/QA-Report-App/chroma-qa-reports/build-env/node_modules/@svgr/hast-util-to-babel-ast/package.json,,node,tracked,
package_manifest,plugins/QA-Report-App/chroma-qa-reports/build-env/node_modules/@svgr/plugin-jsx/package.json,plugins/QA-Report-App/chroma-qa-reports/build-env/node_modules/@svgr/plugin-jsx/package.json,,node,tracked,
package_manifest,plugins/QA-Report-App/chroma-qa-reports/build-env/node_modules/@svgr/plugin-svgo/package.json,plugins/QA-Report-App/chroma-qa-reports/build-env/node_modules/@svgr/plugin-svgo/package.json,,node,tracked,
package_manifest,plugins/QA-Report-App/chroma-qa-reports/build-env/node_modules/@svgr/webpack/package.json,plugins/QA-Report-App/chroma-qa-reports/build-env/node_modules/@svgr/webpack/package.json,,node,tracked,
package_manifest,plugins/QA-Report-App/chroma-qa-reports/build-env/node_modules/@tannin/compile/package.json,plugins/QA-Report-App/chroma-qa-reports/build-env/node_modules/@tannin/compile/package.json,,node,tracked,
package_manifest,plugins/QA-Report-App/chroma-qa-reports/build-env/node_modules/@tannin/evaluate/package.json,plugins/QA-Report-App/chroma-qa-reports/build-env/node_modules/@tannin/evaluate/package.json,,node,tracked,
package_manifest,plugins/QA-Report-App/chroma-qa-reports/build-env/node_modules/@tannin/plural-forms/package.json,plugins/QA-Report-App/chroma-qa-reports/build-env/node_modules/@tannin/plural-forms/package.json,,node,tracked,
package_manifest,plugins/QA-Report-App/chroma-qa-reports/build-env/node_modules/@tannin/postfix/package.json,plugins/QA-Report-App/chroma-qa-reports/build-env/node_modules/@tannin/postfix/package.json,,node,tracked,
package_manifest,plugins/QA-Report-App/chroma-qa-reports/build-env/node_modules/@tanstack/query-core/package.json,plugins/QA-Report-App/chroma-qa-reports/build-env/node_modules/@tanstack/query-core/package.json,,node,tracked,
package_manifest,plugins/QA-Report-App/chroma-qa-reports/build-env/node_modules/@tanstack/react-query/build/query-codemods/package.json,plugins/QA-Report-App/chroma-qa-reports/build-env/node_modules/@tanstack/react-query/build/query-codemods/package.json,,node,tracked,
package_manifest,plugins/QA-Report-App/chroma-qa-reports/build-env/node_modules/@tanstack/react-query/package.json,plugins/QA-Report-App/chroma-qa-reports/build-env/node_modules/@tanstack/react-query/package.json,,node,tracked,
package_manifest,plugins/QA-Report-App/chroma-qa-reports/build-env/node_modules/@tanstack/react-table/package.json,plugins/QA-Report-App/chroma-qa-reports/build-env/node_modules/@tanstack/react-table/package.json,,node,tracked,
package_manifest,plugins/QA-Report-App/chroma-qa-reports/build-env/node_modules/@tanstack/table-core/package.json,plugins/QA-Report-App/chroma-qa-reports/build-env/node_modules/@tanstack/table-core/package.json,,node,tracked,
package_manifest,plugins/QA-Report-App/chroma-qa-reports/build-env/node_modules/@tootallnate/once/package.json,plugins/QA-Report-App/chroma-qa-reports/build-env/node_modules/@tootallnate/once/package.json,,node,tracked,
package_manifest,plugins/QA-Report-App/chroma-qa-reports/build-env/node_modules/@tootallnate/quickjs-emscripten/package.json,plugins/QA-Report-App/chroma-qa-reports/build-env/node_modules/@tootallnate/quickjs-emscripten/package.json,,node,tracked,
package_manifest,plugins/QA-Report-App/chroma-qa-reports/build-env/node_modules/@trysound/sax/package.json,plugins/QA-Report-App/chroma-qa-reports/build-env/node_modules/@trysound/sax/package.json,,node,tracked,
package_manifest,plugins/QA-Report-App/chroma-qa-reports/build-env/node_modules/@types/babel__core/package.json,plugins/QA-Report-App/chroma-qa-reports/build-env/node_modules/@types/babel__core/package.json,,node,tracked,
package_manifest,plugins/QA-Report-App/chroma-qa-reports/build-env/node_modules/@types/babel__generator/package.json,plugins/QA-Report-App/chroma-qa-reports/build-env/node_modules/@types/babel__generator/package.json,,node,tracked,
package_manifest,plugins/QA-Report-App/chroma-qa-reports/build-env/node_modules/@types/babel__template/package.json,plugins/QA-Report-App/chroma-qa-reports/build-env/node_modules/@types/babel__template/package.json,,node,tracked,
package_manifest,plugins/QA-Report-App/chroma-qa-reports/build-env/node_modules/@types/babel__traverse/package.json,plugins/QA-Report-App/chroma-qa-reports/build-env/node_modules/@types/babel__traverse/package.json,,node,tracked,
package_manifest,plugins/QA-Report-App/chroma-qa-reports/build-env/node_modules/@types/body-parser/package.json,plugins/QA-Report-App/chroma-qa-reports/build-env/node_modules/@types/body-parser/package.json,,node,tracked,
package_manifest,plugins/QA-Report-App/chroma-qa-reports/build-env/node_modules/@types/bonjour/package.json,plugins/QA-Report-App/chroma-qa-reports/build-env/node_modules/@types/bonjour/package.json,,node,tracked,
package_manifest,plugins/QA-Report-App/chroma-qa-reports/build-env/node_modules/@types/connect-history-api-fallback/package.json,plugins/QA-Report-App/chroma-qa-reports/build-env/node_modules/@types/connect-history-api-fallback/package.json,,node,tracked,
package_manifest,plugins/QA-Report-App/chroma-qa-reports/build-env/node_modules/@types/connect/package.json,plugins/QA-Report-App/chroma-qa-reports/build-env/node_modules/@types/connect/package.json,,node,tracked,
package_manifest,plugins/QA-Report-App/chroma-qa-reports/build-env/node_modules/@types/d3-array/package.json,plugins/QA-Report-App/chroma-qa-reports/build-env/node_modules/@types/d3-array/package.json,,node,tracked,
package_manifest,plugins/QA-Report-App/chroma-qa-reports/build-env/node_modules/@types/d3-color/package.json,plugins/QA-Report-App/chroma-qa-reports/build-env/node_modules/@types/d3-color/package.json,,node,tracked,
package_manifest,plugins/QA-Report-App/chroma-qa-reports/build-env/node_modules/@types/d3-ease/package.json,plugins/QA-Report-App/chroma-qa-reports/build-env/node_modules/@types/d3-ease/package.json,,node,tracked,
package_manifest,plugins/QA-Report-App/chroma-qa-reports/build-env/node_modules/@types/d3-interpolate/package.json,plugins/QA-Report-App/chroma-qa-reports/build-env/node_modules/@types/d3-interpolate/package.json,,node,tracked,
package_manifest,plugins/QA-Report-App/chroma-qa-reports/build-env/node_modules/@types/d3-path/package.json,plugins/QA-Report-App/chroma-qa-reports/build-env/node_modules/@types/d3-path/package.json,,node,tracked,
package_manifest,plugins/QA-Report-App/chroma-qa-reports/build-env/node_modules/@types/d3-scale/package.json,plugins/QA-Report-App/chroma-qa-reports/build-env/node_modules/@types/d3-scale/package.json,,node,tracked,
package_manifest,plugins/QA-Report-App/chroma-qa-reports/build-env/node_modules/@types/d3-shape/package.json,plugins/QA-Report-App/chroma-qa-reports/build-env/node_modules/@types/d3-shape/package.json,,node,tracked,
package_manifest,plugins/QA-Report-App/chroma-qa-reports/build-env/node_modules/@types/d3-time/package.json,plugins/QA-Report-App/chroma-qa-reports/build-env/node_modules/@types/d3-time/package.json,,node,tracked,
package_manifest,plugins/QA-Report-App/chroma-qa-reports/build-env/node_modules/@types/d3-timer/package.json,plugins/QA-Report-App/chroma-qa-reports/build-env/node_modules/@types/d3-timer/package.json,,node,tracked,
package_manifest,plugins/QA-Report-App/chroma-qa-reports/build-env/node_modules/@types/eslint-scope/package.json,plugins/QA-Report-App/chroma-qa-reports/build-env/node_modules/@types/eslint-scope/package.json,,node,tracked,
package_manifest,plugins/QA-Report-App/chroma-qa-reports/build-env/node_modules/@types/eslint/package.json,plugins/QA-Report-App/chroma-qa-reports/build-env/node_modules/@types/eslint/package.json,,node,tracked,
package_manifest,plugins/QA-Report-App/chroma-qa-reports/build-env/node_modules/@types/estree/package.json,plugins/QA-Report-App/chroma-qa-reports/build-env/node_modules/@types/estree/package.json,,node,tracked,
package_manifest,plugins/QA-Report-App/chroma-qa-reports/build-env/node_modules/@types/express-serve-static-core/package.json,plugins/QA-Report-App/chroma-qa-reports/build-env/node_modules/@types/express-serve-static-core/package.json,,node,tracked,
package_manifest,plugins/QA-Report-App/chroma-qa-reports/build-env/node_modules/@types/express/node_modules/@types/express-serve-static-core/package.json,plugins/QA-Report-App/chroma-qa-reports/build-env/node_modules/@types/express/node_modules/@types/express-serve-static-core/package.json,,node,tracked,
package_manifest,plugins/QA-Report-App/chroma-qa-reports/build-env/node_modules/@types/express/package.json,plugins/QA-Report-App/chroma-qa-reports/build-env/node_modules/@types/express/package.json,,node,tracked,
package_manifest,plugins/QA-Report-App/chroma-qa-reports/build-env/node_modules/@types/glob/package.json,plugins/QA-Report-App/chroma-qa-reports/build-env/node_modules/@types/glob/package.json,,node,tracked,
package_manifest,plugins/QA-Report-App/chroma-qa-reports/build-env/node_modules/@types/graceful-fs/package.json,plugins/QA-Report-App/chroma-qa-reports/build-env/node_modules/@types/graceful-fs/package.json,,node,tracked,
package_manifest,plugins/QA-Report-App/chroma-qa-reports/build-env/node_modules/@types/http-errors/package.json,plugins/QA-Report-App/chroma-qa-reports/build-env/node_modules/@types/http-errors/package.json,,node,tracked,
package_manifest,plugins/QA-Report-App/chroma-qa-reports/build-env/node_modules/@types/http-proxy/package.json,plugins/QA-Report-App/chroma-qa-reports/build-env/node_modules/@types/http-proxy/package.json,,node,tracked,
package_manifest,plugins/QA-Report-App/chroma-qa-reports/build-env/node_modules/@types/istanbul-lib-coverage/package.json,plugins/QA-Report-App/chroma-qa-reports/build-env/node_modules/@types/istanbul-lib-coverage/package.json,,node,tracked,
package_manifest,plugins/QA-Report-App/chroma-qa-reports/build-env/node_modules/@types/istanbul-lib-report/package.json,plugins/QA-Report-App/chroma-qa-reports/build-env/node_modules/@types/istanbul-lib-report/package.json,,node,tracked,
package_manifest,plugins/QA-Report-App/chroma-qa-reports/build-env/node_modules/@types/istanbul-reports/package.json,plugins/QA-Report-App/chroma-qa-reports/build-env/node_modules/@types/istanbul-reports/package.json,,node,tracked,
package_manifest,plugins/QA-Report-App/chroma-qa-reports/build-env/node_modules/@types/jsdom/package.json,plugins/QA-Report-App/chroma-qa-reports/build-env/node_modules/@types/jsdom/package.json,,node,tracked,
package_manifest,plugins/QA-Report-App/chroma-qa-reports/build-env/node_modules/@types/json-schema/package.json,plugins/QA-Report-App/chroma-qa-reports/build-env/node_modules/@types/json-schema/package.json,,node,tracked,
package_manifest,plugins/QA-Report-App/chroma-qa-reports/build-env/node_modules/@types/json5/package.json,plugins/QA-Report-App/chroma-qa-reports/build-env/node_modules/@types/json5/package.json,,node,tracked,
package_manifest,plugins/QA-Report-App/chroma-qa-reports/build-env/node_modules/@types/mime/package.json,plugins/QA-Report-App/chroma-qa-reports/build-env/node_modules/@types/mime/package.json,,node,tracked,
package_manifest,plugins/QA-Report-App/chroma-qa-reports/build-env/node_modules/@types/minimatch/package.json,plugins/QA-Report-App/chroma-qa-reports/build-env/node_modules/@types/minimatch/package.json,,node,tracked,
package_manifest,plugins/QA-Report-App/chroma-qa-reports/build-env/node_modules/@types/minimist/package.json,plugins/QA-Report-App/chroma-qa-reports/build-env/node_modules/@types/minimist/package.json,,node,tracked,
package_manifest,plugins/QA-Report-App/chroma-qa-reports/build-env/node_modules/@types/node-forge/package.json,plugins/QA-Report-App/chroma-qa-reports/build-env/node_modules/@types/node-forge/package.json,,node,tracked,
package_manifest,plugins/QA-Report-App/chroma-qa-reports/build-env/node_modules/@types/node/package.json,plugins/QA-Report-App/chroma-qa-reports/build-env/node_modules/@types/node/package.json,,node,tracked,
package_manifest,plugins/QA-Report-App/chroma-qa-reports/build-env/node_modules/@types/normalize-package-data/package.json,plugins/QA-Report-App/chroma-qa-reports/build-env/node_modules/@types/normalize-package-data/package.json,,node,tracked,
package_manifest,plugins/QA-Report-App/chroma-qa-reports/build-env/node_modules/@types/parse-json/package.json,plugins/QA-Report-App/chroma-qa-reports/build-env/node_modules/@types/parse-json/package.json,,node,tracked,
package_manifest,plugins/QA-Report-App/chroma-qa-reports/build-env/node_modules/@types/qs/package.json,plugins/QA-Report-App/chroma-qa-reports/build-env/node_modules/@types/qs/package.json,,node,tracked,
package_manifest,plugins/QA-Report-App/chroma-qa-reports/build-env/node_modules/@types/range-parser/package.json,plugins/QA-Report-App/chroma-qa-reports/build-env/node_modules/@types/range-parser/package.json,,node,tracked,
package_manifest,plugins/QA-Report-App/chroma-qa-reports/build-env/node_modules/@types/retry/package.json,plugins/QA-Report-App/chroma-qa-reports/build-env/node_modules/@types/retry/package.json,,node,tracked,
package_manifest,plugins/QA-Report-App/chroma-qa-reports/build-env/node_modules/@types/semver/package.json,plugins/QA-Report-App/chroma-qa-reports/build-env/node_modules/@types/semver/package.json,,node,tracked,
package_manifest,plugins/QA-Report-App/chroma-qa-reports/build-env/node_modules/@types/send/package.json,plugins/QA-Report-App/chroma-qa-reports/build-env/node_modules/@types/send/package.json,,node,tracked,
package_manifest,plugins/QA-Report-App/chroma-qa-reports/build-env/node_modules/@types/serve-index/package.json,plugins/QA-Report-App/chroma-qa-reports/build-env/node_modules/@types/serve-index/package.json,,node,tracked,
package_manifest,plugins/QA-Report-App/chroma-qa-reports/build-env/node_modules/@types/serve-static/node_modules/@types/send/package.json,plugins/QA-Report-App/chroma-qa-reports/build-env/node_modules/@types/serve-static/node_modules/@types/send/package.json,,node,tracked,
package_manifest,plugins/QA-Report-App/chroma-qa-reports/build-env/node_modules/@types/serve-static/package.json,plugins/QA-Report-App/chroma-qa-reports/build-env/node_modules/@types/serve-static/package.json,,node,tracked,
package_manifest,plugins/QA-Report-App/chroma-qa-reports/build-env/node_modules/@types/sockjs/package.json,plugins/QA-Report-App/chroma-qa-reports/build-env/node_modules/@types/sockjs/package.json,,node,tracked,
package_manifest,plugins/QA-Report-App/chroma-qa-reports/build-env/node_modules/@types/source-list-map/package.json,plugins/QA-Report-App/chroma-qa-reports/build-env/node_modules/@types/source-list-map/package.json,,node,tracked,
package_manifest,plugins/QA-Report-App/chroma-qa-reports/build-env/node_modules/@types/stack-utils/package.json,plugins/QA-Report-App/chroma-qa-reports/build-env/node_modules/@types/stack-utils/package.json,,node,tracked,
package_manifest,plugins/QA-Report-App/chroma-qa-reports/build-env/node_modules/@types/tapable/package.json,plugins/QA-Report-App/chroma-qa-reports/build-env/node_modules/@types/tapable/package.json,,node,tracked,
package_manifest,plugins/QA-Report-App/chroma-qa-reports/build-env/node_modules/@types/tough-cookie/package.json,plugins/QA-Report-App/chroma-qa-reports/build-env/node_modules/@types/tough-cookie/package.json,,node,tracked,
package_manifest,plugins/QA-Report-App/chroma-qa-reports/build-env/node_modules/@types/uglify-js/node_modules/source-map/package.json,plugins/QA-Report-App/chroma-qa-reports/build-env/node_modules/@types/uglify-js/node_modules/source-map/package.json,,node,tracked,
package_manifest,plugins/QA-Report-App/chroma-qa-reports/build-env/node_modules/@types/uglify-js/package.json,plugins/QA-Report-App/chroma-qa-reports/build-env/node_modules/@types/uglify-js/package.json,,node,tracked,
package_manifest,plugins/QA-Report-App/chroma-qa-reports/build-env/node_modules/@types/use-sync-external-store/package.json,plugins/QA-Report-App/chroma-qa-reports/build-env/node_modules/@types/use-sync-external-store/package.json,,node,tracked,
package_manifest,plugins/QA-Report-App/chroma-qa-reports/build-env/node_modules/@types/webpack-sources/package.json,plugins/QA-Report-App/chroma-qa-reports/build-env/node_modules/@types/webpack-sources/package.json,,node,tracked,
package_manifest,plugins/QA-Report-App/chroma-qa-reports/build-env/node_modules/@types/webpack/node_modules/source-map/package.json,plugins/QA-Report-App/chroma-qa-reports/build-env/node_modules/@types/webpack/node_modules/source-map/package.json,,node,tracked,
package_manifest,plugins/QA-Report-App/chroma-qa-reports/build-env/node_modules/@types/webpack/package.json,plugins/QA-Report-App/chroma-qa-reports/build-env/node_modules/@types/webpack/package.json,,node,tracked,
package_manifest,plugins/QA-Report-App/chroma-qa-reports/build-env/node_modules/@types/ws/package.json,plugins/QA-Report-App/chroma-qa-reports/build-env/node_modules/@types/ws/package.json,,node,tracked,
package_manifest,plugins/QA-Report-App/chroma-qa-reports/build-env/node_modules/@types/yargs-parser/package.json,plugins/QA-Report-App/chroma-qa-reports/build-env/node_modules/@types/yargs-parser/package.json,,node,tracked,
package_manifest,plugins/QA-Report-App/chroma-qa-reports/build-env/node_modules/@types/yargs/package.json,plugins/QA-Report-App/chroma-qa-reports/build-env/node_modules/@types/yargs/package.json,,node,tracked,
package_manifest,plugins/QA-Report-App/chroma-qa-reports/build-env/node_modules/@types/yauzl/package.json,plugins/QA-Report-App/chroma-qa-reports/build-env/node_modules/@types/yauzl/package.json,,node,tracked,
package_manifest,plugins/QA-Report-App/chroma-qa-reports/build-env/node_modules/@typescript-eslint/eslint-plugin/node_modules/semver/package.json,plugins/QA-Report-App/chroma-qa-reports/build-env/node_modules/@typescript-eslint/eslint-plugin/node_modules/semver/package.json,,node,tracked,
package_manifest,plugins/QA-Report-App/chroma-qa-reports/build-env/node_modules/@typescript-eslint/eslint-plugin/package.json,plugins/QA-Report-App/chroma-qa-reports/build-env/node_modules/@typescript-eslint/eslint-plugin/package.json,,node,tracked,
package_manifest,plugins/QA-Report-App/chroma-qa-reports/build-env/node_modules/@typescript-eslint/parser/package.json,plugins/QA-Report-App/chroma-qa-reports/build-env/node_modules/@typescript-eslint/parser/package.json,,node,tracked,
package_manifest,plugins/QA-Report-App/chroma-qa-reports/build-env/node_modules/@typescript-eslint/scope-manager/package.json,plugins/QA-Report-App/chroma-qa-reports/build-env/node_modules/@typescript-eslint/scope-manager/package.json,,node,tracked,
package_manifest,plugins/QA-Report-App/chroma-qa-reports/build-env/node_modules/@typescript-eslint/type-utils/package.json,plugins/QA-Report-App/chroma-qa-reports/build-env/node_modules/@typescript-eslint/type-utils/package.json,,node,tracked,
package_manifest,plugins/QA-Report-App/chroma-qa-reports/build-env/node_modules/@typescript-eslint/types/package.json,plugins/QA-Report-App/chroma-qa-reports/build-env/node_modules/@typescript-eslint/types/package.json,,node,tracked,
package_manifest,plugins/QA-Report-App/chroma-qa-reports/build-env/node_modules/@typescript-eslint/typescript-estree/node_modules/semver/package.json,plugins/QA-Report-App/chroma-qa-reports/build-env/node_modules/@typescript-eslint/typescript-estree/node_modules/semver/package.json,,node,tracked,
package_manifest,plugins/QA-Report-App/chroma-qa-reports/build-env/node_modules/@typescript-eslint/typescript-estree/package.json,plugins/QA-Report-App/chroma-qa-reports/build-env/node_modules/@typescript-eslint/typescript-estree/package.json,,node,tracked,
package_manifest,plugins/QA-Report-App/chroma-qa-reports/build-env/node_modules/@typescript-eslint/utils/node_modules/semver/package.json,plugins/QA-Report-App/chroma-qa-reports/build-env/node_modules/@typescript-eslint/utils/node_modules/semver/package.json,,node,tracked,
package_manifest,plugins/QA-Report-App/chroma-qa-reports/build-env/node_modules/@typescript-eslint/utils/package.json,plugins/QA-Report-App/chroma-qa-reports/build-env/node_modules/@typescript-eslint/utils/package.json,,node,tracked,
package_manifest,plugins/QA-Report-App/chroma-qa-reports/build-env/node_modules/@typescript-eslint/visitor-keys/node_modules/eslint-visitor-keys/package.json,plugins/QA-Report-App/chroma-qa-reports/build-env/node_modules/@typescript-eslint/visitor-keys/node_modules/eslint-visitor-keys/package.json,,node,tracked,
package_manifest,plugins/QA-Report-App/chroma-qa-reports/build-env/node_modules/@typescript-eslint/visitor-keys/package.json,plugins/QA-Report-App/chroma-qa-reports/build-env/node_modules/@typescript-eslint/visitor-keys/package.json,,node,tracked,
package_manifest,plugins/QA-Report-App/chroma-qa-reports/build-env/node_modules/@ungap/structured-clone/cjs/package.json,plugins/QA-Report-App/chroma-qa-reports/build-env/node_modules/@ungap/structured-clone/cjs/package.json,,node,tracked,
package_manifest,plugins/QA-Report-App/chroma-qa-reports/build-env/node_modules/@ungap/structured-clone/package.json,plugins/QA-Report-App/chroma-qa-reports/build-env/node_modules/@ungap/structured-clone/package.json,,node,tracked,
package_manifest,plugins/QA-Report-App/chroma-qa-reports/build-env/node_modules/@webassemblyjs/ast/package.json,plugins/QA-Report-App/chroma-qa-reports/build-env/node_modules/@webassemblyjs/ast/package.json,,node,tracked,
package_manifest,plugins/QA-Report-App/chroma-qa-reports/build-env/node_modules/@webassemblyjs/floating-point-hex-parser/package.json,plugins/QA-Report-App/chroma-qa-reports/build-env/node_modules/@webassemblyjs/floating-point-hex-parser/package.json,,node,tracked,
package_manifest,plugins/QA-Report-App/chroma-qa-reports/build-env/node_modules/@webassemblyjs/helper-api-error/package.json,plugins/QA-Report-App/chroma-qa-reports/build-env/node_modules/@webassemblyjs/helper-api-error/package.json,,node,tracked,
package_manifest,plugins/QA-Report-App/chroma-qa-reports/build-env/node_modules/@webassemblyjs/helper-buffer/package.json,plugins/QA-Report-App/chroma-qa-reports/build-env/node_modules/@webassemblyjs/helper-buffer/package.json,,node,tracked,
package_manifest,plugins/QA-Report-App/chroma-qa-reports/build-env/node_modules/@webassemblyjs/helper-numbers/package.json,plugins/QA-Report-App/chroma-qa-reports/build-env/node_modules/@webassemblyjs/helper-numbers/package.json,,node,tracked,
package_manifest,plugins/QA-Report-App/chroma-qa-reports/build-env/node_modules/@webassemblyjs/helper-wasm-bytecode/package.json,plugins/QA-Report-App/chroma-qa-reports/build-env/node_modules/@webassemblyjs/helper-wasm-bytecode/package.json,,node,tracked,
package_manifest,plugins/QA-Report-App/chroma-qa-reports/build-env/node_modules/@webassemblyjs/helper-wasm-section/package.json,plugins/QA-Report-App/chroma-qa-reports/build-env/node_modules/@webassemblyjs/helper-wasm-section/package.json,,node,tracked,
package_manifest,plugins/QA-Report-App/chroma-qa-reports/build-env/node_modules/@webassemblyjs/ieee754/package.json,plugins/QA-Report-App/chroma-qa-reports/build-env/node_modules/@webassemblyjs/ieee754/package.json,,node,tracked,
package_manifest,plugins/QA-Report-App/chroma-qa-reports/build-env/node_modules/@webassemblyjs/leb128/package.json,plugins/QA-Report-App/chroma-qa-reports/build-env/node_modules/@webassemblyjs/leb128/package.json,,node,tracked,
package_manifest,plugins/QA-Report-App/chroma-qa-reports/build-env/node_modules/@webassemblyjs/utf8/package.json,plugins/QA-Report-App/chroma-qa-reports/build-env/node_modules/@webassemblyjs/utf8/package.json,,node,tracked,
package_manifest,plugins/QA-Report-App/chroma-qa-reports/build-env/node_modules/@webassemblyjs/wasm-edit/package.json,plugins/QA-Report-App/chroma-qa-reports/build-env/node_modules/@webassemblyjs/wasm-edit/package.json,,node,tracked,
package_manifest,plugins/QA-Report-App/chroma-qa-reports/build-env/node_modules/@webassemblyjs/wasm-gen/package.json,plugins/QA-Report-App/chroma-qa-reports/build-env/node_modules/@webassemblyjs/wasm-gen/package.json,,node,tracked,
package_manifest,plugins/QA-Report-App/chroma-qa-reports/build-env/node_modules/@webassemblyjs/wasm-opt/package.json,plugins/QA-Report-App/chroma-qa-reports/build-env/node_modules/@webassemblyjs/wasm-opt/package.json,,node,tracked,
package_manifest,plugins/QA-Report-App/chroma-qa-reports/build-env/node_modules/@webassemblyjs/wasm-parser/package.json,plugins/QA-Report-App/chroma-qa-reports/build-env/node_modules/@webassemblyjs/wasm-parser/package.json,,node,tracked,
package_manifest,plugins/QA-Report-App/chroma-qa-reports/build-env/node_modules/@webassemblyjs/wast-printer/package.json,plugins/QA-Report-App/chroma-qa-reports/build-env/node_modules/@webassemblyjs/wast-printer/package.json,,node,tracked,
package_manifest,plugins/QA-Report-App/chroma-qa-reports/build-env/node_modules/@webpack-cli/configtest/package.json,plugins/QA-Report-App/chroma-qa-reports/build-env/node_modules/@webpack-cli/configtest/package.json,,node,tracked,
package_manifest,plugins/QA-Report-App/chroma-qa-reports/build-env/node_modules/@webpack-cli/info/package.json,plugins/QA-Report-App/chroma-qa-reports/build-env/node_modules/@webpack-cli/info/package.json,,node,tracked,
package_manifest,plugins/QA-Report-App/chroma-qa-reports/build-env/node_modules/@webpack-cli/serve/package.json,plugins/QA-Report-App/chroma-qa-reports/build-env/node_modules/@webpack-cli/serve/package.json,,node,tracked,
package_manifest,plugins/QA-Report-App/chroma-qa-reports/build-env/node_modules/@wordpress/api-fetch/package.json,plugins/QA-Report-App/chroma-qa-reports/build-env/node_modules/@wordpress/api-fetch/package.json,,node,tracked,
package_manifest,plugins/QA-Report-App/chroma-qa-reports/build-env/node_modules/@wordpress/babel-plugin-import-jsx-pragma/package.json,plugins/QA-Report-App/chroma-qa-reports/build-env/node_modules/@wordpress/babel-plugin-import-jsx-pragma/package.json,,node,tracked,
package_manifest,plugins/QA-Report-App/chroma-qa-reports/build-env/node_modules/@wordpress/babel-preset-default/package.json,plugins/QA-Report-App/chroma-qa-reports/build-env/node_modules/@wordpress/babel-preset-default/package.json,,node,tracked,
package_manifest,plugins/QA-Report-App/chroma-qa-reports/build-env/node_modules/@wordpress/base-styles/package.json,plugins/QA-Report-App/chroma-qa-reports/build-env/node_modules/@wordpress/base-styles/package.json,,node,tracked,
package_manifest,plugins/QA-Report-App/chroma-qa-reports/build-env/node_modules/@wordpress/browserslist-config/package.json,plugins/QA-Report-App/chroma-qa-reports/build-env/node_modules/@wordpress/browserslist-config/package.json,,node,tracked,
package_manifest,plugins/QA-Report-App/chroma-qa-reports/build-env/node_modules/@wordpress/dependency-extraction-webpack-plugin/package.json,plugins/QA-Report-App/chroma-qa-reports/build-env/node_modules/@wordpress/dependency-extraction-webpack-plugin/package.json,,node,tracked,
package_manifest,plugins/QA-Report-App/chroma-qa-reports/build-env/node_modules/@wordpress/e2e-test-utils-playwright/package.json,plugins/QA-Report-App/chroma-qa-reports/build-env/node_modules/@wordpress/e2e-test-utils-playwright/package.json,,node,tracked,
package_manifest,plugins/QA-Report-App/chroma-qa-reports/build-env/node_modules/@wordpress/eslint-plugin/node_modules/cosmiconfig/package.json,plugins/QA-Report-App/chroma-qa-reports/build-env/node_modules/@wordpress/eslint-plugin/node_modules/cosmiconfig/package.json,,node,tracked,
package_manifest,plugins/QA-Report-App/chroma-qa-reports/build-env/node_modules/@wordpress/eslint-plugin/node_modules/yaml/browser/dist/package.json,plugins/QA-Report-App/chroma-qa-reports/build-env/node_modules/@wordpress/eslint-plugin/node_modules/yaml/browser/dist/package.json,,node,tracked,
package_manifest,plugins/QA-Report-App/chroma-qa-reports/build-env/node_modules/@wordpress/eslint-plugin/node_modules/yaml/package.json,plugins/QA-Report-App/chroma-qa-reports/build-env/node_modules/@wordpress/eslint-plugin/node_modules/yaml/package.json,,node,tracked,
package_manifest,plugins/QA-Report-App/chroma-qa-reports/build-env/node_modules/@wordpress/eslint-plugin/package.json,plugins/QA-Report-App/chroma-qa-reports/build-env/node_modules/@wordpress/eslint-plugin/package.json,,node,tracked,
package_manifest,plugins/QA-Report-App/chroma-qa-reports/build-env/node_modules/@wordpress/hooks/package.json,plugins/QA-Report-App/chroma-qa-reports/build-env/node_modules/@wordpress/hooks/package.json,,node,tracked,
package_manifest,plugins/QA-Report-App/chroma-qa-reports/build-env/node_modules/@wordpress/i18n/package.json,plugins/QA-Report-App/chroma-qa-reports/build-env/node_modules/@wordpress/i18n/package.json,,node,tracked,
package_manifest,plugins/QA-Report-App/chroma-qa-reports/build-env/node_modules/@wordpress/jest-console/package.json,plugins/QA-Report-App/chroma-qa-reports/build-env/node_modules/@wordpress/jest-console/package.json,,node,tracked,
package_manifest,plugins/QA-Report-App/chroma-qa-reports/build-env/node_modules/@wordpress/jest-preset-default/package.json,plugins/QA-Report-App/chroma-qa-reports/build-env/node_modules/@wordpress/jest-preset-default/package.json,,node,tracked,
package_manifest,plugins/QA-Report-App/chroma-qa-reports/build-env/node_modules/@wordpress/keycodes/package.json,plugins/QA-Report-App/chroma-qa-reports/build-env/node_modules/@wordpress/keycodes/package.json,,node,tracked,
package_manifest,plugins/QA-Report-App/chroma-qa-reports/build-env/node_modules/@wordpress/npm-package-json-lint-config/package.json,plugins/QA-Report-App/chroma-qa-reports/build-env/node_modules/@wordpress/npm-package-json-lint-config/package.json,,node,tracked,
package_manifest,plugins/QA-Report-App/chroma-qa-reports/build-env/node_modules/@wordpress/postcss-plugins-preset/package.json,plugins/QA-Report-App/chroma-qa-reports/build-env/node_modules/@wordpress/postcss-plugins-preset/package.json,,node,tracked,
package_manifest,plugins/QA-Report-App/chroma-qa-reports/build-env/node_modules/@wordpress/prettier-config/package.json,plugins/QA-Report-App/chroma-qa-reports/build-env/node_modules/@wordpress/prettier-config/package.json,,node,tracked,
package_manifest,plugins/QA-Report-App/chroma-qa-reports/build-env/node_modules/@wordpress/scripts/package.json,plugins/QA-Report-App/chroma-qa-reports/build-env/node_modules/@wordpress/scripts/package.json,,node,tracked,
package_manifest,plugins/QA-Report-App/chroma-qa-reports/build-env/node_modules/@wordpress/stylelint-config/package.json,plugins/QA-Report-App/chroma-qa-reports/build-env/node_modules/@wordpress/stylelint-config/package.json,,node,tracked,
package_manifest,plugins/QA-Report-App/chroma-qa-reports/build-env/node_modules/@wordpress/url/package.json,plugins/QA-Report-App/chroma-qa-reports/build-env/node_modules/@wordpress/url/package.json,,node,tracked,
package_manifest,plugins/QA-Report-App/chroma-qa-reports/build-env/node_modules/@wordpress/warning/package.json,plugins/QA-Report-App/chroma-qa-reports/build-env/node_modules/@wordpress/warning/package.json,,node,tracked,
package_manifest,plugins/QA-Report-App/chroma-qa-reports/build-env/node_modules/@xtuc/ieee754/package.json,plugins/QA-Report-App/chroma-qa-reports/build-env/node_modules/@xtuc/ieee754/package.json,,node,tracked,
package_manifest,plugins/QA-Report-App/chroma-qa-reports/build-env/node_modules/@xtuc/long/package.json,plugins/QA-Report-App/chroma-qa-reports/build-env/node_modules/@xtuc/long/package.json,,node,tracked,
package_manifest,plugins/QA-Report-App/chroma-qa-reports/build-env/node_modules/abab/package.json,plugins/QA-Report-App/chroma-qa-reports/build-env/node_modules/abab/package.json,,node,tracked,
package_manifest,plugins/QA-Report-App/chroma-qa-reports/build-env/node_modules/accepts/node_modules/negotiator/package.json,plugins/QA-Report-App/chroma-qa-reports/build-env/node_modules/accepts/node_modules/negotiator/package.json,,node,tracked,
package_manifest,plugins/QA-Report-App/chroma-qa-reports/build-env/node_modules/accepts/package.json,plugins/QA-Report-App/chroma-qa-reports/build-env/node_modules/accepts/package.json,,node,tracked,
package_manifest,plugins/QA-Report-App/chroma-qa-reports/build-env/node_modules/acorn-globals/package.json,plugins/QA-Report-App/chroma-qa-reports/build-env/node_modules/acorn-globals/package.json,,node,tracked,
package_manifest,plugins/QA-Report-App/chroma-qa-reports/build-env/node_modules/acorn-import-phases/package.json,plugins/QA-Report-App/chroma-qa-reports/build-env/node_modules/acorn-import-phases/package.json,,node,tracked,
package_manifest,plugins/QA-Report-App/chroma-qa-reports/build-env/node_modules/acorn-jsx/package.json,plugins/QA-Report-App/chroma-qa-reports/build-env/node_modules/acorn-jsx/package.json,,node,tracked,
package_manifest,plugins/QA-Report-App/chroma-qa-reports/build-env/node_modules/acorn-walk/package.json,plugins/QA-Report-App/chroma-qa-reports/build-env/node_modules/acorn-walk/package.json,,node,tracked,
package_manifest,plugins/QA-Report-App/chroma-qa-reports/build-env/node_modules/acorn/package.json,plugins/QA-Report-App/chroma-qa-reports/build-env/node_modules/acorn/package.json,,node,tracked,
package_manifest,plugins/QA-Report-App/chroma-qa-reports/build-env/node_modules/adm-zip/package.json,plugins/QA-Report-App/chroma-qa-reports/build-env/node_modules/adm-zip/package.json,,node,tracked,
package_manifest,plugins/QA-Report-App/chroma-qa-reports/build-env/node_modules/agent-base/package.json,plugins/QA-Report-App/chroma-qa-reports/build-env/node_modules/agent-base/package.json,,node,tracked,
package_manifest,plugins/QA-Report-App/chroma-qa-reports/build-env/node_modules/ajv-errors/package.json,plugins/QA-Report-App/chroma-qa-reports/build-env/node_modules/ajv-errors/package.json,,node,tracked,
package_manifest,plugins/QA-Report-App/chroma-qa-reports/build-env/node_modules/ajv-formats/node_modules/ajv/package.json,plugins/QA-Report-App/chroma-qa-reports/build-env/node_modules/ajv-formats/node_modules/ajv/package.json,,node,tracked,
package_manifest,plugins/QA-Report-App/chroma-qa-reports/build-env/node_modules/ajv-formats/node_modules/json-schema-traverse/package.json,plugins/QA-Report-App/chroma-qa-reports/build-env/node_modules/ajv-formats/node_modules/json-schema-traverse/package.json,,node,tracked,
package_manifest,plugins/QA-Report-App/chroma-qa-reports/build-env/node_modules/ajv-formats/package.json,plugins/QA-Report-App/chroma-qa-reports/build-env/node_modules/ajv-formats/package.json,,node,tracked,
package_manifest,plugins/QA-Report-App/chroma-qa-reports/build-env/node_modules/ajv-keywords/package.json,plugins/QA-Report-App/chroma-qa-reports/build-env/node_modules/ajv-keywords/package.json,,node,tracked,
package_manifest,plugins/QA-Report-App/chroma-qa-reports/build-env/node_modules/ajv/package.json,plugins/QA-Report-App/chroma-qa-reports/build-env/node_modules/ajv/package.json,,node,tracked,
package_manifest,plugins/QA-Report-App/chroma-qa-reports/build-env/node_modules/ansi-colors/package.json,plugins/QA-Report-App/chroma-qa-reports/build-env/node_modules/ansi-colors/package.json,,node,tracked,
package_manifest,plugins/QA-Report-App/chroma-qa-reports/build-env/node_modules/ansi-escapes/node_modules/type-fest/package.json,plugins/QA-Report-App/chroma-qa-reports/build-env/node_modules/ansi-escapes/node_modules/type-fest/package.json,,node,tracked,
package_manifest,plugins/QA-Report-App/chroma-qa-reports/build-env/node_modules/ansi-escapes/package.json,plugins/QA-Report-App/chroma-qa-reports/build-env/node_modules/ansi-escapes/package.json,,node,tracked,
package_manifest,plugins/QA-Report-App/chroma-qa-reports/build-env/node_modules/ansi-html-community/package.json,plugins/QA-Report-App/chroma-qa-reports/build-env/node_modules/ansi-html-community/package.json,,node,tracked,
package_manifest,plugins/QA-Report-App/chroma-qa-reports/build-env/node_modules/ansi-html/package.json,plugins/QA-Report-App/chroma-qa-reports/build-env/node_modules/ansi-html/package.json,,node,tracked,
package_manifest,plugins/QA-Report-App/chroma-qa-reports/build-env/node_modules/ansi-regex/package.json,plugins/QA-Report-App/chroma-qa-reports/build-env/node_modules/ansi-regex/package.json,,node,tracked,
package_manifest,plugins/QA-Report-App/chroma-qa-reports/build-env/node_modules/ansi-styles/package.json,plugins/QA-Report-App/chroma-qa-reports/build-env/node_modules/ansi-styles/package.json,,node,tracked,
package_manifest,plugins/QA-Report-App/chroma-qa-reports/build-env/node_modules/any-promise/package.json,plugins/QA-Report-App/chroma-qa-reports/build-env/node_modules/any-promise/package.json,,node,tracked,
package_manifest,plugins/QA-Report-App/chroma-qa-reports/build-env/node_modules/anymatch/package.json,plugins/QA-Report-App/chroma-qa-reports/build-env/node_modules/anymatch/package.json,,node,tracked,
package_manifest,plugins/QA-Report-App/chroma-qa-reports/build-env/node_modules/are-docs-informative/package.json,plugins/QA-Report-App/chroma-qa-reports/build-env/node_modules/are-docs-informative/package.json,,node,tracked,
package_manifest,plugins/QA-Report-App/chroma-qa-reports/build-env/node_modules/arg/package.json,plugins/QA-Report-App/chroma-qa-reports/build-env/node_modules/arg/package.json,,node,tracked,
package_manifest,plugins/QA-Report-App/chroma-qa-reports/build-env/node_modules/argparse/node_modules/sprintf-js/package.json,plugins/QA-Report-App/chroma-qa-reports/build-env/node_modules/argparse/node_modules/sprintf-js/package.json,,node,tracked,
package_manifest,plugins/QA-Report-App/chroma-qa-reports/build-env/node_modules/argparse/package.json,plugins/QA-Report-App/chroma-qa-reports/build-env/node_modules/argparse/package.json,,node,tracked,
package_manifest,plugins/QA-Report-App/chroma-qa-reports/build-env/node_modules/aria-hidden/package.json,plugins/QA-Report-App/chroma-qa-reports/build-env/node_modules/aria-hidden/package.json,,node,tracked,
package_manifest,plugins/QA-Report-App/chroma-qa-reports/build-env/node_modules/aria-query/package.json,plugins/QA-Report-App/chroma-qa-reports/build-env/node_modules/aria-query/package.json,,node,tracked,
package_manifest,plugins/QA-Report-App/chroma-qa-reports/build-env/node_modules/arr-union/package.json,plugins/QA-Report-App/chroma-qa-reports/build-env/node_modules/arr-union/package.json,,node,tracked,
package_manifest,plugins/QA-Report-App/chroma-qa-reports/build-env/node_modules/array-buffer-byte-length/package.json,plugins/QA-Report-App/chroma-qa-reports/build-env/node_modules/array-buffer-byte-length/package.json,,node,tracked,
package_manifest,plugins/QA-Report-App/chroma-qa-reports/build-env/node_modules/array-flatten/package.json,plugins/QA-Report-App/chroma-qa-reports/build-env/node_modules/array-flatten/package.json,,node,tracked,
package_manifest,plugins/QA-Report-App/chroma-qa-reports/build-env/node_modules/array-includes/package.json,plugins/QA-Report-App/chroma-qa-reports/build-env/node_modules/array-includes/package.json,,node,tracked,
package_manifest,plugins/QA-Report-App/chroma-qa-reports/build-env/node_modules/array-union/package.json,plugins/QA-Report-App/chroma-qa-reports/build-env/node_modules/array-union/package.json,,node,tracked,
package_manifest,plugins/QA-Report-App/chroma-qa-reports/build-env/node_modules/array-uniq/package.json,plugins/QA-Report-App/chroma-qa-reports/build-env/node_modules/array-uniq/package.json,,node,tracked,
package_manifest,plugins/QA-Report-App/chroma-qa-reports/build-env/node_modules/array.prototype.findlast/package.json,plugins/QA-Report-App/chroma-qa-reports/build-env/node_modules/array.prototype.findlast/package.json,,node,tracked,
package_manifest,plugins/QA-Report-App/chroma-qa-reports/build-env/node_modules/array.prototype.findlastindex/package.json,plugins/QA-Report-App/chroma-qa-reports/build-env/node_modules/array.prototype.findlastindex/package.json,,node,tracked,
package_manifest,plugins/QA-Report-App/chroma-qa-reports/build-env/node_modules/array.prototype.flat/package.json,plugins/QA-Report-App/chroma-qa-reports/build-env/node_modules/array.prototype.flat/package.json,,node,tracked,
package_manifest,plugins/QA-Report-App/chroma-qa-reports/build-env/node_modules/array.prototype.flatmap/package.json,plugins/QA-Report-App/chroma-qa-reports/build-env/node_modules/array.prototype.flatmap/package.json,,node,tracked,
package_manifest,plugins/QA-Report-App/chroma-qa-reports/build-env/node_modules/array.prototype.tosorted/package.json,plugins/QA-Report-App/chroma-qa-reports/build-env/node_modules/array.prototype.tosorted/package.json,,node,tracked,
package_manifest,plugins/QA-Report-App/chroma-qa-reports/build-env/node_modules/arraybuffer.prototype.slice/package.json,plugins/QA-Report-App/chroma-qa-reports/build-env/node_modules/arraybuffer.prototype.slice/package.json,,node,tracked,
package_manifest,plugins/QA-Report-App/chroma-qa-reports/build-env/node_modules/arrify/package.json,plugins/QA-Report-App/chroma-qa-reports/build-env/node_modules/arrify/package.json,,node,tracked,
package_manifest,plugins/QA-Report-App/chroma-qa-reports/build-env/node_modules/ast-types-flow/package.json,plugins/QA-Report-App/chroma-qa-reports/build-env/node_modules/ast-types-flow/package.json,,node,tracked,
package_manifest,plugins/QA-Report-App/chroma-qa-reports/build-env/node_modules/ast-types/package.json,plugins/QA-Report-App/chroma-qa-reports/build-env/node_modules/ast-types/package.json,,node,tracked,
package_manifest,plugins/QA-Report-App/chroma-qa-reports/build-env/node_modules/astral-regex/package.json,plugins/QA-Report-App/chroma-qa-reports/build-env/node_modules/astral-regex/package.json,,node,tracked,
package_manifest,plugins/QA-Report-App/chroma-qa-reports/build-env/node_modules/async-function/package.json,plugins/QA-Report-App/chroma-qa-reports/build-env/node_modules/async-function/package.json,,node,tracked,
package_manifest,plugins/QA-Report-App/chroma-qa-reports/build-env/node_modules/asynckit/package.json,plugins/QA-Report-App/chroma-qa-reports/build-env/node_modules/asynckit/package.json,,node,tracked,
package_manifest,plugins/QA-Report-App/chroma-qa-reports/build-env/node_modules/attr-accept/package.json,plugins/QA-Report-App/chroma-qa-reports/build-env/node_modules/attr-accept/package.json,,node,tracked,
package_manifest,plugins/QA-Report-App/chroma-qa-reports/build-env/node_modules/autoprefixer/package.json,plugins/QA-Report-App/chroma-qa-reports/build-env/node_modules/autoprefixer/package.json,,node,tracked,
package_manifest,plugins/QA-Report-App/chroma-qa-reports/build-env/node_modules/available-typed-arrays/package.json,plugins/QA-Report-App/chroma-qa-reports/build-env/node_modules/available-typed-arrays/package.json,,node,tracked,
package_manifest,plugins/QA-Report-App/chroma-qa-reports/build-env/node_modules/axe-core/package.json,plugins/QA-Report-App/chroma-qa-reports/build-env/node_modules/axe-core/package.json,,node,tracked,
package_manifest,plugins/QA-Report-App/chroma-qa-reports/build-env/node_modules/axios/package.json,plugins/QA-Report-App/chroma-qa-reports/build-env/node_modules/axios/package.json,,node,tracked,
package_manifest,plugins/QA-Report-App/chroma-qa-reports/build-env/node_modules/axobject-query/package.json,plugins/QA-Report-App/chroma-qa-reports/build-env/node_modules/axobject-query/package.json,,node,tracked,
package_manifest,plugins/QA-Report-App/chroma-qa-reports/build-env/node_modules/babel-jest/package.json,plugins/QA-Report-App/chroma-qa-reports/build-env/node_modules/babel-jest/package.json,,node,tracked,
package_manifest,plugins/QA-Report-App/chroma-qa-reports/build-env/node_modules/babel-loader/node_modules/schema-utils/package.json,plugins/QA-Report-App/chroma-qa-reports/build-env/node_modules/babel-loader/node_modules/schema-utils/package.json,,node,tracked,
package_manifest,plugins/QA-Report-App/chroma-qa-reports/build-env/node_modules/babel-loader/package.json,plugins/QA-Report-App/chroma-qa-reports/build-env/node_modules/babel-loader/package.json,,node,tracked,
package_manifest,plugins/QA-Report-App/chroma-qa-reports/build-env/node_modules/babel-plugin-istanbul/package.json,plugins/QA-Report-App/chroma-qa-reports/build-env/node_modules/babel-plugin-istanbul/package.json,,node,tracked,
package_manifest,plugins/QA-Report-App/chroma-qa-reports/build-env/node_modules/babel-plugin-jest-hoist/package.json,plugins/QA-Report-App/chroma-qa-reports/build-env/node_modules/babel-plugin-jest-hoist/package.json,,node,tracked,
package_manifest,plugins/QA-Report-App/chroma-qa-reports/build-env/node_modules/babel-plugin-polyfill-corejs2/package.json,plugins/QA-Report-App/chroma-qa-reports/build-env/node_modules/babel-plugin-polyfill-corejs2/package.json,,node,tracked,
package_manifest,plugins/QA-Report-App/chroma-qa-reports/build-env/node_modules/babel-plugin-polyfill-corejs3/package.json,plugins/QA-Report-App/chroma-qa-reports/build-env/node_modules/babel-plugin-polyfill-corejs3/package.json,,node,tracked,
package_manifest,plugins/QA-Report-App/chroma-qa-reports/build-env/node_modules/babel-plugin-polyfill-regenerator/package.json,plugins/QA-Report-App/chroma-qa-reports/build-env/node_modules/babel-plugin-polyfill-regenerator/package.json,,node,tracked,
package_manifest,plugins/QA-Report-App/chroma-qa-reports/build-env/node_modules/babel-preset-current-node-syntax/package.json,plugins/QA-Report-App/chroma-qa-reports/build-env/node_modules/babel-preset-current-node-syntax/package.json,,node,tracked,
package_manifest,plugins/QA-Report-App/chroma-qa-reports/build-env/node_modules/babel-preset-jest/package.json,plugins/QA-Report-App/chroma-qa-reports/build-env/node_modules/babel-preset-jest/package.json,,node,tracked,
package_manifest,plugins/QA-Report-App/chroma-qa-reports/build-env/node_modules/babel-runtime/node_modules/core-js/package.json,plugins/QA-Report-App/chroma-qa-reports/build-env/node_modules/babel-runtime/node_modules/core-js/package.json,,node,tracked,
package_manifest,plugins/QA-Report-App/chroma-qa-reports/build-env/node_modules/babel-runtime/package.json,plugins/QA-Report-App/chroma-qa-reports/build-env/node_modules/babel-runtime/package.json,,node,tracked,
package_manifest,plugins/QA-Report-App/chroma-qa-reports/build-env/node_modules/balanced-match/package.json,plugins/QA-Report-App/chroma-qa-reports/build-env/node_modules/balanced-match/package.json,,node,tracked,
package_manifest,plugins/QA-Report-App/chroma-qa-reports/build-env/node_modules/bare-events/package.json,plugins/QA-Report-App/chroma-qa-reports/build-env/node_modules/bare-events/package.json,,node,tracked,
package_manifest,plugins/QA-Report-App/chroma-qa-reports/build-env/node_modules/base64-js/package.json,plugins/QA-Report-App/chroma-qa-reports/build-env/node_modules/base64-js/package.json,,node,tracked,
package_manifest,plugins/QA-Report-App/chroma-qa-reports/build-env/node_modules/baseline-browser-mapping/package.json,plugins/QA-Report-App/chroma-qa-reports/build-env/node_modules/baseline-browser-mapping/package.json,,node,tracked,
package_manifest,plugins/QA-Report-App/chroma-qa-reports/build-env/node_modules/basic-ftp/package.json,plugins/QA-Report-App/chroma-qa-reports/build-env/node_modules/basic-ftp/package.json,,node,tracked,
package_manifest,plugins/QA-Report-App/chroma-qa-reports/build-env/node_modules/batch/package.json,plugins/QA-Report-App/chroma-qa-reports/build-env/node_modules/batch/package.json,,node,tracked,
package_manifest,plugins/QA-Report-App/chroma-qa-reports/build-env/node_modules/big.js/package.json,plugins/QA-Report-App/chroma-qa-reports/build-env/node_modules/big.js/package.json,,node,tracked,
package_manifest,plugins/QA-Report-App/chroma-qa-reports/build-env/node_modules/binary-extensions/package.json,plugins/QA-Report-App/chroma-qa-reports/build-env/node_modules/binary-extensions/package.json,,node,tracked,
package_manifest,plugins/QA-Report-App/chroma-qa-reports/build-env/node_modules/bl/package.json,plugins/QA-Report-App/chroma-qa-reports/build-env/node_modules/bl/package.json,,node,tracked,
package_manifest,plugins/QA-Report-App/chroma-qa-reports/build-env/node_modules/body-parser/node_modules/debug/package.json,plugins/QA-Report-App/chroma-qa-reports/build-env/node_modules/body-parser/node_modules/debug/package.json,,node,tracked,
package_manifest,plugins/QA-Report-App/chroma-qa-reports/build-env/node_modules/body-parser/node_modules/iconv-lite/package.json,plugins/QA-Report-App/chroma-qa-reports/build-env/node_modules/body-parser/node_modules/iconv-lite/package.json,,node,tracked,
package_manifest,plugins/QA-Report-App/chroma-qa-reports/build-env/node_modules/body-parser/node_modules/ms/package.json,plugins/QA-Report-App/chroma-qa-reports/build-env/node_modules/body-parser/node_modules/ms/package.json,,node,tracked,
package_manifest,plugins/QA-Report-App/chroma-qa-reports/build-env/node_modules/body-parser/package.json,plugins/QA-Report-App/chroma-qa-reports/build-env/node_modules/body-parser/package.json,,node,tracked,
package_manifest,plugins/QA-Report-App/chroma-qa-reports/build-env/node_modules/bonjour-service/package.json,plugins/QA-Report-App/chroma-qa-reports/build-env/node_modules/bonjour-service/package.json,,node,tracked,
package_manifest,plugins/QA-Report-App/chroma-qa-reports/build-env/node_modules/boolbase/package.json,plugins/QA-Report-App/chroma-qa-reports/build-env/node_modules/boolbase/package.json,,node,tracked,
package_manifest,plugins/QA-Report-App/chroma-qa-reports/build-env/node_modules/brace-expansion/package.json,plugins/QA-Report-App/chroma-qa-reports/build-env/node_modules/brace-expansion/package.json,,node,tracked,
package_manifest,plugins/QA-Report-App/chroma-qa-reports/build-env/node_modules/braces/package.json,plugins/QA-Report-App/chroma-qa-reports/build-env/node_modules/braces/package.json,,node,tracked,
package_manifest,plugins/QA-Report-App/chroma-qa-reports/build-env/node_modules/browserslist/package.json,plugins/QA-Report-App/chroma-qa-reports/build-env/node_modules/browserslist/package.json,,node,tracked,
package_manifest,plugins/QA-Report-App/chroma-qa-reports/build-env/node_modules/bser/package.json,plugins/QA-Report-App/chroma-qa-reports/build-env/node_modules/bser/package.json,,node,tracked,
package_manifest,plugins/QA-Report-App/chroma-qa-reports/build-env/node_modules/buffer-crc32/package.json,plugins/QA-Report-App/chroma-qa-reports/build-env/node_modules/buffer-crc32/package.json,,node,tracked,
package_manifest,plugins/QA-Report-App/chroma-qa-reports/build-env/node_modules/buffer-from/package.json,plugins/QA-Report-App/chroma-qa-reports/build-env/node_modules/buffer-from/package.json,,node,tracked,
package_manifest,plugins/QA-Report-App/chroma-qa-reports/build-env/node_modules/buffer/package.json,plugins/QA-Report-App/chroma-qa-reports/build-env/node_modules/buffer/package.json,,node,tracked,
package_manifest,plugins/QA-Report-App/chroma-qa-reports/build-env/node_modules/builtin-modules/package.json,plugins/QA-Report-App/chroma-qa-reports/build-env/node_modules/builtin-modules/package.json,,node,tracked,
package_manifest,plugins/QA-Report-App/chroma-qa-reports/build-env/node_modules/bytes/package.json,plugins/QA-Report-App/chroma-qa-reports/build-env/node_modules/bytes/package.json,,node,tracked,
package_manifest,plugins/QA-Report-App/chroma-qa-reports/build-env/node_modules/call-bind-apply-helpers/package.json,plugins/QA-Report-App/chroma-qa-reports/build-env/node_modules/call-bind-apply-helpers/package.json,,node,tracked,
package_manifest,plugins/QA-Report-App/chroma-qa-reports/build-env/node_modules/call-bind/package.json,plugins/QA-Report-App/chroma-qa-reports/build-env/node_modules/call-bind/package.json,,node,tracked,
package_manifest,plugins/QA-Report-App/chroma-qa-reports/build-env/node_modules/call-bound/package.json,plugins/QA-Report-App/chroma-qa-reports/build-env/node_modules/call-bound/package.json,,node,tracked,
package_manifest,plugins/QA-Report-App/chroma-qa-reports/build-env/node_modules/callsites/package.json,plugins/QA-Report-App/chroma-qa-reports/build-env/node_modules/callsites/package.json,,node,tracked,
package_manifest,plugins/QA-Report-App/chroma-qa-reports/build-env/node_modules/camel-case/package.json,plugins/QA-Report-App/chroma-qa-reports/build-env/node_modules/camel-case/package.json,,node,tracked,
package_manifest,plugins/QA-Report-App/chroma-qa-reports/build-env/node_modules/camelcase-css/package.json,plugins/QA-Report-App/chroma-qa-reports/build-env/node_modules/camelcase-css/package.json,,node,tracked,
package_manifest,plugins/QA-Report-App/chroma-qa-reports/build-env/node_modules/camelcase-keys/node_modules/camelcase/package.json,plugins/QA-Report-App/chroma-qa-reports/build-env/node_modules/camelcase-keys/node_modules/camelcase/package.json,,node,tracked,
package_manifest,plugins/QA-Report-App/chroma-qa-reports/build-env/node_modules/camelcase-keys/package.json,plugins/QA-Report-App/chroma-qa-reports/build-env/node_modules/camelcase-keys/package.json,,node,tracked,
package_manifest,plugins/QA-Report-App/chroma-qa-reports/build-env/node_modules/camelcase/package.json,plugins/QA-Report-App/chroma-qa-reports/build-env/node_modules/camelcase/package.json,,node,tracked,
package_manifest,plugins/QA-Report-App/chroma-qa-reports/build-env/node_modules/caniuse-api/package.json,plugins/QA-Report-App/chroma-qa-reports/build-env/node_modules/caniuse-api/package.json,,node,tracked,
package_manifest,plugins/QA-Report-App/chroma-qa-reports/build-env/node_modules/caniuse-lite/package.json,plugins/QA-Report-App/chroma-qa-reports/build-env/node_modules/caniuse-lite/package.json,,node,tracked,
package_manifest,plugins/QA-Report-App/chroma-qa-reports/build-env/node_modules/capital-case/package.json,plugins/QA-Report-App/chroma-qa-reports/build-env/node_modules/capital-case/package.json,,node,tracked,
package_manifest,plugins/QA-Report-App/chroma-qa-reports/build-env/node_modules/chalk/package.json,plugins/QA-Report-App/chroma-qa-reports/build-env/node_modules/chalk/package.json,,node,tracked,
package_manifest,plugins/QA-Report-App/chroma-qa-reports/build-env/node_modules/change-case/package.json,plugins/QA-Report-App/chroma-qa-reports/build-env/node_modules/change-case/package.json,,node,tracked,
package_manifest,plugins/QA-Report-App/chroma-qa-reports/build-env/node_modules/char-regex/package.json,plugins/QA-Report-App/chroma-qa-reports/build-env/node_modules/char-regex/package.json,,node,tracked,
package_manifest,plugins/QA-Report-App/chroma-qa-reports/build-env/node_modules/check-node-version/node_modules/chalk/package.json,plugins/QA-Report-App/chroma-qa-reports/build-env/node_modules/check-node-version/node_modules/chalk/package.json,,node,tracked,
package_manifest,plugins/QA-Report-App/chroma-qa-reports/build-env/node_modules/check-node-version/package.json,plugins/QA-Report-App/chroma-qa-reports/build-env/node_modules/check-node-version/package.json,,node,tracked,
package_manifest,plugins/QA-Report-App/chroma-qa-reports/build-env/node_modules/chokidar/esm/package.json,plugins/QA-Report-App/chroma-qa-reports/build-env/node_modules/chokidar/esm/package.json,,node,tracked,
package_manifest,plugins/QA-Report-App/chroma-qa-reports/build-env/node_modules/chokidar/package.json,plugins/QA-Report-App/chroma-qa-reports/build-env/node_modules/chokidar/package.json,,node,tracked,
package_manifest,plugins/QA-Report-App/chroma-qa-reports/build-env/node_modules/chownr/package.json,plugins/QA-Report-App/chroma-qa-reports/build-env/node_modules/chownr/package.json,,node,tracked,
package_manifest,plugins/QA-Report-App/chroma-qa-reports/build-env/node_modules/chrome-launcher/package.json,plugins/QA-Report-App/chroma-qa-reports/build-env/node_modules/chrome-launcher/package.json,,node,tracked,
package_manifest,plugins/QA-Report-App/chroma-qa-reports/build-env/node_modules/chrome-trace-event/package.json,plugins/QA-Report-App/chroma-qa-reports/build-env/node_modules/chrome-trace-event/package.json,,node,tracked,
package_manifest,plugins/QA-Report-App/chroma-qa-reports/build-env/node_modules/ci-info/package.json,plugins/QA-Report-App/chroma-qa-reports/build-env/node_modules/ci-info/package.json,,node,tracked,
package_manifest,plugins/QA-Report-App/chroma-qa-reports/build-env/node_modules/cjs-module-lexer/package.json,plugins/QA-Report-App/chroma-qa-reports/build-env/node_modules/cjs-module-lexer/package.json,,node,tracked,
package_manifest,plugins/QA-Report-App/chroma-qa-reports/build-env/node_modules/clean-webpack-plugin/package.json,plugins/QA-Report-App/chroma-qa-reports/build-env/node_modules/clean-webpack-plugin/package.json,,node,tracked,
package_manifest,plugins/QA-Report-App/chroma-qa-reports/build-env/node_modules/cliui/package.json,plugins/QA-Report-App/chroma-qa-reports/build-env/node_modules/cliui/package.json,,node,tracked,
package_manifest,plugins/QA-Report-App/chroma-qa-reports/build-env/node_modules/clone-deep/package.json,plugins/QA-Report-App/chroma-qa-reports/build-env/node_modules/clone-deep/package.json,,node,tracked,
package_manifest,plugins/QA-Report-App/chroma-qa-reports/build-env/node_modules/clsx/package.json,plugins/QA-Report-App/chroma-qa-reports/build-env/node_modules/clsx/package.json,,node,tracked,
package_manifest,plugins/QA-Report-App/chroma-qa-reports/build-env/node_modules/co/package.json,plugins/QA-Report-App/chroma-qa-reports/build-env/node_modules/co/package.json,,node,tracked,
package_manifest,plugins/QA-Report-App/chroma-qa-reports/build-env/node_modules/collect-v8-coverage/package.json,plugins/QA-Report-App/chroma-qa-reports/build-env/node_modules/collect-v8-coverage/package.json,,node,tracked,
package_manifest,plugins/QA-Report-App/chroma-qa-reports/build-env/node_modules/color-convert/package.json,plugins/QA-Report-App/chroma-qa-reports/build-env/node_modules/color-convert/package.json,,node,tracked,
package_manifest,plugins/QA-Report-App/chroma-qa-reports/build-env/node_modules/color-name/package.json,plugins/QA-Report-App/chroma-qa-reports/build-env/node_modules/color-name/package.json,,node,tracked,
package_manifest,plugins/QA-Report-App/chroma-qa-reports/build-env/node_modules/colord/package.json,plugins/QA-Report-App/chroma-qa-reports/build-env/node_modules/colord/package.json,,node,tracked,
package_manifest,plugins/QA-Report-App/chroma-qa-reports/build-env/node_modules/colorette/package.json,plugins/QA-Report-App/chroma-qa-reports/build-env/node_modules/colorette/package.json,,node,tracked,
package_manifest,plugins/QA-Report-App/chroma-qa-reports/build-env/node_modules/combined-stream/package.json,plugins/QA-Report-App/chroma-qa-reports/build-env/node_modules/combined-stream/package.json,,node,tracked,
package_manifest,plugins/QA-Report-App/chroma-qa-reports/build-env/node_modules/commander/package.json,plugins/QA-Report-App/chroma-qa-reports/build-env/node_modules/commander/package.json,,node,tracked,
package_manifest,plugins/QA-Report-App/chroma-qa-reports/build-env/node_modules/comment-parser/package.json,plugins/QA-Report-App/chroma-qa-reports/build-env/node_modules/comment-parser/package.json,,node,tracked,
package_manifest,plugins/QA-Report-App/chroma-qa-reports/build-env/node_modules/commondir/package.json,plugins/QA-Report-App/chroma-qa-reports/build-env/node_modules/commondir/package.json,,node,tracked,
package_manifest,plugins/QA-Report-App/chroma-qa-reports/build-env/node_modules/compressible/package.json,plugins/QA-Report-App/chroma-qa-reports/build-env/node_modules/compressible/package.json,,node,tracked,
package_manifest,plugins/QA-Report-App/chroma-qa-reports/build-env/node_modules/compression/node_modules/debug/package.json,plugins/QA-Report-App/chroma-qa-reports/build-env/node_modules/compression/node_modules/debug/package.json,,node,tracked,
package_manifest,plugins/QA-Report-App/chroma-qa-reports/build-env/node_modules/compression/node_modules/ms/package.json,plugins/QA-Report-App/chroma-qa-reports/build-env/node_modules/compression/node_modules/ms/package.json,,node,tracked,
package_manifest,plugins/QA-Report-App/chroma-qa-reports/build-env/node_modules/compression/package.json,plugins/QA-Report-App/chroma-qa-reports/build-env/node_modules/compression/package.json,,node,tracked,
package_manifest,plugins/QA-Report-App/chroma-qa-reports/build-env/node_modules/concat-map/package.json,plugins/QA-Report-App/chroma-qa-reports/build-env/node_modules/concat-map/package.json,,node,tracked,
package_manifest,plugins/QA-Report-App/chroma-qa-reports/build-env/node_modules/configstore/node_modules/write-file-atomic/package.json,plugins/QA-Report-App/chroma-qa-reports/build-env/node_modules/configstore/node_modules/write-file-atomic/package.json,,node,tracked,
package_manifest,plugins/QA-Report-App/chroma-qa-reports/build-env/node_modules/configstore/package.json,plugins/QA-Report-App/chroma-qa-reports/build-env/node_modules/configstore/package.json,,node,tracked,
package_manifest,plugins/QA-Report-App/chroma-qa-reports/build-env/node_modules/connect-history-api-fallback/package.json,plugins/QA-Report-App/chroma-qa-reports/build-env/node_modules/connect-history-api-fallback/package.json,,node,tracked,
package_manifest,plugins/QA-Report-App/chroma-qa-reports/build-env/node_modules/constant-case/package.json,plugins/QA-Report-App/chroma-qa-reports/build-env/node_modules/constant-case/package.json,,node,tracked,
package_manifest,plugins/QA-Report-App/chroma-qa-reports/build-env/node_modules/content-disposition/package.json,plugins/QA-Report-App/chroma-qa-reports/build-env/node_modules/content-disposition/package.json,,node,tracked,
package_manifest,plugins/QA-Report-App/chroma-qa-reports/build-env/node_modules/content-type/package.json,plugins/QA-Report-App/chroma-qa-reports/build-env/node_modules/content-type/package.json,,node,tracked,
package_manifest,plugins/QA-Report-App/chroma-qa-reports/build-env/node_modules/convert-source-map/package.json,plugins/QA-Report-App/chroma-qa-reports/build-env/node_modules/convert-source-map/package.json,,node,tracked,
package_manifest,plugins/QA-Report-App/chroma-qa-reports/build-env/node_modules/cookie-signature/package.json,plugins/QA-Report-App/chroma-qa-reports/build-env/node_modules/cookie-signature/package.json,,node,tracked,
package_manifest,plugins/QA-Report-App/chroma-qa-reports/build-env/node_modules/cookie/package.json,plugins/QA-Report-App/chroma-qa-reports/build-env/node_modules/cookie/package.json,,node,tracked,
package_manifest,plugins/QA-Report-App/chroma-qa-reports/build-env/node_modules/copy-webpack-plugin/node_modules/array-union/package.json,plugins/QA-Report-App/chroma-qa-reports/build-env/node_modules/copy-webpack-plugin/node_modules/array-union/package.json,,node,tracked,
package_manifest,plugins/QA-Report-App/chroma-qa-reports/build-env/node_modules/copy-webpack-plugin/node_modules/globby/package.json,plugins/QA-Report-App/chroma-qa-reports/build-env/node_modules/copy-webpack-plugin/node_modules/globby/package.json,,node,tracked,
package_manifest,plugins/QA-Report-App/chroma-qa-reports/build-env/node_modules/copy-webpack-plugin/node_modules/slash/package.json,plugins/QA-Report-App/chroma-qa-reports/build-env/node_modules/copy-webpack-plugin/node_modules/slash/package.json,,node,tracked,
package_manifest,plugins/QA-Report-App/chroma-qa-reports/build-env/node_modules/copy-webpack-plugin/package.json,plugins/QA-Report-App/chroma-qa-reports/build-env/node_modules/copy-webpack-plugin/package.json,,node,tracked,
package_manifest,plugins/QA-Report-App/chroma-qa-reports/build-env/node_modules/core-js-compat/package.json,plugins/QA-Report-App/chroma-qa-reports/build-env/node_modules/core-js-compat/package.json,,node,tracked,
package_manifest,plugins/QA-Report-App/chroma-qa-reports/build-env/node_modules/core-js-pure/package.json,plugins/QA-Report-App/chroma-qa-reports/build-env/node_modules/core-js-pure/package.json,,node,tracked,
package_manifest,plugins/QA-Report-App/chroma-qa-reports/build-env/node_modules/core-js/package.json,plugins/QA-Report-App/chroma-qa-reports/build-env/node_modules/core-js/package.json,,node,tracked,
package_manifest,plugins/QA-Report-App/chroma-qa-reports/build-env/node_modules/core-util-is/package.json,plugins/QA-Report-App/chroma-qa-reports/build-env/node_modules/core-util-is/package.json,,node,tracked,
package_manifest,plugins/QA-Report-App/chroma-qa-reports/build-env/node_modules/cosmiconfig/node_modules/argparse/package.json,plugins/QA-Report-App/chroma-qa-reports/build-env/node_modules/cosmiconfig/node_modules/argparse/package.json,,node,tracked,
package_manifest,plugins/QA-Report-App/chroma-qa-reports/build-env/node_modules/cosmiconfig/node_modules/js-yaml/package.json,plugins/QA-Report-App/chroma-qa-reports/build-env/node_modules/cosmiconfig/node_modules/js-yaml/package.json,,node,tracked,
package_manifest,plugins/QA-Report-App/chroma-qa-reports/build-env/node_modules/cosmiconfig/package.json,plugins/QA-Report-App/chroma-qa-reports/build-env/node_modules/cosmiconfig/package.json,,node,tracked,
package_manifest,plugins/QA-Report-App/chroma-qa-reports/build-env/node_modules/create-jest/package.json,plugins/QA-Report-App/chroma-qa-reports/build-env/node_modules/create-jest/package.json,,node,tracked,
package_manifest,plugins/QA-Report-App/chroma-qa-reports/build-env/node_modules/cross-fetch/package.json,plugins/QA-Report-App/chroma-qa-reports/build-env/node_modules/cross-fetch/package.json,,node,tracked,
package_manifest,plugins/QA-Report-App/chroma-qa-reports/build-env/node_modules/cross-fetch/polyfill/package.json,plugins/QA-Report-App/chroma-qa-reports/build-env/node_modules/cross-fetch/polyfill/package.json,,node,tracked,
package_manifest,plugins/QA-Report-App/chroma-qa-reports/build-env/node_modules/cross-spawn/node_modules/lru-cache/package.json,plugins/QA-Report-App/chroma-qa-reports/build-env/node_modules/cross-spawn/node_modules/lru-cache/package.json,,node,tracked,
package_manifest,plugins/QA-Report-App/chroma-qa-reports/build-env/node_modules/cross-spawn/node_modules/yallist/package.json,plugins/QA-Report-App/chroma-qa-reports/build-env/node_modules/cross-spawn/node_modules/yallist/package.json,,node,tracked,
package_manifest,plugins/QA-Report-App/chroma-qa-reports/build-env/node_modules/cross-spawn/package.json,plugins/QA-Report-App/chroma-qa-reports/build-env/node_modules/cross-spawn/package.json,,node,tracked,
package_manifest,plugins/QA-Report-App/chroma-qa-reports/build-env/node_modules/crypto-random-string/package.json,plugins/QA-Report-App/chroma-qa-reports/build-env/node_modules/crypto-random-string/package.json,,node,tracked,
package_manifest,plugins/QA-Report-App/chroma-qa-reports/build-env/node_modules/csp_evaluator/package.json,plugins/QA-Report-App/chroma-qa-reports/build-env/node_modules/csp_evaluator/package.json,,node,tracked,
package_manifest,plugins/QA-Report-App/chroma-qa-reports/build-env/node_modules/css-declaration-sorter/package.json,plugins/QA-Report-App/chroma-qa-reports/build-env/node_modules/css-declaration-sorter/package.json,,node,tracked,
package_manifest,plugins/QA-Report-App/chroma-qa-reports/build-env/node_modules/css-functions-list/cjs/package.json,plugins/QA-Report-App/chroma-qa-reports/build-env/node_modules/css-functions-list/cjs/package.json,,node,tracked,
package_manifest,plugins/QA-Report-App/chroma-qa-reports/build-env/node_modules/css-functions-list/esm/package.json,plugins/QA-Report-App/chroma-qa-reports/build-env/node_modules/css-functions-list/esm/package.json,,node,tracked,
package_manifest,plugins/QA-Report-App/chroma-qa-reports/build-env/node_modules/css-functions-list/package.json,plugins/QA-Report-App/chroma-qa-reports/build-env/node_modules/css-functions-list/package.json,,node,tracked,
package_manifest,plugins/QA-Report-App/chroma-qa-reports/build-env/node_modules/css-loader/node_modules/semver/package.json,plugins/QA-Report-App/chroma-qa-reports/build-env/node_modules/css-loader/node_modules/semver/package.json,,node,tracked,
package_manifest,plugins/QA-Report-App/chroma-qa-reports/build-env/node_modules/css-loader/package.json,plugins/QA-Report-App/chroma-qa-reports/build-env/node_modules/css-loader/package.json,,node,tracked,
package_manifest,plugins/QA-Report-App/chroma-qa-reports/build-env/node_modules/css-select/lib/esm/package.json,plugins/QA-Report-App/chroma-qa-reports/build-env/node_modules/css-select/lib/esm/package.json,,node,tracked,
package_manifest,plugins/QA-Report-App/chroma-qa-reports/build-env/node_modules/css-select/package.json,plugins/QA-Report-App/chroma-qa-reports/build-env/node_modules/css-select/package.json,,node,tracked,
package_manifest,plugins/QA-Report-App/chroma-qa-reports/build-env/node_modules/css-tree/package.json,plugins/QA-Report-App/chroma-qa-reports/build-env/node_modules/css-tree/package.json,,node,tracked,
package_manifest,plugins/QA-Report-App/chroma-qa-reports/build-env/node_modules/css-what/package.json,plugins/QA-Report-App/chroma-qa-reports/build-env/node_modules/css-what/package.json,,node,tracked,
package_manifest,plugins/QA-Report-App/chroma-qa-reports/build-env/node_modules/cssesc/package.json,plugins/QA-Report-App/chroma-qa-reports/build-env/node_modules/cssesc/package.json,,node,tracked,
package_manifest,plugins/QA-Report-App/chroma-qa-reports/build-env/node_modules/cssnano-preset-default/package.json,plugins/QA-Report-App/chroma-qa-reports/build-env/node_modules/cssnano-preset-default/package.json,,node,tracked,
package_manifest,plugins/QA-Report-App/chroma-qa-reports/build-env/node_modules/cssnano-utils/package.json,plugins/QA-Report-App/chroma-qa-reports/build-env/node_modules/cssnano-utils/package.json,,node,tracked,
package_manifest,plugins/QA-Report-App/chroma-qa-reports/build-env/node_modules/cssnano/package.json,plugins/QA-Report-App/chroma-qa-reports/build-env/node_modules/cssnano/package.json,,node,tracked,
package_manifest,plugins/QA-Report-App/chroma-qa-reports/build-env/node_modules/csso/node_modules/css-tree/package.json,plugins/QA-Report-App/chroma-qa-reports/build-env/node_modules/csso/node_modules/css-tree/package.json,,node,tracked,
package_manifest,plugins/QA-Report-App/chroma-qa-reports/build-env/node_modules/csso/node_modules/mdn-data/package.json,plugins/QA-Report-App/chroma-qa-reports/build-env/node_modules/csso/node_modules/mdn-data/package.json,,node,tracked,
package_manifest,plugins/QA-Report-App/chroma-qa-reports/build-env/node_modules/csso/package.json,plugins/QA-Report-App/chroma-qa-reports/build-env/node_modules/csso/package.json,,node,tracked,
package_manifest,plugins/QA-Report-App/chroma-qa-reports/build-env/node_modules/cssom/package.json,plugins/QA-Report-App/chroma-qa-reports/build-env/node_modules/cssom/package.json,,node,tracked,
package_manifest,plugins/QA-Report-App/chroma-qa-reports/build-env/node_modules/cssstyle/node_modules/cssom/package.json,plugins/QA-Report-App/chroma-qa-reports/build-env/node_modules/cssstyle/node_modules/cssom/package.json,,node,tracked,
package_manifest,plugins/QA-Report-App/chroma-qa-reports/build-env/node_modules/cssstyle/package.json,plugins/QA-Report-App/chroma-qa-reports/build-env/node_modules/cssstyle/package.json,,node,tracked,
package_manifest,plugins/QA-Report-App/chroma-qa-reports/build-env/node_modules/cwd/package.json,plugins/QA-Report-App/chroma-qa-reports/build-env/node_modules/cwd/package.json,,node,tracked,
package_manifest,plugins/QA-Report-App/chroma-qa-reports/build-env/node_modules/d3-array/package.json,plugins/QA-Report-App/chroma-qa-reports/build-env/node_modules/d3-array/package.json,,node,tracked,
package_manifest,plugins/QA-Report-App/chroma-qa-reports/build-env/node_modules/d3-color/package.json,plugins/QA-Report-App/chroma-qa-reports/build-env/node_modules/d3-color/package.json,,node,tracked,
package_manifest,plugins/QA-Report-App/chroma-qa-reports/build-env/node_modules/d3-ease/package.json,plugins/QA-Report-App/chroma-qa-reports/build-env/node_modules/d3-ease/package.json,,node,tracked,
package_manifest,plugins/QA-Report-App/chroma-qa-reports/build-env/node_modules/d3-format/package.json,plugins/QA-Report-App/chroma-qa-reports/build-env/node_modules/d3-format/package.json,,node,tracked,
package_manifest,plugins/QA-Report-App/chroma-qa-reports/build-env/node_modules/d3-interpolate/package.json,plugins/QA-Report-App/chroma-qa-reports/build-env/node_modules/d3-interpolate/package.json,,node,tracked,
package_manifest,plugins/QA-Report-App/chroma-qa-reports/build-env/node_modules/d3-path/package.json,plugins/QA-Report-App/chroma-qa-reports/build-env/node_modules/d3-path/package.json,,node,tracked,
package_manifest,plugins/QA-Report-App/chroma-qa-reports/build-env/node_modules/d3-scale/package.json,plugins/QA-Report-App/chroma-qa-reports/build-env/node_modules/d3-scale/package.json,,node,tracked,
package_manifest,plugins/QA-Report-App/chroma-qa-reports/build-env/node_modules/d3-shape/package.json,plugins/QA-Report-App/chroma-qa-reports/build-env/node_modules/d3-shape/package.json,,node,tracked,
package_manifest,plugins/QA-Report-App/chroma-qa-reports/build-env/node_modules/d3-time-format/package.json,plugins/QA-Report-App/chroma-qa-reports/build-env/node_modules/d3-time-format/package.json,,node,tracked,
package_manifest,plugins/QA-Report-App/chroma-qa-reports/build-env/node_modules/d3-time/package.json,plugins/QA-Report-App/chroma-qa-reports/build-env/node_modules/d3-time/package.json,,node,tracked,
package_manifest,plugins/QA-Report-App/chroma-qa-reports/build-env/node_modules/d3-timer/package.json,plugins/QA-Report-App/chroma-qa-reports/build-env/node_modules/d3-timer/package.json,,node,tracked,
package_manifest,plugins/QA-Report-App/chroma-qa-reports/build-env/node_modules/damerau-levenshtein/package.json,plugins/QA-Report-App/chroma-qa-reports/build-env/node_modules/damerau-levenshtein/package.json,,node,tracked,
package_manifest,plugins/QA-Report-App/chroma-qa-reports/build-env/node_modules/data-uri-to-buffer/package.json,plugins/QA-Report-App/chroma-qa-reports/build-env/node_modules/data-uri-to-buffer/package.json,,node,tracked,
package_manifest,plugins/QA-Report-App/chroma-qa-reports/build-env/node_modules/data-urls/package.json,plugins/QA-Report-App/chroma-qa-reports/build-env/node_modules/data-urls/package.json,,node,tracked,
package_manifest,plugins/QA-Report-App/chroma-qa-reports/build-env/node_modules/data-view-buffer/package.json,plugins/QA-Report-App/chroma-qa-reports/build-env/node_modules/data-view-buffer/package.json,,node,tracked,
package_manifest,plugins/QA-Report-App/chroma-qa-reports/build-env/node_modules/data-view-byte-length/package.json,plugins/QA-Report-App/chroma-qa-reports/build-env/node_modules/data-view-byte-length/package.json,,node,tracked,
package_manifest,plugins/QA-Report-App/chroma-qa-reports/build-env/node_modules/data-view-byte-offset/package.json,plugins/QA-Report-App/chroma-qa-reports/build-env/node_modules/data-view-byte-offset/package.json,,node,tracked,
package_manifest,plugins/QA-Report-App/chroma-qa-reports/build-env/node_modules/debounce/package.json,plugins/QA-Report-App/chroma-qa-reports/build-env/node_modules/debounce/package.json,,node,tracked,
package_manifest,plugins/QA-Report-App/chroma-qa-reports/build-env/node_modules/debug/package.json,plugins/QA-Report-App/chroma-qa-reports/build-env/node_modules/debug/package.json,,node,tracked,
package_manifest,plugins/QA-Report-App/chroma-qa-reports/build-env/node_modules/decamelize-keys/node_modules/map-obj/package.json,plugins/QA-Report-App/chroma-qa-reports/build-env/node_modules/decamelize-keys/node_modules/map-obj/package.json,,node,tracked,
package_manifest,plugins/QA-Report-App/chroma-qa-reports/build-env/node_modules/decamelize-keys/package.json,plugins/QA-Report-App/chroma-qa-reports/build-env/node_modules/decamelize-keys/package.json,,node,tracked,
package_manifest,plugins/QA-Report-App/chroma-qa-reports/build-env/node_modules/decamelize/package.json,plugins/QA-Report-App/chroma-qa-reports/build-env/node_modules/decamelize/package.json,,node,tracked,
package_manifest,plugins/QA-Report-App/chroma-qa-reports/build-env/node_modules/decimal.js-light/package.json,plugins/QA-Report-App/chroma-qa-reports/build-env/node_modules/decimal.js-light/package.json,,node,tracked,
package_manifest,plugins/QA-Report-App/chroma-qa-reports/build-env/node_modules/decimal.js/package.json,plugins/QA-Report-App/chroma-qa-reports/build-env/node_modules/decimal.js/package.json,,node,tracked,
package_manifest,plugins/QA-Report-App/chroma-qa-reports/build-env/node_modules/dedent/package.json,plugins/QA-Report-App/chroma-qa-reports/build-env/node_modules/dedent/package.json,,node,tracked,
package_manifest,plugins/QA-Report-App/chroma-qa-reports/build-env/node_modules/deep-extend/package.json,plugins/QA-Report-App/chroma-qa-reports/build-env/node_modules/deep-extend/package.json,,node,tracked,
package_manifest,plugins/QA-Report-App/chroma-qa-reports/build-env/node_modules/deep-is/package.json,plugins/QA-Report-App/chroma-qa-reports/build-env/node_modules/deep-is/package.json,,node,tracked,
package_manifest,plugins/QA-Report-App/chroma-qa-reports/build-env/node_modules/deepmerge/package.json,plugins/QA-Report-App/chroma-qa-reports/build-env/node_modules/deepmerge/package.json,,node,tracked,
package_manifest,plugins/QA-Report-App/chroma-qa-reports/build-env/node_modules/default-gateway/package.json,plugins/QA-Report-App/chroma-qa-reports/build-env/node_modules/default-gateway/package.json,,node,tracked,
package_manifest,plugins/QA-Report-App/chroma-qa-reports/build-env/node_modules/define-data-property/package.json,plugins/QA-Report-App/chroma-qa-reports/build-env/node_modules/define-data-property/package.json,,node,tracked,
package_manifest,plugins/QA-Report-App/chroma-qa-reports/build-env/node_modules/define-lazy-prop/package.json,plugins/QA-Report-App/chroma-qa-reports/build-env/node_modules/define-lazy-prop/package.json,,node,tracked,
package_manifest,plugins/QA-Report-App/chroma-qa-reports/build-env/node_modules/define-properties/package.json,plugins/QA-Report-App/chroma-qa-reports/build-env/node_modules/define-properties/package.json,,node,tracked,
package_manifest,plugins/QA-Report-App/chroma-qa-reports/build-env/node_modules/degenerator/package.json,plugins/QA-Report-App/chroma-qa-reports/build-env/node_modules/degenerator/package.json,,node,tracked,
package_manifest,plugins/QA-Report-App/chroma-qa-reports/build-env/node_modules/del/node_modules/array-union/package.json,plugins/QA-Report-App/chroma-qa-reports/build-env/node_modules/del/node_modules/array-union/package.json,,node,tracked,
package_manifest,plugins/QA-Report-App/chroma-qa-reports/build-env/node_modules/del/node_modules/globby/node_modules/pify/package.json,plugins/QA-Report-App/chroma-qa-reports/build-env/node_modules/del/node_modules/globby/node_modules/pify/package.json,,node,tracked,
package_manifest,plugins/QA-Report-App/chroma-qa-reports/build-env/node_modules/del/node_modules/globby/package.json,plugins/QA-Report-App/chroma-qa-reports/build-env/node_modules/del/node_modules/globby/package.json,,node,tracked,
package_manifest,plugins/QA-Report-App/chroma-qa-reports/build-env/node_modules/del/package.json,plugins/QA-Report-App/chroma-qa-reports/build-env/node_modules/del/package.json,,node,tracked,
package_manifest,plugins/QA-Report-App/chroma-qa-reports/build-env/node_modules/delayed-stream/package.json,plugins/QA-Report-App/chroma-qa-reports/build-env/node_modules/delayed-stream/package.json,,node,tracked,
package_manifest,plugins/QA-Report-App/chroma-qa-reports/build-env/node_modules/depd/package.json,plugins/QA-Report-App/chroma-qa-reports/build-env/node_modules/depd/package.json,,node,tracked,
package_manifest,plugins/QA-Report-App/chroma-qa-reports/build-env/node_modules/destroy/package.json,plugins/QA-Report-App/chroma-qa-reports/build-env/node_modules/destroy/package.json,,node,tracked,
package_manifest,plugins/QA-Report-App/chroma-qa-reports/build-env/node_modules/detect-libc/package.json,plugins/QA-Report-App/chroma-qa-reports/build-env/node_modules/detect-libc/package.json,,node,tracked,
package_manifest,plugins/QA-Report-App/chroma-qa-reports/build-env/node_modules/detect-newline/package.json,plugins/QA-Report-App/chroma-qa-reports/build-env/node_modules/detect-newline/package.json,,node,tracked,
package_manifest,plugins/QA-Report-App/chroma-qa-reports/build-env/node_modules/detect-node-es/package.json,plugins/QA-Report-App/chroma-qa-reports/build-env/node_modules/detect-node-es/package.json,,node,tracked,
package_manifest,plugins/QA-Report-App/chroma-qa-reports/build-env/node_modules/detect-node/package.json,plugins/QA-Report-App/chroma-qa-reports/build-env/node_modules/detect-node/package.json,,node,tracked,
package_manifest,plugins/QA-Report-App/chroma-qa-reports/build-env/node_modules/devtools-protocol/package.json,plugins/QA-Report-App/chroma-qa-reports/build-env/node_modules/devtools-protocol/package.json,,node,tracked,
package_manifest,plugins/QA-Report-App/chroma-qa-reports/build-env/node_modules/didyoumean/package.json,plugins/QA-Report-App/chroma-qa-reports/build-env/node_modules/didyoumean/package.json,,node,tracked,
package_manifest,plugins/QA-Report-App/chroma-qa-reports/build-env/node_modules/diff-sequences/package.json,plugins/QA-Report-App/chroma-qa-reports/build-env/node_modules/diff-sequences/package.json,,node,tracked,
package_manifest,plugins/QA-Report-App/chroma-qa-reports/build-env/node_modules/dir-glob/package.json,plugins/QA-Report-App/chroma-qa-reports/build-env/node_modules/dir-glob/package.json,,node,tracked,
package_manifest,plugins/QA-Report-App/chroma-qa-reports/build-env/node_modules/dlv/package.json,plugins/QA-Report-App/chroma-qa-reports/build-env/node_modules/dlv/package.json,,node,tracked,
package_manifest,plugins/QA-Report-App/chroma-qa-reports/build-env/node_modules/dns-packet/package.json,plugins/QA-Report-App/chroma-qa-reports/build-env/node_modules/dns-packet/package.json,,node,tracked,
package_manifest,plugins/QA-Report-App/chroma-qa-reports/build-env/node_modules/doctrine/package.json,plugins/QA-Report-App/chroma-qa-reports/build-env/node_modules/doctrine/package.json,,node,tracked,
package_manifest,plugins/QA-Report-App/chroma-qa-reports/build-env/node_modules/dom-serializer/lib/esm/package.json,plugins/QA-Report-App/chroma-qa-reports/build-env/node_modules/dom-serializer/lib/esm/package.json,,node,tracked,
package_manifest,plugins/QA-Report-App/chroma-qa-reports/build-env/node_modules/dom-serializer/package.json,plugins/QA-Report-App/chroma-qa-reports/build-env/node_modules/dom-serializer/package.json,,node,tracked,
package_manifest,plugins/QA-Report-App/chroma-qa-reports/build-env/node_modules/domelementtype/lib/esm/package.json,plugins/QA-Report-App/chroma-qa-reports/build-env/node_modules/domelementtype/lib/esm/package.json,,node,tracked,
package_manifest,plugins/QA-Report-App/chroma-qa-reports/build-env/node_modules/domelementtype/package.json,plugins/QA-Report-App/chroma-qa-reports/build-env/node_modules/domelementtype/package.json,,node,tracked,
package_manifest,plugins/QA-Report-App/chroma-qa-reports/build-env/node_modules/domexception/package.json,plugins/QA-Report-App/chroma-qa-reports/build-env/node_modules/domexception/package.json,,node,tracked,
package_manifest,plugins/QA-Report-App/chroma-qa-reports/build-env/node_modules/domhandler/lib/esm/package.json,plugins/QA-Report-App/chroma-qa-reports/build-env/node_modules/domhandler/lib/esm/package.json,,node,tracked,
package_manifest,plugins/QA-Report-App/chroma-qa-reports/build-env/node_modules/domhandler/package.json,plugins/QA-Report-App/chroma-qa-reports/build-env/node_modules/domhandler/package.json,,node,tracked,
package_manifest,plugins/QA-Report-App/chroma-qa-reports/build-env/node_modules/domutils/lib/esm/package.json,plugins/QA-Report-App/chroma-qa-reports/build-env/node_modules/domutils/lib/esm/package.json,,node,tracked,
package_manifest,plugins/QA-Report-App/chroma-qa-reports/build-env/node_modules/domutils/package.json,plugins/QA-Report-App/chroma-qa-reports/build-env/node_modules/domutils/package.json,,node,tracked,
package_manifest,plugins/QA-Report-App/chroma-qa-reports/build-env/node_modules/dot-case/package.json,plugins/QA-Report-App/chroma-qa-reports/build-env/node_modules/dot-case/package.json,,node,tracked,
package_manifest,plugins/QA-Report-App/chroma-qa-reports/build-env/node_modules/dot-prop/package.json,plugins/QA-Report-App/chroma-qa-reports/build-env/node_modules/dot-prop/package.json,,node,tracked,
package_manifest,plugins/QA-Report-App/chroma-qa-reports/build-env/node_modules/dunder-proto/package.json,plugins/QA-Report-App/chroma-qa-reports/build-env/node_modules/dunder-proto/package.json,,node,tracked,
package_manifest,plugins/QA-Report-App/chroma-qa-reports/build-env/node_modules/duplexer/package.json,plugins/QA-Report-App/chroma-qa-reports/build-env/node_modules/duplexer/package.json,,node,tracked,
package_manifest,plugins/QA-Report-App/chroma-qa-reports/build-env/node_modules/ee-first/package.json,plugins/QA-Report-App/chroma-qa-reports/build-env/node_modules/ee-first/package.json,,node,tracked,
package_manifest,plugins/QA-Report-App/chroma-qa-reports/build-env/node_modules/electron-to-chromium/package.json,plugins/QA-Report-App/chroma-qa-reports/build-env/node_modules/electron-to-chromium/package.json,,node,tracked,
package_manifest,plugins/QA-Report-App/chroma-qa-reports/build-env/node_modules/emittery/package.json,plugins/QA-Report-App/chroma-qa-reports/build-env/node_modules/emittery/package.json,,node,tracked,
package_manifest,plugins/QA-Report-App/chroma-qa-reports/build-env/node_modules/emoji-regex/package.json,plugins/QA-Report-App/chroma-qa-reports/build-env/node_modules/emoji-regex/package.json,,node,tracked,
package_manifest,plugins/QA-Report-App/chroma-qa-reports/build-env/node_modules/emojis-list/package.json,plugins/QA-Report-App/chroma-qa-reports/build-env/node_modules/emojis-list/package.json,,node,tracked,
package_manifest,plugins/QA-Report-App/chroma-qa-reports/build-env/node_modules/encodeurl/package.json,plugins/QA-Report-App/chroma-qa-reports/build-env/node_modules/encodeurl/package.json,,node,tracked,
package_manifest,plugins/QA-Report-App/chroma-qa-reports/build-env/node_modules/encoding/package.json,plugins/QA-Report-App/chroma-qa-reports/build-env/node_modules/encoding/package.json,,node,tracked,
package_manifest,plugins/QA-Report-App/chroma-qa-reports/build-env/node_modules/end-of-stream/package.json,plugins/QA-Report-App/chroma-qa-reports/build-env/node_modules/end-of-stream/package.json,,node,tracked,
package_manifest,plugins/QA-Report-App/chroma-qa-reports/build-env/node_modules/enhanced-resolve/package.json,plugins/QA-Report-App/chroma-qa-reports/build-env/node_modules/enhanced-resolve/package.json,,node,tracked,
package_manifest,plugins/QA-Report-App/chroma-qa-reports/build-env/node_modules/enquirer/package.json,plugins/QA-Report-App/chroma-qa-reports/build-env/node_modules/enquirer/package.json,,node,tracked,
package_manifest,plugins/QA-Report-App/chroma-qa-reports/build-env/node_modules/entities/lib/esm/package.json,plugins/QA-Report-App/chroma-qa-reports/build-env/node_modules/entities/lib/esm/package.json,,node,tracked,
package_manifest,plugins/QA-Report-App/chroma-qa-reports/build-env/node_modules/entities/package.json,plugins/QA-Report-App/chroma-qa-reports/build-env/node_modules/entities/package.json,,node,tracked,
package_manifest,plugins/QA-Report-App/chroma-qa-reports/build-env/node_modules/envinfo/package.json,plugins/QA-Report-App/chroma-qa-reports/build-env/node_modules/envinfo/package.json,,node,tracked,
package_manifest,plugins/QA-Report-App/chroma-qa-reports/build-env/node_modules/error-ex/package.json,plugins/QA-Report-App/chroma-qa-reports/build-env/node_modules/error-ex/package.json,,node,tracked,
package_manifest,plugins/QA-Report-App/chroma-qa-reports/build-env/node_modules/error-stack-parser/package.json,plugins/QA-Report-App/chroma-qa-reports/build-env/node_modules/error-stack-parser/package.json,,node,tracked,
package_manifest,plugins/QA-Report-App/chroma-qa-reports/build-env/node_modules/es-abstract/package.json,plugins/QA-Report-App/chroma-qa-reports/build-env/node_modules/es-abstract/package.json,,node,tracked,
package_manifest,plugins/QA-Report-App/chroma-qa-reports/build-env/node_modules/es-define-property/package.json,plugins/QA-Report-App/chroma-qa-reports/build-env/node_modules/es-define-property/package.json,,node,tracked,
package_manifest,plugins/QA-Report-App/chroma-qa-reports/build-env/node_modules/es-errors/package.json,plugins/QA-Report-App/chroma-qa-reports/build-env/node_modules/es-errors/package.json,,node,tracked,
package_manifest,plugins/QA-Report-App/chroma-qa-reports/build-env/node_modules/es-iterator-helpers/package.json,plugins/QA-Report-App/chroma-qa-reports/build-env/node_modules/es-iterator-helpers/package.json,,node,tracked,
package_manifest,plugins/QA-Report-App/chroma-qa-reports/build-env/node_modules/es-module-lexer/package.json,plugins/QA-Report-App/chroma-qa-reports/build-env/node_modules/es-module-lexer/package.json,,node,tracked,
package_manifest,plugins/QA-Report-App/chroma-qa-reports/build-env/node_modules/es-object-atoms/package.json,plugins/QA-Report-App/chroma-qa-reports/build-env/node_modules/es-object-atoms/package.json,,node,tracked,
package_manifest,plugins/QA-Report-App/chroma-qa-reports/build-env/node_modules/es-set-tostringtag/package.json,plugins/QA-Report-App/chroma-qa-reports/build-env/node_modules/es-set-tostringtag/package.json,,node,tracked,
package_manifest,plugins/QA-Report-App/chroma-qa-reports/build-env/node_modules/es-shim-unscopables/package.json,plugins/QA-Report-App/chroma-qa-reports/build-env/node_modules/es-shim-unscopables/package.json,,node,tracked,
package_manifest,plugins/QA-Report-App/chroma-qa-reports/build-env/node_modules/es-to-primitive/package.json,plugins/QA-Report-App/chroma-qa-reports/build-env/node_modules/es-to-primitive/package.json,,node,tracked,
package_manifest,plugins/QA-Report-App/chroma-qa-reports/build-env/node_modules/es-toolkit/package.json,plugins/QA-Report-App/chroma-qa-reports/build-env/node_modules/es-toolkit/package.json,,node,tracked,
package_manifest,plugins/QA-Report-App/chroma-qa-reports/build-env/node_modules/escalade/package.json,plugins/QA-Report-App/chroma-qa-reports/build-env/node_modules/escalade/package.json,,node,tracked,
package_manifest,plugins/QA-Report-App/chroma-qa-reports/build-env/node_modules/escape-html/package.json,plugins/QA-Report-App/chroma-qa-reports/build-env/node_modules/escape-html/package.json,,node,tracked,
package_manifest,plugins/QA-Report-App/chroma-qa-reports/build-env/node_modules/escape-string-regexp/package.json,plugins/QA-Report-App/chroma-qa-reports/build-env/node_modules/escape-string-regexp/package.json,,node,tracked,
package_manifest,plugins/QA-Report-App/chroma-qa-reports/build-env/node_modules/escodegen/node_modules/source-map/package.json,plugins/QA-Report-App/chroma-qa-reports/build-env/node_modules/escodegen/node_modules/source-map/package.json,,node,tracked,
package_manifest,plugins/QA-Report-App/chroma-qa-reports/build-env/node_modules/escodegen/package.json,plugins/QA-Report-App/chroma-qa-reports/build-env/node_modules/escodegen/package.json,,node,tracked,
package_manifest,plugins/QA-Report-App/chroma-qa-reports/build-env/node_modules/eslint-config-prettier/package.json,plugins/QA-Report-App/chroma-qa-reports/build-env/node_modules/eslint-config-prettier/package.json,,node,tracked,
package_manifest,plugins/QA-Report-App/chroma-qa-reports/build-env/node_modules/eslint-import-resolver-node/node_modules/debug/package.json,plugins/QA-Report-App/chroma-qa-reports/build-env/node_modules/eslint-import-resolver-node/node_modules/debug/package.json,,node,tracked,
package_manifest,plugins/QA-Report-App/chroma-qa-reports/build-env/node_modules/eslint-import-resolver-node/package.json,plugins/QA-Report-App/chroma-qa-reports/build-env/node_modules/eslint-import-resolver-node/package.json,,node,tracked,
package_manifest,plugins/QA-Report-App/chroma-qa-reports/build-env/node_modules/eslint-module-utils/node_modules/debug/package.json,plugins/QA-Report-App/chroma-qa-reports/build-env/node_modules/eslint-module-utils/node_modules/debug/package.json,,node,tracked,
package_manifest,plugins/QA-Report-App/chroma-qa-reports/build-env/node_modules/eslint-module-utils/package.json,plugins/QA-Report-App/chroma-qa-reports/build-env/node_modules/eslint-module-utils/package.json,,node,tracked,
package_manifest,plugins/QA-Report-App/chroma-qa-reports/build-env/node_modules/eslint-plugin-import/node_modules/brace-expansion/package.json,plugins/QA-Report-App/chroma-qa-reports/build-env/node_modules/eslint-plugin-import/node_modules/brace-expansion/package.json,,node,tracked,
package_manifest,plugins/QA-Report-App/chroma-qa-reports/build-env/node_modules/eslint-plugin-import/node_modules/debug/package.json,plugins/QA-Report-App/chroma-qa-reports/build-env/node_modules/eslint-plugin-import/node_modules/debug/package.json,,node,tracked,
package_manifest,plugins/QA-Report-App/chroma-qa-reports/build-env/node_modules/eslint-plugin-import/node_modules/doctrine/package.json,plugins/QA-Report-App/chroma-qa-reports/build-env/node_modules/eslint-plugin-import/node_modules/doctrine/package.json,,node,tracked,
package_manifest,plugins/QA-Report-App/chroma-qa-reports/build-env/node_modules/eslint-plugin-import/node_modules/minimatch/package.json,plugins/QA-Report-App/chroma-qa-reports/build-env/node_modules/eslint-plugin-import/node_modules/minimatch/package.json,,node,tracked,
package_manifest,plugins/QA-Report-App/chroma-qa-reports/build-env/node_modules/eslint-plugin-import/package.json,plugins/QA-Report-App/chroma-qa-reports/build-env/node_modules/eslint-plugin-import/package.json,,node,tracked,
package_manifest,plugins/QA-Report-App/chroma-qa-reports/build-env/node_modules/eslint-plugin-jest/node_modules/@typescript-eslint/scope-manager/package.json,plugins/QA-Report-App/chroma-qa-reports/build-env/node_modules/eslint-plugin-jest/node_modules/@typescript-eslint/scope-manager/package.json,,node,tracked,
package_manifest,plugins/QA-Report-App/chroma-qa-reports/build-env/node_modules/eslint-plugin-jest/node_modules/@typescript-eslint/types/package.json,plugins/QA-Report-App/chroma-qa-reports/build-env/node_modules/eslint-plugin-jest/node_modules/@typescript-eslint/types/package.json,,node,tracked,
package_manifest,plugins/QA-Report-App/chroma-qa-reports/build-env/node_modules/eslint-plugin-jest/node_modules/@typescript-eslint/typescript-estree/package.json,plugins/QA-Report-App/chroma-qa-reports/build-env/node_modules/eslint-plugin-jest/node_modules/@typescript-eslint/typescript-estree/package.json,,node,tracked,
package_manifest,plugins/QA-Report-App/chroma-qa-reports/build-env/node_modules/eslint-plugin-jest/node_modules/@typescript-eslint/utils/package.json,plugins/QA-Report-App/chroma-qa-reports/build-env/node_modules/eslint-plugin-jest/node_modules/@typescript-eslint/utils/package.json,,node,tracked,
package_manifest,plugins/QA-Report-App/chroma-qa-reports/build-env/node_modules/eslint-plugin-jest/node_modules/@typescript-eslint/visitor-keys/package.json,plugins/QA-Report-App/chroma-qa-reports/build-env/node_modules/eslint-plugin-jest/node_modules/@typescript-eslint/visitor-keys/package.json,,node,tracked,
package_manifest,plugins/QA-Report-App/chroma-qa-reports/build-env/node_modules/eslint-plugin-jest/node_modules/eslint-visitor-keys/package.json,plugins/QA-Report-App/chroma-qa-reports/build-env/node_modules/eslint-plugin-jest/node_modules/eslint-visitor-keys/package.json,,node,tracked,
package_manifest,plugins/QA-Report-App/chroma-qa-reports/build-env/node_modules/eslint-plugin-jest/node_modules/semver/package.json,plugins/QA-Report-App/chroma-qa-reports/build-env/node_modules/eslint-plugin-jest/node_modules/semver/package.json,,node,tracked,
package_manifest,plugins/QA-Report-App/chroma-qa-reports/build-env/node_modules/eslint-plugin-jest/package.json,plugins/QA-Report-App/chroma-qa-reports/build-env/node_modules/eslint-plugin-jest/package.json,,node,tracked,
package_manifest,plugins/QA-Report-App/chroma-qa-reports/build-env/node_modules/eslint-plugin-jsdoc/node_modules/semver/package.json,plugins/QA-Report-App/chroma-qa-reports/build-env/node_modules/eslint-plugin-jsdoc/node_modules/semver/package.json,,node,tracked,
package_manifest,plugins/QA-Report-App/chroma-qa-reports/build-env/node_modules/eslint-plugin-jsdoc/package.json,plugins/QA-Report-App/chroma-qa-reports/build-env/node_modules/eslint-plugin-jsdoc/package.json,,node,tracked,
package_manifest,plugins/QA-Report-App/chroma-qa-reports/build-env/node_modules/eslint-plugin-jsx-a11y/node_modules/brace-expansion/package.json,plugins/QA-Report-App/chroma-qa-reports/build-env/node_modules/eslint-plugin-jsx-a11y/node_modules/brace-expansion/package.json,,node,tracked,
package_manifest,plugins/QA-Report-App/chroma-qa-reports/build-env/node_modules/eslint-plugin-jsx-a11y/node_modules/minimatch/package.json,plugins/QA-Report-App/chroma-qa-reports/build-env/node_modules/eslint-plugin-jsx-a11y/node_modules/minimatch/package.json,,node,tracked,
package_manifest,plugins/QA-Report-App/chroma-qa-reports/build-env/node_modules/eslint-plugin-jsx-a11y/package.json,plugins/QA-Report-App/chroma-qa-reports/build-env/node_modules/eslint-plugin-jsx-a11y/package.json,,node,tracked,
package_manifest,plugins/QA-Report-App/chroma-qa-reports/build-env/node_modules/eslint-plugin-playwright/package.json,plugins/QA-Report-App/chroma-qa-reports/build-env/node_modules/eslint-plugin-playwright/package.json,,node,tracked,
package_manifest,plugins/QA-Report-App/chroma-qa-reports/build-env/node_modules/eslint-plugin-prettier/package.json,plugins/QA-Report-App/chroma-qa-reports/build-env/node_modules/eslint-plugin-prettier/package.json,,node,tracked,
package_manifest,plugins/QA-Report-App/chroma-qa-reports/build-env/node_modules/eslint-plugin-react-hooks/package.json,plugins/QA-Report-App/chroma-qa-reports/build-env/node_modules/eslint-plugin-react-hooks/package.json,,node,tracked,
package_manifest,plugins/QA-Report-App/chroma-qa-reports/build-env/node_modules/eslint-plugin-react/node_modules/brace-expansion/package.json,plugins/QA-Report-App/chroma-qa-reports/build-env/node_modules/eslint-plugin-react/node_modules/brace-expansion/package.json,,node,tracked,
package_manifest,plugins/QA-Report-App/chroma-qa-reports/build-env/node_modules/eslint-plugin-react/node_modules/doctrine/package.json,plugins/QA-Report-App/chroma-qa-reports/build-env/node_modules/eslint-plugin-react/node_modules/doctrine/package.json,,node,tracked,
package_manifest,plugins/QA-Report-App/chroma-qa-reports/build-env/node_modules/eslint-plugin-react/node_modules/minimatch/package.json,plugins/QA-Report-App/chroma-qa-reports/build-env/node_modules/eslint-plugin-react/node_modules/minimatch/package.json,,node,tracked,
package_manifest,plugins/QA-Report-App/chroma-qa-reports/build-env/node_modules/eslint-plugin-react/node_modules/resolve/package.json,plugins/QA-Report-App/chroma-qa-reports/build-env/node_modules/eslint-plugin-react/node_modules/resolve/package.json,,node,tracked,
package_manifest,plugins/QA-Report-App/chroma-qa-reports/build-env/node_modules/eslint-plugin-react/node_modules/resolve/test/module_dir/zmodules/bbb/package.json,plugins/QA-Report-App/chroma-qa-reports/build-env/node_modules/eslint-plugin-react/node_modules/resolve/test/module_dir/zmodules/bbb/package.json,,node,tracked,
package_manifest,plugins/QA-Report-App/chroma-qa-reports/build-env/node_modules/eslint-plugin-react/node_modules/resolve/test/resolver/baz/package.json,plugins/QA-Report-App/chroma-qa-reports/build-env/node_modules/eslint-plugin-react/node_modules/resolve/test/resolver/baz/package.json,,node,tracked,
package_manifest,plugins/QA-Report-App/chroma-qa-reports/build-env/node_modules/eslint-plugin-react/node_modules/resolve/test/resolver/browser_field/package.json,plugins/QA-Report-App/chroma-qa-reports/build-env/node_modules/eslint-plugin-react/node_modules/resolve/test/resolver/browser_field/package.json,,node,tracked,
package_manifest,plugins/QA-Report-App/chroma-qa-reports/build-env/node_modules/eslint-plugin-react/node_modules/resolve/test/resolver/dot_main/package.json,plugins/QA-Report-App/chroma-qa-reports/build-env/node_modules/eslint-plugin-react/node_modules/resolve/test/resolver/dot_main/package.json,,node,tracked,
package_manifest,plugins/QA-Report-App/chroma-qa-reports/build-env/node_modules/eslint-plugin-react/node_modules/resolve/test/resolver/dot_slash_main/package.json,plugins/QA-Report-App/chroma-qa-reports/build-env/node_modules/eslint-plugin-react/node_modules/resolve/test/resolver/dot_slash_main/package.json,,node,tracked,
package_manifest,plugins/QA-Report-App/chroma-qa-reports/build-env/node_modules/eslint-plugin-react/node_modules/resolve/test/resolver/empty_main/package.json,plugins/QA-Report-App/chroma-qa-reports/build-env/node_modules/eslint-plugin-react/node_modules/resolve/test/resolver/empty_main/package.json,,node,tracked,
package_manifest,plugins/QA-Report-App/chroma-qa-reports/build-env/node_modules/eslint-plugin-react/node_modules/resolve/test/resolver/false_main/package.json,plugins/QA-Report-App/chroma-qa-reports/build-env/node_modules/eslint-plugin-react/node_modules/resolve/test/resolver/false_main/package.json,,node,tracked,
package_manifest,plugins/QA-Report-App/chroma-qa-reports/build-env/node_modules/eslint-plugin-react/node_modules/resolve/test/resolver/incorrect_main/package.json,plugins/QA-Report-App/chroma-qa-reports/build-env/node_modules/eslint-plugin-react/node_modules/resolve/test/resolver/incorrect_main/package.json,,node,tracked,
package_manifest,plugins/QA-Report-App/chroma-qa-reports/build-env/node_modules/eslint-plugin-react/node_modules/resolve/test/resolver/invalid_main/package.json,plugins/QA-Report-App/chroma-qa-reports/build-env/node_modules/eslint-plugin-react/node_modules/resolve/test/resolver/invalid_main/package.json,,node,tracked,
package_manifest,plugins/QA-Report-App/chroma-qa-reports/build-env/node_modules/eslint-plugin-react/node_modules/resolve/test/resolver/missing_index/package.json,plugins/QA-Report-App/chroma-qa-reports/build-env/node_modules/eslint-plugin-react/node_modules/resolve/test/resolver/missing_index/package.json,,node,tracked,
package_manifest,plugins/QA-Report-App/chroma-qa-reports/build-env/node_modules/eslint-plugin-react/node_modules/resolve/test/resolver/missing_main/package.json,plugins/QA-Report-App/chroma-qa-reports/build-env/node_modules/eslint-plugin-react/node_modules/resolve/test/resolver/missing_main/package.json,,node,tracked,
package_manifest,plugins/QA-Report-App/chroma-qa-reports/build-env/node_modules/eslint-plugin-react/node_modules/resolve/test/resolver/multirepo/package.json,plugins/QA-Report-App/chroma-qa-reports/build-env/node_modules/eslint-plugin-react/node_modules/resolve/test/resolver/multirepo/package.json,,node,tracked,
package_manifest,plugins/QA-Report-App/chroma-qa-reports/build-env/node_modules/eslint-plugin-react/node_modules/resolve/test/resolver/multirepo/packages/package-a/package.json,plugins/QA-Report-App/chroma-qa-reports/build-env/node_modules/eslint-plugin-react/node_modules/resolve/test/resolver/multirepo/packages/package-a/package.json,,node,tracked,
package_manifest,plugins/QA-Report-App/chroma-qa-reports/build-env/node_modules/eslint-plugin-react/node_modules/resolve/test/resolver/multirepo/packages/package-b/package.json,plugins/QA-Report-App/chroma-qa-reports/build-env/node_modules/eslint-plugin-react/node_modules/resolve/test/resolver/multirepo/packages/package-b/package.json,,node,tracked,
package_manifest,plugins/QA-Report-App/chroma-qa-reports/build-env/node_modules/eslint-plugin-react/node_modules/resolve/test/resolver/nested_symlinks/mylib/package.json,plugins/QA-Report-App/chroma-qa-reports/build-env/node_modules/eslint-plugin-react/node_modules/resolve/test/resolver/nested_symlinks/mylib/package.json,,node,tracked,
package_manifest,plugins/QA-Report-App/chroma-qa-reports/build-env/node_modules/eslint-plugin-react/node_modules/resolve/test/resolver/null_main/package.json,plugins/QA-Report-App/chroma-qa-reports/build-env/node_modules/eslint-plugin-react/node_modules/resolve/test/resolver/null_main/package.json,,node,tracked,
package_manifest,plugins/QA-Report-App/chroma-qa-reports/build-env/node_modules/eslint-plugin-react/node_modules/resolve/test/resolver/symlinked/package/package.json,plugins/QA-Report-App/chroma-qa-reports/build-env/node_modules/eslint-plugin-react/node_modules/resolve/test/resolver/symlinked/package/package.json,,node,tracked,
package_manifest,plugins/QA-Report-App/chroma-qa-reports/build-env/node_modules/eslint-plugin-react/package.json,plugins/QA-Report-App/chroma-qa-reports/build-env/node_modules/eslint-plugin-react/package.json,,node,tracked,
package_manifest,plugins/QA-Report-App/chroma-qa-reports/build-env/node_modules/eslint-scope/node_modules/estraverse/package.json,plugins/QA-Report-App/chroma-qa-reports/build-env/node_modules/eslint-scope/node_modules/estraverse/package.json,,node,tracked,
package_manifest,plugins/QA-Report-App/chroma-qa-reports/build-env/node_modules/eslint-scope/package.json,plugins/QA-Report-App/chroma-qa-reports/build-env/node_modules/eslint-scope/package.json,,node,tracked,
package_manifest,plugins/QA-Report-App/chroma-qa-reports/build-env/node_modules/eslint-visitor-keys/package.json,plugins/QA-Report-App/chroma-qa-reports/build-env/node_modules/eslint-visitor-keys/package.json,,node,tracked,
package_manifest,plugins/QA-Report-App/chroma-qa-reports/build-env/node_modules/eslint/node_modules/argparse/package.json,plugins/QA-Report-App/chroma-qa-reports/build-env/node_modules/eslint/node_modules/argparse/package.json,,node,tracked,
package_manifest,plugins/QA-Report-App/chroma-qa-reports/build-env/node_modules/eslint/node_modules/brace-expansion/package.json,plugins/QA-Report-App/chroma-qa-reports/build-env/node_modules/eslint/node_modules/brace-expansion/package.json,,node,tracked,
package_manifest,plugins/QA-Report-App/chroma-qa-reports/build-env/node_modules/eslint/node_modules/cross-spawn/package.json,plugins/QA-Report-App/chroma-qa-reports/build-env/node_modules/eslint/node_modules/cross-spawn/package.json,,node,tracked,
package_manifest,plugins/QA-Report-App/chroma-qa-reports/build-env/node_modules/eslint/node_modules/eslint-scope/package.json,plugins/QA-Report-App/chroma-qa-reports/build-env/node_modules/eslint/node_modules/eslint-scope/package.json,,node,tracked,
package_manifest,plugins/QA-Report-App/chroma-qa-reports/build-env/node_modules/eslint/node_modules/eslint-visitor-keys/package.json,plugins/QA-Report-App/chroma-qa-reports/build-env/node_modules/eslint/node_modules/eslint-visitor-keys/package.json,,node,tracked,
package_manifest,plugins/QA-Report-App/chroma-qa-reports/build-env/node_modules/eslint/node_modules/find-up/package.json,plugins/QA-Report-App/chroma-qa-reports/build-env/node_modules/eslint/node_modules/find-up/package.json,,node,tracked,
package_manifest,plugins/QA-Report-App/chroma-qa-reports/build-env/node_modules/eslint/node_modules/js-yaml/package.json,plugins/QA-Report-App/chroma-qa-reports/build-env/node_modules/eslint/node_modules/js-yaml/package.json,,node,tracked,
package_manifest,plugins/QA-Report-App/chroma-qa-reports/build-env/node_modules/eslint/node_modules/locate-path/package.json,plugins/QA-Report-App/chroma-qa-reports/build-env/node_modules/eslint/node_modules/locate-path/package.json,,node,tracked,
package_manifest,plugins/QA-Report-App/chroma-qa-reports/build-env/node_modules/eslint/node_modules/minimatch/package.json,plugins/QA-Report-App/chroma-qa-reports/build-env/node_modules/eslint/node_modules/minimatch/package.json,,node,tracked,
package_manifest,plugins/QA-Report-App/chroma-qa-reports/build-env/node_modules/eslint/node_modules/p-locate/package.json,plugins/QA-Report-App/chroma-qa-reports/build-env/node_modules/eslint/node_modules/p-locate/package.json,,node,tracked,
package_manifest,plugins/QA-Report-App/chroma-qa-reports/build-env/node_modules/eslint/node_modules/shebang-command/package.json,plugins/QA-Report-App/chroma-qa-reports/build-env/node_modules/eslint/node_modules/shebang-command/package.json,,node,tracked,
package_manifest,plugins/QA-Report-App/chroma-qa-reports/build-env/node_modules/eslint/node_modules/shebang-regex/package.json,plugins/QA-Report-App/chroma-qa-reports/build-env/node_modules/eslint/node_modules/shebang-regex/package.json,,node,tracked,
package_manifest,plugins/QA-Report-App/chroma-qa-reports/build-env/node_modules/eslint/node_modules/which/package.json,plugins/QA-Report-App/chroma-qa-reports/build-env/node_modules/eslint/node_modules/which/package.json,,node,tracked,
package_manifest,plugins/QA-Report-App/chroma-qa-reports/build-env/node_modules/eslint/package.json,plugins/QA-Report-App/chroma-qa-reports/build-env/node_modules/eslint/package.json,,node,tracked,
package_manifest,plugins/QA-Report-App/chroma-qa-reports/build-env/node_modules/espree/node_modules/eslint-visitor-keys/package.json,plugins/QA-Report-App/chroma-qa-reports/build-env/node_modules/espree/node_modules/eslint-visitor-keys/package.json,,node,tracked,
package_manifest,plugins/QA-Report-App/chroma-qa-reports/build-env/node_modules/espree/package.json,plugins/QA-Report-App/chroma-qa-reports/build-env/node_modules/espree/package.json,,node,tracked,
package_manifest,plugins/QA-Report-App/chroma-qa-reports/build-env/node_modules/esprima/package.json,plugins/QA-Report-App/chroma-qa-reports/build-env/node_modules/esprima/package.json,,node,tracked,
package_manifest,plugins/QA-Report-App/chroma-qa-reports/build-env/node_modules/esquery/package.json,plugins/QA-Report-App/chroma-qa-reports/build-env/node_modules/esquery/package.json,,node,tracked,
package_manifest,plugins/QA-Report-App/chroma-qa-reports/build-env/node_modules/esrecurse/package.json,plugins/QA-Report-App/chroma-qa-reports/build-env/node_modules/esrecurse/package.json,,node,tracked,
package_manifest,plugins/QA-Report-App/chroma-qa-reports/build-env/node_modules/estraverse/package.json,plugins/QA-Report-App/chroma-qa-reports/build-env/node_modules/estraverse/package.json,,node,tracked,
package_manifest,plugins/QA-Report-App/chroma-qa-reports/build-env/node_modules/esutils/package.json,plugins/QA-Report-App/chroma-qa-reports/build-env/node_modules/esutils/package.json,,node,tracked,
package_manifest,plugins/QA-Report-App/chroma-qa-reports/build-env/node_modules/etag/package.json,plugins/QA-Report-App/chroma-qa-reports/build-env/node_modules/etag/package.json,,node,tracked,
package_manifest,plugins/QA-Report-App/chroma-qa-reports/build-env/node_modules/eventemitter3/package.json,plugins/QA-Report-App/chroma-qa-reports/build-env/node_modules/eventemitter3/package.json,,node,tracked,
package_manifest,plugins/QA-Report-App/chroma-qa-reports/build-env/node_modules/events-universal/package.json,plugins/QA-Report-App/chroma-qa-reports/build-env/node_modules/events-universal/package.json,,node,tracked,
package_manifest,plugins/QA-Report-App/chroma-qa-reports/build-env/node_modules/events/package.json,plugins/QA-Report-App/chroma-qa-reports/build-env/node_modules/events/package.json,,node,tracked,
package_manifest,plugins/QA-Report-App/chroma-qa-reports/build-env/node_modules/execa/node_modules/cross-spawn/package.json,plugins/QA-Report-App/chroma-qa-reports/build-env/node_modules/execa/node_modules/cross-spawn/package.json,,node,tracked,
package_manifest,plugins/QA-Report-App/chroma-qa-reports/build-env/node_modules/execa/node_modules/shebang-command/package.json,plugins/QA-Report-App/chroma-qa-reports/build-env/node_modules/execa/node_modules/shebang-command/package.json,,node,tracked,
package_manifest,plugins/QA-Report-App/chroma-qa-reports/build-env/node_modules/execa/node_modules/shebang-regex/package.json,plugins/QA-Report-App/chroma-qa-reports/build-env/node_modules/execa/node_modules/shebang-regex/package.json,,node,tracked,
package_manifest,plugins/QA-Report-App/chroma-qa-reports/build-env/node_modules/execa/node_modules/which/package.json,plugins/QA-Report-App/chroma-qa-reports/build-env/node_modules/execa/node_modules/which/package.json,,node,tracked,
package_manifest,plugins/QA-Report-App/chroma-qa-reports/build-env/node_modules/execa/package.json,plugins/QA-Report-App/chroma-qa-reports/build-env/node_modules/execa/package.json,,node,tracked,
package_manifest,plugins/QA-Report-App/chroma-qa-reports/build-env/node_modules/exit/package.json,plugins/QA-Report-App/chroma-qa-reports/build-env/node_modules/exit/package.json,,node,tracked,
package_manifest,plugins/QA-Report-App/chroma-qa-reports/build-env/node_modules/expand-tilde/package.json,plugins/QA-Report-App/chroma-qa-reports/build-env/node_modules/expand-tilde/package.json,,node,tracked,
package_manifest,plugins/QA-Report-App/chroma-qa-reports/build-env/node_modules/expect-puppeteer/package.json,plugins/QA-Report-App/chroma-qa-reports/build-env/node_modules/expect-puppeteer/package.json,,node,tracked,
package_manifest,plugins/QA-Report-App/chroma-qa-reports/build-env/node_modules/expect/package.json,plugins/QA-Report-App/chroma-qa-reports/build-env/node_modules/expect/package.json,,node,tracked,
package_manifest,plugins/QA-Report-App/chroma-qa-reports/build-env/node_modules/express/node_modules/cookie/package.json,plugins/QA-Report-App/chroma-qa-reports/build-env/node_modules/express/node_modules/cookie/package.json,,node,tracked,
package_manifest,plugins/QA-Report-App/chroma-qa-reports/build-env/node_modules/express/node_modules/debug/package.json,plugins/QA-Report-App/chroma-qa-reports/build-env/node_modules/express/node_modules/debug/package.json,,node,tracked,
package_manifest,plugins/QA-Report-App/chroma-qa-reports/build-env/node_modules/express/node_modules/ms/package.json,plugins/QA-Report-App/chroma-qa-reports/build-env/node_modules/express/node_modules/ms/package.json,,node,tracked,
package_manifest,plugins/QA-Report-App/chroma-qa-reports/build-env/node_modules/express/package.json,plugins/QA-Report-App/chroma-qa-reports/build-env/node_modules/express/package.json,,node,tracked,
package_manifest,plugins/QA-Report-App/chroma-qa-reports/build-env/node_modules/extract-zip/node_modules/get-stream/package.json,plugins/QA-Report-App/chroma-qa-reports/build-env/node_modules/extract-zip/node_modules/get-stream/package.json,,node,tracked,
package_manifest,plugins/QA-Report-App/chroma-qa-reports/build-env/node_modules/extract-zip/package.json,plugins/QA-Report-App/chroma-qa-reports/build-env/node_modules/extract-zip/package.json,,node,tracked,
package_manifest,plugins/QA-Report-App/chroma-qa-reports/build-env/node_modules/fast-deep-equal/package.json,plugins/QA-Report-App/chroma-qa-reports/build-env/node_modules/fast-deep-equal/package.json,,node,tracked,
package_manifest,plugins/QA-Report-App/chroma-qa-reports/build-env/node_modules/fast-diff/package.json,plugins/QA-Report-App/chroma-qa-reports/build-env/node_modules/fast-diff/package.json,,node,tracked,
package_manifest,plugins/QA-Report-App/chroma-qa-reports/build-env/node_modules/fast-fifo/package.json,plugins/QA-Report-App/chroma-qa-reports/build-env/node_modules/fast-fifo/package.json,,node,tracked,
package_manifest,plugins/QA-Report-App/chroma-qa-reports/build-env/node_modules/fast-glob/node_modules/glob-parent/package.json,plugins/QA-Report-App/chroma-qa-reports/build-env/node_modules/fast-glob/node_modules/glob-parent/package.json,,node,tracked,
package_manifest,plugins/QA-Report-App/chroma-qa-reports/build-env/node_modules/fast-glob/package.json,plugins/QA-Report-App/chroma-qa-reports/build-env/node_modules/fast-glob/package.json,,node,tracked,
package_manifest,plugins/QA-Report-App/chroma-qa-reports/build-env/node_modules/fast-json-stable-stringify/package.json,plugins/QA-Report-App/chroma-qa-reports/build-env/node_modules/fast-json-stable-stringify/package.json,,node,tracked,
package_manifest,plugins/QA-Report-App/chroma-qa-reports/build-env/node_modules/fast-levenshtein/package.json,plugins/QA-Report-App/chroma-qa-reports/build-env/node_modules/fast-levenshtein/package.json,,node,tracked,
package_manifest,plugins/QA-Report-App/chroma-qa-reports/build-env/node_modules/fast-uri/benchmark/package.json,plugins/QA-Report-App/chroma-qa-reports/build-env/node_modules/fast-uri/benchmark/package.json,,node,tracked,
package_manifest,plugins/QA-Report-App/chroma-qa-reports/build-env/node_modules/fast-uri/package.json,plugins/QA-Report-App/chroma-qa-reports/build-env/node_modules/fast-uri/package.json,,node,tracked,
package_manifest,plugins/QA-Report-App/chroma-qa-reports/build-env/node_modules/fastest-levenshtein/package.json,plugins/QA-Report-App/chroma-qa-reports/build-env/node_modules/fastest-levenshtein/package.json,,node,tracked,
package_manifest,plugins/QA-Report-App/chroma-qa-reports/build-env/node_modules/fastq/package.json,plugins/QA-Report-App/chroma-qa-reports/build-env/node_modules/fastq/package.json,,node,tracked,
package_manifest,plugins/QA-Report-App/chroma-qa-reports/build-env/node_modules/faye-websocket/package.json,plugins/QA-Report-App/chroma-qa-reports/build-env/node_modules/faye-websocket/package.json,,node,tracked,
package_manifest,plugins/QA-Report-App/chroma-qa-reports/build-env/node_modules/fb-watchman/package.json,plugins/QA-Report-App/chroma-qa-reports/build-env/node_modules/fb-watchman/package.json,,node,tracked,
package_manifest,plugins/QA-Report-App/chroma-qa-reports/build-env/node_modules/fd-slicer/package.json,plugins/QA-Report-App/chroma-qa-reports/build-env/node_modules/fd-slicer/package.json,,node,tracked,
package_manifest,plugins/QA-Report-App/chroma-qa-reports/build-env/node_modules/file-entry-cache/package.json,plugins/QA-Report-App/chroma-qa-reports/build-env/node_modules/file-entry-cache/package.json,,node,tracked,
package_manifest,plugins/QA-Report-App/chroma-qa-reports/build-env/node_modules/file-selector/package.json,plugins/QA-Report-App/chroma-qa-reports/build-env/node_modules/file-selector/package.json,,node,tracked,
package_manifest,plugins/QA-Report-App/chroma-qa-reports/build-env/node_modules/filename-reserved-regex/package.json,plugins/QA-Report-App/chroma-qa-reports/build-env/node_modules/filename-reserved-regex/package.json,,node,tracked,
package_manifest,plugins/QA-Report-App/chroma-qa-reports/build-env/node_modules/filenamify/package.json,plugins/QA-Report-App/chroma-qa-reports/build-env/node_modules/filenamify/package.json,,node,tracked,
package_manifest,plugins/QA-Report-App/chroma-qa-reports/build-env/node_modules/fill-range/package.json,plugins/QA-Report-App/chroma-qa-reports/build-env/node_modules/fill-range/package.json,,node,tracked,
package_manifest,plugins/QA-Report-App/chroma-qa-reports/build-env/node_modules/finalhandler/node_modules/debug/package.json,plugins/QA-Report-App/chroma-qa-reports/build-env/node_modules/finalhandler/node_modules/debug/package.json,,node,tracked,
package_manifest,plugins/QA-Report-App/chroma-qa-reports/build-env/node_modules/finalhandler/node_modules/ms/package.json,plugins/QA-Report-App/chroma-qa-reports/build-env/node_modules/finalhandler/node_modules/ms/package.json,,node,tracked,
package_manifest,plugins/QA-Report-App/chroma-qa-reports/build-env/node_modules/finalhandler/package.json,plugins/QA-Report-App/chroma-qa-reports/build-env/node_modules/finalhandler/package.json,,node,tracked,
package_manifest,plugins/QA-Report-App/chroma-qa-reports/build-env/node_modules/find-cache-dir/package.json,plugins/QA-Report-App/chroma-qa-reports/build-env/node_modules/find-cache-dir/package.json,,node,tracked,
package_manifest,plugins/QA-Report-App/chroma-qa-reports/build-env/node_modules/find-file-up/package.json,plugins/QA-Report-App/chroma-qa-reports/build-env/node_modules/find-file-up/package.json,,node,tracked,
package_manifest,plugins/QA-Report-App/chroma-qa-reports/build-env/node_modules/find-parent-dir/package.json,plugins/QA-Report-App/chroma-qa-reports/build-env/node_modules/find-parent-dir/package.json,,node,tracked,
package_manifest,plugins/QA-Report-App/chroma-qa-reports/build-env/node_modules/find-pkg/package.json,plugins/QA-Report-App/chroma-qa-reports/build-env/node_modules/find-pkg/package.json,,node,tracked,
package_manifest,plugins/QA-Report-App/chroma-qa-reports/build-env/node_modules/find-process/package.json,plugins/QA-Report-App/chroma-qa-reports/build-env/node_modules/find-process/package.json,,node,tracked,
package_manifest,plugins/QA-Report-App/chroma-qa-reports/build-env/node_modules/find-up/package.json,plugins/QA-Report-App/chroma-qa-reports/build-env/node_modules/find-up/package.json,,node,tracked,
package_manifest,plugins/QA-Report-App/chroma-qa-reports/build-env/node_modules/flat-cache/node_modules/rimraf/package.json,plugins/QA-Report-App/chroma-qa-reports/build-env/node_modules/flat-cache/node_modules/rimraf/package.json,,node,tracked,
package_manifest,plugins/QA-Report-App/chroma-qa-reports/build-env/node_modules/flat-cache/package.json,plugins/QA-Report-App/chroma-qa-reports/build-env/node_modules/flat-cache/package.json,,node,tracked,
package_manifest,plugins/QA-Report-App/chroma-qa-reports/build-env/node_modules/flat/package.json,plugins/QA-Report-App/chroma-qa-reports/build-env/node_modules/flat/package.json,,node,tracked,
package_manifest,plugins/QA-Report-App/chroma-qa-reports/build-env/node_modules/flatted/cjs/package.json,plugins/QA-Report-App/chroma-qa-reports/build-env/node_modules/flatted/cjs/package.json,,node,tracked,
package_manifest,plugins/QA-Report-App/chroma-qa-reports/build-env/node_modules/flatted/package.json,plugins/QA-Report-App/chroma-qa-reports/build-env/node_modules/flatted/package.json,,node,tracked,
package_manifest,plugins/QA-Report-App/chroma-qa-reports/build-env/node_modules/follow-redirects/package.json,plugins/QA-Report-App/chroma-qa-reports/build-env/node_modules/follow-redirects/package.json,,node,tracked,
package_manifest,plugins/QA-Report-App/chroma-qa-reports/build-env/node_modules/for-each/package.json,plugins/QA-Report-App/chroma-qa-reports/build-env/node_modules/for-each/package.json,,node,tracked,
package_manifest,plugins/QA-Report-App/chroma-qa-reports/build-env/node_modules/for-in/package.json,plugins/QA-Report-App/chroma-qa-reports/build-env/node_modules/for-in/package.json,,node,tracked,
package_manifest,plugins/QA-Report-App/chroma-qa-reports/build-env/node_modules/for-own/package.json,plugins/QA-Report-App/chroma-qa-reports/build-env/node_modules/for-own/package.json,,node,tracked,
package_manifest,plugins/QA-Report-App/chroma-qa-reports/build-env/node_modules/form-data/package.json,plugins/QA-Report-App/chroma-qa-reports/build-env/node_modules/form-data/package.json,,node,tracked,
package_manifest,plugins/QA-Report-App/chroma-qa-reports/build-env/node_modules/forwarded/package.json,plugins/QA-Report-App/chroma-qa-reports/build-env/node_modules/forwarded/package.json,,node,tracked,
package_manifest,plugins/QA-Report-App/chroma-qa-reports/build-env/node_modules/fraction.js/package.json,plugins/QA-Report-App/chroma-qa-reports/build-env/node_modules/fraction.js/package.json,,node,tracked,
package_manifest,plugins/QA-Report-App/chroma-qa-reports/build-env/node_modules/fresh/package.json,plugins/QA-Report-App/chroma-qa-reports/build-env/node_modules/fresh/package.json,,node,tracked,
package_manifest,plugins/QA-Report-App/chroma-qa-reports/build-env/node_modules/fs-constants/package.json,plugins/QA-Report-App/chroma-qa-reports/build-env/node_modules/fs-constants/package.json,,node,tracked,
package_manifest,plugins/QA-Report-App/chroma-qa-reports/build-env/node_modules/fs-exists-sync/package.json,plugins/QA-Report-App/chroma-qa-reports/build-env/node_modules/fs-exists-sync/package.json,,node,tracked,
package_manifest,plugins/QA-Report-App/chroma-qa-reports/build-env/node_modules/fs-monkey/package.json,plugins/QA-Report-App/chroma-qa-reports/build-env/node_modules/fs-monkey/package.json,,node,tracked,
package_manifest,plugins/QA-Report-App/chroma-qa-reports/build-env/node_modules/fs.realpath/package.json,plugins/QA-Report-App/chroma-qa-reports/build-env/node_modules/fs.realpath/package.json,,node,tracked,
package_manifest,plugins/QA-Report-App/chroma-qa-reports/build-env/node_modules/function-bind/package.json,plugins/QA-Report-App/chroma-qa-reports/build-env/node_modules/function-bind/package.json,,node,tracked,
package_manifest,plugins/QA-Report-App/chroma-qa-reports/build-env/node_modules/function.prototype.name/package.json,plugins/QA-Report-App/chroma-qa-reports/build-env/node_modules/function.prototype.name/package.json,,node,tracked,
package_manifest,plugins/QA-Report-App/chroma-qa-reports/build-env/node_modules/functions-have-names/package.json,plugins/QA-Report-App/chroma-qa-reports/build-env/node_modules/functions-have-names/package.json,,node,tracked,
package_manifest,plugins/QA-Report-App/chroma-qa-reports/build-env/node_modules/generator-function/package.json,plugins/QA-Report-App/chroma-qa-reports/build-env/node_modules/generator-function/package.json,,node,tracked,
package_manifest,plugins/QA-Report-App/chroma-qa-reports/build-env/node_modules/gensync/package.json,plugins/QA-Report-App/chroma-qa-reports/build-env/node_modules/gensync/package.json,,node,tracked,
package_manifest,plugins/QA-Report-App/chroma-qa-reports/build-env/node_modules/get-caller-file/package.json,plugins/QA-Report-App/chroma-qa-reports/build-env/node_modules/get-caller-file/package.json,,node,tracked,
package_manifest,plugins/QA-Report-App/chroma-qa-reports/build-env/node_modules/get-intrinsic/package.json,plugins/QA-Report-App/chroma-qa-reports/build-env/node_modules/get-intrinsic/package.json,,node,tracked,
package_manifest,plugins/QA-Report-App/chroma-qa-reports/build-env/node_modules/get-nonce/package.json,plugins/QA-Report-App/chroma-qa-reports/build-env/node_modules/get-nonce/package.json,,node,tracked,
package_manifest,plugins/QA-Report-App/chroma-qa-reports/build-env/node_modules/get-package-type/package.json,plugins/QA-Report-App/chroma-qa-reports/build-env/node_modules/get-package-type/package.json,,node,tracked,
package_manifest,plugins/QA-Report-App/chroma-qa-reports/build-env/node_modules/get-port/package.json,plugins/QA-Report-App/chroma-qa-reports/build-env/node_modules/get-port/package.json,,node,tracked,
package_manifest,plugins/QA-Report-App/chroma-qa-reports/build-env/node_modules/get-proto/package.json,plugins/QA-Report-App/chroma-qa-reports/build-env/node_modules/get-proto/package.json,,node,tracked,
package_manifest,plugins/QA-Report-App/chroma-qa-reports/build-env/node_modules/get-stdin/package.json,plugins/QA-Report-App/chroma-qa-reports/build-env/node_modules/get-stdin/package.json,,node,tracked,
package_manifest,plugins/QA-Report-App/chroma-qa-reports/build-env/node_modules/get-stream/package.json,plugins/QA-Report-App/chroma-qa-reports/build-env/node_modules/get-stream/package.json,,node,tracked,
package_manifest,plugins/QA-Report-App/chroma-qa-reports/build-env/node_modules/get-symbol-description/package.json,plugins/QA-Report-App/chroma-qa-reports/build-env/node_modules/get-symbol-description/package.json,,node,tracked,
package_manifest,plugins/QA-Report-App/chroma-qa-reports/build-env/node_modules/get-uri/package.json,plugins/QA-Report-App/chroma-qa-reports/build-env/node_modules/get-uri/package.json,,node,tracked,
package_manifest,plugins/QA-Report-App/chroma-qa-reports/build-env/node_modules/gettext-parser/package.json,plugins/QA-Report-App/chroma-qa-reports/build-env/node_modules/gettext-parser/package.json,,node,tracked,
package_manifest,plugins/QA-Report-App/chroma-qa-reports/build-env/node_modules/glob-parent/package.json,plugins/QA-Report-App/chroma-qa-reports/build-env/node_modules/glob-parent/package.json,,node,tracked,
package_manifest,plugins/QA-Report-App/chroma-qa-reports/build-env/node_modules/glob-to-regexp/package.json,plugins/QA-Report-App/chroma-qa-reports/build-env/node_modules/glob-to-regexp/package.json,,node,tracked,
package_manifest,plugins/QA-Report-App/chroma-qa-reports/build-env/node_modules/glob/node_modules/brace-expansion/package.json,plugins/QA-Report-App/chroma-qa-reports/build-env/node_modules/glob/node_modules/brace-expansion/package.json,,node,tracked,
package_manifest,plugins/QA-Report-App/chroma-qa-reports/build-env/node_modules/glob/node_modules/minimatch/package.json,plugins/QA-Report-App/chroma-qa-reports/build-env/node_modules/glob/node_modules/minimatch/package.json,,node,tracked,
package_manifest,plugins/QA-Report-App/chroma-qa-reports/build-env/node_modules/glob/package.json,plugins/QA-Report-App/chroma-qa-reports/build-env/node_modules/glob/package.json,,node,tracked,
package_manifest,plugins/QA-Report-App/chroma-qa-reports/build-env/node_modules/global-modules/package.json,plugins/QA-Report-App/chroma-qa-reports/build-env/node_modules/global-modules/package.json,,node,tracked,
package_manifest,plugins/QA-Report-App/chroma-qa-reports/build-env/node_modules/global-prefix/package.json,plugins/QA-Report-App/chroma-qa-reports/build-env/node_modules/global-prefix/package.json,,node,tracked,
package_manifest,plugins/QA-Report-App/chroma-qa-reports/build-env/node_modules/globals/package.json,plugins/QA-Report-App/chroma-qa-reports/build-env/node_modules/globals/package.json,,node,tracked,
package_manifest,plugins/QA-Report-App/chroma-qa-reports/build-env/node_modules/globalthis/package.json,plugins/QA-Report-App/chroma-qa-reports/build-env/node_modules/globalthis/package.json,,node,tracked,
package_manifest,plugins/QA-Report-App/chroma-qa-reports/build-env/node_modules/globby/package.json,plugins/QA-Report-App/chroma-qa-reports/build-env/node_modules/globby/package.json,,node,tracked,
package_manifest,plugins/QA-Report-App/chroma-qa-reports/build-env/node_modules/globjoin/package.json,plugins/QA-Report-App/chroma-qa-reports/build-env/node_modules/globjoin/package.json,,node,tracked,
package_manifest,plugins/QA-Report-App/chroma-qa-reports/build-env/node_modules/gopd/package.json,plugins/QA-Report-App/chroma-qa-reports/build-env/node_modules/gopd/package.json,,node,tracked,
package_manifest,plugins/QA-Report-App/chroma-qa-reports/build-env/node_modules/graceful-fs/package.json,plugins/QA-Report-App/chroma-qa-reports/build-env/node_modules/graceful-fs/package.json,,node,tracked,
package_manifest,plugins/QA-Report-App/chroma-qa-reports/build-env/node_modules/graphemer/package.json,plugins/QA-Report-App/chroma-qa-reports/build-env/node_modules/graphemer/package.json,,node,tracked,
package_manifest,plugins/QA-Report-App/chroma-qa-reports/build-env/node_modules/gzip-size/package.json,plugins/QA-Report-App/chroma-qa-reports/build-env/node_modules/gzip-size/package.json,,node,tracked,
package_manifest,plugins/QA-Report-App/chroma-qa-reports/build-env/node_modules/handle-thing/package.json,plugins/QA-Report-App/chroma-qa-reports/build-env/node_modules/handle-thing/package.json,,node,tracked,
package_manifest,plugins/QA-Report-App/chroma-qa-reports/build-env/node_modules/hard-rejection/package.json,plugins/QA-Report-App/chroma-qa-reports/build-env/node_modules/hard-rejection/package.json,,node,tracked,
package_manifest,plugins/QA-Report-App/chroma-qa-reports/build-env/node_modules/has-bigints/package.json,plugins/QA-Report-App/chroma-qa-reports/build-env/node_modules/has-bigints/package.json,,node,tracked,
package_manifest,plugins/QA-Report-App/chroma-qa-reports/build-env/node_modules/has-flag/package.json,plugins/QA-Report-App/chroma-qa-reports/build-env/node_modules/has-flag/package.json,,node,tracked,
package_manifest,plugins/QA-Report-App/chroma-qa-reports/build-env/node_modules/has-property-descriptors/package.json,plugins/QA-Report-App/chroma-qa-reports/build-env/node_modules/has-property-descriptors/package.json,,node,tracked,
package_manifest,plugins/QA-Report-App/chroma-qa-reports/build-env/node_modules/has-proto/package.json,plugins/QA-Report-App/chroma-qa-reports/build-env/node_modules/has-proto/package.json,,node,tracked,
package_manifest,plugins/QA-Report-App/chroma-qa-reports/build-env/node_modules/has-symbols/package.json,plugins/QA-Report-App/chroma-qa-reports/build-env/node_modules/has-symbols/package.json,,node,tracked,
package_manifest,plugins/QA-Report-App/chroma-qa-reports/build-env/node_modules/has-tostringtag/package.json,plugins/QA-Report-App/chroma-qa-reports/build-env/node_modules/has-tostringtag/package.json,,node,tracked,
package_manifest,plugins/QA-Report-App/chroma-qa-reports/build-env/node_modules/hasown/package.json,plugins/QA-Report-App/chroma-qa-reports/build-env/node_modules/hasown/package.json,,node,tracked,
package_manifest,plugins/QA-Report-App/chroma-qa-reports/build-env/node_modules/header-case/package.json,plugins/QA-Report-App/chroma-qa-reports/build-env/node_modules/header-case/package.json,,node,tracked,
package_manifest,plugins/QA-Report-App/chroma-qa-reports/build-env/node_modules/homedir-polyfill/package.json,plugins/QA-Report-App/chroma-qa-reports/build-env/node_modules/homedir-polyfill/package.json,,node,tracked,
package_manifest,plugins/QA-Report-App/chroma-qa-reports/build-env/node_modules/hosted-git-info/node_modules/lru-cache/package.json,plugins/QA-Report-App/chroma-qa-reports/build-env/node_modules/hosted-git-info/node_modules/lru-cache/package.json,,node,tracked,
package_manifest,plugins/QA-Report-App/chroma-qa-reports/build-env/node_modules/hosted-git-info/node_modules/yallist/package.json,plugins/QA-Report-App/chroma-qa-reports/build-env/node_modules/hosted-git-info/node_modules/yallist/package.json,,node,tracked,
package_manifest,plugins/QA-Report-App/chroma-qa-reports/build-env/node_modules/hosted-git-info/package.json,plugins/QA-Report-App/chroma-qa-reports/build-env/node_modules/hosted-git-info/package.json,,node,tracked,
package_manifest,plugins/QA-Report-App/chroma-qa-reports/build-env/node_modules/hpack.js/node_modules/isarray/package.json,plugins/QA-Report-App/chroma-qa-reports/build-env/node_modules/hpack.js/node_modules/isarray/package.json,,node,tracked,
package_manifest,plugins/QA-Report-App/chroma-qa-reports/build-env/node_modules/hpack.js/node_modules/readable-stream/package.json,plugins/QA-Report-App/chroma-qa-reports/build-env/node_modules/hpack.js/node_modules/readable-stream/package.json,,node,tracked,
package_manifest,plugins/QA-Report-App/chroma-qa-reports/build-env/node_modules/hpack.js/node_modules/safe-buffer/package.json,plugins/QA-Report-App/chroma-qa-reports/build-env/node_modules/hpack.js/node_modules/safe-buffer/package.json,,node,tracked,
package_manifest,plugins/QA-Report-App/chroma-qa-reports/build-env/node_modules/hpack.js/node_modules/string_decoder/package.json,plugins/QA-Report-App/chroma-qa-reports/build-env/node_modules/hpack.js/node_modules/string_decoder/package.json,,node,tracked,
package_manifest,plugins/QA-Report-App/chroma-qa-reports/build-env/node_modules/hpack.js/package.json,plugins/QA-Report-App/chroma-qa-reports/build-env/node_modules/hpack.js/package.json,,node,tracked,
package_manifest,plugins/QA-Report-App/chroma-qa-reports/build-env/node_modules/html-encoding-sniffer/package.json,plugins/QA-Report-App/chroma-qa-reports/build-env/node_modules/html-encoding-sniffer/package.json,,node,tracked,
package_manifest,plugins/QA-Report-App/chroma-qa-reports/build-env/node_modules/html-entities/dist/commonjs/package.json,plugins/QA-Report-App/chroma-qa-reports/build-env/node_modules/html-entities/dist/commonjs/package.json,,node,tracked,
package_manifest,plugins/QA-Report-App/chroma-qa-reports/build-env/node_modules/html-entities/dist/esm/package.json,plugins/QA-Report-App/chroma-qa-reports/build-env/node_modules/html-entities/dist/esm/package.json,,node,tracked,
package_manifest,plugins/QA-Report-App/chroma-qa-reports/build-env/node_modules/html-entities/package.json,plugins/QA-Report-App/chroma-qa-reports/build-env/node_modules/html-entities/package.json,,node,tracked,
package_manifest,plugins/QA-Report-App/chroma-qa-reports/build-env/node_modules/html-escaper/cjs/package.json,plugins/QA-Report-App/chroma-qa-reports/build-env/node_modules/html-escaper/cjs/package.json,,node,tracked,
package_manifest,plugins/QA-Report-App/chroma-qa-reports/build-env/node_modules/html-escaper/package.json,plugins/QA-Report-App/chroma-qa-reports/build-env/node_modules/html-escaper/package.json,,node,tracked,
package_manifest,plugins/QA-Report-App/chroma-qa-reports/build-env/node_modules/html-escaper/test/package.json,plugins/QA-Report-App/chroma-qa-reports/build-env/node_modules/html-escaper/test/package.json,,node,tracked,
package_manifest,plugins/QA-Report-App/chroma-qa-reports/build-env/node_modules/html-tags/package.json,plugins/QA-Report-App/chroma-qa-reports/build-env/node_modules/html-tags/package.json,,node,tracked,
package_manifest,plugins/QA-Report-App/chroma-qa-reports/build-env/node_modules/http-deceiver/package.json,plugins/QA-Report-App/chroma-qa-reports/build-env/node_modules/http-deceiver/package.json,,node,tracked,
package_manifest,plugins/QA-Report-App/chroma-qa-reports/build-env/node_modules/http-errors/package.json,plugins/QA-Report-App/chroma-qa-reports/build-env/node_modules/http-errors/package.json,,node,tracked,
package_manifest,plugins/QA-Report-App/chroma-qa-reports/build-env/node_modules/http-link-header/package.json,plugins/QA-Report-App/chroma-qa-reports/build-env/node_modules/http-link-header/package.json,,node,tracked,
package_manifest,plugins/QA-Report-App/chroma-qa-reports/build-env/node_modules/http-parser-js/package.json,plugins/QA-Report-App/chroma-qa-reports/build-env/node_modules/http-parser-js/package.json,,node,tracked,
package_manifest,plugins/QA-Report-App/chroma-qa-reports/build-env/node_modules/http-proxy-agent/package.json,plugins/QA-Report-App/chroma-qa-reports/build-env/node_modules/http-proxy-agent/package.json,,node,tracked,
package_manifest,plugins/QA-Report-App/chroma-qa-reports/build-env/node_modules/http-proxy-middleware/package.json,plugins/QA-Report-App/chroma-qa-reports/build-env/node_modules/http-proxy-middleware/package.json,,node,tracked,
package_manifest,plugins/QA-Report-App/chroma-qa-reports/build-env/node_modules/http-proxy/package.json,plugins/QA-Report-App/chroma-qa-reports/build-env/node_modules/http-proxy/package.json,,node,tracked,
package_manifest,plugins/QA-Report-App/chroma-qa-reports/build-env/node_modules/https-proxy-agent/package.json,plugins/QA-Report-App/chroma-qa-reports/build-env/node_modules/https-proxy-agent/package.json,,node,tracked,
package_manifest,plugins/QA-Report-App/chroma-qa-reports/build-env/node_modules/human-signals/package.json,plugins/QA-Report-App/chroma-qa-reports/build-env/node_modules/human-signals/package.json,,node,tracked,
package_manifest,plugins/QA-Report-App/chroma-qa-reports/build-env/node_modules/iconv-lite/package.json,plugins/QA-Report-App/chroma-qa-reports/build-env/node_modules/iconv-lite/package.json,,node,tracked,
package_manifest,plugins/QA-Report-App/chroma-qa-reports/build-env/node_modules/icss-utils/package.json,plugins/QA-Report-App/chroma-qa-reports/build-env/node_modules/icss-utils/package.json,,node,tracked,
package_manifest,plugins/QA-Report-App/chroma-qa-reports/build-env/node_modules/idb/package.json,plugins/QA-Report-App/chroma-qa-reports/build-env/node_modules/idb/package.json,,node,tracked,
package_manifest,plugins/QA-Report-App/chroma-qa-reports/build-env/node_modules/ieee754/package.json,plugins/QA-Report-App/chroma-qa-reports/build-env/node_modules/ieee754/package.json,,node,tracked,
package_manifest,plugins/QA-Report-App/chroma-qa-reports/build-env/node_modules/ignore-walk/node_modules/brace-expansion/package.json,plugins/QA-Report-App/chroma-qa-reports/build-env/node_modules/ignore-walk/node_modules/brace-expansion/package.json,,node,tracked,
package_manifest,plugins/QA-Report-App/chroma-qa-reports/build-env/node_modules/ignore-walk/node_modules/minimatch/package.json,plugins/QA-Report-App/chroma-qa-reports/build-env/node_modules/ignore-walk/node_modules/minimatch/package.json,,node,tracked,
package_manifest,plugins/QA-Report-App/chroma-qa-reports/build-env/node_modules/ignore-walk/package.json,plugins/QA-Report-App/chroma-qa-reports/build-env/node_modules/ignore-walk/package.json,,node,tracked,
package_manifest,plugins/QA-Report-App/chroma-qa-reports/build-env/node_modules/ignore/package.json,plugins/QA-Report-App/chroma-qa-reports/build-env/node_modules/ignore/package.json,,node,tracked,
package_manifest,plugins/QA-Report-App/chroma-qa-reports/build-env/node_modules/image-ssim/package.json,plugins/QA-Report-App/chroma-qa-reports/build-env/node_modules/image-ssim/package.json,,node,tracked,
package_manifest,plugins/QA-Report-App/chroma-qa-reports/build-env/node_modules/immer/package.json,plugins/QA-Report-App/chroma-qa-reports/build-env/node_modules/immer/package.json,,node,tracked,
package_manifest,plugins/QA-Report-App/chroma-qa-reports/build-env/node_modules/immutable/package.json,plugins/QA-Report-App/chroma-qa-reports/build-env/node_modules/immutable/package.json,,node,tracked,
package_manifest,plugins/QA-Report-App/chroma-qa-reports/build-env/node_modules/import-fresh/node_modules/resolve-from/package.json,plugins/QA-Report-App/chroma-qa-reports/build-env/node_modules/import-fresh/node_modules/resolve-from/package.json,,node,tracked,
package_manifest,plugins/QA-Report-App/chroma-qa-reports/build-env/node_modules/import-fresh/package.json,plugins/QA-Report-App/chroma-qa-reports/build-env/node_modules/import-fresh/package.json,,node,tracked,
package_manifest,plugins/QA-Report-App/chroma-qa-reports/build-env/node_modules/import-lazy/package.json,plugins/QA-Report-App/chroma-qa-reports/build-env/node_modules/import-lazy/package.json,,node,tracked,
package_manifest,plugins/QA-Report-App/chroma-qa-reports/build-env/node_modules/import-local/package.json,plugins/QA-Report-App/chroma-qa-reports/build-env/node_modules/import-local/package.json,,node,tracked,
package_manifest,plugins/QA-Report-App/chroma-qa-reports/build-env/node_modules/imurmurhash/package.json,plugins/QA-Report-App/chroma-qa-reports/build-env/node_modules/imurmurhash/package.json,,node,tracked,
package_manifest,plugins/QA-Report-App/chroma-qa-reports/build-env/node_modules/indent-string/package.json,plugins/QA-Report-App/chroma-qa-reports/build-env/node_modules/indent-string/package.json,,node,tracked,
package_manifest,plugins/QA-Report-App/chroma-qa-reports/build-env/node_modules/inflight/package.json,plugins/QA-Report-App/chroma-qa-reports/build-env/node_modules/inflight/package.json,,node,tracked,
package_manifest,plugins/QA-Report-App/chroma-qa-reports/build-env/node_modules/inherits/package.json,plugins/QA-Report-App/chroma-qa-reports/build-env/node_modules/inherits/package.json,,node,tracked,
package_manifest,plugins/QA-Report-App/chroma-qa-reports/build-env/node_modules/ini/package.json,plugins/QA-Report-App/chroma-qa-reports/build-env/node_modules/ini/package.json,,node,tracked,
package_manifest,plugins/QA-Report-App/chroma-qa-reports/build-env/node_modules/internal-slot/package.json,plugins/QA-Report-App/chroma-qa-reports/build-env/node_modules/internal-slot/package.json,,node,tracked,
package_manifest,plugins/QA-Report-App/chroma-qa-reports/build-env/node_modules/internmap/package.json,plugins/QA-Report-App/chroma-qa-reports/build-env/node_modules/internmap/package.json,,node,tracked,
package_manifest,plugins/QA-Report-App/chroma-qa-reports/build-env/node_modules/interpret/package.json,plugins/QA-Report-App/chroma-qa-reports/build-env/node_modules/interpret/package.json,,node,tracked,
package_manifest,plugins/QA-Report-App/chroma-qa-reports/build-env/node_modules/intl-messageformat-parser/package.json,plugins/QA-Report-App/chroma-qa-reports/build-env/node_modules/intl-messageformat-parser/package.json,,node,tracked,
package_manifest,plugins/QA-Report-App/chroma-qa-reports/build-env/node_modules/intl-messageformat/package.json,plugins/QA-Report-App/chroma-qa-reports/build-env/node_modules/intl-messageformat/package.json,,node,tracked,
package_manifest,plugins/QA-Report-App/chroma-qa-reports/build-env/node_modules/ip-address/package.json,plugins/QA-Report-App/chroma-qa-reports/build-env/node_modules/ip-address/package.json,,node,tracked,
package_manifest,plugins/QA-Report-App/chroma-qa-reports/build-env/node_modules/ipaddr.js/package.json,plugins/QA-Report-App/chroma-qa-reports/build-env/node_modules/ipaddr.js/package.json,,node,tracked,
package_manifest,plugins/QA-Report-App/chroma-qa-reports/build-env/node_modules/irregular-plurals/package.json,plugins/QA-Report-App/chroma-qa-reports/build-env/node_modules/irregular-plurals/package.json,,node,tracked,
package_manifest,plugins/QA-Report-App/chroma-qa-reports/build-env/node_modules/is-array-buffer/package.json,plugins/QA-Report-App/chroma-qa-reports/build-env/node_modules/is-array-buffer/package.json,,node,tracked,
package_manifest,plugins/QA-Report-App/chroma-qa-reports/build-env/node_modules/is-arrayish/package.json,plugins/QA-Report-App/chroma-qa-reports/build-env/node_modules/is-arrayish/package.json,,node,tracked,
package_manifest,plugins/QA-Report-App/chroma-qa-reports/build-env/node_modules/is-async-function/package.json,plugins/QA-Report-App/chroma-qa-reports/build-env/node_modules/is-async-function/package.json,,node,tracked,
package_manifest,plugins/QA-Report-App/chroma-qa-reports/build-env/node_modules/is-bigint/package.json,plugins/QA-Report-App/chroma-qa-reports/build-env/node_modules/is-bigint/package.json,,node,tracked,
package_manifest,plugins/QA-Report-App/chroma-qa-reports/build-env/node_modules/is-binary-path/package.json,plugins/QA-Report-App/chroma-qa-reports/build-env/node_modules/is-binary-path/package.json,,node,tracked,
package_manifest,plugins/QA-Report-App/chroma-qa-reports/build-env/node_modules/is-boolean-object/package.json,plugins/QA-Report-App/chroma-qa-reports/build-env/node_modules/is-boolean-object/package.json,,node,tracked,
package_manifest,plugins/QA-Report-App/chroma-qa-reports/build-env/node_modules/is-buffer/package.json,plugins/QA-Report-App/chroma-qa-reports/build-env/node_modules/is-buffer/package.json,,node,tracked,
package_manifest,plugins/QA-Report-App/chroma-qa-reports/build-env/node_modules/is-builtin-module/package.json,plugins/QA-Report-App/chroma-qa-reports/build-env/node_modules/is-builtin-module/package.json,,node,tracked,
package_manifest,plugins/QA-Report-App/chroma-qa-reports/build-env/node_modules/is-callable/package.json,plugins/QA-Report-App/chroma-qa-reports/build-env/node_modules/is-callable/package.json,,node,tracked,
package_manifest,plugins/QA-Report-App/chroma-qa-reports/build-env/node_modules/is-core-module/package.json,plugins/QA-Report-App/chroma-qa-reports/build-env/node_modules/is-core-module/package.json,,node,tracked,
package_manifest,plugins/QA-Report-App/chroma-qa-reports/build-env/node_modules/is-data-view/package.json,plugins/QA-Report-App/chroma-qa-reports/build-env/node_modules/is-data-view/package.json,,node,tracked,
package_manifest,plugins/QA-Report-App/chroma-qa-reports/build-env/node_modules/is-date-object/package.json,plugins/QA-Report-App/chroma-qa-reports/build-env/node_modules/is-date-object/package.json,,node,tracked,
package_manifest,plugins/QA-Report-App/chroma-qa-reports/build-env/node_modules/is-docker/package.json,plugins/QA-Report-App/chroma-qa-reports/build-env/node_modules/is-docker/package.json,,node,tracked,
package_manifest,plugins/QA-Report-App/chroma-qa-reports/build-env/node_modules/is-extendable/package.json,plugins/QA-Report-App/chroma-qa-reports/build-env/node_modules/is-extendable/package.json,,node,tracked,
package_manifest,plugins/QA-Report-App/chroma-qa-reports/build-env/node_modules/is-extglob/package.json,plugins/QA-Report-App/chroma-qa-reports/build-env/node_modules/is-extglob/package.json,,node,tracked,
package_manifest,plugins/QA-Report-App/chroma-qa-reports/build-env/node_modules/is-finalizationregistry/package.json,plugins/QA-Report-App/chroma-qa-reports/build-env/node_modules/is-finalizationregistry/package.json,,node,tracked,
package_manifest,plugins/QA-Report-App/chroma-qa-reports/build-env/node_modules/is-fullwidth-code-point/package.json,plugins/QA-Report-App/chroma-qa-reports/build-env/node_modules/is-fullwidth-code-point/package.json,,node,tracked,
package_manifest,plugins/QA-Report-App/chroma-qa-reports/build-env/node_modules/is-generator-fn/package.json,plugins/QA-Report-App/chroma-qa-reports/build-env/node_modules/is-generator-fn/package.json,,node,tracked,
package_manifest,plugins/QA-Report-App/chroma-qa-reports/build-env/node_modules/is-generator-function/package.json,plugins/QA-Report-App/chroma-qa-reports/build-env/node_modules/is-generator-function/package.json,,node,tracked,
package_manifest,plugins/QA-Report-App/chroma-qa-reports/build-env/node_modules/is-glob/package.json,plugins/QA-Report-App/chroma-qa-reports/build-env/node_modules/is-glob/package.json,,node,tracked,
package_manifest,plugins/QA-Report-App/chroma-qa-reports/build-env/node_modules/is-map/package.json,plugins/QA-Report-App/chroma-qa-reports/build-env/node_modules/is-map/package.json,,node,tracked,
package_manifest,plugins/QA-Report-App/chroma-qa-reports/build-env/node_modules/is-negative-zero/package.json,plugins/QA-Report-App/chroma-qa-reports/build-env/node_modules/is-negative-zero/package.json,,node,tracked,
package_manifest,plugins/QA-Report-App/chroma-qa-reports/build-env/node_modules/is-number-object/package.json,plugins/QA-Report-App/chroma-qa-reports/build-env/node_modules/is-number-object/package.json,,node,tracked,
package_manifest,plugins/QA-Report-App/chroma-qa-reports/build-env/node_modules/is-number/package.json,plugins/QA-Report-App/chroma-qa-reports/build-env/node_modules/is-number/package.json,,node,tracked,
package_manifest,plugins/QA-Report-App/chroma-qa-reports/build-env/node_modules/is-obj/package.json,plugins/QA-Report-App/chroma-qa-reports/build-env/node_modules/is-obj/package.json,,node,tracked,
package_manifest,plugins/QA-Report-App/chroma-qa-reports/build-env/node_modules/is-path-cwd/package.json,plugins/QA-Report-App/chroma-qa-reports/build-env/node_modules/is-path-cwd/package.json,,node,tracked,
package_manifest,plugins/QA-Report-App/chroma-qa-reports/build-env/node_modules/is-path-in-cwd/node_modules/is-path-inside/package.json,plugins/QA-Report-App/chroma-qa-reports/build-env/node_modules/is-path-in-cwd/node_modules/is-path-inside/package.json,,node,tracked,
package_manifest,plugins/QA-Report-App/chroma-qa-reports/build-env/node_modules/is-path-in-cwd/package.json,plugins/QA-Report-App/chroma-qa-reports/build-env/node_modules/is-path-in-cwd/package.json,,node,tracked,
package_manifest,plugins/QA-Report-App/chroma-qa-reports/build-env/node_modules/is-path-inside/package.json,plugins/QA-Report-App/chroma-qa-reports/build-env/node_modules/is-path-inside/package.json,,node,tracked,
package_manifest,plugins/QA-Report-App/chroma-qa-reports/build-env/node_modules/is-plain-obj/package.json,plugins/QA-Report-App/chroma-qa-reports/build-env/node_modules/is-plain-obj/package.json,,node,tracked,
package_manifest,plugins/QA-Report-App/chroma-qa-reports/build-env/node_modules/is-plain-object/package.json,plugins/QA-Report-App/chroma-qa-reports/build-env/node_modules/is-plain-object/package.json,,node,tracked,
package_manifest,plugins/QA-Report-App/chroma-qa-reports/build-env/node_modules/is-potential-custom-element-name/package.json,plugins/QA-Report-App/chroma-qa-reports/build-env/node_modules/is-potential-custom-element-name/package.json,,node,tracked,
package_manifest,plugins/QA-Report-App/chroma-qa-reports/build-env/node_modules/is-regex/package.json,plugins/QA-Report-App/chroma-qa-reports/build-env/node_modules/is-regex/package.json,,node,tracked,
package_manifest,plugins/QA-Report-App/chroma-qa-reports/build-env/node_modules/is-set/package.json,plugins/QA-Report-App/chroma-qa-reports/build-env/node_modules/is-set/package.json,,node,tracked,
package_manifest,plugins/QA-Report-App/chroma-qa-reports/build-env/node_modules/is-shared-array-buffer/package.json,plugins/QA-Report-App/chroma-qa-reports/build-env/node_modules/is-shared-array-buffer/package.json,,node,tracked,
package_manifest,plugins/QA-Report-App/chroma-qa-reports/build-env/node_modules/is-stream/package.json,plugins/QA-Report-App/chroma-qa-reports/build-env/node_modules/is-stream/package.json,,node,tracked,
package_manifest,plugins/QA-Report-App/chroma-qa-reports/build-env/node_modules/is-string/package.json,plugins/QA-Report-App/chroma-qa-reports/build-env/node_modules/is-string/package.json,,node,tracked,
package_manifest,plugins/QA-Report-App/chroma-qa-reports/build-env/node_modules/is-symbol/package.json,plugins/QA-Report-App/chroma-qa-reports/build-env/node_modules/is-symbol/package.json,,node,tracked,
package_manifest,plugins/QA-Report-App/chroma-qa-reports/build-env/node_modules/is-typed-array/package.json,plugins/QA-Report-App/chroma-qa-reports/build-env/node_modules/is-typed-array/package.json,,node,tracked,
package_manifest,plugins/QA-Report-App/chroma-qa-reports/build-env/node_modules/is-typedarray/package.json,plugins/QA-Report-App/chroma-qa-reports/build-env/node_modules/is-typedarray/package.json,,node,tracked,
package_manifest,plugins/QA-Report-App/chroma-qa-reports/build-env/node_modules/is-unicode-supported/package.json,plugins/QA-Report-App/chroma-qa-reports/build-env/node_modules/is-unicode-supported/package.json,,node,tracked,
package_manifest,plugins/QA-Report-App/chroma-qa-reports/build-env/node_modules/is-weakmap/package.json,plugins/QA-Report-App/chroma-qa-reports/build-env/node_modules/is-weakmap/package.json,,node,tracked,
package_manifest,plugins/QA-Report-App/chroma-qa-reports/build-env/node_modules/is-weakref/package.json,plugins/QA-Report-App/chroma-qa-reports/build-env/node_modules/is-weakref/package.json,,node,tracked,
package_manifest,plugins/QA-Report-App/chroma-qa-reports/build-env/node_modules/is-weakset/package.json,plugins/QA-Report-App/chroma-qa-reports/build-env/node_modules/is-weakset/package.json,,node,tracked,
package_manifest,plugins/QA-Report-App/chroma-qa-reports/build-env/node_modules/is-windows/package.json,plugins/QA-Report-App/chroma-qa-reports/build-env/node_modules/is-windows/package.json,,node,tracked,
package_manifest,plugins/QA-Report-App/chroma-qa-reports/build-env/node_modules/is-wsl/package.json,plugins/QA-Report-App/chroma-qa-reports/build-env/node_modules/is-wsl/package.json,,node,tracked,
package_manifest,plugins/QA-Report-App/chroma-qa-reports/build-env/node_modules/isarray/package.json,plugins/QA-Report-App/chroma-qa-reports/build-env/node_modules/isarray/package.json,,node,tracked,
package_manifest,plugins/QA-Report-App/chroma-qa-reports/build-env/node_modules/isexe/package.json,plugins/QA-Report-App/chroma-qa-reports/build-env/node_modules/isexe/package.json,,node,tracked,
package_manifest,plugins/QA-Report-App/chroma-qa-reports/build-env/node_modules/isobject/package.json,plugins/QA-Report-App/chroma-qa-reports/build-env/node_modules/isobject/package.json,,node,tracked,
package_manifest,plugins/QA-Report-App/chroma-qa-reports/build-env/node_modules/istanbul-lib-coverage/package.json,plugins/QA-Report-App/chroma-qa-reports/build-env/node_modules/istanbul-lib-coverage/package.json,,node,tracked,
package_manifest,plugins/QA-Report-App/chroma-qa-reports/build-env/node_modules/istanbul-lib-instrument/package.json,plugins/QA-Report-App/chroma-qa-reports/build-env/node_modules/istanbul-lib-instrument/package.json,,node,tracked,
package_manifest,plugins/QA-Report-App/chroma-qa-reports/build-env/node_modules/istanbul-lib-report/node_modules/make-dir/package.json,plugins/QA-Report-App/chroma-qa-reports/build-env/node_modules/istanbul-lib-report/node_modules/make-dir/package.json,,node,tracked,
package_manifest,plugins/QA-Report-App/chroma-qa-reports/build-env/node_modules/istanbul-lib-report/node_modules/semver/package.json,plugins/QA-Report-App/chroma-qa-reports/build-env/node_modules/istanbul-lib-report/node_modules/semver/package.json,,node,tracked,
package_manifest,plugins/QA-Report-App/chroma-qa-reports/build-env/node_modules/istanbul-lib-report/package.json,plugins/QA-Report-App/chroma-qa-reports/build-env/node_modules/istanbul-lib-report/package.json,,node,tracked,
package_manifest,plugins/QA-Report-App/chroma-qa-reports/build-env/node_modules/istanbul-lib-source-maps/node_modules/source-map/package.json,plugins/QA-Report-App/chroma-qa-reports/build-env/node_modules/istanbul-lib-source-maps/node_modules/source-map/package.json,,node,tracked,
package_manifest,plugins/QA-Report-App/chroma-qa-reports/build-env/node_modules/istanbul-lib-source-maps/package.json,plugins/QA-Report-App/chroma-qa-reports/build-env/node_modules/istanbul-lib-source-maps/package.json,,node,tracked,
package_manifest,plugins/QA-Report-App/chroma-qa-reports/build-env/node_modules/istanbul-reports/package.json,plugins/QA-Report-App/chroma-qa-reports/build-env/node_modules/istanbul-reports/package.json,,node,tracked,
package_manifest,plugins/QA-Report-App/chroma-qa-reports/build-env/node_modules/iterator.prototype/package.json,plugins/QA-Report-App/chroma-qa-reports/build-env/node_modules/iterator.prototype/package.json,,node,tracked,
package_manifest,plugins/QA-Report-App/chroma-qa-reports/build-env/node_modules/jest-changed-files/package.json,plugins/QA-Report-App/chroma-qa-reports/build-env/node_modules/jest-changed-files/package.json,,node,tracked,
package_manifest,plugins/QA-Report-App/chroma-qa-reports/build-env/node_modules/jest-circus/package.json,plugins/QA-Report-App/chroma-qa-reports/build-env/node_modules/jest-circus/package.json,,node,tracked,
package_manifest,plugins/QA-Report-App/chroma-qa-reports/build-env/node_modules/jest-cli/package.json,plugins/QA-Report-App/chroma-qa-reports/build-env/node_modules/jest-cli/package.json,,node,tracked,
package_manifest,plugins/QA-Report-App/chroma-qa-reports/build-env/node_modules/jest-config/package.json,plugins/QA-Report-App/chroma-qa-reports/build-env/node_modules/jest-config/package.json,,node,tracked,
package_manifest,plugins/QA-Report-App/chroma-qa-reports/build-env/node_modules/jest-dev-server/package.json,plugins/QA-Report-App/chroma-qa-reports/build-env/node_modules/jest-dev-server/package.json,,node,tracked,
package_manifest,plugins/QA-Report-App/chroma-qa-reports/build-env/node_modules/jest-diff/package.json,plugins/QA-Report-App/chroma-qa-reports/build-env/node_modules/jest-diff/package.json,,node,tracked,
package_manifest,plugins/QA-Report-App/chroma-qa-reports/build-env/node_modules/jest-docblock/package.json,plugins/QA-Report-App/chroma-qa-reports/build-env/node_modules/jest-docblock/package.json,,node,tracked,
package_manifest,plugins/QA-Report-App/chroma-qa-reports/build-env/node_modules/jest-each/package.json,plugins/QA-Report-App/chroma-qa-reports/build-env/node_modules/jest-each/package.json,,node,tracked,
package_manifest,plugins/QA-Report-App/chroma-qa-reports/build-env/node_modules/jest-environment-jsdom/package.json,plugins/QA-Report-App/chroma-qa-reports/build-env/node_modules/jest-environment-jsdom/package.json,,node,tracked,
package_manifest,plugins/QA-Report-App/chroma-qa-reports/build-env/node_modules/jest-environment-node/package.json,plugins/QA-Report-App/chroma-qa-reports/build-env/node_modules/jest-environment-node/package.json,,node,tracked,
package_manifest,plugins/QA-Report-App/chroma-qa-reports/build-env/node_modules/jest-get-type/package.json,plugins/QA-Report-App/chroma-qa-reports/build-env/node_modules/jest-get-type/package.json,,node,tracked,
package_manifest,plugins/QA-Report-App/chroma-qa-reports/build-env/node_modules/jest-haste-map/package.json,plugins/QA-Report-App/chroma-qa-reports/build-env/node_modules/jest-haste-map/package.json,,node,tracked,
package_manifest,plugins/QA-Report-App/chroma-qa-reports/build-env/node_modules/jest-leak-detector/package.json,plugins/QA-Report-App/chroma-qa-reports/build-env/node_modules/jest-leak-detector/package.json,,node,tracked,
package_manifest,plugins/QA-Report-App/chroma-qa-reports/build-env/node_modules/jest-matcher-utils/package.json,plugins/QA-Report-App/chroma-qa-reports/build-env/node_modules/jest-matcher-utils/package.json,,node,tracked,
package_manifest,plugins/QA-Report-App/chroma-qa-reports/build-env/node_modules/jest-message-util/package.json,plugins/QA-Report-App/chroma-qa-reports/build-env/node_modules/jest-message-util/package.json,,node,tracked,
package_manifest,plugins/QA-Report-App/chroma-qa-reports/build-env/node_modules/jest-mock/package.json,plugins/QA-Report-App/chroma-qa-reports/build-env/node_modules/jest-mock/package.json,,node,tracked,
package_manifest,plugins/QA-Report-App/chroma-qa-reports/build-env/node_modules/jest-pnp-resolver/package.json,plugins/QA-Report-App/chroma-qa-reports/build-env/node_modules/jest-pnp-resolver/package.json,,node,tracked,
package_manifest,plugins/QA-Report-App/chroma-qa-reports/build-env/node_modules/jest-regex-util/package.json,plugins/QA-Report-App/chroma-qa-reports/build-env/node_modules/jest-regex-util/package.json,,node,tracked,
package_manifest,plugins/QA-Report-App/chroma-qa-reports/build-env/node_modules/jest-resolve-dependencies/package.json,plugins/QA-Report-App/chroma-qa-reports/build-env/node_modules/jest-resolve-dependencies/package.json,,node,tracked,
package_manifest,plugins/QA-Report-App/chroma-qa-reports/build-env/node_modules/jest-resolve/package.json,plugins/QA-Report-App/chroma-qa-reports/build-env/node_modules/jest-resolve/package.json,,node,tracked,
package_manifest,plugins/QA-Report-App/chroma-qa-reports/build-env/node_modules/jest-runner/package.json,plugins/QA-Report-App/chroma-qa-reports/build-env/node_modules/jest-runner/package.json,,node,tracked,
package_manifest,plugins/QA-Report-App/chroma-qa-reports/build-env/node_modules/jest-runtime/package.json,plugins/QA-Report-App/chroma-qa-reports/build-env/node_modules/jest-runtime/package.json,,node,tracked,
package_manifest,plugins/QA-Report-App/chroma-qa-reports/build-env/node_modules/jest-snapshot/node_modules/semver/package.json,plugins/QA-Report-App/chroma-qa-reports/build-env/node_modules/jest-snapshot/node_modules/semver/package.json,,node,tracked,
package_manifest,plugins/QA-Report-App/chroma-qa-reports/build-env/node_modules/jest-snapshot/package.json,plugins/QA-Report-App/chroma-qa-reports/build-env/node_modules/jest-snapshot/package.json,,node,tracked,
package_manifest,plugins/QA-Report-App/chroma-qa-reports/build-env/node_modules/jest-util/package.json,plugins/QA-Report-App/chroma-qa-reports/build-env/node_modules/jest-util/package.json,,node,tracked,
package_manifest,plugins/QA-Report-App/chroma-qa-reports/build-env/node_modules/jest-validate/package.json,plugins/QA-Report-App/chroma-qa-reports/build-env/node_modules/jest-validate/package.json,,node,tracked,
package_manifest,plugins/QA-Report-App/chroma-qa-reports/build-env/node_modules/jest-watcher/package.json,plugins/QA-Report-App/chroma-qa-reports/build-env/node_modules/jest-watcher/package.json,,node,tracked,
package_manifest,plugins/QA-Report-App/chroma-qa-reports/build-env/node_modules/jest-worker/node_modules/supports-color/package.json,plugins/QA-Report-App/chroma-qa-reports/build-env/node_modules/jest-worker/node_modules/supports-color/package.json,,node,tracked,
package_manifest,plugins/QA-Report-App/chroma-qa-reports/build-env/node_modules/jest-worker/package.json,plugins/QA-Report-App/chroma-qa-reports/build-env/node_modules/jest-worker/package.json,,node,tracked,
package_manifest,plugins/QA-Report-App/chroma-qa-reports/build-env/node_modules/jest/package.json,plugins/QA-Report-App/chroma-qa-reports/build-env/node_modules/jest/package.json,,node,tracked,
package_manifest,plugins/QA-Report-App/chroma-qa-reports/build-env/node_modules/jiti/package.json,plugins/QA-Report-App/chroma-qa-reports/build-env/node_modules/jiti/package.json,,node,tracked,
package_manifest,plugins/QA-Report-App/chroma-qa-reports/build-env/node_modules/joi/package.json,plugins/QA-Report-App/chroma-qa-reports/build-env/node_modules/joi/package.json,,node,tracked,
package_manifest,plugins/QA-Report-App/chroma-qa-reports/build-env/node_modules/jpeg-js/package.json,plugins/QA-Report-App/chroma-qa-reports/build-env/node_modules/jpeg-js/package.json,,node,tracked,
package_manifest,plugins/QA-Report-App/chroma-qa-reports/build-env/node_modules/js-library-detector/package.json,plugins/QA-Report-App/chroma-qa-reports/build-env/node_modules/js-library-detector/package.json,,node,tracked,
package_manifest,plugins/QA-Report-App/chroma-qa-reports/build-env/node_modules/js-tokens/package.json,plugins/QA-Report-App/chroma-qa-reports/build-env/node_modules/js-tokens/package.json,,node,tracked,
package_manifest,plugins/QA-Report-App/chroma-qa-reports/build-env/node_modules/js-yaml/package.json,plugins/QA-Report-App/chroma-qa-reports/build-env/node_modules/js-yaml/package.json,,node,tracked,
package_manifest,plugins/QA-Report-App/chroma-qa-reports/build-env/node_modules/jsdoc-type-pratt-parser/package.json,plugins/QA-Report-App/chroma-qa-reports/build-env/node_modules/jsdoc-type-pratt-parser/package.json,,node,tracked,
package_manifest,plugins/QA-Report-App/chroma-qa-reports/build-env/node_modules/jsdom/package.json,plugins/QA-Report-App/chroma-qa-reports/build-env/node_modules/jsdom/package.json,,node,tracked,
package_manifest,plugins/QA-Report-App/chroma-qa-reports/build-env/node_modules/jsesc/package.json,plugins/QA-Report-App/chroma-qa-reports/build-env/node_modules/jsesc/package.json,,node,tracked,
package_manifest,plugins/QA-Report-App/chroma-qa-reports/build-env/node_modules/json-buffer/package.json,plugins/QA-Report-App/chroma-qa-reports/build-env/node_modules/json-buffer/package.json,,node,tracked,
package_manifest,plugins/QA-Report-App/chroma-qa-reports/build-env/node_modules/json-parse-even-better-errors/package.json,plugins/QA-Report-App/chroma-qa-reports/build-env/node_modules/json-parse-even-better-errors/package.json,,node,tracked,
package_manifest,plugins/QA-Report-App/chroma-qa-reports/build-env/node_modules/json-schema-traverse/package.json,plugins/QA-Report-App/chroma-qa-reports/build-env/node_modules/json-schema-traverse/package.json,,node,tracked,
package_manifest,plugins/QA-Report-App/chroma-qa-reports/build-env/node_modules/json-stable-stringify-without-jsonify/package.json,plugins/QA-Report-App/chroma-qa-reports/build-env/node_modules/json-stable-stringify-without-jsonify/package.json,,node,tracked,
package_manifest,plugins/QA-Report-App/chroma-qa-reports/build-env/node_modules/json2php/package.json,plugins/QA-Report-App/chroma-qa-reports/build-env/node_modules/json2php/package.json,,node,tracked,
package_manifest,plugins/QA-Report-App/chroma-qa-reports/build-env/node_modules/json5/package.json,plugins/QA-Report-App/chroma-qa-reports/build-env/node_modules/json5/package.json,,node,tracked,
package_manifest,plugins/QA-Report-App/chroma-qa-reports/build-env/node_modules/jsonc-parser/package.json,plugins/QA-Report-App/chroma-qa-reports/build-env/node_modules/jsonc-parser/package.json,,node,tracked,
package_manifest,plugins/QA-Report-App/chroma-qa-reports/build-env/node_modules/jsx-ast-utils/package.json,plugins/QA-Report-App/chroma-qa-reports/build-env/node_modules/jsx-ast-utils/package.json,,node,tracked,
package_manifest,plugins/QA-Report-App/chroma-qa-reports/build-env/node_modules/keyv/package.json,plugins/QA-Report-App/chroma-qa-reports/build-env/node_modules/keyv/package.json,,node,tracked,
package_manifest,plugins/QA-Report-App/chroma-qa-reports/build-env/node_modules/kind-of/package.json,plugins/QA-Report-App/chroma-qa-reports/build-env/node_modules/kind-of/package.json,,node,tracked,
package_manifest,plugins/QA-Report-App/chroma-qa-reports/build-env/node_modules/kleur/package.json,plugins/QA-Report-App/chroma-qa-reports/build-env/node_modules/kleur/package.json,,node,tracked,
package_manifest,plugins/QA-Report-App/chroma-qa-reports/build-env/node_modules/klona/package.json,plugins/QA-Report-App/chroma-qa-reports/build-env/node_modules/klona/package.json,,node,tracked,
package_manifest,plugins/QA-Report-App/chroma-qa-reports/build-env/node_modules/known-css-properties/package.json,plugins/QA-Report-App/chroma-qa-reports/build-env/node_modules/known-css-properties/package.json,,node,tracked,
package_manifest,plugins/QA-Report-App/chroma-qa-reports/build-env/node_modules/language-subtag-registry/package.json,plugins/QA-Report-App/chroma-qa-reports/build-env/node_modules/language-subtag-registry/package.json,,node,tracked,
package_manifest,plugins/QA-Report-App/chroma-qa-reports/build-env/node_modules/language-tags/package.json,plugins/QA-Report-App/chroma-qa-reports/build-env/node_modules/language-tags/package.json,,node,tracked,
package_manifest,plugins/QA-Report-App/chroma-qa-reports/build-env/node_modules/launch-editor/package.json,plugins/QA-Report-App/chroma-qa-reports/build-env/node_modules/launch-editor/package.json,,node,tracked,
package_manifest,plugins/QA-Report-App/chroma-qa-reports/build-env/node_modules/lazy-cache/package.json,plugins/QA-Report-App/chroma-qa-reports/build-env/node_modules/lazy-cache/package.json,,node,tracked,
package_manifest,plugins/QA-Report-App/chroma-qa-reports/build-env/node_modules/leven/package.json,plugins/QA-Report-App/chroma-qa-reports/build-env/node_modules/leven/package.json,,node,tracked,
package_manifest,plugins/QA-Report-App/chroma-qa-reports/build-env/node_modules/levn/package.json,plugins/QA-Report-App/chroma-qa-reports/build-env/node_modules/levn/package.json,,node,tracked,
package_manifest,plugins/QA-Report-App/chroma-qa-reports/build-env/node_modules/lighthouse-logger/node_modules/debug/package.json,plugins/QA-Report-App/chroma-qa-reports/build-env/node_modules/lighthouse-logger/node_modules/debug/package.json,,node,tracked,
package_manifest,plugins/QA-Report-App/chroma-qa-reports/build-env/node_modules/lighthouse-logger/node_modules/ms/package.json,plugins/QA-Report-App/chroma-qa-reports/build-env/node_modules/lighthouse-logger/node_modules/ms/package.json,,node,tracked,
package_manifest,plugins/QA-Report-App/chroma-qa-reports/build-env/node_modules/lighthouse-logger/package.json,plugins/QA-Report-App/chroma-qa-reports/build-env/node_modules/lighthouse-logger/package.json,,node,tracked,
package_manifest,plugins/QA-Report-App/chroma-qa-reports/build-env/node_modules/lighthouse-stack-packs/package.json,plugins/QA-Report-App/chroma-qa-reports/build-env/node_modules/lighthouse-stack-packs/package.json,,node,tracked,
package_manifest,plugins/QA-Report-App/chroma-qa-reports/build-env/node_modules/lighthouse/core/lib/cdt/package.json,plugins/QA-Report-App/chroma-qa-reports/build-env/node_modules/lighthouse/core/lib/cdt/package.json,,node,tracked,
package_manifest,plugins/QA-Report-App/chroma-qa-reports/build-env/node_modules/lighthouse/node_modules/axe-core/package.json,plugins/QA-Report-App/chroma-qa-reports/build-env/node_modules/lighthouse/node_modules/axe-core/package.json,,node,tracked,
package_manifest,plugins/QA-Report-App/chroma-qa-reports/build-env/node_modules/lighthouse/node_modules/cross-fetch/package.json,plugins/QA-Report-App/chroma-qa-reports/build-env/node_modules/lighthouse/node_modules/cross-fetch/package.json,,node,tracked,
package_manifest,plugins/QA-Report-App/chroma-qa-reports/build-env/node_modules/lighthouse/node_modules/cross-fetch/polyfill/package.json,plugins/QA-Report-App/chroma-qa-reports/build-env/node_modules/lighthouse/node_modules/cross-fetch/polyfill/package.json,,node,tracked,
package_manifest,plugins/QA-Report-App/chroma-qa-reports/build-env/node_modules/lighthouse/node_modules/debug/package.json,plugins/QA-Report-App/chroma-qa-reports/build-env/node_modules/lighthouse/node_modules/debug/package.json,,node,tracked,
package_manifest,plugins/QA-Report-App/chroma-qa-reports/build-env/node_modules/lighthouse/node_modules/ms/package.json,plugins/QA-Report-App/chroma-qa-reports/build-env/node_modules/lighthouse/node_modules/ms/package.json,,node,tracked,
package_manifest,plugins/QA-Report-App/chroma-qa-reports/build-env/node_modules/lighthouse/node_modules/node-fetch/package.json,plugins/QA-Report-App/chroma-qa-reports/build-env/node_modules/lighthouse/node_modules/node-fetch/package.json,,node,tracked,
package_manifest,plugins/QA-Report-App/chroma-qa-reports/build-env/node_modules/lighthouse/node_modules/puppeteer-core/lib/esm/package.json,plugins/QA-Report-App/chroma-qa-reports/build-env/node_modules/lighthouse/node_modules/puppeteer-core/lib/esm/package.json,,node,tracked,
package_manifest,plugins/QA-Report-App/chroma-qa-reports/build-env/node_modules/lighthouse/node_modules/puppeteer-core/node_modules/chromium-bidi/package.json,plugins/QA-Report-App/chroma-qa-reports/build-env/node_modules/lighthouse/node_modules/puppeteer-core/node_modules/chromium-bidi/package.json,,node,tracked,
package_manifest,plugins/QA-Report-App/chroma-qa-reports/build-env/node_modules/lighthouse/node_modules/puppeteer-core/node_modules/devtools-protocol/package.json,plugins/QA-Report-App/chroma-qa-reports/build-env/node_modules/lighthouse/node_modules/puppeteer-core/node_modules/devtools-protocol/package.json,,node,tracked,
package_manifest,plugins/QA-Report-App/chroma-qa-reports/build-env/node_modules/lighthouse/node_modules/puppeteer-core/node_modules/ws/package.json,plugins/QA-Report-App/chroma-qa-reports/build-env/node_modules/lighthouse/node_modules/puppeteer-core/node_modules/ws/package.json,,node,tracked,
package_manifest,plugins/QA-Report-App/chroma-qa-reports/build-env/node_modules/lighthouse/node_modules/puppeteer-core/package.json,plugins/QA-Report-App/chroma-qa-reports/build-env/node_modules/lighthouse/node_modules/puppeteer-core/package.json,,node,tracked,
package_manifest,plugins/QA-Report-App/chroma-qa-reports/build-env/node_modules/lighthouse/node_modules/semver/package.json,plugins/QA-Report-App/chroma-qa-reports/build-env/node_modules/lighthouse/node_modules/semver/package.json,,node,tracked,
package_manifest,plugins/QA-Report-App/chroma-qa-reports/build-env/node_modules/lighthouse/node_modules/tr46/package.json,plugins/QA-Report-App/chroma-qa-reports/build-env/node_modules/lighthouse/node_modules/tr46/package.json,,node,tracked,
package_manifest,plugins/QA-Report-App/chroma-qa-reports/build-env/node_modules/lighthouse/node_modules/webidl-conversions/package.json,plugins/QA-Report-App/chroma-qa-reports/build-env/node_modules/lighthouse/node_modules/webidl-conversions/package.json,,node,tracked,
package_manifest,plugins/QA-Report-App/chroma-qa-reports/build-env/node_modules/lighthouse/node_modules/whatwg-url/package.json,plugins/QA-Report-App/chroma-qa-reports/build-env/node_modules/lighthouse/node_modules/whatwg-url/package.json,,node,tracked,
package_manifest,plugins/QA-Report-App/chroma-qa-reports/build-env/node_modules/lighthouse/node_modules/ws/package.json,plugins/QA-Report-App/chroma-qa-reports/build-env/node_modules/lighthouse/node_modules/ws/package.json,,node,tracked,
package_manifest,plugins/QA-Report-App/chroma-qa-reports/build-env/node_modules/lighthouse/package.json,plugins/QA-Report-App/chroma-qa-reports/build-env/node_modules/lighthouse/package.json,,node,tracked,
package_manifest,plugins/QA-Report-App/chroma-qa-reports/build-env/node_modules/lilconfig/package.json,plugins/QA-Report-App/chroma-qa-reports/build-env/node_modules/lilconfig/package.json,,node,tracked,
package_manifest,plugins/QA-Report-App/chroma-qa-reports/build-env/node_modules/lines-and-columns/package.json,plugins/QA-Report-App/chroma-qa-reports/build-env/node_modules/lines-and-columns/package.json,,node,tracked,
package_manifest,plugins/QA-Report-App/chroma-qa-reports/build-env/node_modules/linkify-it/package.json,plugins/QA-Report-App/chroma-qa-reports/build-env/node_modules/linkify-it/package.json,,node,tracked,
package_manifest,plugins/QA-Report-App/chroma-qa-reports/build-env/node_modules/loader-runner/package.json,plugins/QA-Report-App/chroma-qa-reports/build-env/node_modules/loader-runner/package.json,,node,tracked,
package_manifest,plugins/QA-Report-App/chroma-qa-reports/build-env/node_modules/loader-utils/package.json,plugins/QA-Report-App/chroma-qa-reports/build-env/node_modules/loader-utils/package.json,,node,tracked,
package_manifest,plugins/QA-Report-App/chroma-qa-reports/build-env/node_modules/locate-path/package.json,plugins/QA-Report-App/chroma-qa-reports/build-env/node_modules/locate-path/package.json,,node,tracked,
package_manifest,plugins/QA-Report-App/chroma-qa-reports/build-env/node_modules/lodash.debounce/package.json,plugins/QA-Report-App/chroma-qa-reports/build-env/node_modules/lodash.debounce/package.json,,node,tracked,
package_manifest,plugins/QA-Report-App/chroma-qa-reports/build-env/node_modules/lodash.memoize/package.json,plugins/QA-Report-App/chroma-qa-reports/build-env/node_modules/lodash.memoize/package.json,,node,tracked,
package_manifest,plugins/QA-Report-App/chroma-qa-reports/build-env/node_modules/lodash.merge/package.json,plugins/QA-Report-App/chroma-qa-reports/build-env/node_modules/lodash.merge/package.json,,node,tracked,
package_manifest,plugins/QA-Report-App/chroma-qa-reports/build-env/node_modules/lodash.truncate/package.json,plugins/QA-Report-App/chroma-qa-reports/build-env/node_modules/lodash.truncate/package.json,,node,tracked,
package_manifest,plugins/QA-Report-App/chroma-qa-reports/build-env/node_modules/lodash.uniq/package.json,plugins/QA-Report-App/chroma-qa-reports/build-env/node_modules/lodash.uniq/package.json,,node,tracked,
package_manifest,plugins/QA-Report-App/chroma-qa-reports/build-env/node_modules/lodash/package.json,plugins/QA-Report-App/chroma-qa-reports/build-env/node_modules/lodash/package.json,,node,tracked,
package_manifest,plugins/QA-Report-App/chroma-qa-reports/build-env/node_modules/log-symbols/package.json,plugins/QA-Report-App/chroma-qa-reports/build-env/node_modules/log-symbols/package.json,,node,tracked,
package_manifest,plugins/QA-Report-App/chroma-qa-reports/build-env/node_modules/loglevel/package.json,plugins/QA-Report-App/chroma-qa-reports/build-env/node_modules/loglevel/package.json,,node,tracked,
package_manifest,plugins/QA-Report-App/chroma-qa-reports/build-env/node_modules/lookup-closest-locale/package.json,plugins/QA-Report-App/chroma-qa-reports/build-env/node_modules/lookup-closest-locale/package.json,,node,tracked,
package_manifest,plugins/QA-Report-App/chroma-qa-reports/build-env/node_modules/loose-envify/package.json,plugins/QA-Report-App/chroma-qa-reports/build-env/node_modules/loose-envify/package.json,,node,tracked,
package_manifest,plugins/QA-Report-App/chroma-qa-reports/build-env/node_modules/lower-case/package.json,plugins/QA-Report-App/chroma-qa-reports/build-env/node_modules/lower-case/package.json,,node,tracked,
package_manifest,plugins/QA-Report-App/chroma-qa-reports/build-env/node_modules/lru-cache/package.json,plugins/QA-Report-App/chroma-qa-reports/build-env/node_modules/lru-cache/package.json,,node,tracked,
package_manifest,plugins/QA-Report-App/chroma-qa-reports/build-env/node_modules/lru_map/package.json,plugins/QA-Report-App/chroma-qa-reports/build-env/node_modules/lru_map/package.json,,node,tracked,
package_manifest,plugins/QA-Report-App/chroma-qa-reports/build-env/node_modules/lucide-react/package.json,plugins/QA-Report-App/chroma-qa-reports/build-env/node_modules/lucide-react/package.json,,node,tracked,
package_manifest,plugins/QA-Report-App/chroma-qa-reports/build-env/node_modules/make-dir/package.json,plugins/QA-Report-App/chroma-qa-reports/build-env/node_modules/make-dir/package.json,,node,tracked,
package_manifest,plugins/QA-Report-App/chroma-qa-reports/build-env/node_modules/makeerror/package.json,plugins/QA-Report-App/chroma-qa-reports/build-env/node_modules/makeerror/package.json,,node,tracked,
package_manifest,plugins/QA-Report-App/chroma-qa-reports/build-env/node_modules/map-obj/package.json,plugins/QA-Report-App/chroma-qa-reports/build-env/node_modules/map-obj/package.json,,node,tracked,
package_manifest,plugins/QA-Report-App/chroma-qa-reports/build-env/node_modules/map-values/package.json,plugins/QA-Report-App/chroma-qa-reports/build-env/node_modules/map-values/package.json,,node,tracked,
package_manifest,plugins/QA-Report-App/chroma-qa-reports/build-env/node_modules/markdown-it/node_modules/argparse/package.json,plugins/QA-Report-App/chroma-qa-reports/build-env/node_modules/markdown-it/node_modules/argparse/package.json,,node,tracked,
package_manifest,plugins/QA-Report-App/chroma-qa-reports/build-env/node_modules/markdown-it/node_modules/entities/package.json,plugins/QA-Report-App/chroma-qa-reports/build-env/node_modules/markdown-it/node_modules/entities/package.json,,node,tracked,
package_manifest,plugins/QA-Report-App/chroma-qa-reports/build-env/node_modules/markdown-it/package.json,plugins/QA-Report-App/chroma-qa-reports/build-env/node_modules/markdown-it/package.json,,node,tracked,
package_manifest,plugins/QA-Report-App/chroma-qa-reports/build-env/node_modules/markdownlint-cli/node_modules/argparse/package.json,plugins/QA-Report-App/chroma-qa-reports/build-env/node_modules/markdownlint-cli/node_modules/argparse/package.json,,node,tracked,
package_manifest,plugins/QA-Report-App/chroma-qa-reports/build-env/node_modules/markdownlint-cli/node_modules/brace-expansion/package.json,plugins/QA-Report-App/chroma-qa-reports/build-env/node_modules/markdownlint-cli/node_modules/brace-expansion/package.json,,node,tracked,
package_manifest,plugins/QA-Report-App/chroma-qa-reports/build-env/node_modules/markdownlint-cli/node_modules/commander/package.json,plugins/QA-Report-App/chroma-qa-reports/build-env/node_modules/markdownlint-cli/node_modules/commander/package.json,,node,tracked,
package_manifest,plugins/QA-Report-App/chroma-qa-reports/build-env/node_modules/markdownlint-cli/node_modules/ignore/package.json,plugins/QA-Report-App/chroma-qa-reports/build-env/node_modules/markdownlint-cli/node_modules/ignore/package.json,,node,tracked,
package_manifest,plugins/QA-Report-App/chroma-qa-reports/build-env/node_modules/markdownlint-cli/node_modules/js-yaml/package.json,plugins/QA-Report-App/chroma-qa-reports/build-env/node_modules/markdownlint-cli/node_modules/js-yaml/package.json,,node,tracked,
package_manifest,plugins/QA-Report-App/chroma-qa-reports/build-env/node_modules/markdownlint-cli/node_modules/minimatch/package.json,plugins/QA-Report-App/chroma-qa-reports/build-env/node_modules/markdownlint-cli/node_modules/minimatch/package.json,,node,tracked,
package_manifest,plugins/QA-Report-App/chroma-qa-reports/build-env/node_modules/markdownlint-cli/package.json,plugins/QA-Report-App/chroma-qa-reports/build-env/node_modules/markdownlint-cli/package.json,,node,tracked,
package_manifest,plugins/QA-Report-App/chroma-qa-reports/build-env/node_modules/markdownlint-rule-helpers/package.json,plugins/QA-Report-App/chroma-qa-reports/build-env/node_modules/markdownlint-rule-helpers/package.json,,node,tracked,
package_manifest,plugins/QA-Report-App/chroma-qa-reports/build-env/node_modules/markdownlint/helpers/package.json,plugins/QA-Report-App/chroma-qa-reports/build-env/node_modules/markdownlint/helpers/package.json,,node,tracked,
package_manifest,plugins/QA-Report-App/chroma-qa-reports/build-env/node_modules/markdownlint/package.json,plugins/QA-Report-App/chroma-qa-reports/build-env/node_modules/markdownlint/package.json,,node,tracked,
package_manifest,plugins/QA-Report-App/chroma-qa-reports/build-env/node_modules/marky/package.json,plugins/QA-Report-App/chroma-qa-reports/build-env/node_modules/marky/package.json,,node,tracked,
package_manifest,plugins/QA-Report-App/chroma-qa-reports/build-env/node_modules/math-intrinsics/package.json,plugins/QA-Report-App/chroma-qa-reports/build-env/node_modules/math-intrinsics/package.json,,node,tracked,
package_manifest,plugins/QA-Report-App/chroma-qa-reports/build-env/node_modules/mathml-tag-names/package.json,plugins/QA-Report-App/chroma-qa-reports/build-env/node_modules/mathml-tag-names/package.json,,node,tracked,
package_manifest,plugins/QA-Report-App/chroma-qa-reports/build-env/node_modules/mdn-data/package.json,plugins/QA-Report-App/chroma-qa-reports/build-env/node_modules/mdn-data/package.json,,node,tracked,
package_manifest,plugins/QA-Report-App/chroma-qa-reports/build-env/node_modules/mdurl/package.json,plugins/QA-Report-App/chroma-qa-reports/build-env/node_modules/mdurl/package.json,,node,tracked,
package_manifest,plugins/QA-Report-App/chroma-qa-reports/build-env/node_modules/media-typer/package.json,plugins/QA-Report-App/chroma-qa-reports/build-env/node_modules/media-typer/package.json,,node,tracked,
package_manifest,plugins/QA-Report-App/chroma-qa-reports/build-env/node_modules/memfs/package.json,plugins/QA-Report-App/chroma-qa-reports/build-env/node_modules/memfs/package.json,,node,tracked,
package_manifest,plugins/QA-Report-App/chroma-qa-reports/build-env/node_modules/memize/package.json,plugins/QA-Report-App/chroma-qa-reports/build-env/node_modules/memize/package.json,,node,tracked,
package_manifest,plugins/QA-Report-App/chroma-qa-reports/build-env/node_modules/meow/node_modules/type-fest/package.json,plugins/QA-Report-App/chroma-qa-reports/build-env/node_modules/meow/node_modules/type-fest/package.json,,node,tracked,
package_manifest,plugins/QA-Report-App/chroma-qa-reports/build-env/node_modules/meow/node_modules/yargs-parser/package.json,plugins/QA-Report-App/chroma-qa-reports/build-env/node_modules/meow/node_modules/yargs-parser/package.json,,node,tracked,
package_manifest,plugins/QA-Report-App/chroma-qa-reports/build-env/node_modules/meow/package.json,plugins/QA-Report-App/chroma-qa-reports/build-env/node_modules/meow/package.json,,node,tracked,
package_manifest,plugins/QA-Report-App/chroma-qa-reports/build-env/node_modules/merge-deep/package.json,plugins/QA-Report-App/chroma-qa-reports/build-env/node_modules/merge-deep/package.json,,node,tracked,
package_manifest,plugins/QA-Report-App/chroma-qa-reports/build-env/node_modules/merge-descriptors/package.json,plugins/QA-Report-App/chroma-qa-reports/build-env/node_modules/merge-descriptors/package.json,,node,tracked,
package_manifest,plugins/QA-Report-App/chroma-qa-reports/build-env/node_modules/merge-stream/package.json,plugins/QA-Report-App/chroma-qa-reports/build-env/node_modules/merge-stream/package.json,,node,tracked,
package_manifest,plugins/QA-Report-App/chroma-qa-reports/build-env/node_modules/merge2/package.json,plugins/QA-Report-App/chroma-qa-reports/build-env/node_modules/merge2/package.json,,node,tracked,
package_manifest,plugins/QA-Report-App/chroma-qa-reports/build-env/node_modules/metaviewport-parser/package.json,plugins/QA-Report-App/chroma-qa-reports/build-env/node_modules/metaviewport-parser/package.json,,node,tracked,
package_manifest,plugins/QA-Report-App/chroma-qa-reports/build-env/node_modules/methods/package.json,plugins/QA-Report-App/chroma-qa-reports/build-env/node_modules/methods/package.json,,node,tracked,
package_manifest,plugins/QA-Report-App/chroma-qa-reports/build-env/node_modules/micromatch/package.json,plugins/QA-Report-App/chroma-qa-reports/build-env/node_modules/micromatch/package.json,,node,tracked,
package_manifest,plugins/QA-Report-App/chroma-qa-reports/build-env/node_modules/mime-db/package.json,plugins/QA-Report-App/chroma-qa-reports/build-env/node_modules/mime-db/package.json,,node,tracked,
package_manifest,plugins/QA-Report-App/chroma-qa-reports/build-env/node_modules/mime-types/package.json,plugins/QA-Report-App/chroma-qa-reports/build-env/node_modules/mime-types/package.json,,node,tracked,
package_manifest,plugins/QA-Report-App/chroma-qa-reports/build-env/node_modules/mime/package.json,plugins/QA-Report-App/chroma-qa-reports/build-env/node_modules/mime/package.json,,node,tracked,
package_manifest,plugins/QA-Report-App/chroma-qa-reports/build-env/node_modules/mimic-fn/package.json,plugins/QA-Report-App/chroma-qa-reports/build-env/node_modules/mimic-fn/package.json,,node,tracked,
package_manifest,plugins/QA-Report-App/chroma-qa-reports/build-env/node_modules/min-indent/package.json,plugins/QA-Report-App/chroma-qa-reports/build-env/node_modules/min-indent/package.json,,node,tracked,
package_manifest,plugins/QA-Report-App/chroma-qa-reports/build-env/node_modules/mini-css-extract-plugin/package.json,plugins/QA-Report-App/chroma-qa-reports/build-env/node_modules/mini-css-extract-plugin/package.json,,node,tracked,
package_manifest,plugins/QA-Report-App/chroma-qa-reports/build-env/node_modules/minimalistic-assert/package.json,plugins/QA-Report-App/chroma-qa-reports/build-env/node_modules/minimalistic-assert/package.json,,node,tracked,
package_manifest,plugins/QA-Report-App/chroma-qa-reports/build-env/node_modules/minimatch/dist/cjs/package.json,plugins/QA-Report-App/chroma-qa-reports/build-env/node_modules/minimatch/dist/cjs/package.json,,node,tracked,
package_manifest,plugins/QA-Report-App/chroma-qa-reports/build-env/node_modules/minimatch/dist/mjs/package.json,plugins/QA-Report-App/chroma-qa-reports/build-env/node_modules/minimatch/dist/mjs/package.json,,node,tracked,
package_manifest,plugins/QA-Report-App/chroma-qa-reports/build-env/node_modules/minimatch/package.json,plugins/QA-Report-App/chroma-qa-reports/build-env/node_modules/minimatch/package.json,,node,tracked,
package_manifest,plugins/QA-Report-App/chroma-qa-reports/build-env/node_modules/minimist-options/node_modules/is-plain-obj/package.json,plugins/QA-Report-App/chroma-qa-reports/build-env/node_modules/minimist-options/node_modules/is-plain-obj/package.json,,node,tracked,
package_manifest,plugins/QA-Report-App/chroma-qa-reports/build-env/node_modules/minimist-options/node_modules/kind-of/package.json,plugins/QA-Report-App/chroma-qa-reports/build-env/node_modules/minimist-options/node_modules/kind-of/package.json,,node,tracked,
package_manifest,plugins/QA-Report-App/chroma-qa-reports/build-env/node_modules/minimist-options/package.json,plugins/QA-Report-App/chroma-qa-reports/build-env/node_modules/minimist-options/package.json,,node,tracked,
package_manifest,plugins/QA-Report-App/chroma-qa-reports/build-env/node_modules/minimist/package.json,plugins/QA-Report-App/chroma-qa-reports/build-env/node_modules/minimist/package.json,,node,tracked,
package_manifest,plugins/QA-Report-App/chroma-qa-reports/build-env/node_modules/mitt/package.json,plugins/QA-Report-App/chroma-qa-reports/build-env/node_modules/mitt/package.json,,node,tracked,
package_manifest,plugins/QA-Report-App/chroma-qa-reports/build-env/node_modules/mixin-object/node_modules/for-in/package.json,plugins/QA-Report-App/chroma-qa-reports/build-env/node_modules/mixin-object/node_modules/for-in/package.json,,node,tracked,
package_manifest,plugins/QA-Report-App/chroma-qa-reports/build-env/node_modules/mixin-object/package.json,plugins/QA-Report-App/chroma-qa-reports/build-env/node_modules/mixin-object/package.json,,node,tracked,
package_manifest,plugins/QA-Report-App/chroma-qa-reports/build-env/node_modules/mkdirp-classic/package.json,plugins/QA-Report-App/chroma-qa-reports/build-env/node_modules/mkdirp-classic/package.json,,node,tracked,
package_manifest,plugins/QA-Report-App/chroma-qa-reports/build-env/node_modules/mrmime/package.json,plugins/QA-Report-App/chroma-qa-reports/build-env/node_modules/mrmime/package.json,,node,tracked,
package_manifest,plugins/QA-Report-App/chroma-qa-reports/build-env/node_modules/ms/package.json,plugins/QA-Report-App/chroma-qa-reports/build-env/node_modules/ms/package.json,,node,tracked,
package_manifest,plugins/QA-Report-App/chroma-qa-reports/build-env/node_modules/multicast-dns/package.json,plugins/QA-Report-App/chroma-qa-reports/build-env/node_modules/multicast-dns/package.json,,node,tracked,
package_manifest,plugins/QA-Report-App/chroma-qa-reports/build-env/node_modules/mz/package.json,plugins/QA-Report-App/chroma-qa-reports/build-env/node_modules/mz/package.json,,node,tracked,
package_manifest,plugins/QA-Report-App/chroma-qa-reports/build-env/node_modules/nanoid/async/package.json,plugins/QA-Report-App/chroma-qa-reports/build-env/node_modules/nanoid/async/package.json,,node,tracked,
package_manifest,plugins/QA-Report-App/chroma-qa-reports/build-env/node_modules/nanoid/non-secure/package.json,plugins/QA-Report-App/chroma-qa-reports/build-env/node_modules/nanoid/non-secure/package.json,,node,tracked,
package_manifest,plugins/QA-Report-App/chroma-qa-reports/build-env/node_modules/nanoid/package.json,plugins/QA-Report-App/chroma-qa-reports/build-env/node_modules/nanoid/package.json,,node,tracked,
package_manifest,plugins/QA-Report-App/chroma-qa-reports/build-env/node_modules/nanoid/url-alphabet/package.json,plugins/QA-Report-App/chroma-qa-reports/build-env/node_modules/nanoid/url-alphabet/package.json,,node,tracked,
package_manifest,plugins/QA-Report-App/chroma-qa-reports/build-env/node_modules/natural-compare/package.json,plugins/QA-Report-App/chroma-qa-reports/build-env/node_modules/natural-compare/package.json,,node,tracked,
package_manifest,plugins/QA-Report-App/chroma-qa-reports/build-env/node_modules/negotiator/package.json,plugins/QA-Report-App/chroma-qa-reports/build-env/node_modules/negotiator/package.json,,node,tracked,
package_manifest,plugins/QA-Report-App/chroma-qa-reports/build-env/node_modules/neo-async/package.json,plugins/QA-Report-App/chroma-qa-reports/build-env/node_modules/neo-async/package.json,,node,tracked,
package_manifest,plugins/QA-Report-App/chroma-qa-reports/build-env/node_modules/netmask/package.json,plugins/QA-Report-App/chroma-qa-reports/build-env/node_modules/netmask/package.json,,node,tracked,
package_manifest,plugins/QA-Report-App/chroma-qa-reports/build-env/node_modules/no-case/package.json,plugins/QA-Report-App/chroma-qa-reports/build-env/node_modules/no-case/package.json,,node,tracked,
package_manifest,plugins/QA-Report-App/chroma-qa-reports/build-env/node_modules/node-addon-api/package.json,plugins/QA-Report-App/chroma-qa-reports/build-env/node_modules/node-addon-api/package.json,,node,tracked,
package_manifest,plugins/QA-Report-App/chroma-qa-reports/build-env/node_modules/node-fetch/node_modules/tr46/package.json,plugins/QA-Report-App/chroma-qa-reports/build-env/node_modules/node-fetch/node_modules/tr46/package.json,,node,tracked,
package_manifest,plugins/QA-Report-App/chroma-qa-reports/build-env/node_modules/node-fetch/node_modules/webidl-conversions/package.json,plugins/QA-Report-App/chroma-qa-reports/build-env/node_modules/node-fetch/node_modules/webidl-conversions/package.json,,node,tracked,
package_manifest,plugins/QA-Report-App/chroma-qa-reports/build-env/node_modules/node-fetch/node_modules/whatwg-url/package.json,plugins/QA-Report-App/chroma-qa-reports/build-env/node_modules/node-fetch/node_modules/whatwg-url/package.json,,node,tracked,
package_manifest,plugins/QA-Report-App/chroma-qa-reports/build-env/node_modules/node-fetch/package.json,plugins/QA-Report-App/chroma-qa-reports/build-env/node_modules/node-fetch/package.json,,node,tracked,
package_manifest,plugins/QA-Report-App/chroma-qa-reports/build-env/node_modules/node-forge/package.json,plugins/QA-Report-App/chroma-qa-reports/build-env/node_modules/node-forge/package.json,,node,tracked,
package_manifest,plugins/QA-Report-App/chroma-qa-reports/build-env/node_modules/node-int64/package.json,plugins/QA-Report-App/chroma-qa-reports/build-env/node_modules/node-int64/package.json,,node,tracked,
package_manifest,plugins/QA-Report-App/chroma-qa-reports/build-env/node_modules/node-releases/package.json,plugins/QA-Report-App/chroma-qa-reports/build-env/node_modules/node-releases/package.json,,node,tracked,
package_manifest,plugins/QA-Report-App/chroma-qa-reports/build-env/node_modules/normalize-package-data/node_modules/semver/package.json,plugins/QA-Report-App/chroma-qa-reports/build-env/node_modules/normalize-package-data/node_modules/semver/package.json,,node,tracked,
package_manifest,plugins/QA-Report-App/chroma-qa-reports/build-env/node_modules/normalize-package-data/package.json,plugins/QA-Report-App/chroma-qa-reports/build-env/node_modules/normalize-package-data/package.json,,node,tracked,
package_manifest,plugins/QA-Report-App/chroma-qa-reports/build-env/node_modules/normalize-path/package.json,plugins/QA-Report-App/chroma-qa-reports/build-env/node_modules/normalize-path/package.json,,node,tracked,
package_manifest,plugins/QA-Report-App/chroma-qa-reports/build-env/node_modules/npm-bundled/package.json,plugins/QA-Report-App/chroma-qa-reports/build-env/node_modules/npm-bundled/package.json,,node,tracked,
package_manifest,plugins/QA-Report-App/chroma-qa-reports/build-env/node_modules/npm-normalize-package-bin/package.json,plugins/QA-Report-App/chroma-qa-reports/build-env/node_modules/npm-normalize-package-bin/package.json,,node,tracked,
package_manifest,plugins/QA-Report-App/chroma-qa-reports/build-env/node_modules/npm-package-json-lint/node_modules/jsonc-parser/package.json,plugins/QA-Report-App/chroma-qa-reports/build-env/node_modules/npm-package-json-lint/node_modules/jsonc-parser/package.json,,node,tracked,
package_manifest,plugins/QA-Report-App/chroma-qa-reports/build-env/node_modules/npm-package-json-lint/node_modules/semver/package.json,plugins/QA-Report-App/chroma-qa-reports/build-env/node_modules/npm-package-json-lint/node_modules/semver/package.json,,node,tracked,
package_manifest,plugins/QA-Report-App/chroma-qa-reports/build-env/node_modules/npm-package-json-lint/node_modules/type-fest/package.json,plugins/QA-Report-App/chroma-qa-reports/build-env/node_modules/npm-package-json-lint/node_modules/type-fest/package.json,,node,tracked,
package_manifest,plugins/QA-Report-App/chroma-qa-reports/build-env/node_modules/npm-package-json-lint/package.json,plugins/QA-Report-App/chroma-qa-reports/build-env/node_modules/npm-package-json-lint/package.json,,node,tracked,
package_manifest,plugins/QA-Report-App/chroma-qa-reports/build-env/node_modules/npm-packlist/package.json,plugins/QA-Report-App/chroma-qa-reports/build-env/node_modules/npm-packlist/package.json,,node,tracked,
package_manifest,plugins/QA-Report-App/chroma-qa-reports/build-env/node_modules/npm-run-path/package.json,plugins/QA-Report-App/chroma-qa-reports/build-env/node_modules/npm-run-path/package.json,,node,tracked,
package_manifest,plugins/QA-Report-App/chroma-qa-reports/build-env/node_modules/nth-check/lib/esm/package.json,plugins/QA-Report-App/chroma-qa-reports/build-env/node_modules/nth-check/lib/esm/package.json,,node,tracked,
package_manifest,plugins/QA-Report-App/chroma-qa-reports/build-env/node_modules/nth-check/package.json,plugins/QA-Report-App/chroma-qa-reports/build-env/node_modules/nth-check/package.json,,node,tracked,
package_manifest,plugins/QA-Report-App/chroma-qa-reports/build-env/node_modules/nwsapi/package.json,plugins/QA-Report-App/chroma-qa-reports/build-env/node_modules/nwsapi/package.json,,node,tracked,
package_manifest,plugins/QA-Report-App/chroma-qa-reports/build-env/node_modules/object-assign/package.json,plugins/QA-Report-App/chroma-qa-reports/build-env/node_modules/object-assign/package.json,,node,tracked,
package_manifest,plugins/QA-Report-App/chroma-qa-reports/build-env/node_modules/object-filter/package.json,plugins/QA-Report-App/chroma-qa-reports/build-env/node_modules/object-filter/package.json,,node,tracked,
package_manifest,plugins/QA-Report-App/chroma-qa-reports/build-env/node_modules/object-hash/package.json,plugins/QA-Report-App/chroma-qa-reports/build-env/node_modules/object-hash/package.json,,node,tracked,
package_manifest,plugins/QA-Report-App/chroma-qa-reports/build-env/node_modules/object-inspect/package.json,plugins/QA-Report-App/chroma-qa-reports/build-env/node_modules/object-inspect/package.json,,node,tracked,
package_manifest,plugins/QA-Report-App/chroma-qa-reports/build-env/node_modules/object-keys/package.json,plugins/QA-Report-App/chroma-qa-reports/build-env/node_modules/object-keys/package.json,,node,tracked,
package_manifest,plugins/QA-Report-App/chroma-qa-reports/build-env/node_modules/object.assign/package.json,plugins/QA-Report-App/chroma-qa-reports/build-env/node_modules/object.assign/package.json,,node,tracked,
package_manifest,plugins/QA-Report-App/chroma-qa-reports/build-env/node_modules/object.entries/package.json,plugins/QA-Report-App/chroma-qa-reports/build-env/node_modules/object.entries/package.json,,node,tracked,
package_manifest,plugins/QA-Report-App/chroma-qa-reports/build-env/node_modules/object.fromentries/package.json,plugins/QA-Report-App/chroma-qa-reports/build-env/node_modules/object.fromentries/package.json,,node,tracked,
package_manifest,plugins/QA-Report-App/chroma-qa-reports/build-env/node_modules/object.groupby/package.json,plugins/QA-Report-App/chroma-qa-reports/build-env/node_modules/object.groupby/package.json,,node,tracked,
package_manifest,plugins/QA-Report-App/chroma-qa-reports/build-env/node_modules/object.values/package.json,plugins/QA-Report-App/chroma-qa-reports/build-env/node_modules/object.values/package.json,,node,tracked,
package_manifest,plugins/QA-Report-App/chroma-qa-reports/build-env/node_modules/obuf/package.json,plugins/QA-Report-App/chroma-qa-reports/build-env/node_modules/obuf/package.json,,node,tracked,
package_manifest,plugins/QA-Report-App/chroma-qa-reports/build-env/node_modules/on-finished/package.json,plugins/QA-Report-App/chroma-qa-reports/build-env/node_modules/on-finished/package.json,,node,tracked,
package_manifest,plugins/QA-Report-App/chroma-qa-reports/build-env/node_modules/on-headers/package.json,plugins/QA-Report-App/chroma-qa-reports/build-env/node_modules/on-headers/package.json,,node,tracked,
package_manifest,plugins/QA-Report-App/chroma-qa-reports/build-env/node_modules/once/package.json,plugins/QA-Report-App/chroma-qa-reports/build-env/node_modules/once/package.json,,node,tracked,
package_manifest,plugins/QA-Report-App/chroma-qa-reports/build-env/node_modules/onetime/package.json,plugins/QA-Report-App/chroma-qa-reports/build-env/node_modules/onetime/package.json,,node,tracked,
package_manifest,plugins/QA-Report-App/chroma-qa-reports/build-env/node_modules/open/package.json,plugins/QA-Report-App/chroma-qa-reports/build-env/node_modules/open/package.json,,node,tracked,
package_manifest,plugins/QA-Report-App/chroma-qa-reports/build-env/node_modules/opener/package.json,plugins/QA-Report-App/chroma-qa-reports/build-env/node_modules/opener/package.json,,node,tracked,
package_manifest,plugins/QA-Report-App/chroma-qa-reports/build-env/node_modules/optionator/package.json,plugins/QA-Report-App/chroma-qa-reports/build-env/node_modules/optionator/package.json,,node,tracked,
package_manifest,plugins/QA-Report-App/chroma-qa-reports/build-env/node_modules/os-homedir/package.json,plugins/QA-Report-App/chroma-qa-reports/build-env/node_modules/os-homedir/package.json,,node,tracked,
package_manifest,plugins/QA-Report-App/chroma-qa-reports/build-env/node_modules/own-keys/package.json,plugins/QA-Report-App/chroma-qa-reports/build-env/node_modules/own-keys/package.json,,node,tracked,
package_manifest,plugins/QA-Report-App/chroma-qa-reports/build-env/node_modules/p-limit/package.json,plugins/QA-Report-App/chroma-qa-reports/build-env/node_modules/p-limit/package.json,,node,tracked,
package_manifest,plugins/QA-Report-App/chroma-qa-reports/build-env/node_modules/p-locate/node_modules/p-limit/package.json,plugins/QA-Report-App/chroma-qa-reports/build-env/node_modules/p-locate/node_modules/p-limit/package.json,,node,tracked,
package_manifest,plugins/QA-Report-App/chroma-qa-reports/build-env/node_modules/p-locate/package.json,plugins/QA-Report-App/chroma-qa-reports/build-env/node_modules/p-locate/package.json,,node,tracked,
package_manifest,plugins/QA-Report-App/chroma-qa-reports/build-env/node_modules/p-map/package.json,plugins/QA-Report-App/chroma-qa-reports/build-env/node_modules/p-map/package.json,,node,tracked,
package_manifest,plugins/QA-Report-App/chroma-qa-reports/build-env/node_modules/p-retry/package.json,plugins/QA-Report-App/chroma-qa-reports/build-env/node_modules/p-retry/package.json,,node,tracked,
package_manifest,plugins/QA-Report-App/chroma-qa-reports/build-env/node_modules/p-try/package.json,plugins/QA-Report-App/chroma-qa-reports/build-env/node_modules/p-try/package.json,,node,tracked,
package_manifest,plugins/QA-Report-App/chroma-qa-reports/build-env/node_modules/pac-proxy-agent/node_modules/agent-base/package.json,plugins/QA-Report-App/chroma-qa-reports/build-env/node_modules/pac-proxy-agent/node_modules/agent-base/package.json,,node,tracked,
package_manifest,plugins/QA-Report-App/chroma-qa-reports/build-env/node_modules/pac-proxy-agent/node_modules/http-proxy-agent/package.json,plugins/QA-Report-App/chroma-qa-reports/build-env/node_modules/pac-proxy-agent/node_modules/http-proxy-agent/package.json,,node,tracked,
package_manifest,plugins/QA-Report-App/chroma-qa-reports/build-env/node_modules/pac-proxy-agent/node_modules/https-proxy-agent/package.json,plugins/QA-Report-App/chroma-qa-reports/build-env/node_modules/pac-proxy-agent/node_modules/https-proxy-agent/package.json,,node,tracked,
package_manifest,plugins/QA-Report-App/chroma-qa-reports/build-env/node_modules/pac-proxy-agent/package.json,plugins/QA-Report-App/chroma-qa-reports/build-env/node_modules/pac-proxy-agent/package.json,,node,tracked,
package_manifest,plugins/QA-Report-App/chroma-qa-reports/build-env/node_modules/pac-resolver/package.json,plugins/QA-Report-App/chroma-qa-reports/build-env/node_modules/pac-resolver/package.json,,node,tracked,
package_manifest,plugins/QA-Report-App/chroma-qa-reports/build-env/node_modules/param-case/package.json,plugins/QA-Report-App/chroma-qa-reports/build-env/node_modules/param-case/package.json,,node,tracked,
package_manifest,plugins/QA-Report-App/chroma-qa-reports/build-env/node_modules/parent-module/package.json,plugins/QA-Report-App/chroma-qa-reports/build-env/node_modules/parent-module/package.json,,node,tracked,
package_manifest,plugins/QA-Report-App/chroma-qa-reports/build-env/node_modules/parse-cache-control/package.json,plugins/QA-Report-App/chroma-qa-reports/build-env/node_modules/parse-cache-control/package.json,,node,tracked,
package_manifest,plugins/QA-Report-App/chroma-qa-reports/build-env/node_modules/parse-json/package.json,plugins/QA-Report-App/chroma-qa-reports/build-env/node_modules/parse-json/package.json,,node,tracked,
package_manifest,plugins/QA-Report-App/chroma-qa-reports/build-env/node_modules/parse-passwd/package.json,plugins/QA-Report-App/chroma-qa-reports/build-env/node_modules/parse-passwd/package.json,,node,tracked,
package_manifest,plugins/QA-Report-App/chroma-qa-reports/build-env/node_modules/parse5/dist/cjs/package.json,plugins/QA-Report-App/chroma-qa-reports/build-env/node_modules/parse5/dist/cjs/package.json,,node,tracked,
package_manifest,plugins/QA-Report-App/chroma-qa-reports/build-env/node_modules/parse5/node_modules/entities/dist/commonjs/package.json,plugins/QA-Report-App/chroma-qa-reports/build-env/node_modules/parse5/node_modules/entities/dist/commonjs/package.json,,node,tracked,
package_manifest,plugins/QA-Report-App/chroma-qa-reports/build-env/node_modules/parse5/node_modules/entities/dist/esm/package.json,plugins/QA-Report-App/chroma-qa-reports/build-env/node_modules/parse5/node_modules/entities/dist/esm/package.json,,node,tracked,
package_manifest,plugins/QA-Report-App/chroma-qa-reports/build-env/node_modules/parse5/node_modules/entities/package.json,plugins/QA-Report-App/chroma-qa-reports/build-env/node_modules/parse5/node_modules/entities/package.json,,node,tracked,
package_manifest,plugins/QA-Report-App/chroma-qa-reports/build-env/node_modules/parse5/package.json,plugins/QA-Report-App/chroma-qa-reports/build-env/node_modules/parse5/package.json,,node,tracked,
package_manifest,plugins/QA-Report-App/chroma-qa-reports/build-env/node_modules/parseurl/package.json,plugins/QA-Report-App/chroma-qa-reports/build-env/node_modules/parseurl/package.json,,node,tracked,
package_manifest,plugins/QA-Report-App/chroma-qa-reports/build-env/node_modules/pascal-case/package.json,plugins/QA-Report-App/chroma-qa-reports/build-env/node_modules/pascal-case/package.json,,node,tracked,
package_manifest,plugins/QA-Report-App/chroma-qa-reports/build-env/node_modules/path-case/package.json,plugins/QA-Report-App/chroma-qa-reports/build-env/node_modules/path-case/package.json,,node,tracked,
package_manifest,plugins/QA-Report-App/chroma-qa-reports/build-env/node_modules/path-exists/package.json,plugins/QA-Report-App/chroma-qa-reports/build-env/node_modules/path-exists/package.json,,node,tracked,
package_manifest,plugins/QA-Report-App/chroma-qa-reports/build-env/node_modules/path-is-absolute/package.json,plugins/QA-Report-App/chroma-qa-reports/build-env/node_modules/path-is-absolute/package.json,,node,tracked,
package_manifest,plugins/QA-Report-App/chroma-qa-reports/build-env/node_modules/path-is-inside/package.json,plugins/QA-Report-App/chroma-qa-reports/build-env/node_modules/path-is-inside/package.json,,node,tracked,
package_manifest,plugins/QA-Report-App/chroma-qa-reports/build-env/node_modules/path-key/package.json,plugins/QA-Report-App/chroma-qa-reports/build-env/node_modules/path-key/package.json,,node,tracked,
package_manifest,plugins/QA-Report-App/chroma-qa-reports/build-env/node_modules/path-parse/package.json,plugins/QA-Report-App/chroma-qa-reports/build-env/node_modules/path-parse/package.json,,node,tracked,
package_manifest,plugins/QA-Report-App/chroma-qa-reports/build-env/node_modules/path-to-regexp/package.json,plugins/QA-Report-App/chroma-qa-reports/build-env/node_modules/path-to-regexp/package.json,,node,tracked,
package_manifest,plugins/QA-Report-App/chroma-qa-reports/build-env/node_modules/path-type/package.json,plugins/QA-Report-App/chroma-qa-reports/build-env/node_modules/path-type/package.json,,node,tracked,
package_manifest,plugins/QA-Report-App/chroma-qa-reports/build-env/node_modules/pend/package.json,plugins/QA-Report-App/chroma-qa-reports/build-env/node_modules/pend/package.json,,node,tracked,
package_manifest,plugins/QA-Report-App/chroma-qa-reports/build-env/node_modules/picocolors/package.json,plugins/QA-Report-App/chroma-qa-reports/build-env/node_modules/picocolors/package.json,,node,tracked,
package_manifest,plugins/QA-Report-App/chroma-qa-reports/build-env/node_modules/picomatch/package.json,plugins/QA-Report-App/chroma-qa-reports/build-env/node_modules/picomatch/package.json,,node,tracked,
package_manifest,plugins/QA-Report-App/chroma-qa-reports/build-env/node_modules/pify/package.json,plugins/QA-Report-App/chroma-qa-reports/build-env/node_modules/pify/package.json,,node,tracked,
package_manifest,plugins/QA-Report-App/chroma-qa-reports/build-env/node_modules/pinkie-promise/package.json,plugins/QA-Report-App/chroma-qa-reports/build-env/node_modules/pinkie-promise/package.json,,node,tracked,
package_manifest,plugins/QA-Report-App/chroma-qa-reports/build-env/node_modules/pinkie/package.json,plugins/QA-Report-App/chroma-qa-reports/build-env/node_modules/pinkie/package.json,,node,tracked,
package_manifest,plugins/QA-Report-App/chroma-qa-reports/build-env/node_modules/pirates/package.json,plugins/QA-Report-App/chroma-qa-reports/build-env/node_modules/pirates/package.json,,node,tracked,
package_manifest,plugins/QA-Report-App/chroma-qa-reports/build-env/node_modules/pkg-dir/package.json,plugins/QA-Report-App/chroma-qa-reports/build-env/node_modules/pkg-dir/package.json,,node,tracked,
package_manifest,plugins/QA-Report-App/chroma-qa-reports/build-env/node_modules/playwright-core/package.json,plugins/QA-Report-App/chroma-qa-reports/build-env/node_modules/playwright-core/package.json,,node,tracked,
package_manifest,plugins/QA-Report-App/chroma-qa-reports/build-env/node_modules/playwright/package.json,plugins/QA-Report-App/chroma-qa-reports/build-env/node_modules/playwright/package.json,,node,tracked,
package_manifest,plugins/QA-Report-App/chroma-qa-reports/build-env/node_modules/plur/package.json,plugins/QA-Report-App/chroma-qa-reports/build-env/node_modules/plur/package.json,,node,tracked,
package_manifest,plugins/QA-Report-App/chroma-qa-reports/build-env/node_modules/possible-typed-array-names/package.json,plugins/QA-Report-App/chroma-qa-reports/build-env/node_modules/possible-typed-array-names/package.json,,node,tracked,
package_manifest,plugins/QA-Report-App/chroma-qa-reports/build-env/node_modules/postcss-calc/package.json,plugins/QA-Report-App/chroma-qa-reports/build-env/node_modules/postcss-calc/package.json,,node,tracked,
package_manifest,plugins/QA-Report-App/chroma-qa-reports/build-env/node_modules/postcss-colormin/package.json,plugins/QA-Report-App/chroma-qa-reports/build-env/node_modules/postcss-colormin/package.json,,node,tracked,
package_manifest,plugins/QA-Report-App/chroma-qa-reports/build-env/node_modules/postcss-convert-values/package.json,plugins/QA-Report-App/chroma-qa-reports/build-env/node_modules/postcss-convert-values/package.json,,node,tracked,
package_manifest,plugins/QA-Report-App/chroma-qa-reports/build-env/node_modules/postcss-discard-comments/package.json,plugins/QA-Report-App/chroma-qa-reports/build-env/node_modules/postcss-discard-comments/package.json,,node,tracked,
package_manifest,plugins/QA-Report-App/chroma-qa-reports/build-env/node_modules/postcss-discard-duplicates/package.json,plugins/QA-Report-App/chroma-qa-reports/build-env/node_modules/postcss-discard-duplicates/package.json,,node,tracked,
package_manifest,plugins/QA-Report-App/chroma-qa-reports/build-env/node_modules/postcss-discard-empty/package.json,plugins/QA-Report-App/chroma-qa-reports/build-env/node_modules/postcss-discard-empty/package.json,,node,tracked,
package_manifest,plugins/QA-Report-App/chroma-qa-reports/build-env/node_modules/postcss-discard-overridden/package.json,plugins/QA-Report-App/chroma-qa-reports/build-env/node_modules/postcss-discard-overridden/package.json,,node,tracked,
package_manifest,plugins/QA-Report-App/chroma-qa-reports/build-env/node_modules/postcss-import/package.json,plugins/QA-Report-App/chroma-qa-reports/build-env/node_modules/postcss-import/package.json,,node,tracked,
package_manifest,plugins/QA-Report-App/chroma-qa-reports/build-env/node_modules/postcss-js/package.json,plugins/QA-Report-App/chroma-qa-reports/build-env/node_modules/postcss-js/package.json,,node,tracked,
package_manifest,plugins/QA-Report-App/chroma-qa-reports/build-env/node_modules/postcss-load-config/package.json,plugins/QA-Report-App/chroma-qa-reports/build-env/node_modules/postcss-load-config/package.json,,node,tracked,
package_manifest,plugins/QA-Report-App/chroma-qa-reports/build-env/node_modules/postcss-loader/node_modules/cosmiconfig/package.json,plugins/QA-Report-App/chroma-qa-reports/build-env/node_modules/postcss-loader/node_modules/cosmiconfig/package.json,,node,tracked,
package_manifest,plugins/QA-Report-App/chroma-qa-reports/build-env/node_modules/postcss-loader/node_modules/semver/package.json,plugins/QA-Report-App/chroma-qa-reports/build-env/node_modules/postcss-loader/node_modules/semver/package.json,,node,tracked,
package_manifest,plugins/QA-Report-App/chroma-qa-reports/build-env/node_modules/postcss-loader/node_modules/yaml/browser/dist/package.json,plugins/QA-Report-App/chroma-qa-reports/build-env/node_modules/postcss-loader/node_modules/yaml/browser/dist/package.json,,node,tracked,
package_manifest,plugins/QA-Report-App/chroma-qa-reports/build-env/node_modules/postcss-loader/node_modules/yaml/package.json,plugins/QA-Report-App/chroma-qa-reports/build-env/node_modules/postcss-loader/node_modules/yaml/package.json,,node,tracked,
package_manifest,plugins/QA-Report-App/chroma-qa-reports/build-env/node_modules/postcss-loader/package.json,plugins/QA-Report-App/chroma-qa-reports/build-env/node_modules/postcss-loader/package.json,,node,tracked,
package_manifest,plugins/QA-Report-App/chroma-qa-reports/build-env/node_modules/postcss-media-query-parser/package.json,plugins/QA-Report-App/chroma-qa-reports/build-env/node_modules/postcss-media-query-parser/package.json,,node,tracked,
package_manifest,plugins/QA-Report-App/chroma-qa-reports/build-env/node_modules/postcss-merge-longhand/package.json,plugins/QA-Report-App/chroma-qa-reports/build-env/node_modules/postcss-merge-longhand/package.json,,node,tracked,
package_manifest,plugins/QA-Report-App/chroma-qa-reports/build-env/node_modules/postcss-merge-rules/package.json,plugins/QA-Report-App/chroma-qa-reports/build-env/node_modules/postcss-merge-rules/package.json,,node,tracked,
package_manifest,plugins/QA-Report-App/chroma-qa-reports/build-env/node_modules/postcss-minify-font-values/package.json,plugins/QA-Report-App/chroma-qa-reports/build-env/node_modules/postcss-minify-font-values/package.json,,node,tracked,
package_manifest,plugins/QA-Report-App/chroma-qa-reports/build-env/node_modules/postcss-minify-gradients/package.json,plugins/QA-Report-App/chroma-qa-reports/build-env/node_modules/postcss-minify-gradients/package.json,,node,tracked,
package_manifest,plugins/QA-Report-App/chroma-qa-reports/build-env/node_modules/postcss-minify-params/package.json,plugins/QA-Report-App/chroma-qa-reports/build-env/node_modules/postcss-minify-params/package.json,,node,tracked,
package_manifest,plugins/QA-Report-App/chroma-qa-reports/build-env/node_modules/postcss-minify-selectors/package.json,plugins/QA-Report-App/chroma-qa-reports/build-env/node_modules/postcss-minify-selectors/package.json,,node,tracked,
package_manifest,plugins/QA-Report-App/chroma-qa-reports/build-env/node_modules/postcss-modules-extract-imports/package.json,plugins/QA-Report-App/chroma-qa-reports/build-env/node_modules/postcss-modules-extract-imports/package.json,,node,tracked,
package_manifest,plugins/QA-Report-App/chroma-qa-reports/build-env/node_modules/postcss-modules-local-by-default/node_modules/postcss-selector-parser/package.json,plugins/QA-Report-App/chroma-qa-reports/build-env/node_modules/postcss-modules-local-by-default/node_modules/postcss-selector-parser/package.json,,node,tracked,
package_manifest,plugins/QA-Report-App/chroma-qa-reports/build-env/node_modules/postcss-modules-local-by-default/package.json,plugins/QA-Report-App/chroma-qa-reports/build-env/node_modules/postcss-modules-local-by-default/package.json,,node,tracked,
package_manifest,plugins/QA-Report-App/chroma-qa-reports/build-env/node_modules/postcss-modules-scope/node_modules/postcss-selector-parser/package.json,plugins/QA-Report-App/chroma-qa-reports/build-env/node_modules/postcss-modules-scope/node_modules/postcss-selector-parser/package.json,,node,tracked,
package_manifest,plugins/QA-Report-App/chroma-qa-reports/build-env/node_modules/postcss-modules-scope/package.json,plugins/QA-Report-App/chroma-qa-reports/build-env/node_modules/postcss-modules-scope/package.json,,node,tracked,
package_manifest,plugins/QA-Report-App/chroma-qa-reports/build-env/node_modules/postcss-modules-values/package.json,plugins/QA-Report-App/chroma-qa-reports/build-env/node_modules/postcss-modules-values/package.json,,node,tracked,
package_manifest,plugins/QA-Report-App/chroma-qa-reports/build-env/node_modules/postcss-nested/package.json,plugins/QA-Report-App/chroma-qa-reports/build-env/node_modules/postcss-nested/package.json,,node,tracked,
package_manifest,plugins/QA-Report-App/chroma-qa-reports/build-env/node_modules/postcss-normalize-charset/package.json,plugins/QA-Report-App/chroma-qa-reports/build-env/node_modules/postcss-normalize-charset/package.json,,node,tracked,
package_manifest,plugins/QA-Report-App/chroma-qa-reports/build-env/node_modules/postcss-normalize-display-values/package.json,plugins/QA-Report-App/chroma-qa-reports/build-env/node_modules/postcss-normalize-display-values/package.json,,node,tracked,
package_manifest,plugins/QA-Report-App/chroma-qa-reports/build-env/node_modules/postcss-normalize-positions/package.json,plugins/QA-Report-App/chroma-qa-reports/build-env/node_modules/postcss-normalize-positions/package.json,,node,tracked,
package_manifest,plugins/QA-Report-App/chroma-qa-reports/build-env/node_modules/postcss-normalize-repeat-style/package.json,plugins/QA-Report-App/chroma-qa-reports/build-env/node_modules/postcss-normalize-repeat-style/package.json,,node,tracked,
package_manifest,plugins/QA-Report-App/chroma-qa-reports/build-env/node_modules/postcss-normalize-string/package.json,plugins/QA-Report-App/chroma-qa-reports/build-env/node_modules/postcss-normalize-string/package.json,,node,tracked,
package_manifest,plugins/QA-Report-App/chroma-qa-reports/build-env/node_modules/postcss-normalize-timing-functions/package.json,plugins/QA-Report-App/chroma-qa-reports/build-env/node_modules/postcss-normalize-timing-functions/package.json,,node,tracked,
package_manifest,plugins/QA-Report-App/chroma-qa-reports/build-env/node_modules/postcss-normalize-unicode/package.json,plugins/QA-Report-App/chroma-qa-reports/build-env/node_modules/postcss-normalize-unicode/package.json,,node,tracked,
package_manifest,plugins/QA-Report-App/chroma-qa-reports/build-env/node_modules/postcss-normalize-url/package.json,plugins/QA-Report-App/chroma-qa-reports/build-env/node_modules/postcss-normalize-url/package.json,,node,tracked,
package_manifest,plugins/QA-Report-App/chroma-qa-reports/build-env/node_modules/postcss-normalize-whitespace/package.json,plugins/QA-Report-App/chroma-qa-reports/build-env/node_modules/postcss-normalize-whitespace/package.json,,node,tracked,
package_manifest,plugins/QA-Report-App/chroma-qa-reports/build-env/node_modules/postcss-ordered-values/package.json,plugins/QA-Report-App/chroma-qa-reports/build-env/node_modules/postcss-ordered-values/package.json,,node,tracked,
package_manifest,plugins/QA-Report-App/chroma-qa-reports/build-env/node_modules/postcss-reduce-initial/package.json,plugins/QA-Report-App/chroma-qa-reports/build-env/node_modules/postcss-reduce-initial/package.json,,node,tracked,
package_manifest,plugins/QA-Report-App/chroma-qa-reports/build-env/node_modules/postcss-reduce-transforms/package.json,plugins/QA-Report-App/chroma-qa-reports/build-env/node_modules/postcss-reduce-transforms/package.json,,node,tracked,
package_manifest,plugins/QA-Report-App/chroma-qa-reports/build-env/node_modules/postcss-resolve-nested-selector/package.json,plugins/QA-Report-App/chroma-qa-reports/build-env/node_modules/postcss-resolve-nested-selector/package.json,,node,tracked,
package_manifest,plugins/QA-Report-App/chroma-qa-reports/build-env/node_modules/postcss-safe-parser/package.json,plugins/QA-Report-App/chroma-qa-reports/build-env/node_modules/postcss-safe-parser/package.json,,node,tracked,
package_manifest,plugins/QA-Report-App/chroma-qa-reports/build-env/node_modules/postcss-scss/package.json,plugins/QA-Report-App/chroma-qa-reports/build-env/node_modules/postcss-scss/package.json,,node,tracked,
package_manifest,plugins/QA-Report-App/chroma-qa-reports/build-env/node_modules/postcss-selector-parser/package.json,plugins/QA-Report-App/chroma-qa-reports/build-env/node_modules/postcss-selector-parser/package.json,,node,tracked,
package_manifest,plugins/QA-Report-App/chroma-qa-reports/build-env/node_modules/postcss-svgo/package.json,plugins/QA-Report-App/chroma-qa-reports/build-env/node_modules/postcss-svgo/package.json,,node,tracked,
package_manifest,plugins/QA-Report-App/chroma-qa-reports/build-env/node_modules/postcss-unique-selectors/package.json,plugins/QA-Report-App/chroma-qa-reports/build-env/node_modules/postcss-unique-selectors/package.json,,node,tracked,
package_manifest,plugins/QA-Report-App/chroma-qa-reports/build-env/node_modules/postcss-value-parser/package.json,plugins/QA-Report-App/chroma-qa-reports/build-env/node_modules/postcss-value-parser/package.json,,node,tracked,
package_manifest,plugins/QA-Report-App/chroma-qa-reports/build-env/node_modules/postcss/package.json,plugins/QA-Report-App/chroma-qa-reports/build-env/node_modules/postcss/package.json,,node,tracked,
package_manifest,plugins/QA-Report-App/chroma-qa-reports/build-env/node_modules/prelude-ls/package.json,plugins/QA-Report-App/chroma-qa-reports/build-env/node_modules/prelude-ls/package.json,,node,tracked,
package_manifest,plugins/QA-Report-App/chroma-qa-reports/build-env/node_modules/prettier-linter-helpers/package.json,plugins/QA-Report-App/chroma-qa-reports/build-env/node_modules/prettier-linter-helpers/package.json,,node,tracked,
package_manifest,plugins/QA-Report-App/chroma-qa-reports/build-env/node_modules/prettier/package.json,plugins/QA-Report-App/chroma-qa-reports/build-env/node_modules/prettier/package.json,,node,tracked,
package_manifest,plugins/QA-Report-App/chroma-qa-reports/build-env/node_modules/pretty-format/node_modules/ansi-styles/package.json,plugins/QA-Report-App/chroma-qa-reports/build-env/node_modules/pretty-format/node_modules/ansi-styles/package.json,,node,tracked,
package_manifest,plugins/QA-Report-App/chroma-qa-reports/build-env/node_modules/pretty-format/package.json,plugins/QA-Report-App/chroma-qa-reports/build-env/node_modules/pretty-format/package.json,,node,tracked,
package_manifest,plugins/QA-Report-App/chroma-qa-reports/build-env/node_modules/process-nextick-args/package.json,plugins/QA-Report-App/chroma-qa-reports/build-env/node_modules/process-nextick-args/package.json,,node,tracked,
package_manifest,plugins/QA-Report-App/chroma-qa-reports/build-env/node_modules/progress/package.json,plugins/QA-Report-App/chroma-qa-reports/build-env/node_modules/progress/package.json,,node,tracked,
package_manifest,plugins/QA-Report-App/chroma-qa-reports/build-env/node_modules/prompts/package.json,plugins/QA-Report-App/chroma-qa-reports/build-env/node_modules/prompts/package.json,,node,tracked,
package_manifest,plugins/QA-Report-App/chroma-qa-reports/build-env/node_modules/prop-types/node_modules/react-is/package.json,plugins/QA-Report-App/chroma-qa-reports/build-env/node_modules/prop-types/node_modules/react-is/package.json,,node,tracked,
package_manifest,plugins/QA-Report-App/chroma-qa-reports/build-env/node_modules/prop-types/package.json,plugins/QA-Report-App/chroma-qa-reports/build-env/node_modules/prop-types/package.json,,node,tracked,
package_manifest,plugins/QA-Report-App/chroma-qa-reports/build-env/node_modules/proxy-addr/node_modules/ipaddr.js/package.json,plugins/QA-Report-App/chroma-qa-reports/build-env/node_modules/proxy-addr/node_modules/ipaddr.js/package.json,,node,tracked,
package_manifest,plugins/QA-Report-App/chroma-qa-reports/build-env/node_modules/proxy-addr/package.json,plugins/QA-Report-App/chroma-qa-reports/build-env/node_modules/proxy-addr/package.json,,node,tracked,
package_manifest,plugins/QA-Report-App/chroma-qa-reports/build-env/node_modules/proxy-agent/node_modules/agent-base/package.json,plugins/QA-Report-App/chroma-qa-reports/build-env/node_modules/proxy-agent/node_modules/agent-base/package.json,,node,tracked,
package_manifest,plugins/QA-Report-App/chroma-qa-reports/build-env/node_modules/proxy-agent/node_modules/http-proxy-agent/package.json,plugins/QA-Report-App/chroma-qa-reports/build-env/node_modules/proxy-agent/node_modules/http-proxy-agent/package.json,,node,tracked,
package_manifest,plugins/QA-Report-App/chroma-qa-reports/build-env/node_modules/proxy-agent/node_modules/https-proxy-agent/package.json,plugins/QA-Report-App/chroma-qa-reports/build-env/node_modules/proxy-agent/node_modules/https-proxy-agent/package.json,,node,tracked,
package_manifest,plugins/QA-Report-App/chroma-qa-reports/build-env/node_modules/proxy-agent/node_modules/lru-cache/package.json,plugins/QA-Report-App/chroma-qa-reports/build-env/node_modules/proxy-agent/node_modules/lru-cache/package.json,,node,tracked,
package_manifest,plugins/QA-Report-App/chroma-qa-reports/build-env/node_modules/proxy-agent/package.json,plugins/QA-Report-App/chroma-qa-reports/build-env/node_modules/proxy-agent/package.json,,node,tracked,
package_manifest,plugins/QA-Report-App/chroma-qa-reports/build-env/node_modules/proxy-from-env/package.json,plugins/QA-Report-App/chroma-qa-reports/build-env/node_modules/proxy-from-env/package.json,,node,tracked,
package_manifest,plugins/QA-Report-App/chroma-qa-reports/build-env/node_modules/ps-list/package.json,plugins/QA-Report-App/chroma-qa-reports/build-env/node_modules/ps-list/package.json,,node,tracked,
package_manifest,plugins/QA-Report-App/chroma-qa-reports/build-env/node_modules/pseudomap/package.json,plugins/QA-Report-App/chroma-qa-reports/build-env/node_modules/pseudomap/package.json,,node,tracked,
package_manifest,plugins/QA-Report-App/chroma-qa-reports/build-env/node_modules/psl/package.json,plugins/QA-Report-App/chroma-qa-reports/build-env/node_modules/psl/package.json,,node,tracked,
package_manifest,plugins/QA-Report-App/chroma-qa-reports/build-env/node_modules/pump/package.json,plugins/QA-Report-App/chroma-qa-reports/build-env/node_modules/pump/package.json,,node,tracked,
package_manifest,plugins/QA-Report-App/chroma-qa-reports/build-env/node_modules/punycode/package.json,plugins/QA-Report-App/chroma-qa-reports/build-env/node_modules/punycode/package.json,,node,tracked,
package_manifest,plugins/QA-Report-App/chroma-qa-reports/build-env/node_modules/puppeteer-core/node_modules/debug/package.json,plugins/QA-Report-App/chroma-qa-reports/build-env/node_modules/puppeteer-core/node_modules/debug/package.json,,node,tracked,
package_manifest,plugins/QA-Report-App/chroma-qa-reports/build-env/node_modules/puppeteer-core/node_modules/devtools-protocol/package.json,plugins/QA-Report-App/chroma-qa-reports/build-env/node_modules/puppeteer-core/node_modules/devtools-protocol/package.json,,node,tracked,
package_manifest,plugins/QA-Report-App/chroma-qa-reports/build-env/node_modules/puppeteer-core/node_modules/ms/package.json,plugins/QA-Report-App/chroma-qa-reports/build-env/node_modules/puppeteer-core/node_modules/ms/package.json,,node,tracked,
package_manifest,plugins/QA-Report-App/chroma-qa-reports/build-env/node_modules/puppeteer-core/node_modules/rimraf/package.json,plugins/QA-Report-App/chroma-qa-reports/build-env/node_modules/puppeteer-core/node_modules/rimraf/package.json,,node,tracked,
package_manifest,plugins/QA-Report-App/chroma-qa-reports/build-env/node_modules/puppeteer-core/node_modules/ws/package.json,plugins/QA-Report-App/chroma-qa-reports/build-env/node_modules/puppeteer-core/node_modules/ws/package.json,,node,tracked,
package_manifest,plugins/QA-Report-App/chroma-qa-reports/build-env/node_modules/puppeteer-core/package.json,plugins/QA-Report-App/chroma-qa-reports/build-env/node_modules/puppeteer-core/package.json,,node,tracked,
package_manifest,plugins/QA-Report-App/chroma-qa-reports/build-env/node_modules/pure-rand/lib/esm/package.json,plugins/QA-Report-App/chroma-qa-reports/build-env/node_modules/pure-rand/lib/esm/package.json,,node,tracked,
package_manifest,plugins/QA-Report-App/chroma-qa-reports/build-env/node_modules/pure-rand/package.json,plugins/QA-Report-App/chroma-qa-reports/build-env/node_modules/pure-rand/package.json,,node,tracked,
package_manifest,plugins/QA-Report-App/chroma-qa-reports/build-env/node_modules/qs/package.json,plugins/QA-Report-App/chroma-qa-reports/build-env/node_modules/qs/package.json,,node,tracked,
package_manifest,plugins/QA-Report-App/chroma-qa-reports/build-env/node_modules/querystringify/package.json,plugins/QA-Report-App/chroma-qa-reports/build-env/node_modules/querystringify/package.json,,node,tracked,
package_manifest,plugins/QA-Report-App/chroma-qa-reports/build-env/node_modules/queue-microtask/package.json,plugins/QA-Report-App/chroma-qa-reports/build-env/node_modules/queue-microtask/package.json,,node,tracked,
package_manifest,plugins/QA-Report-App/chroma-qa-reports/build-env/node_modules/quick-lru/package.json,plugins/QA-Report-App/chroma-qa-reports/build-env/node_modules/quick-lru/package.json,,node,tracked,
package_manifest,plugins/QA-Report-App/chroma-qa-reports/build-env/node_modules/randombytes/package.json,plugins/QA-Report-App/chroma-qa-reports/build-env/node_modules/randombytes/package.json,,node,tracked,
package_manifest,plugins/QA-Report-App/chroma-qa-reports/build-env/node_modules/range-parser/package.json,plugins/QA-Report-App/chroma-qa-reports/build-env/node_modules/range-parser/package.json,,node,tracked,
package_manifest,plugins/QA-Report-App/chroma-qa-reports/build-env/node_modules/raw-body/node_modules/iconv-lite/package.json,plugins/QA-Report-App/chroma-qa-reports/build-env/node_modules/raw-body/node_modules/iconv-lite/package.json,,node,tracked,
package_manifest,plugins/QA-Report-App/chroma-qa-reports/build-env/node_modules/raw-body/package.json,plugins/QA-Report-App/chroma-qa-reports/build-env/node_modules/raw-body/package.json,,node,tracked,
package_manifest,plugins/QA-Report-App/chroma-qa-reports/build-env/node_modules/react-dom/package.json,plugins/QA-Report-App/chroma-qa-reports/build-env/node_modules/react-dom/package.json,,node,tracked,
package_manifest,plugins/QA-Report-App/chroma-qa-reports/build-env/node_modules/react-dropzone/dist/es/package.json,plugins/QA-Report-App/chroma-qa-reports/build-env/node_modules/react-dropzone/dist/es/package.json,,node,tracked,
package_manifest,plugins/QA-Report-App/chroma-qa-reports/build-env/node_modules/react-dropzone/package.json,plugins/QA-Report-App/chroma-qa-reports/build-env/node_modules/react-dropzone/package.json,,node,tracked,
package_manifest,plugins/QA-Report-App/chroma-qa-reports/build-env/node_modules/react-is/package.json,plugins/QA-Report-App/chroma-qa-reports/build-env/node_modules/react-is/package.json,,node,tracked,
package_manifest,plugins/QA-Report-App/chroma-qa-reports/build-env/node_modules/react-redux/package.json,plugins/QA-Report-App/chroma-qa-reports/build-env/node_modules/react-redux/package.json,,node,tracked,
package_manifest,plugins/QA-Report-App/chroma-qa-reports/build-env/node_modules/react-refresh/package.json,plugins/QA-Report-App/chroma-qa-reports/build-env/node_modules/react-refresh/package.json,,node,tracked,
package_manifest,plugins/QA-Report-App/chroma-qa-reports/build-env/node_modules/react-remove-scroll-bar/constants/package.json,plugins/QA-Report-App/chroma-qa-reports/build-env/node_modules/react-remove-scroll-bar/constants/package.json,,node,tracked,
package_manifest,plugins/QA-Report-App/chroma-qa-reports/build-env/node_modules/react-remove-scroll-bar/package.json,plugins/QA-Report-App/chroma-qa-reports/build-env/node_modules/react-remove-scroll-bar/package.json,,node,tracked,
package_manifest,plugins/QA-Report-App/chroma-qa-reports/build-env/node_modules/react-remove-scroll/UI/package.json,plugins/QA-Report-App/chroma-qa-reports/build-env/node_modules/react-remove-scroll/UI/package.json,,node,tracked,
package_manifest,plugins/QA-Report-App/chroma-qa-reports/build-env/node_modules/react-remove-scroll/package.json,plugins/QA-Report-App/chroma-qa-reports/build-env/node_modules/react-remove-scroll/package.json,,node,tracked,
package_manifest,plugins/QA-Report-App/chroma-qa-reports/build-env/node_modules/react-remove-scroll/sidecar/package.json,plugins/QA-Report-App/chroma-qa-reports/build-env/node_modules/react-remove-scroll/sidecar/package.json,,node,tracked,
package_manifest,plugins/QA-Report-App/chroma-qa-reports/build-env/node_modules/react-router-dom/package.json,plugins/QA-Report-App/chroma-qa-reports/build-env/node_modules/react-router-dom/package.json,,node,tracked,
package_manifest,plugins/QA-Report-App/chroma-qa-reports/build-env/node_modules/react-router/package.json,plugins/QA-Report-App/chroma-qa-reports/build-env/node_modules/react-router/package.json,,node,tracked,
package_manifest,plugins/QA-Report-App/chroma-qa-reports/build-env/node_modules/react-style-singleton/package.json,plugins/QA-Report-App/chroma-qa-reports/build-env/node_modules/react-style-singleton/package.json,,node,tracked,
package_manifest,plugins/QA-Report-App/chroma-qa-reports/build-env/node_modules/react/package.json,plugins/QA-Report-App/chroma-qa-reports/build-env/node_modules/react/package.json,,node,tracked,
package_manifest,plugins/QA-Report-App/chroma-qa-reports/build-env/node_modules/read-cache/node_modules/pify/package.json,plugins/QA-Report-App/chroma-qa-reports/build-env/node_modules/read-cache/node_modules/pify/package.json,,node,tracked,
package_manifest,plugins/QA-Report-App/chroma-qa-reports/build-env/node_modules/read-cache/package.json,plugins/QA-Report-App/chroma-qa-reports/build-env/node_modules/read-cache/package.json,,node,tracked,
package_manifest,plugins/QA-Report-App/chroma-qa-reports/build-env/node_modules/read-pkg-up/node_modules/type-fest/package.json,plugins/QA-Report-App/chroma-qa-reports/build-env/node_modules/read-pkg-up/node_modules/type-fest/package.json,,node,tracked,
package_manifest,plugins/QA-Report-App/chroma-qa-reports/build-env/node_modules/read-pkg-up/package.json,plugins/QA-Report-App/chroma-qa-reports/build-env/node_modules/read-pkg-up/package.json,,node,tracked,
package_manifest,plugins/QA-Report-App/chroma-qa-reports/build-env/node_modules/read-pkg/node_modules/hosted-git-info/package.json,plugins/QA-Report-App/chroma-qa-reports/build-env/node_modules/read-pkg/node_modules/hosted-git-info/package.json,,node,tracked,
package_manifest,plugins/QA-Report-App/chroma-qa-reports/build-env/node_modules/read-pkg/node_modules/normalize-package-data/package.json,plugins/QA-Report-App/chroma-qa-reports/build-env/node_modules/read-pkg/node_modules/normalize-package-data/package.json,,node,tracked,
package_manifest,plugins/QA-Report-App/chroma-qa-reports/build-env/node_modules/read-pkg/node_modules/semver/package.json,plugins/QA-Report-App/chroma-qa-reports/build-env/node_modules/read-pkg/node_modules/semver/package.json,,node,tracked,
package_manifest,plugins/QA-Report-App/chroma-qa-reports/build-env/node_modules/read-pkg/node_modules/type-fest/package.json,plugins/QA-Report-App/chroma-qa-reports/build-env/node_modules/read-pkg/node_modules/type-fest/package.json,,node,tracked,
package_manifest,plugins/QA-Report-App/chroma-qa-reports/build-env/node_modules/read-pkg/package.json,plugins/QA-Report-App/chroma-qa-reports/build-env/node_modules/read-pkg/package.json,,node,tracked,
package_manifest,plugins/QA-Report-App/chroma-qa-reports/build-env/node_modules/readable-stream/package.json,plugins/QA-Report-App/chroma-qa-reports/build-env/node_modules/readable-stream/package.json,,node,tracked,
package_manifest,plugins/QA-Report-App/chroma-qa-reports/build-env/node_modules/readdirp/esm/package.json,plugins/QA-Report-App/chroma-qa-reports/build-env/node_modules/readdirp/esm/package.json,,node,tracked,
package_manifest,plugins/QA-Report-App/chroma-qa-reports/build-env/node_modules/readdirp/package.json,plugins/QA-Report-App/chroma-qa-reports/build-env/node_modules/readdirp/package.json,,node,tracked,
package_manifest,plugins/QA-Report-App/chroma-qa-reports/build-env/node_modules/recharts/node_modules/eventemitter3/package.json,plugins/QA-Report-App/chroma-qa-reports/build-env/node_modules/recharts/node_modules/eventemitter3/package.json,,node,tracked,
package_manifest,plugins/QA-Report-App/chroma-qa-reports/build-env/node_modules/recharts/package.json,plugins/QA-Report-App/chroma-qa-reports/build-env/node_modules/recharts/package.json,,node,tracked,
package_manifest,plugins/QA-Report-App/chroma-qa-reports/build-env/node_modules/rechoir/package.json,plugins/QA-Report-App/chroma-qa-reports/build-env/node_modules/rechoir/package.json,,node,tracked,
package_manifest,plugins/QA-Report-App/chroma-qa-reports/build-env/node_modules/redent/package.json,plugins/QA-Report-App/chroma-qa-reports/build-env/node_modules/redent/package.json,,node,tracked,
package_manifest,plugins/QA-Report-App/chroma-qa-reports/build-env/node_modules/redux-thunk/package.json,plugins/QA-Report-App/chroma-qa-reports/build-env/node_modules/redux-thunk/package.json,,node,tracked,
package_manifest,plugins/QA-Report-App/chroma-qa-reports/build-env/node_modules/redux/package.json,plugins/QA-Report-App/chroma-qa-reports/build-env/node_modules/redux/package.json,,node,tracked,
package_manifest,plugins/QA-Report-App/chroma-qa-reports/build-env/node_modules/reflect.getprototypeof/package.json,plugins/QA-Report-App/chroma-qa-reports/build-env/node_modules/reflect.getprototypeof/package.json,,node,tracked,
package_manifest,plugins/QA-Report-App/chroma-qa-reports/build-env/node_modules/regenerate-unicode-properties/package.json,plugins/QA-Report-App/chroma-qa-reports/build-env/node_modules/regenerate-unicode-properties/package.json,,node,tracked,
package_manifest,plugins/QA-Report-App/chroma-qa-reports/build-env/node_modules/regenerate/package.json,plugins/QA-Report-App/chroma-qa-reports/build-env/node_modules/regenerate/package.json,,node,tracked,
package_manifest,plugins/QA-Report-App/chroma-qa-reports/build-env/node_modules/regenerator-runtime/package.json,plugins/QA-Report-App/chroma-qa-reports/build-env/node_modules/regenerator-runtime/package.json,,node,tracked,
package_manifest,plugins/QA-Report-App/chroma-qa-reports/build-env/node_modules/regexp.prototype.flags/package.json,plugins/QA-Report-App/chroma-qa-reports/build-env/node_modules/regexp.prototype.flags/package.json,,node,tracked,
package_manifest,plugins/QA-Report-App/chroma-qa-reports/build-env/node_modules/regexpu-core/package.json,plugins/QA-Report-App/chroma-qa-reports/build-env/node_modules/regexpu-core/package.json,,node,tracked,
package_manifest,plugins/QA-Report-App/chroma-qa-reports/build-env/node_modules/regjsgen/package.json,plugins/QA-Report-App/chroma-qa-reports/build-env/node_modules/regjsgen/package.json,,node,tracked,
package_manifest,plugins/QA-Report-App/chroma-qa-reports/build-env/node_modules/regjsparser/package.json,plugins/QA-Report-App/chroma-qa-reports/build-env/node_modules/regjsparser/package.json,,node,tracked,
package_manifest,plugins/QA-Report-App/chroma-qa-reports/build-env/node_modules/remove-accents/package.json,plugins/QA-Report-App/chroma-qa-reports/build-env/node_modules/remove-accents/package.json,,node,tracked,
package_manifest,plugins/QA-Report-App/chroma-qa-reports/build-env/node_modules/require-directory/package.json,plugins/QA-Report-App/chroma-qa-reports/build-env/node_modules/require-directory/package.json,,node,tracked,
package_manifest,plugins/QA-Report-App/chroma-qa-reports/build-env/node_modules/require-from-string/package.json,plugins/QA-Report-App/chroma-qa-reports/build-env/node_modules/require-from-string/package.json,,node,tracked,
package_manifest,plugins/QA-Report-App/chroma-qa-reports/build-env/node_modules/requireindex/package.json,plugins/QA-Report-App/chroma-qa-reports/build-env/node_modules/requireindex/package.json,,node,tracked,
package_manifest,plugins/QA-Report-App/chroma-qa-reports/build-env/node_modules/requires-port/package.json,plugins/QA-Report-App/chroma-qa-reports/build-env/node_modules/requires-port/package.json,,node,tracked,
package_manifest,plugins/QA-Report-App/chroma-qa-reports/build-env/node_modules/reselect/package.json,plugins/QA-Report-App/chroma-qa-reports/build-env/node_modules/reselect/package.json,,node,tracked,
package_manifest,plugins/QA-Report-App/chroma-qa-reports/build-env/node_modules/resolve-bin/package.json,plugins/QA-Report-App/chroma-qa-reports/build-env/node_modules/resolve-bin/package.json,,node,tracked,
package_manifest,plugins/QA-Report-App/chroma-qa-reports/build-env/node_modules/resolve-cwd/package.json,plugins/QA-Report-App/chroma-qa-reports/build-env/node_modules/resolve-cwd/package.json,,node,tracked,
package_manifest,plugins/QA-Report-App/chroma-qa-reports/build-env/node_modules/resolve-dir/package.json,plugins/QA-Report-App/chroma-qa-reports/build-env/node_modules/resolve-dir/package.json,,node,tracked,
package_manifest,plugins/QA-Report-App/chroma-qa-reports/build-env/node_modules/resolve-from/package.json,plugins/QA-Report-App/chroma-qa-reports/build-env/node_modules/resolve-from/package.json,,node,tracked,
package_manifest,plugins/QA-Report-App/chroma-qa-reports/build-env/node_modules/resolve.exports/package.json,plugins/QA-Report-App/chroma-qa-reports/build-env/node_modules/resolve.exports/package.json,,node,tracked,
package_manifest,plugins/QA-Report-App/chroma-qa-reports/build-env/node_modules/resolve/package.json,plugins/QA-Report-App/chroma-qa-reports/build-env/node_modules/resolve/package.json,,node,tracked,
package_manifest,plugins/QA-Report-App/chroma-qa-reports/build-env/node_modules/resolve/test/module_dir/zmodules/bbb/package.json,plugins/QA-Report-App/chroma-qa-reports/build-env/node_modules/resolve/test/module_dir/zmodules/bbb/package.json,,node,tracked,
package_manifest,plugins/QA-Report-App/chroma-qa-reports/build-env/node_modules/resolve/test/resolver/baz/package.json,plugins/QA-Report-App/chroma-qa-reports/build-env/node_modules/resolve/test/resolver/baz/package.json,,node,tracked,
package_manifest,plugins/QA-Report-App/chroma-qa-reports/build-env/node_modules/resolve/test/resolver/browser_field/package.json,plugins/QA-Report-App/chroma-qa-reports/build-env/node_modules/resolve/test/resolver/browser_field/package.json,,node,tracked,
package_manifest,plugins/QA-Report-App/chroma-qa-reports/build-env/node_modules/resolve/test/resolver/dot_main/package.json,plugins/QA-Report-App/chroma-qa-reports/build-env/node_modules/resolve/test/resolver/dot_main/package.json,,node,tracked,
package_manifest,plugins/QA-Report-App/chroma-qa-reports/build-env/node_modules/resolve/test/resolver/dot_slash_main/package.json,plugins/QA-Report-App/chroma-qa-reports/build-env/node_modules/resolve/test/resolver/dot_slash_main/package.json,,node,tracked,
package_manifest,plugins/QA-Report-App/chroma-qa-reports/build-env/node_modules/resolve/test/resolver/false_main/package.json,plugins/QA-Report-App/chroma-qa-reports/build-env/node_modules/resolve/test/resolver/false_main/package.json,,node,tracked,
package_manifest,plugins/QA-Report-App/chroma-qa-reports/build-env/node_modules/resolve/test/resolver/incorrect_main/package.json,plugins/QA-Report-App/chroma-qa-reports/build-env/node_modules/resolve/test/resolver/incorrect_main/package.json,,node,tracked,
package_manifest,plugins/QA-Report-App/chroma-qa-reports/build-env/node_modules/resolve/test/resolver/invalid_main/package.json,plugins/QA-Report-App/chroma-qa-reports/build-env/node_modules/resolve/test/resolver/invalid_main/package.json,,node,tracked,
package_manifest,plugins/QA-Report-App/chroma-qa-reports/build-env/node_modules/resolve/test/resolver/multirepo/package.json,plugins/QA-Report-App/chroma-qa-reports/build-env/node_modules/resolve/test/resolver/multirepo/package.json,,node,tracked,
package_manifest,plugins/QA-Report-App/chroma-qa-reports/build-env/node_modules/resolve/test/resolver/multirepo/packages/package-a/package.json,plugins/QA-Report-App/chroma-qa-reports/build-env/node_modules/resolve/test/resolver/multirepo/packages/package-a/package.json,,node,tracked,
package_manifest,plugins/QA-Report-App/chroma-qa-reports/build-env/node_modules/resolve/test/resolver/multirepo/packages/package-b/package.json,plugins/QA-Report-App/chroma-qa-reports/build-env/node_modules/resolve/test/resolver/multirepo/packages/package-b/package.json,,node,tracked,
package_manifest,plugins/QA-Report-App/chroma-qa-reports/build-env/node_modules/resolve/test/resolver/nested_symlinks/mylib/package.json,plugins/QA-Report-App/chroma-qa-reports/build-env/node_modules/resolve/test/resolver/nested_symlinks/mylib/package.json,,node,tracked,
package_manifest,plugins/QA-Report-App/chroma-qa-reports/build-env/node_modules/resolve/test/resolver/symlinked/package/package.json,plugins/QA-Report-App/chroma-qa-reports/build-env/node_modules/resolve/test/resolver/symlinked/package/package.json,,node,tracked,
package_manifest,plugins/QA-Report-App/chroma-qa-reports/build-env/node_modules/retry/package.json,plugins/QA-Report-App/chroma-qa-reports/build-env/node_modules/retry/package.json,,node,tracked,
package_manifest,plugins/QA-Report-App/chroma-qa-reports/build-env/node_modules/reusify/package.json,plugins/QA-Report-App/chroma-qa-reports/build-env/node_modules/reusify/package.json,,node,tracked,
package_manifest,plugins/QA-Report-App/chroma-qa-reports/build-env/node_modules/rimraf/package.json,plugins/QA-Report-App/chroma-qa-reports/build-env/node_modules/rimraf/package.json,,node,tracked,
package_manifest,plugins/QA-Report-App/chroma-qa-reports/build-env/node_modules/robots-parser/package.json,plugins/QA-Report-App/chroma-qa-reports/build-env/node_modules/robots-parser/package.json,,node,tracked,
package_manifest,plugins/QA-Report-App/chroma-qa-reports/build-env/node_modules/rtlcss-webpack-plugin/package.json,plugins/QA-Report-App/chroma-qa-reports/build-env/node_modules/rtlcss-webpack-plugin/package.json,,node,tracked,
package_manifest,plugins/QA-Report-App/chroma-qa-reports/build-env/node_modules/rtlcss/node_modules/find-up/package.json,plugins/QA-Report-App/chroma-qa-reports/build-env/node_modules/rtlcss/node_modules/find-up/package.json,,node,tracked,
package_manifest,plugins/QA-Report-App/chroma-qa-reports/build-env/node_modules/rtlcss/node_modules/locate-path/package.json,plugins/QA-Report-App/chroma-qa-reports/build-env/node_modules/rtlcss/node_modules/locate-path/package.json,,node,tracked,
package_manifest,plugins/QA-Report-App/chroma-qa-reports/build-env/node_modules/rtlcss/node_modules/p-locate/package.json,plugins/QA-Report-App/chroma-qa-reports/build-env/node_modules/rtlcss/node_modules/p-locate/package.json,,node,tracked,
package_manifest,plugins/QA-Report-App/chroma-qa-reports/build-env/node_modules/rtlcss/package.json,plugins/QA-Report-App/chroma-qa-reports/build-env/node_modules/rtlcss/package.json,,node,tracked,
package_manifest,plugins/QA-Report-App/chroma-qa-reports/build-env/node_modules/run-con/node_modules/ini/package.json,plugins/QA-Report-App/chroma-qa-reports/build-env/node_modules/run-con/node_modules/ini/package.json,,node,tracked,
package_manifest,plugins/QA-Report-App/chroma-qa-reports/build-env/node_modules/run-con/package.json,plugins/QA-Report-App/chroma-qa-reports/build-env/node_modules/run-con/package.json,,node,tracked,
package_manifest,plugins/QA-Report-App/chroma-qa-reports/build-env/node_modules/run-parallel/package.json,plugins/QA-Report-App/chroma-qa-reports/build-env/node_modules/run-parallel/package.json,,node,tracked,
package_manifest,plugins/QA-Report-App/chroma-qa-reports/build-env/node_modules/rxjs/ajax/package.json,plugins/QA-Report-App/chroma-qa-reports/build-env/node_modules/rxjs/ajax/package.json,,node,tracked,
package_manifest,plugins/QA-Report-App/chroma-qa-reports/build-env/node_modules/rxjs/fetch/package.json,plugins/QA-Report-App/chroma-qa-reports/build-env/node_modules/rxjs/fetch/package.json,,node,tracked,
package_manifest,plugins/QA-Report-App/chroma-qa-reports/build-env/node_modules/rxjs/operators/package.json,plugins/QA-Report-App/chroma-qa-reports/build-env/node_modules/rxjs/operators/package.json,,node,tracked,
package_manifest,plugins/QA-Report-App/chroma-qa-reports/build-env/node_modules/rxjs/package.json,plugins/QA-Report-App/chroma-qa-reports/build-env/node_modules/rxjs/package.json,,node,tracked,
package_manifest,plugins/QA-Report-App/chroma-qa-reports/build-env/node_modules/rxjs/testing/package.json,plugins/QA-Report-App/chroma-qa-reports/build-env/node_modules/rxjs/testing/package.json,,node,tracked,
package_manifest,plugins/QA-Report-App/chroma-qa-reports/build-env/node_modules/rxjs/webSocket/package.json,plugins/QA-Report-App/chroma-qa-reports/build-env/node_modules/rxjs/webSocket/package.json,,node,tracked,
package_manifest,plugins/QA-Report-App/chroma-qa-reports/build-env/node_modules/safe-array-concat/package.json,plugins/QA-Report-App/chroma-qa-reports/build-env/node_modules/safe-array-concat/package.json,,node,tracked,
package_manifest,plugins/QA-Report-App/chroma-qa-reports/build-env/node_modules/safe-buffer/package.json,plugins/QA-Report-App/chroma-qa-reports/build-env/node_modules/safe-buffer/package.json,,node,tracked,
package_manifest,plugins/QA-Report-App/chroma-qa-reports/build-env/node_modules/safe-push-apply/package.json,plugins/QA-Report-App/chroma-qa-reports/build-env/node_modules/safe-push-apply/package.json,,node,tracked,
package_manifest,plugins/QA-Report-App/chroma-qa-reports/build-env/node_modules/safe-regex-test/package.json,plugins/QA-Report-App/chroma-qa-reports/build-env/node_modules/safe-regex-test/package.json,,node,tracked,
package_manifest,plugins/QA-Report-App/chroma-qa-reports/build-env/node_modules/safer-buffer/package.json,plugins/QA-Report-App/chroma-qa-reports/build-env/node_modules/safer-buffer/package.json,,node,tracked,
package_manifest,plugins/QA-Report-App/chroma-qa-reports/build-env/node_modules/sass-loader/package.json,plugins/QA-Report-App/chroma-qa-reports/build-env/node_modules/sass-loader/package.json,,node,tracked,
package_manifest,plugins/QA-Report-App/chroma-qa-reports/build-env/node_modules/sass/package.json,plugins/QA-Report-App/chroma-qa-reports/build-env/node_modules/sass/package.json,,node,tracked,
package_manifest,plugins/QA-Report-App/chroma-qa-reports/build-env/node_modules/saxes/package.json,plugins/QA-Report-App/chroma-qa-reports/build-env/node_modules/saxes/package.json,,node,tracked,
package_manifest,plugins/QA-Report-App/chroma-qa-reports/build-env/node_modules/scheduler/package.json,plugins/QA-Report-App/chroma-qa-reports/build-env/node_modules/scheduler/package.json,,node,tracked,
package_manifest,plugins/QA-Report-App/chroma-qa-reports/build-env/node_modules/schema-utils/node_modules/ajv-keywords/package.json,plugins/QA-Report-App/chroma-qa-reports/build-env/node_modules/schema-utils/node_modules/ajv-keywords/package.json,,node,tracked,
package_manifest,plugins/QA-Report-App/chroma-qa-reports/build-env/node_modules/schema-utils/node_modules/ajv/package.json,plugins/QA-Report-App/chroma-qa-reports/build-env/node_modules/schema-utils/node_modules/ajv/package.json,,node,tracked,
package_manifest,plugins/QA-Report-App/chroma-qa-reports/build-env/node_modules/schema-utils/node_modules/json-schema-traverse/package.json,plugins/QA-Report-App/chroma-qa-reports/build-env/node_modules/schema-utils/node_modules/json-schema-traverse/package.json,,node,tracked,
package_manifest,plugins/QA-Report-App/chroma-qa-reports/build-env/node_modules/schema-utils/package.json,plugins/QA-Report-App/chroma-qa-reports/build-env/node_modules/schema-utils/package.json,,node,tracked,
package_manifest,plugins/QA-Report-App/chroma-qa-reports/build-env/node_modules/select-hose/package.json,plugins/QA-Report-App/chroma-qa-reports/build-env/node_modules/select-hose/package.json,,node,tracked,
package_manifest,plugins/QA-Report-App/chroma-qa-reports/build-env/node_modules/selfsigned/package.json,plugins/QA-Report-App/chroma-qa-reports/build-env/node_modules/selfsigned/package.json,,node,tracked,
package_manifest,plugins/QA-Report-App/chroma-qa-reports/build-env/node_modules/semver/package.json,plugins/QA-Report-App/chroma-qa-reports/build-env/node_modules/semver/package.json,,node,tracked,
package_manifest,plugins/QA-Report-App/chroma-qa-reports/build-env/node_modules/send/node_modules/debug/node_modules/ms/package.json,plugins/QA-Report-App/chroma-qa-reports/build-env/node_modules/send/node_modules/debug/node_modules/ms/package.json,,node,tracked,
package_manifest,plugins/QA-Report-App/chroma-qa-reports/build-env/node_modules/send/node_modules/debug/package.json,plugins/QA-Report-App/chroma-qa-reports/build-env/node_modules/send/node_modules/debug/package.json,,node,tracked,
package_manifest,plugins/QA-Report-App/chroma-qa-reports/build-env/node_modules/send/node_modules/mime/package.json,plugins/QA-Report-App/chroma-qa-reports/build-env/node_modules/send/node_modules/mime/package.json,,node,tracked,
package_manifest,plugins/QA-Report-App/chroma-qa-reports/build-env/node_modules/send/package.json,plugins/QA-Report-App/chroma-qa-reports/build-env/node_modules/send/package.json,,node,tracked,
package_manifest,plugins/QA-Report-App/chroma-qa-reports/build-env/node_modules/sentence-case/package.json,plugins/QA-Report-App/chroma-qa-reports/build-env/node_modules/sentence-case/package.json,,node,tracked,
package_manifest,plugins/QA-Report-App/chroma-qa-reports/build-env/node_modules/serialize-javascript/package.json,plugins/QA-Report-App/chroma-qa-reports/build-env/node_modules/serialize-javascript/package.json,,node,tracked,
package_manifest,plugins/QA-Report-App/chroma-qa-reports/build-env/node_modules/serve-index/node_modules/debug/package.json,plugins/QA-Report-App/chroma-qa-reports/build-env/node_modules/serve-index/node_modules/debug/package.json,,node,tracked,
package_manifest,plugins/QA-Report-App/chroma-qa-reports/build-env/node_modules/serve-index/node_modules/depd/package.json,plugins/QA-Report-App/chroma-qa-reports/build-env/node_modules/serve-index/node_modules/depd/package.json,,node,tracked,
package_manifest,plugins/QA-Report-App/chroma-qa-reports/build-env/node_modules/serve-index/node_modules/http-errors/package.json,plugins/QA-Report-App/chroma-qa-reports/build-env/node_modules/serve-index/node_modules/http-errors/package.json,,node,tracked,
package_manifest,plugins/QA-Report-App/chroma-qa-reports/build-env/node_modules/serve-index/node_modules/ms/package.json,plugins/QA-Report-App/chroma-qa-reports/build-env/node_modules/serve-index/node_modules/ms/package.json,,node,tracked,
package_manifest,plugins/QA-Report-App/chroma-qa-reports/build-env/node_modules/serve-index/node_modules/statuses/package.json,plugins/QA-Report-App/chroma-qa-reports/build-env/node_modules/serve-index/node_modules/statuses/package.json,,node,tracked,
package_manifest,plugins/QA-Report-App/chroma-qa-reports/build-env/node_modules/serve-index/package.json,plugins/QA-Report-App/chroma-qa-reports/build-env/node_modules/serve-index/package.json,,node,tracked,
package_manifest,plugins/QA-Report-App/chroma-qa-reports/build-env/node_modules/serve-static/package.json,plugins/QA-Report-App/chroma-qa-reports/build-env/node_modules/serve-static/package.json,,node,tracked,
package_manifest,plugins/QA-Report-App/chroma-qa-reports/build-env/node_modules/set-function-length/package.json,plugins/QA-Report-App/chroma-qa-reports/build-env/node_modules/set-function-length/package.json,,node,tracked,
package_manifest,plugins/QA-Report-App/chroma-qa-reports/build-env/node_modules/set-function-name/package.json,plugins/QA-Report-App/chroma-qa-reports/build-env/node_modules/set-function-name/package.json,,node,tracked,
package_manifest,plugins/QA-Report-App/chroma-qa-reports/build-env/node_modules/set-proto/package.json,plugins/QA-Report-App/chroma-qa-reports/build-env/node_modules/set-proto/package.json,,node,tracked,
package_manifest,plugins/QA-Report-App/chroma-qa-reports/build-env/node_modules/setprototypeof/package.json,plugins/QA-Report-App/chroma-qa-reports/build-env/node_modules/setprototypeof/package.json,,node,tracked,
package_manifest,plugins/QA-Report-App/chroma-qa-reports/build-env/node_modules/shallow-clone/node_modules/kind-of/package.json,plugins/QA-Report-App/chroma-qa-reports/build-env/node_modules/shallow-clone/node_modules/kind-of/package.json,,node,tracked,
package_manifest,plugins/QA-Report-App/chroma-qa-reports/build-env/node_modules/shallow-clone/node_modules/lazy-cache/package.json,plugins/QA-Report-App/chroma-qa-reports/build-env/node_modules/shallow-clone/node_modules/lazy-cache/package.json,,node,tracked,
package_manifest,plugins/QA-Report-App/chroma-qa-reports/build-env/node_modules/shallow-clone/package.json,plugins/QA-Report-App/chroma-qa-reports/build-env/node_modules/shallow-clone/package.json,,node,tracked,
package_manifest,plugins/QA-Report-App/chroma-qa-reports/build-env/node_modules/shebang-command/package.json,plugins/QA-Report-App/chroma-qa-reports/build-env/node_modules/shebang-command/package.json,,node,tracked,
package_manifest,plugins/QA-Report-App/chroma-qa-reports/build-env/node_modules/shebang-regex/package.json,plugins/QA-Report-App/chroma-qa-reports/build-env/node_modules/shebang-regex/package.json,,node,tracked,
package_manifest,plugins/QA-Report-App/chroma-qa-reports/build-env/node_modules/shell-quote/package.json,plugins/QA-Report-App/chroma-qa-reports/build-env/node_modules/shell-quote/package.json,,node,tracked,
package_manifest,plugins/QA-Report-App/chroma-qa-reports/build-env/node_modules/side-channel-list/package.json,plugins/QA-Report-App/chroma-qa-reports/build-env/node_modules/side-channel-list/package.json,,node,tracked,
package_manifest,plugins/QA-Report-App/chroma-qa-reports/build-env/node_modules/side-channel-map/package.json,plugins/QA-Report-App/chroma-qa-reports/build-env/node_modules/side-channel-map/package.json,,node,tracked,
package_manifest,plugins/QA-Report-App/chroma-qa-reports/build-env/node_modules/side-channel-weakmap/package.json,plugins/QA-Report-App/chroma-qa-reports/build-env/node_modules/side-channel-weakmap/package.json,,node,tracked,
package_manifest,plugins/QA-Report-App/chroma-qa-reports/build-env/node_modules/side-channel/package.json,plugins/QA-Report-App/chroma-qa-reports/build-env/node_modules/side-channel/package.json,,node,tracked,
package_manifest,plugins/QA-Report-App/chroma-qa-reports/build-env/node_modules/signal-exit/package.json,plugins/QA-Report-App/chroma-qa-reports/build-env/node_modules/signal-exit/package.json,,node,tracked,
package_manifest,plugins/QA-Report-App/chroma-qa-reports/build-env/node_modules/sirv/package.json,plugins/QA-Report-App/chroma-qa-reports/build-env/node_modules/sirv/package.json,,node,tracked,
package_manifest,plugins/QA-Report-App/chroma-qa-reports/build-env/node_modules/sisteransi/package.json,plugins/QA-Report-App/chroma-qa-reports/build-env/node_modules/sisteransi/package.json,,node,tracked,
package_manifest,plugins/QA-Report-App/chroma-qa-reports/build-env/node_modules/slash/package.json,plugins/QA-Report-App/chroma-qa-reports/build-env/node_modules/slash/package.json,,node,tracked,
package_manifest,plugins/QA-Report-App/chroma-qa-reports/build-env/node_modules/slice-ansi/package.json,plugins/QA-Report-App/chroma-qa-reports/build-env/node_modules/slice-ansi/package.json,,node,tracked,
package_manifest,plugins/QA-Report-App/chroma-qa-reports/build-env/node_modules/smart-buffer/package.json,plugins/QA-Report-App/chroma-qa-reports/build-env/node_modules/smart-buffer/package.json,,node,tracked,
package_manifest,plugins/QA-Report-App/chroma-qa-reports/build-env/node_modules/snake-case/package.json,plugins/QA-Report-App/chroma-qa-reports/build-env/node_modules/snake-case/package.json,,node,tracked,
package_manifest,plugins/QA-Report-App/chroma-qa-reports/build-env/node_modules/sockjs/package.json,plugins/QA-Report-App/chroma-qa-reports/build-env/node_modules/sockjs/package.json,,node,tracked,
package_manifest,plugins/QA-Report-App/chroma-qa-reports/build-env/node_modules/socks-proxy-agent/node_modules/agent-base/package.json,plugins/QA-Report-App/chroma-qa-reports/build-env/node_modules/socks-proxy-agent/node_modules/agent-base/package.json,,node,tracked,
package_manifest,plugins/QA-Report-App/chroma-qa-reports/build-env/node_modules/socks-proxy-agent/package.json,plugins/QA-Report-App/chroma-qa-reports/build-env/node_modules/socks-proxy-agent/package.json,,node,tracked,
package_manifest,plugins/QA-Report-App/chroma-qa-reports/build-env/node_modules/socks/package.json,plugins/QA-Report-App/chroma-qa-reports/build-env/node_modules/socks/package.json,,node,tracked,
package_manifest,plugins/QA-Report-App/chroma-qa-reports/build-env/node_modules/sonner/package.json,plugins/QA-Report-App/chroma-qa-reports/build-env/node_modules/sonner/package.json,,node,tracked,
package_manifest,plugins/QA-Report-App/chroma-qa-reports/build-env/node_modules/source-map-js/package.json,plugins/QA-Report-App/chroma-qa-reports/build-env/node_modules/source-map-js/package.json,,node,tracked,
package_manifest,plugins/QA-Report-App/chroma-qa-reports/build-env/node_modules/source-map-loader/package.json,plugins/QA-Report-App/chroma-qa-reports/build-env/node_modules/source-map-loader/package.json,,node,tracked,
package_manifest,plugins/QA-Report-App/chroma-qa-reports/build-env/node_modules/source-map-support/node_modules/source-map/package.json,plugins/QA-Report-App/chroma-qa-reports/build-env/node_modules/source-map-support/node_modules/source-map/package.json,,node,tracked,
package_manifest,plugins/QA-Report-App/chroma-qa-reports/build-env/node_modules/source-map-support/package.json,plugins/QA-Report-App/chroma-qa-reports/build-env/node_modules/source-map-support/package.json,,node,tracked,
package_manifest,plugins/QA-Report-App/chroma-qa-reports/build-env/node_modules/source-map/package.json,plugins/QA-Report-App/chroma-qa-reports/build-env/node_modules/source-map/package.json,,node,tracked,
package_manifest,plugins/QA-Report-App/chroma-qa-reports/build-env/node_modules/spawnd/node_modules/signal-exit/dist/cjs/package.json,plugins/QA-Report-App/chroma-qa-reports/build-env/node_modules/spawnd/node_modules/signal-exit/dist/cjs/package.json,,node,tracked,
package_manifest,plugins/QA-Report-App/chroma-qa-reports/build-env/node_modules/spawnd/node_modules/signal-exit/dist/mjs/package.json,plugins/QA-Report-App/chroma-qa-reports/build-env/node_modules/spawnd/node_modules/signal-exit/dist/mjs/package.json,,node,tracked,
package_manifest,plugins/QA-Report-App/chroma-qa-reports/build-env/node_modules/spawnd/node_modules/signal-exit/package.json,plugins/QA-Report-App/chroma-qa-reports/build-env/node_modules/spawnd/node_modules/signal-exit/package.json,,node,tracked,
package_manifest,plugins/QA-Report-App/chroma-qa-reports/build-env/node_modules/spawnd/package.json,plugins/QA-Report-App/chroma-qa-reports/build-env/node_modules/spawnd/package.json,,node,tracked,
package_manifest,plugins/QA-Report-App/chroma-qa-reports/build-env/node_modules/spdx-correct/node_modules/spdx-expression-parse/package.json,plugins/QA-Report-App/chroma-qa-reports/build-env/node_modules/spdx-correct/node_modules/spdx-expression-parse/package.json,,node,tracked,
package_manifest,plugins/QA-Report-App/chroma-qa-reports/build-env/node_modules/spdx-correct/package.json,plugins/QA-Report-App/chroma-qa-reports/build-env/node_modules/spdx-correct/package.json,,node,tracked,
package_manifest,plugins/QA-Report-App/chroma-qa-reports/build-env/node_modules/spdx-exceptions/package.json,plugins/QA-Report-App/chroma-qa-reports/build-env/node_modules/spdx-exceptions/package.json,,node,tracked,
package_manifest,plugins/QA-Report-App/chroma-qa-reports/build-env/node_modules/spdx-expression-parse/package.json,plugins/QA-Report-App/chroma-qa-reports/build-env/node_modules/spdx-expression-parse/package.json,,node,tracked,
package_manifest,plugins/QA-Report-App/chroma-qa-reports/build-env/node_modules/spdx-license-ids/package.json,plugins/QA-Report-App/chroma-qa-reports/build-env/node_modules/spdx-license-ids/package.json,,node,tracked,
package_manifest,plugins/QA-Report-App/chroma-qa-reports/build-env/node_modules/spdy-transport/package.json,plugins/QA-Report-App/chroma-qa-reports/build-env/node_modules/spdy-transport/package.json,,node,tracked,
package_manifest,plugins/QA-Report-App/chroma-qa-reports/build-env/node_modules/spdy/package.json,plugins/QA-Report-App/chroma-qa-reports/build-env/node_modules/spdy/package.json,,node,tracked,
package_manifest,plugins/QA-Report-App/chroma-qa-reports/build-env/node_modules/speedline-core/package.json,plugins/QA-Report-App/chroma-qa-reports/build-env/node_modules/speedline-core/package.json,,node,tracked,
package_manifest,plugins/QA-Report-App/chroma-qa-reports/build-env/node_modules/sprintf-js/package.json,plugins/QA-Report-App/chroma-qa-reports/build-env/node_modules/sprintf-js/package.json,,node,tracked,
package_manifest,plugins/QA-Report-App/chroma-qa-reports/build-env/node_modules/stack-utils/node_modules/escape-string-regexp/package.json,plugins/QA-Report-App/chroma-qa-reports/build-env/node_modules/stack-utils/node_modules/escape-string-regexp/package.json,,node,tracked,
package_manifest,plugins/QA-Report-App/chroma-qa-reports/build-env/node_modules/stack-utils/package.json,plugins/QA-Report-App/chroma-qa-reports/build-env/node_modules/stack-utils/package.json,,node,tracked,
package_manifest,plugins/QA-Report-App/chroma-qa-reports/build-env/node_modules/stackframe/package.json,plugins/QA-Report-App/chroma-qa-reports/build-env/node_modules/stackframe/package.json,,node,tracked,
package_manifest,plugins/QA-Report-App/chroma-qa-reports/build-env/node_modules/statuses/package.json,plugins/QA-Report-App/chroma-qa-reports/build-env/node_modules/statuses/package.json,,node,tracked,
package_manifest,plugins/QA-Report-App/chroma-qa-reports/build-env/node_modules/stop-iteration-iterator/package.json,plugins/QA-Report-App/chroma-qa-reports/build-env/node_modules/stop-iteration-iterator/package.json,,node,tracked,
package_manifest,plugins/QA-Report-App/chroma-qa-reports/build-env/node_modules/streamx/package.json,plugins/QA-Report-App/chroma-qa-reports/build-env/node_modules/streamx/package.json,,node,tracked,
package_manifest,plugins/QA-Report-App/chroma-qa-reports/build-env/node_modules/string-length/package.json,plugins/QA-Report-App/chroma-qa-reports/build-env/node_modules/string-length/package.json,,node,tracked,
package_manifest,plugins/QA-Report-App/chroma-qa-reports/build-env/node_modules/string-width/node_modules/emoji-regex/package.json,plugins/QA-Report-App/chroma-qa-reports/build-env/node_modules/string-width/node_modules/emoji-regex/package.json,,node,tracked,
package_manifest,plugins/QA-Report-App/chroma-qa-reports/build-env/node_modules/string-width/package.json,plugins/QA-Report-App/chroma-qa-reports/build-env/node_modules/string-width/package.json,,node,tracked,
package_manifest,plugins/QA-Report-App/chroma-qa-reports/build-env/node_modules/string.prototype.includes/package.json,plugins/QA-Report-App/chroma-qa-reports/build-env/node_modules/string.prototype.includes/package.json,,node,tracked,
package_manifest,plugins/QA-Report-App/chroma-qa-reports/build-env/node_modules/string.prototype.matchall/package.json,plugins/QA-Report-App/chroma-qa-reports/build-env/node_modules/string.prototype.matchall/package.json,,node,tracked,
package_manifest,plugins/QA-Report-App/chroma-qa-reports/build-env/node_modules/string.prototype.repeat/package.json,plugins/QA-Report-App/chroma-qa-reports/build-env/node_modules/string.prototype.repeat/package.json,,node,tracked,
package_manifest,plugins/QA-Report-App/chroma-qa-reports/build-env/node_modules/string.prototype.trim/package.json,plugins/QA-Report-App/chroma-qa-reports/build-env/node_modules/string.prototype.trim/package.json,,node,tracked,
package_manifest,plugins/QA-Report-App/chroma-qa-reports/build-env/node_modules/string.prototype.trimend/package.json,plugins/QA-Report-App/chroma-qa-reports/build-env/node_modules/string.prototype.trimend/package.json,,node,tracked,
package_manifest,plugins/QA-Report-App/chroma-qa-reports/build-env/node_modules/string.prototype.trimstart/package.json,plugins/QA-Report-App/chroma-qa-reports/build-env/node_modules/string.prototype.trimstart/package.json,,node,tracked,
package_manifest,plugins/QA-Report-App/chroma-qa-reports/build-env/node_modules/string_decoder/package.json,plugins/QA-Report-App/chroma-qa-reports/build-env/node_modules/string_decoder/package.json,,node,tracked,
package_manifest,plugins/QA-Report-App/chroma-qa-reports/build-env/node_modules/strip-ansi/package.json,plugins/QA-Report-App/chroma-qa-reports/build-env/node_modules/strip-ansi/package.json,,node,tracked,
package_manifest,plugins/QA-Report-App/chroma-qa-reports/build-env/node_modules/strip-bom/package.json,plugins/QA-Report-App/chroma-qa-reports/build-env/node_modules/strip-bom/package.json,,node,tracked,
package_manifest,plugins/QA-Report-App/chroma-qa-reports/build-env/node_modules/strip-final-newline/package.json,plugins/QA-Report-App/chroma-qa-reports/build-env/node_modules/strip-final-newline/package.json,,node,tracked,
package_manifest,plugins/QA-Report-App/chroma-qa-reports/build-env/node_modules/strip-indent/package.json,plugins/QA-Report-App/chroma-qa-reports/build-env/node_modules/strip-indent/package.json,,node,tracked,
package_manifest,plugins/QA-Report-App/chroma-qa-reports/build-env/node_modules/strip-json-comments/package.json,plugins/QA-Report-App/chroma-qa-reports/build-env/node_modules/strip-json-comments/package.json,,node,tracked,
package_manifest,plugins/QA-Report-App/chroma-qa-reports/build-env/node_modules/strip-outer/node_modules/escape-string-regexp/package.json,plugins/QA-Report-App/chroma-qa-reports/build-env/node_modules/strip-outer/node_modules/escape-string-regexp/package.json,,node,tracked,
package_manifest,plugins/QA-Report-App/chroma-qa-reports/build-env/node_modules/strip-outer/package.json,plugins/QA-Report-App/chroma-qa-reports/build-env/node_modules/strip-outer/package.json,,node,tracked,
package_manifest,plugins/QA-Report-App/chroma-qa-reports/build-env/node_modules/style-search/package.json,plugins/QA-Report-App/chroma-qa-reports/build-env/node_modules/style-search/package.json,,node,tracked,
package_manifest,plugins/QA-Report-App/chroma-qa-reports/build-env/node_modules/stylehacks/package.json,plugins/QA-Report-App/chroma-qa-reports/build-env/node_modules/stylehacks/package.json,,node,tracked,
package_manifest,plugins/QA-Report-App/chroma-qa-reports/build-env/node_modules/stylelint-config-recommended-scss/package.json,plugins/QA-Report-App/chroma-qa-reports/build-env/node_modules/stylelint-config-recommended-scss/package.json,,node,tracked,
package_manifest,plugins/QA-Report-App/chroma-qa-reports/build-env/node_modules/stylelint-config-recommended/package.json,plugins/QA-Report-App/chroma-qa-reports/build-env/node_modules/stylelint-config-recommended/package.json,,node,tracked,
package_manifest,plugins/QA-Report-App/chroma-qa-reports/build-env/node_modules/stylelint-scss/package.json,plugins/QA-Report-App/chroma-qa-reports/build-env/node_modules/stylelint-scss/package.json,,node,tracked,
package_manifest,plugins/QA-Report-App/chroma-qa-reports/build-env/node_modules/stylelint/node_modules/balanced-match/package.json,plugins/QA-Report-App/chroma-qa-reports/build-env/node_modules/stylelint/node_modules/balanced-match/package.json,,node,tracked,
package_manifest,plugins/QA-Report-App/chroma-qa-reports/build-env/node_modules/stylelint/node_modules/cosmiconfig/package.json,plugins/QA-Report-App/chroma-qa-reports/build-env/node_modules/stylelint/node_modules/cosmiconfig/package.json,,node,tracked,
package_manifest,plugins/QA-Report-App/chroma-qa-reports/build-env/node_modules/stylelint/node_modules/global-modules/package.json,plugins/QA-Report-App/chroma-qa-reports/build-env/node_modules/stylelint/node_modules/global-modules/package.json,,node,tracked,
package_manifest,plugins/QA-Report-App/chroma-qa-reports/build-env/node_modules/stylelint/node_modules/global-prefix/package.json,plugins/QA-Report-App/chroma-qa-reports/build-env/node_modules/stylelint/node_modules/global-prefix/package.json,,node,tracked,
package_manifest,plugins/QA-Report-App/chroma-qa-reports/build-env/node_modules/stylelint/node_modules/is-plain-object/package.json,plugins/QA-Report-App/chroma-qa-reports/build-env/node_modules/stylelint/node_modules/is-plain-object/package.json,,node,tracked,
package_manifest,plugins/QA-Report-App/chroma-qa-reports/build-env/node_modules/stylelint/node_modules/kind-of/package.json,plugins/QA-Report-App/chroma-qa-reports/build-env/node_modules/stylelint/node_modules/kind-of/package.json,,node,tracked,
package_manifest,plugins/QA-Report-App/chroma-qa-reports/build-env/node_modules/stylelint/node_modules/yaml/browser/dist/package.json,plugins/QA-Report-App/chroma-qa-reports/build-env/node_modules/stylelint/node_modules/yaml/browser/dist/package.json,,node,tracked,
package_manifest,plugins/QA-Report-App/chroma-qa-reports/build-env/node_modules/stylelint/node_modules/yaml/package.json,plugins/QA-Report-App/chroma-qa-reports/build-env/node_modules/stylelint/node_modules/yaml/package.json,,node,tracked,
package_manifest,plugins/QA-Report-App/chroma-qa-reports/build-env/node_modules/stylelint/package.json,plugins/QA-Report-App/chroma-qa-reports/build-env/node_modules/stylelint/package.json,,node,tracked,
package_manifest,plugins/QA-Report-App/chroma-qa-reports/build-env/node_modules/sucrase/node_modules/commander/package.json,plugins/QA-Report-App/chroma-qa-reports/build-env/node_modules/sucrase/node_modules/commander/package.json,,node,tracked,
package_manifest,plugins/QA-Report-App/chroma-qa-reports/build-env/node_modules/sucrase/package.json,plugins/QA-Report-App/chroma-qa-reports/build-env/node_modules/sucrase/package.json,,node,tracked,
package_manifest,plugins/QA-Report-App/chroma-qa-reports/build-env/node_modules/supports-color/package.json,plugins/QA-Report-App/chroma-qa-reports/build-env/node_modules/supports-color/package.json,,node,tracked,
package_manifest,plugins/QA-Report-App/chroma-qa-reports/build-env/node_modules/supports-hyperlinks/package.json,plugins/QA-Report-App/chroma-qa-reports/build-env/node_modules/supports-hyperlinks/package.json,,node,tracked,
package_manifest,plugins/QA-Report-App/chroma-qa-reports/build-env/node_modules/supports-preserve-symlinks-flag/package.json,plugins/QA-Report-App/chroma-qa-reports/build-env/node_modules/supports-preserve-symlinks-flag/package.json,,node,tracked,
package_manifest,plugins/QA-Report-App/chroma-qa-reports/build-env/node_modules/svg-parser/package.json,plugins/QA-Report-App/chroma-qa-reports/build-env/node_modules/svg-parser/package.json,,node,tracked,
package_manifest,plugins/QA-Report-App/chroma-qa-reports/build-env/node_modules/svg-tags/package.json,plugins/QA-Report-App/chroma-qa-reports/build-env/node_modules/svg-tags/package.json,,node,tracked,
package_manifest,plugins/QA-Report-App/chroma-qa-reports/build-env/node_modules/svgo/node_modules/commander/package.json,plugins/QA-Report-App/chroma-qa-reports/build-env/node_modules/svgo/node_modules/commander/package.json,,node,tracked,
package_manifest,plugins/QA-Report-App/chroma-qa-reports/build-env/node_modules/svgo/package.json,plugins/QA-Report-App/chroma-qa-reports/build-env/node_modules/svgo/package.json,,node,tracked,
package_manifest,plugins/QA-Report-App/chroma-qa-reports/build-env/node_modules/symbol-tree/package.json,plugins/QA-Report-App/chroma-qa-reports/build-env/node_modules/symbol-tree/package.json,,node,tracked,
package_manifest,plugins/QA-Report-App/chroma-qa-reports/build-env/node_modules/synckit/package.json,plugins/QA-Report-App/chroma-qa-reports/build-env/node_modules/synckit/package.json,,node,tracked,
package_manifest,plugins/QA-Report-App/chroma-qa-reports/build-env/node_modules/table/node_modules/ajv/package.json,plugins/QA-Report-App/chroma-qa-reports/build-env/node_modules/table/node_modules/ajv/package.json,,node,tracked,
package_manifest,plugins/QA-Report-App/chroma-qa-reports/build-env/node_modules/table/node_modules/json-schema-traverse/package.json,plugins/QA-Report-App/chroma-qa-reports/build-env/node_modules/table/node_modules/json-schema-traverse/package.json,,node,tracked,
package_manifest,plugins/QA-Report-App/chroma-qa-reports/build-env/node_modules/table/package.json,plugins/QA-Report-App/chroma-qa-reports/build-env/node_modules/table/package.json,,node,tracked,
package_manifest,plugins/QA-Report-App/chroma-qa-reports/build-env/node_modules/tailwind-merge/package.json,plugins/QA-Report-App/chroma-qa-reports/build-env/node_modules/tailwind-merge/package.json,,node,tracked,
package_manifest,plugins/QA-Report-App/chroma-qa-reports/build-env/node_modules/tailwindcss/node_modules/chokidar/node_modules/glob-parent/package.json,plugins/QA-Report-App/chroma-qa-reports/build-env/node_modules/tailwindcss/node_modules/chokidar/node_modules/glob-parent/package.json,,node,tracked,
package_manifest,plugins/QA-Report-App/chroma-qa-reports/build-env/node_modules/tailwindcss/node_modules/chokidar/package.json,plugins/QA-Report-App/chroma-qa-reports/build-env/node_modules/tailwindcss/node_modules/chokidar/package.json,,node,tracked,
package_manifest,plugins/QA-Report-App/chroma-qa-reports/build-env/node_modules/tailwindcss/node_modules/readdirp/package.json,plugins/QA-Report-App/chroma-qa-reports/build-env/node_modules/tailwindcss/node_modules/readdirp/package.json,,node,tracked,
package_manifest,plugins/QA-Report-App/chroma-qa-reports/build-env/node_modules/tailwindcss/package.json,plugins/QA-Report-App/chroma-qa-reports/build-env/node_modules/tailwindcss/package.json,,node,tracked,
package_manifest,plugins/QA-Report-App/chroma-qa-reports/build-env/node_modules/tannin/package.json,plugins/QA-Report-App/chroma-qa-reports/build-env/node_modules/tannin/package.json,,node,tracked,
package_manifest,plugins/QA-Report-App/chroma-qa-reports/build-env/node_modules/tapable/package.json,plugins/QA-Report-App/chroma-qa-reports/build-env/node_modules/tapable/package.json,,node,tracked,
package_manifest,plugins/QA-Report-App/chroma-qa-reports/build-env/node_modules/tar-fs/package.json,plugins/QA-Report-App/chroma-qa-reports/build-env/node_modules/tar-fs/package.json,,node,tracked,
package_manifest,plugins/QA-Report-App/chroma-qa-reports/build-env/node_modules/tar-stream/package.json,plugins/QA-Report-App/chroma-qa-reports/build-env/node_modules/tar-stream/package.json,,node,tracked,
package_manifest,plugins/QA-Report-App/chroma-qa-reports/build-env/node_modules/terser-webpack-plugin/node_modules/jest-worker/package.json,plugins/QA-Report-App/chroma-qa-reports/build-env/node_modules/terser-webpack-plugin/node_modules/jest-worker/package.json,,node,tracked,
package_manifest,plugins/QA-Report-App/chroma-qa-reports/build-env/node_modules/terser-webpack-plugin/node_modules/supports-color/package.json,plugins/QA-Report-App/chroma-qa-reports/build-env/node_modules/terser-webpack-plugin/node_modules/supports-color/package.json,,node,tracked,
package_manifest,plugins/QA-Report-App/chroma-qa-reports/build-env/node_modules/terser-webpack-plugin/package.json,plugins/QA-Report-App/chroma-qa-reports/build-env/node_modules/terser-webpack-plugin/package.json,,node,tracked,
package_manifest,plugins/QA-Report-App/chroma-qa-reports/build-env/node_modules/terser/bin/package.json,plugins/QA-Report-App/chroma-qa-reports/build-env/node_modules/terser/bin/package.json,,node,tracked,
package_manifest,plugins/QA-Report-App/chroma-qa-reports/build-env/node_modules/terser/dist/package.json,plugins/QA-Report-App/chroma-qa-reports/build-env/node_modules/terser/dist/package.json,,node,tracked,
package_manifest,plugins/QA-Report-App/chroma-qa-reports/build-env/node_modules/terser/node_modules/commander/package.json,plugins/QA-Report-App/chroma-qa-reports/build-env/node_modules/terser/node_modules/commander/package.json,,node,tracked,
package_manifest,plugins/QA-Report-App/chroma-qa-reports/build-env/node_modules/terser/node_modules/source-map-support/package.json,plugins/QA-Report-App/chroma-qa-reports/build-env/node_modules/terser/node_modules/source-map-support/package.json,,node,tracked,
package_manifest,plugins/QA-Report-App/chroma-qa-reports/build-env/node_modules/terser/node_modules/source-map/package.json,plugins/QA-Report-App/chroma-qa-reports/build-env/node_modules/terser/node_modules/source-map/package.json,,node,tracked,
package_manifest,plugins/QA-Report-App/chroma-qa-reports/build-env/node_modules/terser/package.json,plugins/QA-Report-App/chroma-qa-reports/build-env/node_modules/terser/package.json,,node,tracked,
package_manifest,plugins/QA-Report-App/chroma-qa-reports/build-env/node_modules/test-exclude/node_modules/brace-expansion/package.json,plugins/QA-Report-App/chroma-qa-reports/build-env/node_modules/test-exclude/node_modules/brace-expansion/package.json,,node,tracked,
package_manifest,plugins/QA-Report-App/chroma-qa-reports/build-env/node_modules/test-exclude/node_modules/minimatch/package.json,plugins/QA-Report-App/chroma-qa-reports/build-env/node_modules/test-exclude/node_modules/minimatch/package.json,,node,tracked,
package_manifest,plugins/QA-Report-App/chroma-qa-reports/build-env/node_modules/test-exclude/package.json,plugins/QA-Report-App/chroma-qa-reports/build-env/node_modules/test-exclude/package.json,,node,tracked,
package_manifest,plugins/QA-Report-App/chroma-qa-reports/build-env/node_modules/text-decoder/node_modules/b4a/package.json,plugins/QA-Report-App/chroma-qa-reports/build-env/node_modules/text-decoder/node_modules/b4a/package.json,,node,tracked,
package_manifest,plugins/QA-Report-App/chroma-qa-reports/build-env/node_modules/text-decoder/package.json,plugins/QA-Report-App/chroma-qa-reports/build-env/node_modules/text-decoder/package.json,,node,tracked,
package_manifest,plugins/QA-Report-App/chroma-qa-reports/build-env/node_modules/text-table/package.json,plugins/QA-Report-App/chroma-qa-reports/build-env/node_modules/text-table/package.json,,node,tracked,
package_manifest,plugins/QA-Report-App/chroma-qa-reports/build-env/node_modules/thenify-all/package.json,plugins/QA-Report-App/chroma-qa-reports/build-env/node_modules/thenify-all/package.json,,node,tracked,
package_manifest,plugins/QA-Report-App/chroma-qa-reports/build-env/node_modules/thenify/package.json,plugins/QA-Report-App/chroma-qa-reports/build-env/node_modules/thenify/package.json,,node,tracked,
package_manifest,plugins/QA-Report-App/chroma-qa-reports/build-env/node_modules/third-party-web/package.json,plugins/QA-Report-App/chroma-qa-reports/build-env/node_modules/third-party-web/package.json,,node,tracked,
package_manifest,plugins/QA-Report-App/chroma-qa-reports/build-env/node_modules/third-party-web/www-v2/package.json,plugins/QA-Report-App/chroma-qa-reports/build-env/node_modules/third-party-web/www-v2/package.json,,node,tracked,
package_manifest,plugins/QA-Report-App/chroma-qa-reports/build-env/node_modules/through/package.json,plugins/QA-Report-App/chroma-qa-reports/build-env/node_modules/through/package.json,,node,tracked,
package_manifest,plugins/QA-Report-App/chroma-qa-reports/build-env/node_modules/thunky/package.json,plugins/QA-Report-App/chroma-qa-reports/build-env/node_modules/thunky/package.json,,node,tracked,
package_manifest,plugins/QA-Report-App/chroma-qa-reports/build-env/node_modules/tiny-invariant/dist/esm/package.json,plugins/QA-Report-App/chroma-qa-reports/build-env/node_modules/tiny-invariant/dist/esm/package.json,,node,tracked,
package_manifest,plugins/QA-Report-App/chroma-qa-reports/build-env/node_modules/tiny-invariant/package.json,plugins/QA-Report-App/chroma-qa-reports/build-env/node_modules/tiny-invariant/package.json,,node,tracked,
package_manifest,plugins/QA-Report-App/chroma-qa-reports/build-env/node_modules/tinyglobby/node_modules/fdir/package.json,plugins/QA-Report-App/chroma-qa-reports/build-env/node_modules/tinyglobby/node_modules/fdir/package.json,,node,tracked,
package_manifest,plugins/QA-Report-App/chroma-qa-reports/build-env/node_modules/tinyglobby/node_modules/picomatch/package.json,plugins/QA-Report-App/chroma-qa-reports/build-env/node_modules/tinyglobby/node_modules/picomatch/package.json,,node,tracked,
package_manifest,plugins/QA-Report-App/chroma-qa-reports/build-env/node_modules/tinyglobby/package.json,plugins/QA-Report-App/chroma-qa-reports/build-env/node_modules/tinyglobby/package.json,,node,tracked,
package_manifest,plugins/QA-Report-App/chroma-qa-reports/build-env/node_modules/tmpl/package.json,plugins/QA-Report-App/chroma-qa-reports/build-env/node_modules/tmpl/package.json,,node,tracked,
package_manifest,plugins/QA-Report-App/chroma-qa-reports/build-env/node_modules/to-regex-range/package.json,plugins/QA-Report-App/chroma-qa-reports/build-env/node_modules/to-regex-range/package.json,,node,tracked,
package_manifest,plugins/QA-Report-App/chroma-qa-reports/build-env/node_modules/toidentifier/package.json,plugins/QA-Report-App/chroma-qa-reports/build-env/node_modules/toidentifier/package.json,,node,tracked,
package_manifest,plugins/QA-Report-App/chroma-qa-reports/build-env/node_modules/totalist/package.json,plugins/QA-Report-App/chroma-qa-reports/build-env/node_modules/totalist/package.json,,node,tracked,
package_manifest,plugins/QA-Report-App/chroma-qa-reports/build-env/node_modules/tough-cookie/package.json,plugins/QA-Report-App/chroma-qa-reports/build-env/node_modules/tough-cookie/package.json,,node,tracked,
package_manifest,plugins/QA-Report-App/chroma-qa-reports/build-env/node_modules/tr46/package.json,plugins/QA-Report-App/chroma-qa-reports/build-env/node_modules/tr46/package.json,,node,tracked,
package_manifest,plugins/QA-Report-App/chroma-qa-reports/build-env/node_modules/tree-kill/package.json,plugins/QA-Report-App/chroma-qa-reports/build-env/node_modules/tree-kill/package.json,,node,tracked,
package_manifest,plugins/QA-Report-App/chroma-qa-reports/build-env/node_modules/trim-newlines/package.json,plugins/QA-Report-App/chroma-qa-reports/build-env/node_modules/trim-newlines/package.json,,node,tracked,
package_manifest,plugins/QA-Report-App/chroma-qa-reports/build-env/node_modules/trim-repeated/node_modules/escape-string-regexp/package.json,plugins/QA-Report-App/chroma-qa-reports/build-env/node_modules/trim-repeated/node_modules/escape-string-regexp/package.json,,node,tracked,
package_manifest,plugins/QA-Report-App/chroma-qa-reports/build-env/node_modules/trim-repeated/package.json,plugins/QA-Report-App/chroma-qa-reports/build-env/node_modules/trim-repeated/package.json,,node,tracked,
package_manifest,plugins/QA-Report-App/chroma-qa-reports/build-env/node_modules/ts-api-utils/package.json,plugins/QA-Report-App/chroma-qa-reports/build-env/node_modules/ts-api-utils/package.json,,node,tracked,
package_manifest,plugins/QA-Report-App/chroma-qa-reports/build-env/node_modules/ts-interface-checker/package.json,plugins/QA-Report-App/chroma-qa-reports/build-env/node_modules/ts-interface-checker/package.json,,node,tracked,
package_manifest,plugins/QA-Report-App/chroma-qa-reports/build-env/node_modules/tsconfig-paths/node_modules/json5/package.json,plugins/QA-Report-App/chroma-qa-reports/build-env/node_modules/tsconfig-paths/node_modules/json5/package.json,,node,tracked,
package_manifest,plugins/QA-Report-App/chroma-qa-reports/build-env/node_modules/tsconfig-paths/node_modules/strip-bom/package.json,plugins/QA-Report-App/chroma-qa-reports/build-env/node_modules/tsconfig-paths/node_modules/strip-bom/package.json,,node,tracked,
package_manifest,plugins/QA-Report-App/chroma-qa-reports/build-env/node_modules/tsconfig-paths/package.json,plugins/QA-Report-App/chroma-qa-reports/build-env/node_modules/tsconfig-paths/package.json,,node,tracked,
package_manifest,plugins/QA-Report-App/chroma-qa-reports/build-env/node_modules/tslib/modules/package.json,plugins/QA-Report-App/chroma-qa-reports/build-env/node_modules/tslib/modules/package.json,,node,tracked,
package_manifest,plugins/QA-Report-App/chroma-qa-reports/build-env/node_modules/tslib/package.json,plugins/QA-Report-App/chroma-qa-reports/build-env/node_modules/tslib/package.json,,node,tracked,
package_manifest,plugins/QA-Report-App/chroma-qa-reports/build-env/node_modules/tsutils/node_modules/tslib/modules/package.json,plugins/QA-Report-App/chroma-qa-reports/build-env/node_modules/tsutils/node_modules/tslib/modules/package.json,,node,tracked,
package_manifest,plugins/QA-Report-App/chroma-qa-reports/build-env/node_modules/tsutils/node_modules/tslib/package.json,plugins/QA-Report-App/chroma-qa-reports/build-env/node_modules/tsutils/node_modules/tslib/package.json,,node,tracked,
package_manifest,plugins/QA-Report-App/chroma-qa-reports/build-env/node_modules/tsutils/node_modules/tslib/test/validateModuleExportsMatchCommonJS/package.json,plugins/QA-Report-App/chroma-qa-reports/build-env/node_modules/tsutils/node_modules/tslib/test/validateModuleExportsMatchCommonJS/package.json,,node,tracked,
package_manifest,plugins/QA-Report-App/chroma-qa-reports/build-env/node_modules/tsutils/package.json,plugins/QA-Report-App/chroma-qa-reports/build-env/node_modules/tsutils/package.json,,node,tracked,
package_manifest,plugins/QA-Report-App/chroma-qa-reports/build-env/node_modules/type-check/package.json,plugins/QA-Report-App/chroma-qa-reports/build-env/node_modules/type-check/package.json,,node,tracked,
package_manifest,plugins/QA-Report-App/chroma-qa-reports/build-env/node_modules/type-detect/package.json,plugins/QA-Report-App/chroma-qa-reports/build-env/node_modules/type-detect/package.json,,node,tracked,
package_manifest,plugins/QA-Report-App/chroma-qa-reports/build-env/node_modules/type-fest/package.json,plugins/QA-Report-App/chroma-qa-reports/build-env/node_modules/type-fest/package.json,,node,tracked,
package_manifest,plugins/QA-Report-App/chroma-qa-reports/build-env/node_modules/type-is/package.json,plugins/QA-Report-App/chroma-qa-reports/build-env/node_modules/type-is/package.json,,node,tracked,
package_manifest,plugins/QA-Report-App/chroma-qa-reports/build-env/node_modules/typed-array-buffer/package.json,plugins/QA-Report-App/chroma-qa-reports/build-env/node_modules/typed-array-buffer/package.json,,node,tracked,
package_manifest,plugins/QA-Report-App/chroma-qa-reports/build-env/node_modules/typed-array-byte-length/package.json,plugins/QA-Report-App/chroma-qa-reports/build-env/node_modules/typed-array-byte-length/package.json,,node,tracked,
package_manifest,plugins/QA-Report-App/chroma-qa-reports/build-env/node_modules/typed-array-byte-offset/package.json,plugins/QA-Report-App/chroma-qa-reports/build-env/node_modules/typed-array-byte-offset/package.json,,node,tracked,
package_manifest,plugins/QA-Report-App/chroma-qa-reports/build-env/node_modules/typed-array-length/package.json,plugins/QA-Report-App/chroma-qa-reports/build-env/node_modules/typed-array-length/package.json,,node,tracked,
package_manifest,plugins/QA-Report-App/chroma-qa-reports/build-env/node_modules/typedarray-to-buffer/package.json,plugins/QA-Report-App/chroma-qa-reports/build-env/node_modules/typedarray-to-buffer/package.json,,node,tracked,
package_manifest,plugins/QA-Report-App/chroma-qa-reports/build-env/node_modules/typescript/package.json,plugins/QA-Report-App/chroma-qa-reports/build-env/node_modules/typescript/package.json,,node,tracked,
package_manifest,plugins/QA-Report-App/chroma-qa-reports/build-env/node_modules/uc.micro/package.json,plugins/QA-Report-App/chroma-qa-reports/build-env/node_modules/uc.micro/package.json,,node,tracked,
package_manifest,plugins/QA-Report-App/chroma-qa-reports/build-env/node_modules/unbox-primitive/package.json,plugins/QA-Report-App/chroma-qa-reports/build-env/node_modules/unbox-primitive/package.json,,node,tracked,
package_manifest,plugins/QA-Report-App/chroma-qa-reports/build-env/node_modules/unbzip2-stream/package.json,plugins/QA-Report-App/chroma-qa-reports/build-env/node_modules/unbzip2-stream/package.json,,node,tracked,
package_manifest,plugins/QA-Report-App/chroma-qa-reports/build-env/node_modules/undici-types/package.json,plugins/QA-Report-App/chroma-qa-reports/build-env/node_modules/undici-types/package.json,,node,tracked,
package_manifest,plugins/QA-Report-App/chroma-qa-reports/build-env/node_modules/unicode-canonical-property-names-ecmascript/package.json,plugins/QA-Report-App/chroma-qa-reports/build-env/node_modules/unicode-canonical-property-names-ecmascript/package.json,,node,tracked,
package_manifest,plugins/QA-Report-App/chroma-qa-reports/build-env/node_modules/unicode-match-property-ecmascript/package.json,plugins/QA-Report-App/chroma-qa-reports/build-env/node_modules/unicode-match-property-ecmascript/package.json,,node,tracked,
package_manifest,plugins/QA-Report-App/chroma-qa-reports/build-env/node_modules/unicode-match-property-value-ecmascript/package.json,plugins/QA-Report-App/chroma-qa-reports/build-env/node_modules/unicode-match-property-value-ecmascript/package.json,,node,tracked,
package_manifest,plugins/QA-Report-App/chroma-qa-reports/build-env/node_modules/unicode-property-aliases-ecmascript/package.json,plugins/QA-Report-App/chroma-qa-reports/build-env/node_modules/unicode-property-aliases-ecmascript/package.json,,node,tracked,
package_manifest,plugins/QA-Report-App/chroma-qa-reports/build-env/node_modules/unique-string/package.json,plugins/QA-Report-App/chroma-qa-reports/build-env/node_modules/unique-string/package.json,,node,tracked,
package_manifest,plugins/QA-Report-App/chroma-qa-reports/build-env/node_modules/universalify/package.json,plugins/QA-Report-App/chroma-qa-reports/build-env/node_modules/universalify/package.json,,node,tracked,
package_manifest,plugins/QA-Report-App/chroma-qa-reports/build-env/node_modules/unpipe/package.json,plugins/QA-Report-App/chroma-qa-reports/build-env/node_modules/unpipe/package.json,,node,tracked,
package_manifest,plugins/QA-Report-App/chroma-qa-reports/build-env/node_modules/update-browserslist-db/package.json,plugins/QA-Report-App/chroma-qa-reports/build-env/node_modules/update-browserslist-db/package.json,,node,tracked,
package_manifest,plugins/QA-Report-App/chroma-qa-reports/build-env/node_modules/upper-case-first/package.json,plugins/QA-Report-App/chroma-qa-reports/build-env/node_modules/upper-case-first/package.json,,node,tracked,
package_manifest,plugins/QA-Report-App/chroma-qa-reports/build-env/node_modules/upper-case/package.json,plugins/QA-Report-App/chroma-qa-reports/build-env/node_modules/upper-case/package.json,,node,tracked,
package_manifest,plugins/QA-Report-App/chroma-qa-reports/build-env/node_modules/uri-js/package.json,plugins/QA-Report-App/chroma-qa-reports/build-env/node_modules/uri-js/package.json,,node,tracked,
package_manifest,plugins/QA-Report-App/chroma-qa-reports/build-env/node_modules/url-loader/node_modules/schema-utils/package.json,plugins/QA-Report-App/chroma-qa-reports/build-env/node_modules/url-loader/node_modules/schema-utils/package.json,,node,tracked,
package_manifest,plugins/QA-Report-App/chroma-qa-reports/build-env/node_modules/url-loader/package.json,plugins/QA-Report-App/chroma-qa-reports/build-env/node_modules/url-loader/package.json,,node,tracked,
package_manifest,plugins/QA-Report-App/chroma-qa-reports/build-env/node_modules/url-parse/package.json,plugins/QA-Report-App/chroma-qa-reports/build-env/node_modules/url-parse/package.json,,node,tracked,
package_manifest,plugins/QA-Report-App/chroma-qa-reports/build-env/node_modules/use-callback-ref/package.json,plugins/QA-Report-App/chroma-qa-reports/build-env/node_modules/use-callback-ref/package.json,,node,tracked,
package_manifest,plugins/QA-Report-App/chroma-qa-reports/build-env/node_modules/use-sidecar/package.json,plugins/QA-Report-App/chroma-qa-reports/build-env/node_modules/use-sidecar/package.json,,node,tracked,
package_manifest,plugins/QA-Report-App/chroma-qa-reports/build-env/node_modules/use-sync-external-store/package.json,plugins/QA-Report-App/chroma-qa-reports/build-env/node_modules/use-sync-external-store/package.json,,node,tracked,
package_manifest,plugins/QA-Report-App/chroma-qa-reports/build-env/node_modules/util-deprecate/package.json,plugins/QA-Report-App/chroma-qa-reports/build-env/node_modules/util-deprecate/package.json,,node,tracked,
package_manifest,plugins/QA-Report-App/chroma-qa-reports/build-env/node_modules/utils-merge/package.json,plugins/QA-Report-App/chroma-qa-reports/build-env/node_modules/utils-merge/package.json,,node,tracked,
package_manifest,plugins/QA-Report-App/chroma-qa-reports/build-env/node_modules/uuid/package.json,plugins/QA-Report-App/chroma-qa-reports/build-env/node_modules/uuid/package.json,,node,tracked,
package_manifest,plugins/QA-Report-App/chroma-qa-reports/build-env/node_modules/v8-compile-cache/package.json,plugins/QA-Report-App/chroma-qa-reports/build-env/node_modules/v8-compile-cache/package.json,,node,tracked,
package_manifest,plugins/QA-Report-App/chroma-qa-reports/build-env/node_modules/v8-to-istanbul/package.json,plugins/QA-Report-App/chroma-qa-reports/build-env/node_modules/v8-to-istanbul/package.json,,node,tracked,
package_manifest,plugins/QA-Report-App/chroma-qa-reports/build-env/node_modules/validate-npm-package-license/node_modules/spdx-expression-parse/package.json,plugins/QA-Report-App/chroma-qa-reports/build-env/node_modules/validate-npm-package-license/node_modules/spdx-expression-parse/package.json,,node,tracked,
package_manifest,plugins/QA-Report-App/chroma-qa-reports/build-env/node_modules/validate-npm-package-license/package.json,plugins/QA-Report-App/chroma-qa-reports/build-env/node_modules/validate-npm-package-license/package.json,,node,tracked,
package_manifest,plugins/QA-Report-App/chroma-qa-reports/build-env/node_modules/validate-npm-package-name/package.json,plugins/QA-Report-App/chroma-qa-reports/build-env/node_modules/validate-npm-package-name/package.json,,node,tracked,
package_manifest,plugins/QA-Report-App/chroma-qa-reports/build-env/node_modules/vary/package.json,plugins/QA-Report-App/chroma-qa-reports/build-env/node_modules/vary/package.json,,node,tracked,
package_manifest,plugins/QA-Report-App/chroma-qa-reports/build-env/node_modules/victory-vendor/package.json,plugins/QA-Report-App/chroma-qa-reports/build-env/node_modules/victory-vendor/package.json,,node,tracked,
package_manifest,plugins/QA-Report-App/chroma-qa-reports/build-env/node_modules/w3c-xmlserializer/package.json,plugins/QA-Report-App/chroma-qa-reports/build-env/node_modules/w3c-xmlserializer/package.json,,node,tracked,
package_manifest,plugins/QA-Report-App/chroma-qa-reports/build-env/node_modules/wait-on/package.json,plugins/QA-Report-App/chroma-qa-reports/build-env/node_modules/wait-on/package.json,,node,tracked,
package_manifest,plugins/QA-Report-App/chroma-qa-reports/build-env/node_modules/walker/package.json,plugins/QA-Report-App/chroma-qa-reports/build-env/node_modules/walker/package.json,,node,tracked,
package_manifest,plugins/QA-Report-App/chroma-qa-reports/build-env/node_modules/watchpack/package.json,plugins/QA-Report-App/chroma-qa-reports/build-env/node_modules/watchpack/package.json,,node,tracked,
package_manifest,plugins/QA-Report-App/chroma-qa-reports/build-env/node_modules/wbuf/package.json,plugins/QA-Report-App/chroma-qa-reports/build-env/node_modules/wbuf/package.json,,node,tracked,
package_manifest,plugins/QA-Report-App/chroma-qa-reports/build-env/node_modules/web-vitals/package.json,plugins/QA-Report-App/chroma-qa-reports/build-env/node_modules/web-vitals/package.json,,node,tracked,
package_manifest,plugins/QA-Report-App/chroma-qa-reports/build-env/node_modules/webidl-conversions/package.json,plugins/QA-Report-App/chroma-qa-reports/build-env/node_modules/webidl-conversions/package.json,,node,tracked,
package_manifest,plugins/QA-Report-App/chroma-qa-reports/build-env/node_modules/webpack-bundle-analyzer/node_modules/commander/package.json,plugins/QA-Report-App/chroma-qa-reports/build-env/node_modules/webpack-bundle-analyzer/node_modules/commander/package.json,,node,tracked,
package_manifest,plugins/QA-Report-App/chroma-qa-reports/build-env/node_modules/webpack-bundle-analyzer/node_modules/ws/package.json,plugins/QA-Report-App/chroma-qa-reports/build-env/node_modules/webpack-bundle-analyzer/node_modules/ws/package.json,,node,tracked,
package_manifest,plugins/QA-Report-App/chroma-qa-reports/build-env/node_modules/webpack-bundle-analyzer/package.json,plugins/QA-Report-App/chroma-qa-reports/build-env/node_modules/webpack-bundle-analyzer/package.json,,node,tracked,
package_manifest,plugins/QA-Report-App/chroma-qa-reports/build-env/node_modules/webpack-cli/node_modules/commander/package.json,plugins/QA-Report-App/chroma-qa-reports/build-env/node_modules/webpack-cli/node_modules/commander/package.json,,node,tracked,
package_manifest,plugins/QA-Report-App/chroma-qa-reports/build-env/node_modules/webpack-cli/node_modules/cross-spawn/package.json,plugins/QA-Report-App/chroma-qa-reports/build-env/node_modules/webpack-cli/node_modules/cross-spawn/package.json,,node,tracked,
package_manifest,plugins/QA-Report-App/chroma-qa-reports/build-env/node_modules/webpack-cli/node_modules/shebang-command/package.json,plugins/QA-Report-App/chroma-qa-reports/build-env/node_modules/webpack-cli/node_modules/shebang-command/package.json,,node,tracked,
package_manifest,plugins/QA-Report-App/chroma-qa-reports/build-env/node_modules/webpack-cli/node_modules/shebang-regex/package.json,plugins/QA-Report-App/chroma-qa-reports/build-env/node_modules/webpack-cli/node_modules/shebang-regex/package.json,,node,tracked,
package_manifest,plugins/QA-Report-App/chroma-qa-reports/build-env/node_modules/webpack-cli/node_modules/which/package.json,plugins/QA-Report-App/chroma-qa-reports/build-env/node_modules/webpack-cli/node_modules/which/package.json,,node,tracked,
package_manifest,plugins/QA-Report-App/chroma-qa-reports/build-env/node_modules/webpack-cli/package.json,plugins/QA-Report-App/chroma-qa-reports/build-env/node_modules/webpack-cli/package.json,,node,tracked,
package_manifest,plugins/QA-Report-App/chroma-qa-reports/build-env/node_modules/webpack-dev-middleware/package.json,plugins/QA-Report-App/chroma-qa-reports/build-env/node_modules/webpack-dev-middleware/package.json,,node,tracked,
package_manifest,plugins/QA-Report-App/chroma-qa-reports/build-env/node_modules/webpack-dev-server/node_modules/chokidar/package.json,plugins/QA-Report-App/chroma-qa-reports/build-env/node_modules/webpack-dev-server/node_modules/chokidar/package.json,,node,tracked,
package_manifest,plugins/QA-Report-App/chroma-qa-reports/build-env/node_modules/webpack-dev-server/node_modules/glob-parent/package.json,plugins/QA-Report-App/chroma-qa-reports/build-env/node_modules/webpack-dev-server/node_modules/glob-parent/package.json,,node,tracked,
package_manifest,plugins/QA-Report-App/chroma-qa-reports/build-env/node_modules/webpack-dev-server/node_modules/readdirp/package.json,plugins/QA-Report-App/chroma-qa-reports/build-env/node_modules/webpack-dev-server/node_modules/readdirp/package.json,,node,tracked,
package_manifest,plugins/QA-Report-App/chroma-qa-reports/build-env/node_modules/webpack-dev-server/node_modules/rimraf/package.json,plugins/QA-Report-App/chroma-qa-reports/build-env/node_modules/webpack-dev-server/node_modules/rimraf/package.json,,node,tracked,
package_manifest,plugins/QA-Report-App/chroma-qa-reports/build-env/node_modules/webpack-dev-server/package.json,plugins/QA-Report-App/chroma-qa-reports/build-env/node_modules/webpack-dev-server/package.json,,node,tracked,
package_manifest,plugins/QA-Report-App/chroma-qa-reports/build-env/node_modules/webpack-merge/node_modules/clone-deep/package.json,plugins/QA-Report-App/chroma-qa-reports/build-env/node_modules/webpack-merge/node_modules/clone-deep/package.json,,node,tracked,
package_manifest,plugins/QA-Report-App/chroma-qa-reports/build-env/node_modules/webpack-merge/node_modules/kind-of/package.json,plugins/QA-Report-App/chroma-qa-reports/build-env/node_modules/webpack-merge/node_modules/kind-of/package.json,,node,tracked,
package_manifest,plugins/QA-Report-App/chroma-qa-reports/build-env/node_modules/webpack-merge/node_modules/shallow-clone/package.json,plugins/QA-Report-App/chroma-qa-reports/build-env/node_modules/webpack-merge/node_modules/shallow-clone/package.json,,node,tracked,
package_manifest,plugins/QA-Report-App/chroma-qa-reports/build-env/node_modules/webpack-merge/package.json,plugins/QA-Report-App/chroma-qa-reports/build-env/node_modules/webpack-merge/package.json,,node,tracked,
package_manifest,plugins/QA-Report-App/chroma-qa-reports/build-env/node_modules/webpack-sources/package.json,plugins/QA-Report-App/chroma-qa-reports/build-env/node_modules/webpack-sources/package.json,,node,tracked,
package_manifest,plugins/QA-Report-App/chroma-qa-reports/build-env/node_modules/webpack/package.json,plugins/QA-Report-App/chroma-qa-reports/build-env/node_modules/webpack/package.json,,node,tracked,
package_manifest,plugins/QA-Report-App/chroma-qa-reports/build-env/node_modules/websocket-driver/package.json,plugins/QA-Report-App/chroma-qa-reports/build-env/node_modules/websocket-driver/package.json,,node,tracked,
package_manifest,plugins/QA-Report-App/chroma-qa-reports/build-env/node_modules/websocket-extensions/package.json,plugins/QA-Report-App/chroma-qa-reports/build-env/node_modules/websocket-extensions/package.json,,node,tracked,
package_manifest,plugins/QA-Report-App/chroma-qa-reports/build-env/node_modules/whatwg-encoding/package.json,plugins/QA-Report-App/chroma-qa-reports/build-env/node_modules/whatwg-encoding/package.json,,node,tracked,
package_manifest,plugins/QA-Report-App/chroma-qa-reports/build-env/node_modules/whatwg-mimetype/package.json,plugins/QA-Report-App/chroma-qa-reports/build-env/node_modules/whatwg-mimetype/package.json,,node,tracked,
package_manifest,plugins/QA-Report-App/chroma-qa-reports/build-env/node_modules/whatwg-url/package.json,plugins/QA-Report-App/chroma-qa-reports/build-env/node_modules/whatwg-url/package.json,,node,tracked,
package_manifest,plugins/QA-Report-App/chroma-qa-reports/build-env/node_modules/which-boxed-primitive/package.json,plugins/QA-Report-App/chroma-qa-reports/build-env/node_modules/which-boxed-primitive/package.json,,node,tracked,
package_manifest,plugins/QA-Report-App/chroma-qa-reports/build-env/node_modules/which-builtin-type/package.json,plugins/QA-Report-App/chroma-qa-reports/build-env/node_modules/which-builtin-type/package.json,,node,tracked,
package_manifest,plugins/QA-Report-App/chroma-qa-reports/build-env/node_modules/which-collection/package.json,plugins/QA-Report-App/chroma-qa-reports/build-env/node_modules/which-collection/package.json,,node,tracked,
package_manifest,plugins/QA-Report-App/chroma-qa-reports/build-env/node_modules/which-typed-array/package.json,plugins/QA-Report-App/chroma-qa-reports/build-env/node_modules/which-typed-array/package.json,,node,tracked,
package_manifest,plugins/QA-Report-App/chroma-qa-reports/build-env/node_modules/which/package.json,plugins/QA-Report-App/chroma-qa-reports/build-env/node_modules/which/package.json,,node,tracked,
package_manifest,plugins/QA-Report-App/chroma-qa-reports/build-env/node_modules/wildcard/package.json,plugins/QA-Report-App/chroma-qa-reports/build-env/node_modules/wildcard/package.json,,node,tracked,
package_manifest,plugins/QA-Report-App/chroma-qa-reports/build-env/node_modules/word-wrap/package.json,plugins/QA-Report-App/chroma-qa-reports/build-env/node_modules/word-wrap/package.json,,node,tracked,
package_manifest,plugins/QA-Report-App/chroma-qa-reports/build-env/node_modules/wrap-ansi/package.json,plugins/QA-Report-App/chroma-qa-reports/build-env/node_modules/wrap-ansi/package.json,,node,tracked,
package_manifest,plugins/QA-Report-App/chroma-qa-reports/build-env/node_modules/wrappy/package.json,plugins/QA-Report-App/chroma-qa-reports/build-env/node_modules/wrappy/package.json,,node,tracked,
package_manifest,plugins/QA-Report-App/chroma-qa-reports/build-env/node_modules/write-file-atomic/package.json,plugins/QA-Report-App/chroma-qa-reports/build-env/node_modules/write-file-atomic/package.json,,node,tracked,
package_manifest,plugins/QA-Report-App/chroma-qa-reports/build-env/node_modules/ws/package.json,plugins/QA-Report-App/chroma-qa-reports/build-env/node_modules/ws/package.json,,node,tracked,
package_manifest,plugins/QA-Report-App/chroma-qa-reports/build-env/node_modules/xdg-basedir/package.json,plugins/QA-Report-App/chroma-qa-reports/build-env/node_modules/xdg-basedir/package.json,,node,tracked,
package_manifest,plugins/QA-Report-App/chroma-qa-reports/build-env/node_modules/xml-name-validator/package.json,plugins/QA-Report-App/chroma-qa-reports/build-env/node_modules/xml-name-validator/package.json,,node,tracked,
package_manifest,plugins/QA-Report-App/chroma-qa-reports/build-env/node_modules/xmlchars/package.json,plugins/QA-Report-App/chroma-qa-reports/build-env/node_modules/xmlchars/package.json,,node,tracked,
package_manifest,plugins/QA-Report-App/chroma-qa-reports/build-env/node_modules/y18n/package.json,plugins/QA-Report-App/chroma-qa-reports/build-env/node_modules/y18n/package.json,,node,tracked,
package_manifest,plugins/QA-Report-App/chroma-qa-reports/build-env/node_modules/yallist/package.json,plugins/QA-Report-App/chroma-qa-reports/build-env/node_modules/yallist/package.json,,node,tracked,
package_manifest,plugins/QA-Report-App/chroma-qa-reports/build-env/node_modules/yargs-parser/package.json,plugins/QA-Report-App/chroma-qa-reports/build-env/node_modules/yargs-parser/package.json,,node,tracked,
package_manifest,plugins/QA-Report-App/chroma-qa-reports/build-env/node_modules/yargs/helpers/package.json,plugins/QA-Report-App/chroma-qa-reports/build-env/node_modules/yargs/helpers/package.json,,node,tracked,
package_manifest,plugins/QA-Report-App/chroma-qa-reports/build-env/node_modules/yargs/package.json,plugins/QA-Report-App/chroma-qa-reports/build-env/node_modules/yargs/package.json,,node,tracked,
package_manifest,plugins/QA-Report-App/chroma-qa-reports/build-env/node_modules/yauzl/package.json,plugins/QA-Report-App/chroma-qa-reports/build-env/node_modules/yauzl/package.json,,node,tracked,
package_manifest,plugins/QA-Report-App/chroma-qa-reports/build-env/node_modules/yocto-queue/package.json,plugins/QA-Report-App/chroma-qa-reports/build-env/node_modules/yocto-queue/package.json,,node,tracked,
package_manifest,plugins/QA-Report-App/chroma-qa-reports/build-env/node_modules/zustand/package.json,plugins/QA-Report-App/chroma-qa-reports/build-env/node_modules/zustand/package.json,,node,tracked,
package_manifest,plugins/QA-Report-App/chroma-qa-reports/build-env/package.json,plugins/QA-Report-App/chroma-qa-reports/build-env/package.json,,node,tracked,
package_manifest,plugins/QA-Report-App/chroma-qa-reports/package.json,plugins/QA-Report-App/chroma-qa-reports/package.json,,node,tracked,
package_manifest,plugins/chroma-parent-portal/build-env/package.json,plugins/chroma-parent-portal/build-env/package.json,,node,tracked,
package_manifest,plugins/chroma-school-dashboard/package.json,plugins/chroma-school-dashboard/package.json,,node,tracked,
composer_manifest,plugins/QA-Report-App/chroma-qa-reports/composer.json,plugins/QA-Report-App/chroma-qa-reports/composer.json,,php,tracked,
composer_manifest,plugins/chroma-seo-pro-reset/composer.json,plugins/chroma-seo-pro-reset/composer.json,,php,tracked,
composer_manifest,plugins/chroma-seo-pro/composer.json,plugins/chroma-seo-pro/composer.json,,php,tracked,
untracked_workspace_item,chromaela.html,chromaela.html,,workspace,classified_uncommitted,left untouched
untracked_workspace_item,diff.txt,diff.txt,,workspace,classified_uncommitted,left untouched
untracked_workspace_item,diff_cleanup.txt,diff_cleanup.txt,,workspace,classified_uncommitted,left untouched
untracked_workspace_item,director-portal/.eslintrc.json,director-portal/.eslintrc.json,,workspace,classified_uncommitted,left untouched
untracked_workspace_item,full_diff.txt,full_diff.txt,,workspace,classified_uncommitted,left untouched
untracked_workspace_item,old_cleanup.php,old_cleanup.php,,workspace,classified_uncommitted,left untouched
untracked_workspace_item,old_enforcer.php,old_enforcer.php,,workspace,classified_uncommitted,left untouched
untracked_workspace_item,temp_canonical.txt,temp_canonical.txt,,workspace,classified_uncommitted,left untouched
npm_audit_summary,chroma-excellence-theme,chroma-excellence-theme/package.json,,dependency,clean,total=0 critical=0 high=0 moderate=0 low=0
npm_audit_summary,plugins/chroma-school-dashboard,plugins/chroma-school-dashboard/package.json,,dependency,clean,total=0 critical=0 high=0 moderate=0 low=0
npm_audit_summary,director-portal,director-portal/package.json,,dependency,remaining_major_upgrade_required,total=5 critical=0 high=4 moderate=1 low=0
npm_audit_summary,plugins/QA-Report-App/chroma-qa-reports,plugins/QA-Report-App/chroma-qa-reports/package.json,,dependency,remaining_major_upgrade_required,total=4 critical=0 high=0 moderate=0 low=4
npm_audit_summary,plugins/QA-Report-App/chroma-qa-reports/build-env,plugins/QA-Report-App/chroma-qa-reports/build-env/package.json,,dependency,remaining_major_upgrade_required,total=26 critical=0 high=16 moderate=3 low=7
npm_audit_summary,plugins/chroma-parent-portal/build-env,plugins/chroma-parent-portal/build-env/package.json,,dependency,remaining_major_upgrade_required,total=30 critical=0 high=20 moderate=3 low=7
npm_audit_summary,lighthouse-automation,lighthouse-automation/package.json,,dependency,remaining_major_upgrade_required,total=1 critical=0 high=0 moderate=1 low=0
