"campusId","campus","slug","requirement","evidenceField","evidenceValue","status","ownerGate","nextAction"
"6779","Chadwick Campus","chroma-early-learning-academy-chadwick","Campus name","post_title","Chadwick Campus","Present","No","Confirm current accuracy against the campus source of truth."
"6779","Chadwick Campus","chroma-early-learning-academy-chadwick","City and neighborhood","address","yes","Present","Yes","Confirm current accuracy against the campus source of truth."
"6779","Chadwick Campus","chroma-early-learning-academy-chadwick","Full address","address","yes","Present","Yes","Confirm current accuracy against the campus source of truth."
"6779","Chadwick Campus","chroma-early-learning-academy-chadwick","Phone number","phone","yes","Present","Yes","Confirm current accuracy against the campus source of truth."
"6779","Chadwick Campus","chroma-early-learning-academy-chadwick","Campus email","email","yes","Present","Yes","Confirm current accuracy against the campus source of truth."
"6779","Chadwick Campus","chroma-early-learning-academy-chadwick","Current operating hours","hours","yes","Present","Yes","Confirm current accuracy against the campus source of truth."
"6779","Chadwick Campus","chroma-early-learning-academy-chadwick","Directions and map","coordinates","yes","Present","No","Confirm current accuracy against the campus source of truth."
"6779","Chadwick Campus","chroma-early-learning-academy-chadwick","Real campus photography","images","yes","Present","Yes","Confirm current accuracy against the campus source of truth."
"6779","Chadwick Campus","chroma-early-learning-academy-chadwick","Short campus-specific introduction","intro","yes","Present","Yes","Confirm current accuracy against the campus source of truth."
"6779","Chadwick Campus","chroma-early-learning-academy-chadwick","Current director biography","director","optional","Optional or fallback","Yes","Field is intentionally omitted or uses a safe template fallback; confirm whether campus-specific publication is required."
"6779","Chadwick Campus","chroma-early-learning-academy-chadwick","Programs offered","programs","yes","Present","Yes","Confirm current accuracy against the campus source of truth."
"6779","Chadwick Campus","chroma-early-learning-academy-chadwick","Ages served","ages","yes","Present","Yes","Confirm current accuracy against the campus source of truth."
"6779","Chadwick Campus","chroma-early-learning-academy-chadwick","Verified campus features","features","yes","Present","Yes","Confirm current accuracy against the campus source of truth."
"6779","Chadwick Campus","chroma-early-learning-academy-chadwick","Current school pickups","school_pickups","optional","Optional or fallback","Yes","Field is intentionally omitted or uses a safe template fallback; confirm whether campus-specific publication is required."
"6779","Chadwick Campus","chroma-early-learning-academy-chadwick","GA Pre-K availability","ga_pre_k","optional","Optional or fallback","Yes","Field is intentionally omitted or uses a safe template fallback; confirm whether campus-specific publication is required."
"6779","Chadwick Campus","chroma-early-learning-academy-chadwick","CAPS participation","caps","optional","Optional or fallback","Yes","Field is intentionally omitted or uses a safe template fallback; confirm whether campus-specific publication is required."
"6779","Chadwick Campus","chroma-early-learning-academy-chadwick","Quality Rated status","quality_rated","yes","Present","Yes","Confirm current accuracy against the campus source of truth."
"6779","Chadwick Campus","chroma-early-learning-academy-chadwick","Licensing information","licensing","missing","Missing","Yes","Supply and verify the missing campus field."
"6779","Chadwick Campus","chroma-early-learning-academy-chadwick","Parent testimonials for that campus","testimonial","optional","Optional or fallback","Yes","Field is intentionally omitted or uses a safe template fallback; confirm whether campus-specific publication is required."
"6779","Chadwick Campus","chroma-early-learning-academy-chadwick","Tuition inquiry","tuition","fallback","Optional or fallback","Yes","Field is intentionally omitted or uses a safe template fallback; confirm whether campus-specific publication is required."
"6779","Chadwick Campus","chroma-early-learning-academy-chadwick","Availability or waitlist information","availability","fallback","Optional or fallback","Yes","Field is intentionally omitted or uses a safe template fallback; confirm whether campus-specific publication is required."
"6779","Chadwick Campus","chroma-early-learning-academy-chadwick","Schedule-a-tour form","tour_link","fallback","Optional or fallback","No","Field is intentionally omitted or uses a safe template fallback; confirm whether campus-specific publication is required."
"6779","Chadwick Campus","chroma-early-learning-academy-chadwick","Local FAQ","faq","yes","Present","Yes","Confirm current accuracy against the campus source of truth."
"6779","Chadwick Campus","chroma-early-learning-academy-chadwick","Nearby communities served","nearby_communities","yes","Present","Yes","Confirm current accuracy against the campus source of truth."
"6779","Chadwick Campus","chroma-early-learning-academy-chadwick","Nearby landmarks or access information","nearby_access","yes","Present","Yes","Confirm current accuracy against the campus source of truth."
"6779","Chadwick Campus","chroma-early-learning-academy-chadwick","Date the page was last reviewed","last_reviewed","yes","Present","Yes","Confirm current accuracy against the campus source of truth."
"4406","Cherokee Academy by Chroma, Canton GA","cherokee-campus","Campus name","post_title","Cherokee Academy by Chroma, Canton GA","Present","No","Confirm current accuracy against the campus source of truth."
"4406","Cherokee Academy by Chroma, Canton GA","cherokee-campus","City and neighborhood","address","yes","Present","Yes","Confirm current accuracy against the campus source of truth."
"4406","Cherokee Academy by Chroma, Canton GA","cherokee-campus","Full address","address","yes","Present","Yes","Confirm current accuracy against the campus source of truth."
"4406","Cherokee Academy by Chroma, Canton GA","cherokee-campus","Phone number","phone","yes","Present","Yes","Confirm current accuracy against the campus source of truth."
"4406","Cherokee Academy by Chroma, Canton GA","cherokee-campus","Campus email","email","yes","Present","Yes","Confirm current accuracy against the campus source of truth."
"4406","Cherokee Academy by Chroma, Canton GA","cherokee-campus","Current operating hours","hours","yes","Present","Yes","Confirm current accuracy against the campus source of truth."
"4406","Cherokee Academy by Chroma, Canton GA","cherokee-campus","Directions and map","coordinates","yes","Present","No","Confirm current accuracy against the campus source of truth."
"4406","Cherokee Academy by Chroma, Canton GA","cherokee-campus","Real campus photography","images","yes","Present","Yes","Confirm current accuracy against the campus source of truth."
"4406","Cherokee Academy by Chroma, Canton GA","cherokee-campus","Short campus-specific introduction","intro","yes","Present","Yes","Confirm current accuracy against the campus source of truth."
"4406","Cherokee Academy by Chroma, Canton GA","cherokee-campus","Current director biography","director","yes","Present","Yes","Confirm current accuracy against the campus source of truth."
"4406","Cherokee Academy by Chroma, Canton GA","cherokee-campus","Programs offered","programs","yes","Present","Yes","Confirm current accuracy against the campus source of truth."
"4406","Cherokee Academy by Chroma, Canton GA","cherokee-campus","Ages served","ages","yes","Present","Yes","Confirm current accuracy against the campus source of truth."
"4406","Cherokee Academy by Chroma, Canton GA","cherokee-campus","Verified campus features","features","yes","Present","Yes","Confirm current accuracy against the campus source of truth."
"4406","Cherokee Academy by Chroma, Canton GA","cherokee-campus","Current school pickups","school_pickups","yes","Present","Yes","Confirm current accuracy against the campus source of truth."
"4406","Cherokee Academy by Chroma, Canton GA","cherokee-campus","GA Pre-K availability","ga_pre_k","yes","Present","Yes","Confirm current accuracy against the campus source of truth."
"4406","Cherokee Academy by Chroma, Canton GA","cherokee-campus","CAPS participation","caps","optional","Optional or fallback","Yes","Field is intentionally omitted or uses a safe template fallback; confirm whether campus-specific publication is required."
"4406","Cherokee Academy by Chroma, Canton GA","cherokee-campus","Quality Rated status","quality_rated","yes","Present","Yes","Confirm current accuracy against the campus source of truth."
"4406","Cherokee Academy by Chroma, Canton GA","cherokee-campus","Licensing information","licensing","missing","Missing","Yes","Supply and verify the missing campus field."
"4406","Cherokee Academy by Chroma, Canton GA","cherokee-campus","Parent testimonials for that campus","testimonial","yes","Present","Yes","Confirm current accuracy against the campus source of truth."
"4406","Cherokee Academy by Chroma, Canton GA","cherokee-campus","Tuition inquiry","tuition","fallback","Optional or fallback","Yes","Field is intentionally omitted or uses a safe template fallback; confirm whether campus-specific publication is required."
"4406","Cherokee Academy by Chroma, Canton GA","cherokee-campus","Availability or waitlist information","availability","fallback","Optional or fallback","Yes","Field is intentionally omitted or uses a safe template fallback; confirm whether campus-specific publication is required."
"4406","Cherokee Academy by Chroma, Canton GA","cherokee-campus","Schedule-a-tour form","tour_link","yes","Present","No","Confirm current accuracy against the campus source of truth."
"4406","Cherokee Academy by Chroma, Canton GA","cherokee-campus","Local FAQ","faq","fallback","Optional or fallback","Yes","Field is intentionally omitted or uses a safe template fallback; confirm whether campus-specific publication is required."
"4406","Cherokee Academy by Chroma, Canton GA","cherokee-campus","Nearby communities served","nearby_communities","yes","Present","Yes","Confirm current accuracy against the campus source of truth."
"4406","Cherokee Academy by Chroma, Canton GA","cherokee-campus","Nearby landmarks or access information","nearby_access","yes","Present","Yes","Confirm current accuracy against the campus source of truth."
"4406","Cherokee Academy by Chroma, Canton GA","cherokee-campus","Date the page was last reviewed","last_reviewed","yes","Present","Yes","Confirm current accuracy against the campus source of truth."
"4289","Downtown Duluth","pleasanthill-campus-duluth","Campus name","post_title","Downtown Duluth","Present","No","Confirm current accuracy against the campus source of truth."
"4289","Downtown Duluth","pleasanthill-campus-duluth","City and neighborhood","address","yes","Present","Yes","Confirm current accuracy against the campus source of truth."
"4289","Downtown Duluth","pleasanthill-campus-duluth","Full address","address","yes","Present","Yes","Confirm current accuracy against the campus source of truth."
"4289","Downtown Duluth","pleasanthill-campus-duluth","Phone number","phone","yes","Present","Yes","Confirm current accuracy against the campus source of truth."
"4289","Downtown Duluth","pleasanthill-campus-duluth","Campus email","email","yes","Present","Yes","Confirm current accuracy against the campus source of truth."
"4289","Downtown Duluth","pleasanthill-campus-duluth","Current operating hours","hours","yes","Present","Yes","Confirm current accuracy against the campus source of truth."
"4289","Downtown Duluth","pleasanthill-campus-duluth","Directions and map","coordinates","yes","Present","No","Confirm current accuracy against the campus source of truth."
"4289","Downtown Duluth","pleasanthill-campus-duluth","Real campus photography","images","yes","Present","Yes","Confirm current accuracy against the campus source of truth."
"4289","Downtown Duluth","pleasanthill-campus-duluth","Short campus-specific introduction","intro","yes","Present","Yes","Confirm current accuracy against the campus source of truth."
"4289","Downtown Duluth","pleasanthill-campus-duluth","Current director biography","director","yes","Present","Yes","Confirm current accuracy against the campus source of truth."
"4289","Downtown Duluth","pleasanthill-campus-duluth","Programs offered","programs","yes","Present","Yes","Confirm current accuracy against the campus source of truth."
"4289","Downtown Duluth","pleasanthill-campus-duluth","Ages served","ages","fallback","Optional or fallback","Yes","Field is intentionally omitted or uses a safe template fallback; confirm whether campus-specific publication is required."
"4289","Downtown Duluth","pleasanthill-campus-duluth","Verified campus features","features","yes","Present","Yes","Confirm current accuracy against the campus source of truth."
"4289","Downtown Duluth","pleasanthill-campus-duluth","Current school pickups","school_pickups","yes","Present","Yes","Confirm current accuracy against the campus source of truth."
"4289","Downtown Duluth","pleasanthill-campus-duluth","GA Pre-K availability","ga_pre_k","yes","Present","Yes","Confirm current accuracy against the campus source of truth."
"4289","Downtown Duluth","pleasanthill-campus-duluth","CAPS participation","caps","optional","Optional or fallback","Yes","Field is intentionally omitted or uses a safe template fallback; confirm whether campus-specific publication is required."
"4289","Downtown Duluth","pleasanthill-campus-duluth","Quality Rated status","quality_rated","yes","Present","Yes","Confirm current accuracy against the campus source of truth."
"4289","Downtown Duluth","pleasanthill-campus-duluth","Licensing information","licensing","missing","Missing","Yes","Supply and verify the missing campus field."
"4289","Downtown Duluth","pleasanthill-campus-duluth","Parent testimonials for that campus","testimonial","yes","Present","Yes","Confirm current accuracy against the campus source of truth."
"4289","Downtown Duluth","pleasanthill-campus-duluth","Tuition inquiry","tuition","fallback","Optional or fallback","Yes","Field is intentionally omitted or uses a safe template fallback; confirm whether campus-specific publication is required."
"4289","Downtown Duluth","pleasanthill-campus-duluth","Availability or waitlist information","availability","fallback","Optional or fallback","Yes","Field is intentionally omitted or uses a safe template fallback; confirm whether campus-specific publication is required."
"4289","Downtown Duluth","pleasanthill-campus-duluth","Schedule-a-tour form","tour_link","yes","Present","No","Confirm current accuracy against the campus source of truth."
"4289","Downtown Duluth","pleasanthill-campus-duluth","Local FAQ","faq","fallback","Optional or fallback","Yes","Field is intentionally omitted or uses a safe template fallback; confirm whether campus-specific publication is required."
"4289","Downtown Duluth","pleasanthill-campus-duluth","Nearby communities served","nearby_communities","yes","Present","Yes","Confirm current accuracy against the campus source of truth."
"4289","Downtown Duluth","pleasanthill-campus-duluth","Nearby landmarks or access information","nearby_access","yes","Present","Yes","Confirm current accuracy against the campus source of truth."
"4289","Downtown Duluth","pleasanthill-campus-duluth","Date the page was last reviewed","last_reviewed","yes","Present","Yes","Confirm current accuracy against the campus source of truth."
"4410","Ellenwood Campus","ellenwood-campus","Campus name","post_title","Ellenwood Campus","Present","No","Confirm current accuracy against the campus source of truth."
"4410","Ellenwood Campus","ellenwood-campus","City and neighborhood","address","yes","Present","Yes","Confirm current accuracy against the campus source of truth."
"4410","Ellenwood Campus","ellenwood-campus","Full address","address","yes","Present","Yes","Confirm current accuracy against the campus source of truth."
"4410","Ellenwood Campus","ellenwood-campus","Phone number","phone","yes","Present","Yes","Confirm current accuracy against the campus source of truth."
"4410","Ellenwood Campus","ellenwood-campus","Campus email","email","yes","Present","Yes","Confirm current accuracy against the campus source of truth."
"4410","Ellenwood Campus","ellenwood-campus","Current operating hours","hours","yes","Present","Yes","Confirm current accuracy against the campus source of truth."
"4410","Ellenwood Campus","ellenwood-campus","Directions and map","coordinates","yes","Present","No","Confirm current accuracy against the campus source of truth."
"4410","Ellenwood Campus","ellenwood-campus","Real campus photography","images","yes","Present","Yes","Confirm current accuracy against the campus source of truth."
"4410","Ellenwood Campus","ellenwood-campus","Short campus-specific introduction","intro","yes","Present","Yes","Confirm current accuracy against the campus source of truth."
"4410","Ellenwood Campus","ellenwood-campus","Current director biography","director","yes","Present","Yes","Confirm current accuracy against the campus source of truth."
"4410","Ellenwood Campus","ellenwood-campus","Programs offered","programs","yes","Present","Yes","Confirm current accuracy against the campus source of truth."
"4410","Ellenwood Campus","ellenwood-campus","Ages served","ages","yes","Present","Yes","Confirm current accuracy against the campus source of truth."
"4410","Ellenwood Campus","ellenwood-campus","Verified campus features","features","yes","Present","Yes","Confirm current accuracy against the campus source of truth."
"4410","Ellenwood Campus","ellenwood-campus","Current school pickups","school_pickups","yes","Present","Yes","Confirm current accuracy against the campus source of truth."
"4410","Ellenwood Campus","ellenwood-campus","GA Pre-K availability","ga_pre_k","yes","Present","Yes","Confirm current accuracy against the campus source of truth."
"4410","Ellenwood Campus","ellenwood-campus","CAPS participation","caps","optional","Optional or fallback","Yes","Field is intentionally omitted or uses a safe template fallback; confirm whether campus-specific publication is required."
"4410","Ellenwood Campus","ellenwood-campus","Quality Rated status","quality_rated","yes","Present","Yes","Confirm current accuracy against the campus source of truth."
"4410","Ellenwood Campus","ellenwood-campus","Licensing information","licensing","missing","Missing","Yes","Supply and verify the missing campus field."
"4410","Ellenwood Campus","ellenwood-campus","Parent testimonials for that campus","testimonial","yes","Present","Yes","Confirm current accuracy against the campus source of truth."
"4410","Ellenwood Campus","ellenwood-campus","Tuition inquiry","tuition","fallback","Optional or fallback","Yes","Field is intentionally omitted or uses a safe template fallback; confirm whether campus-specific publication is required."
"4410","Ellenwood Campus","ellenwood-campus","Availability or waitlist information","availability","fallback","Optional or fallback","Yes","Field is intentionally omitted or uses a safe template fallback; confirm whether campus-specific publication is required."
"4410","Ellenwood Campus","ellenwood-campus","Schedule-a-tour form","tour_link","yes","Present","No","Confirm current accuracy against the campus source of truth."
"4410","Ellenwood Campus","ellenwood-campus","Local FAQ","faq","yes","Present","Yes","Confirm current accuracy against the campus source of truth."
"4410","Ellenwood Campus","ellenwood-campus","Nearby communities served","nearby_communities","yes","Present","Yes","Confirm current accuracy against the campus source of truth."
"4410","Ellenwood Campus","ellenwood-campus","Nearby landmarks or access information","nearby_access","yes","Present","Yes","Confirm current accuracy against the campus source of truth."
"4410","Ellenwood Campus","ellenwood-campus","Date the page was last reviewed","last_reviewed","yes","Present","Yes","Confirm current accuracy against the campus source of truth."
"6781","Grayson Campus","chroma-early-learning-academy-grayson","Campus name","post_title","Grayson Campus","Present","No","Confirm current accuracy against the campus source of truth."
"6781","Grayson Campus","chroma-early-learning-academy-grayson","City and neighborhood","address","yes","Present","Yes","Confirm current accuracy against the campus source of truth."
"6781","Grayson Campus","chroma-early-learning-academy-grayson","Full address","address","yes","Present","Yes","Confirm current accuracy against the campus source of truth."
"6781","Grayson Campus","chroma-early-learning-academy-grayson","Phone number","phone","yes","Present","Yes","Confirm current accuracy against the campus source of truth."
"6781","Grayson Campus","chroma-early-learning-academy-grayson","Campus email","email","yes","Present","Yes","Confirm current accuracy against the campus source of truth."
"6781","Grayson Campus","chroma-early-learning-academy-grayson","Current operating hours","hours","yes","Present","Yes","Confirm current accuracy against the campus source of truth."
"6781","Grayson Campus","chroma-early-learning-academy-grayson","Directions and map","coordinates","yes","Present","No","Confirm current accuracy against the campus source of truth."
"6781","Grayson Campus","chroma-early-learning-academy-grayson","Real campus photography","images","fallback","Optional or fallback","Yes","Field is intentionally omitted or uses a safe template fallback; confirm whether campus-specific publication is required."
"6781","Grayson Campus","chroma-early-learning-academy-grayson","Short campus-specific introduction","intro","yes","Present","Yes","Confirm current accuracy against the campus source of truth."
"6781","Grayson Campus","chroma-early-learning-academy-grayson","Current director biography","director","optional","Optional or fallback","Yes","Field is intentionally omitted or uses a safe template fallback; confirm whether campus-specific publication is required."
"6781","Grayson Campus","chroma-early-learning-academy-grayson","Programs offered","programs","yes","Present","Yes","Confirm current accuracy against the campus source of truth."
"6781","Grayson Campus","chroma-early-learning-academy-grayson","Ages served","ages","yes","Present","Yes","Confirm current accuracy against the campus source of truth."
"6781","Grayson Campus","chroma-early-learning-academy-grayson","Verified campus features","features","yes","Present","Yes","Confirm current accuracy against the campus source of truth."
"6781","Grayson Campus","chroma-early-learning-academy-grayson","Current school pickups","school_pickups","optional","Optional or fallback","Yes","Field is intentionally omitted or uses a safe template fallback; confirm whether campus-specific publication is required."
"6781","Grayson Campus","chroma-early-learning-academy-grayson","GA Pre-K availability","ga_pre_k","yes","Present","Yes","Confirm current accuracy against the campus source of truth."
"6781","Grayson Campus","chroma-early-learning-academy-grayson","CAPS participation","caps","optional","Optional or fallback","Yes","Field is intentionally omitted or uses a safe template fallback; confirm whether campus-specific publication is required."
"6781","Grayson Campus","chroma-early-learning-academy-grayson","Quality Rated status","quality_rated","optional","Optional or fallback","Yes","Field is intentionally omitted or uses a safe template fallback; confirm whether campus-specific publication is required."
"6781","Grayson Campus","chroma-early-learning-academy-grayson","Licensing information","licensing","missing","Missing","Yes","Supply and verify the missing campus field."
"6781","Grayson Campus","chroma-early-learning-academy-grayson","Parent testimonials for that campus","testimonial","optional","Optional or fallback","Yes","Field is intentionally omitted or uses a safe template fallback; confirm whether campus-specific publication is required."
"6781","Grayson Campus","chroma-early-learning-academy-grayson","Tuition inquiry","tuition","fallback","Optional or fallback","Yes","Field is intentionally omitted or uses a safe template fallback; confirm whether campus-specific publication is required."
"6781","Grayson Campus","chroma-early-learning-academy-grayson","Availability or waitlist information","availability","fallback","Optional or fallback","Yes","Field is intentionally omitted or uses a safe template fallback; confirm whether campus-specific publication is required."
"6781","Grayson Campus","chroma-early-learning-academy-grayson","Schedule-a-tour form","tour_link","yes","Present","No","Confirm current accuracy against the campus source of truth."
"6781","Grayson Campus","chroma-early-learning-academy-grayson","Local FAQ","faq","yes","Present","Yes","Confirm current accuracy against the campus source of truth."
"6781","Grayson Campus","chroma-early-learning-academy-grayson","Nearby communities served","nearby_communities","yes","Present","Yes","Confirm current accuracy against the campus source of truth."
"6781","Grayson Campus","chroma-early-learning-academy-grayson","Nearby landmarks or access information","nearby_access","yes","Present","Yes","Confirm current accuracy against the campus source of truth."
"6781","Grayson Campus","chroma-early-learning-academy-grayson","Date the page was last reviewed","last_reviewed","yes","Present","Yes","Confirm current accuracy against the campus source of truth."
"4237","Johns Creek Campus","johns-creek","Campus name","post_title","Johns Creek Campus","Present","No","Confirm current accuracy against the campus source of truth."
"4237","Johns Creek Campus","johns-creek","City and neighborhood","address","yes","Present","Yes","Confirm current accuracy against the campus source of truth."
"4237","Johns Creek Campus","johns-creek","Full address","address","yes","Present","Yes","Confirm current accuracy against the campus source of truth."
"4237","Johns Creek Campus","johns-creek","Phone number","phone","yes","Present","Yes","Confirm current accuracy against the campus source of truth."
"4237","Johns Creek Campus","johns-creek","Campus email","email","yes","Present","Yes","Confirm current accuracy against the campus source of truth."
"4237","Johns Creek Campus","johns-creek","Current operating hours","hours","yes","Present","Yes","Confirm current accuracy against the campus source of truth."
"4237","Johns Creek Campus","johns-creek","Directions and map","coordinates","yes","Present","No","Confirm current accuracy against the campus source of truth."
"4237","Johns Creek Campus","johns-creek","Real campus photography","images","yes","Present","Yes","Confirm current accuracy against the campus source of truth."
"4237","Johns Creek Campus","johns-creek","Short campus-specific introduction","intro","yes","Present","Yes","Confirm current accuracy against the campus source of truth."
"4237","Johns Creek Campus","johns-creek","Current director biography","director","yes","Present","Yes","Confirm current accuracy against the campus source of truth."
"4237","Johns Creek Campus","johns-creek","Programs offered","programs","yes","Present","Yes","Confirm current accuracy against the campus source of truth."
"4237","Johns Creek Campus","johns-creek","Ages served","ages","yes","Present","Yes","Confirm current accuracy against the campus source of truth."
"4237","Johns Creek Campus","johns-creek","Verified campus features","features","yes","Present","Yes","Confirm current accuracy against the campus source of truth."
"4237","Johns Creek Campus","johns-creek","Current school pickups","school_pickups","yes","Present","Yes","Confirm current accuracy against the campus source of truth."
"4237","Johns Creek Campus","johns-creek","GA Pre-K availability","ga_pre_k","yes","Present","Yes","Confirm current accuracy against the campus source of truth."
"4237","Johns Creek Campus","johns-creek","CAPS participation","caps","optional","Optional or fallback","Yes","Field is intentionally omitted or uses a safe template fallback; confirm whether campus-specific publication is required."
"4237","Johns Creek Campus","johns-creek","Quality Rated status","quality_rated","yes","Present","Yes","Confirm current accuracy against the campus source of truth."
"4237","Johns Creek Campus","johns-creek","Licensing information","licensing","missing","Missing","Yes","Supply and verify the missing campus field."
"4237","Johns Creek Campus","johns-creek","Parent testimonials for that campus","testimonial","yes","Present","Yes","Confirm current accuracy against the campus source of truth."
"4237","Johns Creek Campus","johns-creek","Tuition inquiry","tuition","fallback","Optional or fallback","Yes","Field is intentionally omitted or uses a safe template fallback; confirm whether campus-specific publication is required."
"4237","Johns Creek Campus","johns-creek","Availability or waitlist information","availability","fallback","Optional or fallback","Yes","Field is intentionally omitted or uses a safe template fallback; confirm whether campus-specific publication is required."
"4237","Johns Creek Campus","johns-creek","Schedule-a-tour form","tour_link","yes","Present","No","Confirm current accuracy against the campus source of truth."
"4237","Johns Creek Campus","johns-creek","Local FAQ","faq","yes","Present","Yes","Confirm current accuracy against the campus source of truth."
"4237","Johns Creek Campus","johns-creek","Nearby communities served","nearby_communities","yes","Present","Yes","Confirm current accuracy against the campus source of truth."
"4237","Johns Creek Campus","johns-creek","Nearby landmarks or access information","nearby_access","yes","Present","Yes","Confirm current accuracy against the campus source of truth."
"4237","Johns Creek Campus","johns-creek","Date the page was last reviewed","last_reviewed","yes","Present","Yes","Confirm current accuracy against the campus source of truth."
"4414","Jonesboro Campus","jonesboro-campus","Campus name","post_title","Jonesboro Campus","Present","No","Confirm current accuracy against the campus source of truth."
"4414","Jonesboro Campus","jonesboro-campus","City and neighborhood","address","yes","Present","Yes","Confirm current accuracy against the campus source of truth."
"4414","Jonesboro Campus","jonesboro-campus","Full address","address","yes","Present","Yes","Confirm current accuracy against the campus source of truth."
"4414","Jonesboro Campus","jonesboro-campus","Phone number","phone","yes","Present","Yes","Confirm current accuracy against the campus source of truth."
"4414","Jonesboro Campus","jonesboro-campus","Campus email","email","yes","Present","Yes","Confirm current accuracy against the campus source of truth."
"4414","Jonesboro Campus","jonesboro-campus","Current operating hours","hours","yes","Present","Yes","Confirm current accuracy against the campus source of truth."
"4414","Jonesboro Campus","jonesboro-campus","Directions and map","coordinates","yes","Present","No","Confirm current accuracy against the campus source of truth."
"4414","Jonesboro Campus","jonesboro-campus","Real campus photography","images","yes","Present","Yes","Confirm current accuracy against the campus source of truth."
"4414","Jonesboro Campus","jonesboro-campus","Short campus-specific introduction","intro","yes","Present","Yes","Confirm current accuracy against the campus source of truth."
"4414","Jonesboro Campus","jonesboro-campus","Current director biography","director","yes","Present","Yes","Confirm current accuracy against the campus source of truth."
"4414","Jonesboro Campus","jonesboro-campus","Programs offered","programs","yes","Present","Yes","Confirm current accuracy against the campus source of truth."
"4414","Jonesboro Campus","jonesboro-campus","Ages served","ages","yes","Present","Yes","Confirm current accuracy against the campus source of truth."
"4414","Jonesboro Campus","jonesboro-campus","Verified campus features","features","yes","Present","Yes","Confirm current accuracy against the campus source of truth."
"4414","Jonesboro Campus","jonesboro-campus","Current school pickups","school_pickups","yes","Present","Yes","Confirm current accuracy against the campus source of truth."
"4414","Jonesboro Campus","jonesboro-campus","GA Pre-K availability","ga_pre_k","yes","Present","Yes","Confirm current accuracy against the campus source of truth."
"4414","Jonesboro Campus","jonesboro-campus","CAPS participation","caps","optional","Optional or fallback","Yes","Field is intentionally omitted or uses a safe template fallback; confirm whether campus-specific publication is required."
"4414","Jonesboro Campus","jonesboro-campus","Quality Rated status","quality_rated","yes","Present","Yes","Confirm current accuracy against the campus source of truth."
"4414","Jonesboro Campus","jonesboro-campus","Licensing information","licensing","missing","Missing","Yes","Supply and verify the missing campus field."
"4414","Jonesboro Campus","jonesboro-campus","Parent testimonials for that campus","testimonial","yes","Present","Yes","Confirm current accuracy against the campus source of truth."
"4414","Jonesboro Campus","jonesboro-campus","Tuition inquiry","tuition","fallback","Optional or fallback","Yes","Field is intentionally omitted or uses a safe template fallback; confirm whether campus-specific publication is required."
"4414","Jonesboro Campus","jonesboro-campus","Availability or waitlist information","availability","fallback","Optional or fallback","Yes","Field is intentionally omitted or uses a safe template fallback; confirm whether campus-specific publication is required."
"4414","Jonesboro Campus","jonesboro-campus","Schedule-a-tour form","tour_link","yes","Present","No","Confirm current accuracy against the campus source of truth."
"4414","Jonesboro Campus","jonesboro-campus","Local FAQ","faq","fallback","Optional or fallback","Yes","Field is intentionally omitted or uses a safe template fallback; confirm whether campus-specific publication is required."
"4414","Jonesboro Campus","jonesboro-campus","Nearby communities served","nearby_communities","yes","Present","Yes","Confirm current accuracy against the campus source of truth."
"4414","Jonesboro Campus","jonesboro-campus","Nearby landmarks or access information","nearby_access","yes","Present","Yes","Confirm current accuracy against the campus source of truth."
"4414","Jonesboro Campus","jonesboro-campus","Date the page was last reviewed","last_reviewed","yes","Present","Yes","Confirm current accuracy against the campus source of truth."
"4288","Lawrenceville Campus","lawrenceville-campus","Campus name","post_title","Lawrenceville Campus","Present","No","Confirm current accuracy against the campus source of truth."
"4288","Lawrenceville Campus","lawrenceville-campus","City and neighborhood","address","yes","Present","Yes","Confirm current accuracy against the campus source of truth."
"4288","Lawrenceville Campus","lawrenceville-campus","Full address","address","yes","Present","Yes","Confirm current accuracy against the campus source of truth."
"4288","Lawrenceville Campus","lawrenceville-campus","Phone number","phone","yes","Present","Yes","Confirm current accuracy against the campus source of truth."
"4288","Lawrenceville Campus","lawrenceville-campus","Campus email","email","yes","Present","Yes","Confirm current accuracy against the campus source of truth."
"4288","Lawrenceville Campus","lawrenceville-campus","Current operating hours","hours","yes","Present","Yes","Confirm current accuracy against the campus source of truth."
"4288","Lawrenceville Campus","lawrenceville-campus","Directions and map","coordinates","yes","Present","No","Confirm current accuracy against the campus source of truth."
"4288","Lawrenceville Campus","lawrenceville-campus","Real campus photography","images","yes","Present","Yes","Confirm current accuracy against the campus source of truth."
"4288","Lawrenceville Campus","lawrenceville-campus","Short campus-specific introduction","intro","yes","Present","Yes","Confirm current accuracy against the campus source of truth."
"4288","Lawrenceville Campus","lawrenceville-campus","Current director biography","director","yes","Present","Yes","Confirm current accuracy against the campus source of truth."
"4288","Lawrenceville Campus","lawrenceville-campus","Programs offered","programs","yes","Present","Yes","Confirm current accuracy against the campus source of truth."
"4288","Lawrenceville Campus","lawrenceville-campus","Ages served","ages","fallback","Optional or fallback","Yes","Field is intentionally omitted or uses a safe template fallback; confirm whether campus-specific publication is required."
"4288","Lawrenceville Campus","lawrenceville-campus","Verified campus features","features","yes","Present","Yes","Confirm current accuracy against the campus source of truth."
"4288","Lawrenceville Campus","lawrenceville-campus","Current school pickups","school_pickups","yes","Present","Yes","Confirm current accuracy against the campus source of truth."
"4288","Lawrenceville Campus","lawrenceville-campus","GA Pre-K availability","ga_pre_k","yes","Present","Yes","Confirm current accuracy against the campus source of truth."
"4288","Lawrenceville Campus","lawrenceville-campus","CAPS participation","caps","optional","Optional or fallback","Yes","Field is intentionally omitted or uses a safe template fallback; confirm whether campus-specific publication is required."
"4288","Lawrenceville Campus","lawrenceville-campus","Quality Rated status","quality_rated","yes","Present","Yes","Confirm current accuracy against the campus source of truth."
"4288","Lawrenceville Campus","lawrenceville-campus","Licensing information","licensing","missing","Missing","Yes","Supply and verify the missing campus field."
"4288","Lawrenceville Campus","lawrenceville-campus","Parent testimonials for that campus","testimonial","yes","Present","Yes","Confirm current accuracy against the campus source of truth."
"4288","Lawrenceville Campus","lawrenceville-campus","Tuition inquiry","tuition","fallback","Optional or fallback","Yes","Field is intentionally omitted or uses a safe template fallback; confirm whether campus-specific publication is required."
"4288","Lawrenceville Campus","lawrenceville-campus","Availability or waitlist information","availability","fallback","Optional or fallback","Yes","Field is intentionally omitted or uses a safe template fallback; confirm whether campus-specific publication is required."
"4288","Lawrenceville Campus","lawrenceville-campus","Schedule-a-tour form","tour_link","yes","Present","No","Confirm current accuracy against the campus source of truth."
"4288","Lawrenceville Campus","lawrenceville-campus","Local FAQ","faq","yes","Present","Yes","Confirm current accuracy against the campus source of truth."
"4288","Lawrenceville Campus","lawrenceville-campus","Nearby communities served","nearby_communities","yes","Present","Yes","Confirm current accuracy against the campus source of truth."
"4288","Lawrenceville Campus","lawrenceville-campus","Nearby landmarks or access information","nearby_access","yes","Present","Yes","Confirm current accuracy against the campus source of truth."
"4288","Lawrenceville Campus","lawrenceville-campus","Date the page was last reviewed","last_reviewed","yes","Present","Yes","Confirm current accuracy against the campus source of truth."
"4407","Lilburn Campus","lilburn-campus","Campus name","post_title","Lilburn Campus","Present","No","Confirm current accuracy against the campus source of truth."
"4407","Lilburn Campus","lilburn-campus","City and neighborhood","address","yes","Present","Yes","Confirm current accuracy against the campus source of truth."
"4407","Lilburn Campus","lilburn-campus","Full address","address","yes","Present","Yes","Confirm current accuracy against the campus source of truth."
"4407","Lilburn Campus","lilburn-campus","Phone number","phone","yes","Present","Yes","Confirm current accuracy against the campus source of truth."
"4407","Lilburn Campus","lilburn-campus","Campus email","email","yes","Present","Yes","Confirm current accuracy against the campus source of truth."
"4407","Lilburn Campus","lilburn-campus","Current operating hours","hours","yes","Present","Yes","Confirm current accuracy against the campus source of truth."
"4407","Lilburn Campus","lilburn-campus","Directions and map","coordinates","yes","Present","No","Confirm current accuracy against the campus source of truth."
"4407","Lilburn Campus","lilburn-campus","Real campus photography","images","yes","Present","Yes","Confirm current accuracy against the campus source of truth."
"4407","Lilburn Campus","lilburn-campus","Short campus-specific introduction","intro","yes","Present","Yes","Confirm current accuracy against the campus source of truth."
"4407","Lilburn Campus","lilburn-campus","Current director biography","director","optional","Optional or fallback","Yes","Field is intentionally omitted or uses a safe template fallback; confirm whether campus-specific publication is required."
"4407","Lilburn Campus","lilburn-campus","Programs offered","programs","yes","Present","Yes","Confirm current accuracy against the campus source of truth."
"4407","Lilburn Campus","lilburn-campus","Ages served","ages","yes","Present","Yes","Confirm current accuracy against the campus source of truth."
"4407","Lilburn Campus","lilburn-campus","Verified campus features","features","yes","Present","Yes","Confirm current accuracy against the campus source of truth."
"4407","Lilburn Campus","lilburn-campus","Current school pickups","school_pickups","yes","Present","Yes","Confirm current accuracy against the campus source of truth."
"4407","Lilburn Campus","lilburn-campus","GA Pre-K availability","ga_pre_k","yes","Present","Yes","Confirm current accuracy against the campus source of truth."
"4407","Lilburn Campus","lilburn-campus","CAPS participation","caps","optional","Optional or fallback","Yes","Field is intentionally omitted or uses a safe template fallback; confirm whether campus-specific publication is required."
"4407","Lilburn Campus","lilburn-campus","Quality Rated status","quality_rated","yes","Present","Yes","Confirm current accuracy against the campus source of truth."
"4407","Lilburn Campus","lilburn-campus","Licensing information","licensing","missing","Missing","Yes","Supply and verify the missing campus field."
"4407","Lilburn Campus","lilburn-campus","Parent testimonials for that campus","testimonial","yes","Present","Yes","Confirm current accuracy against the campus source of truth."
"4407","Lilburn Campus","lilburn-campus","Tuition inquiry","tuition","fallback","Optional or fallback","Yes","Field is intentionally omitted or uses a safe template fallback; confirm whether campus-specific publication is required."
"4407","Lilburn Campus","lilburn-campus","Availability or waitlist information","availability","fallback","Optional or fallback","Yes","Field is intentionally omitted or uses a safe template fallback; confirm whether campus-specific publication is required."
"4407","Lilburn Campus","lilburn-campus","Schedule-a-tour form","tour_link","yes","Present","No","Confirm current accuracy against the campus source of truth."
"4407","Lilburn Campus","lilburn-campus","Local FAQ","faq","yes","Present","Yes","Confirm current accuracy against the campus source of truth."
"4407","Lilburn Campus","lilburn-campus","Nearby communities served","nearby_communities","yes","Present","Yes","Confirm current accuracy against the campus source of truth."
"4407","Lilburn Campus","lilburn-campus","Nearby landmarks or access information","nearby_access","yes","Present","Yes","Confirm current accuracy against the campus source of truth."
"4407","Lilburn Campus","lilburn-campus","Date the page was last reviewed","last_reviewed","yes","Present","Yes","Confirm current accuracy against the campus source of truth."
"4408","Marietta Campus ( East )","east-cobb-campus","Campus name","post_title","Marietta Campus ( East )","Present","No","Confirm current accuracy against the campus source of truth."
"4408","Marietta Campus ( East )","east-cobb-campus","City and neighborhood","address","yes","Present","Yes","Confirm current accuracy against the campus source of truth."
"4408","Marietta Campus ( East )","east-cobb-campus","Full address","address","yes","Present","Yes","Confirm current accuracy against the campus source of truth."
"4408","Marietta Campus ( East )","east-cobb-campus","Phone number","phone","yes","Present","Yes","Confirm current accuracy against the campus source of truth."
"4408","Marietta Campus ( East )","east-cobb-campus","Campus email","email","yes","Present","Yes","Confirm current accuracy against the campus source of truth."
"4408","Marietta Campus ( East )","east-cobb-campus","Current operating hours","hours","yes","Present","Yes","Confirm current accuracy against the campus source of truth."
"4408","Marietta Campus ( East )","east-cobb-campus","Directions and map","coordinates","yes","Present","No","Confirm current accuracy against the campus source of truth."
"4408","Marietta Campus ( East )","east-cobb-campus","Real campus photography","images","yes","Present","Yes","Confirm current accuracy against the campus source of truth."
"4408","Marietta Campus ( East )","east-cobb-campus","Short campus-specific introduction","intro","yes","Present","Yes","Confirm current accuracy against the campus source of truth."
"4408","Marietta Campus ( East )","east-cobb-campus","Current director biography","director","yes","Present","Yes","Confirm current accuracy against the campus source of truth."
"4408","Marietta Campus ( East )","east-cobb-campus","Programs offered","programs","yes","Present","Yes","Confirm current accuracy against the campus source of truth."
"4408","Marietta Campus ( East )","east-cobb-campus","Ages served","ages","yes","Present","Yes","Confirm current accuracy against the campus source of truth."
"4408","Marietta Campus ( East )","east-cobb-campus","Verified campus features","features","yes","Present","Yes","Confirm current accuracy against the campus source of truth."
"4408","Marietta Campus ( East )","east-cobb-campus","Current school pickups","school_pickups","yes","Present","Yes","Confirm current accuracy against the campus source of truth."
"4408","Marietta Campus ( East )","east-cobb-campus","GA Pre-K availability","ga_pre_k","yes","Present","Yes","Confirm current accuracy against the campus source of truth."
"4408","Marietta Campus ( East )","east-cobb-campus","CAPS participation","caps","optional","Optional or fallback","Yes","Field is intentionally omitted or uses a safe template fallback; confirm whether campus-specific publication is required."
"4408","Marietta Campus ( East )","east-cobb-campus","Quality Rated status","quality_rated","yes","Present","Yes","Confirm current accuracy against the campus source of truth."
"4408","Marietta Campus ( East )","east-cobb-campus","Licensing information","licensing","missing","Missing","Yes","Supply and verify the missing campus field."
"4408","Marietta Campus ( East )","east-cobb-campus","Parent testimonials for that campus","testimonial","yes","Present","Yes","Confirm current accuracy against the campus source of truth."
"4408","Marietta Campus ( East )","east-cobb-campus","Tuition inquiry","tuition","fallback","Optional or fallback","Yes","Field is intentionally omitted or uses a safe template fallback; confirm whether campus-specific publication is required."
"4408","Marietta Campus ( East )","east-cobb-campus","Availability or waitlist information","availability","fallback","Optional or fallback","Yes","Field is intentionally omitted or uses a safe template fallback; confirm whether campus-specific publication is required."
"4408","Marietta Campus ( East )","east-cobb-campus","Schedule-a-tour form","tour_link","yes","Present","No","Confirm current accuracy against the campus source of truth."
"4408","Marietta Campus ( East )","east-cobb-campus","Local FAQ","faq","yes","Present","Yes","Confirm current accuracy against the campus source of truth."
"4408","Marietta Campus ( East )","east-cobb-campus","Nearby communities served","nearby_communities","yes","Present","Yes","Confirm current accuracy against the campus source of truth."
"4408","Marietta Campus ( East )","east-cobb-campus","Nearby landmarks or access information","nearby_access","yes","Present","Yes","Confirm current accuracy against the campus source of truth."
"4408","Marietta Campus ( East )","east-cobb-campus","Date the page was last reviewed","last_reviewed","yes","Present","Yes","Confirm current accuracy against the campus source of truth."
"4336","Mcdonough Campus","mcdonough","Campus name","post_title","Mcdonough Campus","Present","No","Confirm current accuracy against the campus source of truth."
"4336","Mcdonough Campus","mcdonough","City and neighborhood","address","yes","Present","Yes","Confirm current accuracy against the campus source of truth."
"4336","Mcdonough Campus","mcdonough","Full address","address","yes","Present","Yes","Confirm current accuracy against the campus source of truth."
"4336","Mcdonough Campus","mcdonough","Phone number","phone","yes","Present","Yes","Confirm current accuracy against the campus source of truth."
"4336","Mcdonough Campus","mcdonough","Campus email","email","yes","Present","Yes","Confirm current accuracy against the campus source of truth."
"4336","Mcdonough Campus","mcdonough","Current operating hours","hours","yes","Present","Yes","Confirm current accuracy against the campus source of truth."
"4336","Mcdonough Campus","mcdonough","Directions and map","coordinates","yes","Present","No","Confirm current accuracy against the campus source of truth."
"4336","Mcdonough Campus","mcdonough","Real campus photography","images","yes","Present","Yes","Confirm current accuracy against the campus source of truth."
"4336","Mcdonough Campus","mcdonough","Short campus-specific introduction","intro","yes","Present","Yes","Confirm current accuracy against the campus source of truth."
"4336","Mcdonough Campus","mcdonough","Current director biography","director","yes","Present","Yes","Confirm current accuracy against the campus source of truth."
"4336","Mcdonough Campus","mcdonough","Programs offered","programs","yes","Present","Yes","Confirm current accuracy against the campus source of truth."
"4336","Mcdonough Campus","mcdonough","Ages served","ages","yes","Present","Yes","Confirm current accuracy against the campus source of truth."
"4336","Mcdonough Campus","mcdonough","Verified campus features","features","yes","Present","Yes","Confirm current accuracy against the campus source of truth."
"4336","Mcdonough Campus","mcdonough","Current school pickups","school_pickups","optional","Optional or fallback","Yes","Field is intentionally omitted or uses a safe template fallback; confirm whether campus-specific publication is required."
"4336","Mcdonough Campus","mcdonough","GA Pre-K availability","ga_pre_k","yes","Present","Yes","Confirm current accuracy against the campus source of truth."
"4336","Mcdonough Campus","mcdonough","CAPS participation","caps","optional","Optional or fallback","Yes","Field is intentionally omitted or uses a safe template fallback; confirm whether campus-specific publication is required."
"4336","Mcdonough Campus","mcdonough","Quality Rated status","quality_rated","yes","Present","Yes","Confirm current accuracy against the campus source of truth."
"4336","Mcdonough Campus","mcdonough","Licensing information","licensing","missing","Missing","Yes","Supply and verify the missing campus field."
"4336","Mcdonough Campus","mcdonough","Parent testimonials for that campus","testimonial","yes","Present","Yes","Confirm current accuracy against the campus source of truth."
"4336","Mcdonough Campus","mcdonough","Tuition inquiry","tuition","fallback","Optional or fallback","Yes","Field is intentionally omitted or uses a safe template fallback; confirm whether campus-specific publication is required."
"4336","Mcdonough Campus","mcdonough","Availability or waitlist information","availability","fallback","Optional or fallback","Yes","Field is intentionally omitted or uses a safe template fallback; confirm whether campus-specific publication is required."
"4336","Mcdonough Campus","mcdonough","Schedule-a-tour form","tour_link","yes","Present","No","Confirm current accuracy against the campus source of truth."
"4336","Mcdonough Campus","mcdonough","Local FAQ","faq","yes","Present","Yes","Confirm current accuracy against the campus source of truth."
"4336","Mcdonough Campus","mcdonough","Nearby communities served","nearby_communities","yes","Present","Yes","Confirm current accuracy against the campus source of truth."
"4336","Mcdonough Campus","mcdonough","Nearby landmarks or access information","nearby_access","yes","Present","Yes","Confirm current accuracy against the campus source of truth."
"4336","Mcdonough Campus","mcdonough","Date the page was last reviewed","last_reviewed","yes","Present","Yes","Confirm current accuracy against the campus source of truth."
"4417","Midway Campus, Alpharetta GA","midway-campus","Campus name","post_title","Midway Campus, Alpharetta GA","Present","No","Confirm current accuracy against the campus source of truth."
"4417","Midway Campus, Alpharetta GA","midway-campus","City and neighborhood","address","yes","Present","Yes","Confirm current accuracy against the campus source of truth."
"4417","Midway Campus, Alpharetta GA","midway-campus","Full address","address","yes","Present","Yes","Confirm current accuracy against the campus source of truth."
"4417","Midway Campus, Alpharetta GA","midway-campus","Phone number","phone","yes","Present","Yes","Confirm current accuracy against the campus source of truth."
"4417","Midway Campus, Alpharetta GA","midway-campus","Campus email","email","yes","Present","Yes","Confirm current accuracy against the campus source of truth."
"4417","Midway Campus, Alpharetta GA","midway-campus","Current operating hours","hours","yes","Present","Yes","Confirm current accuracy against the campus source of truth."
"4417","Midway Campus, Alpharetta GA","midway-campus","Directions and map","coordinates","yes","Present","No","Confirm current accuracy against the campus source of truth."
"4417","Midway Campus, Alpharetta GA","midway-campus","Real campus photography","images","yes","Present","Yes","Confirm current accuracy against the campus source of truth."
"4417","Midway Campus, Alpharetta GA","midway-campus","Short campus-specific introduction","intro","yes","Present","Yes","Confirm current accuracy against the campus source of truth."
"4417","Midway Campus, Alpharetta GA","midway-campus","Current director biography","director","yes","Present","Yes","Confirm current accuracy against the campus source of truth."
"4417","Midway Campus, Alpharetta GA","midway-campus","Programs offered","programs","yes","Present","Yes","Confirm current accuracy against the campus source of truth."
"4417","Midway Campus, Alpharetta GA","midway-campus","Ages served","ages","yes","Present","Yes","Confirm current accuracy against the campus source of truth."
"4417","Midway Campus, Alpharetta GA","midway-campus","Verified campus features","features","yes","Present","Yes","Confirm current accuracy against the campus source of truth."
"4417","Midway Campus, Alpharetta GA","midway-campus","Current school pickups","school_pickups","yes","Present","Yes","Confirm current accuracy against the campus source of truth."
"4417","Midway Campus, Alpharetta GA","midway-campus","GA Pre-K availability","ga_pre_k","yes","Present","Yes","Confirm current accuracy against the campus source of truth."
"4417","Midway Campus, Alpharetta GA","midway-campus","CAPS participation","caps","optional","Optional or fallback","Yes","Field is intentionally omitted or uses a safe template fallback; confirm whether campus-specific publication is required."
"4417","Midway Campus, Alpharetta GA","midway-campus","Quality Rated status","quality_rated","yes","Present","Yes","Confirm current accuracy against the campus source of truth."
"4417","Midway Campus, Alpharetta GA","midway-campus","Licensing information","licensing","missing","Missing","Yes","Supply and verify the missing campus field."
"4417","Midway Campus, Alpharetta GA","midway-campus","Parent testimonials for that campus","testimonial","yes","Present","Yes","Confirm current accuracy against the campus source of truth."
"4417","Midway Campus, Alpharetta GA","midway-campus","Tuition inquiry","tuition","fallback","Optional or fallback","Yes","Field is intentionally omitted or uses a safe template fallback; confirm whether campus-specific publication is required."
"4417","Midway Campus, Alpharetta GA","midway-campus","Availability or waitlist information","availability","fallback","Optional or fallback","Yes","Field is intentionally omitted or uses a safe template fallback; confirm whether campus-specific publication is required."
"4417","Midway Campus, Alpharetta GA","midway-campus","Schedule-a-tour form","tour_link","yes","Present","No","Confirm current accuracy against the campus source of truth."
"4417","Midway Campus, Alpharetta GA","midway-campus","Local FAQ","faq","yes","Present","Yes","Confirm current accuracy against the campus source of truth."
"4417","Midway Campus, Alpharetta GA","midway-campus","Nearby communities served","nearby_communities","yes","Present","Yes","Confirm current accuracy against the campus source of truth."
"4417","Midway Campus, Alpharetta GA","midway-campus","Nearby landmarks or access information","nearby_access","yes","Present","Yes","Confirm current accuracy against the campus source of truth."
"4417","Midway Campus, Alpharetta GA","midway-campus","Date the page was last reviewed","last_reviewed","yes","Present","Yes","Confirm current accuracy against the campus source of truth."
"4419","North Hall Campus, Murrayville","north-hall-campus-murraysville","Campus name","post_title","North Hall Campus, Murrayville","Present","No","Confirm current accuracy against the campus source of truth."
"4419","North Hall Campus, Murrayville","north-hall-campus-murraysville","City and neighborhood","address","yes","Present","Yes","Confirm current accuracy against the campus source of truth."
"4419","North Hall Campus, Murrayville","north-hall-campus-murraysville","Full address","address","yes","Present","Yes","Confirm current accuracy against the campus source of truth."
"4419","North Hall Campus, Murrayville","north-hall-campus-murraysville","Phone number","phone","yes","Present","Yes","Confirm current accuracy against the campus source of truth."
"4419","North Hall Campus, Murrayville","north-hall-campus-murraysville","Campus email","email","yes","Present","Yes","Confirm current accuracy against the campus source of truth."
"4419","North Hall Campus, Murrayville","north-hall-campus-murraysville","Current operating hours","hours","yes","Present","Yes","Confirm current accuracy against the campus source of truth."
"4419","North Hall Campus, Murrayville","north-hall-campus-murraysville","Directions and map","coordinates","yes","Present","No","Confirm current accuracy against the campus source of truth."
"4419","North Hall Campus, Murrayville","north-hall-campus-murraysville","Real campus photography","images","yes","Present","Yes","Confirm current accuracy against the campus source of truth."
"4419","North Hall Campus, Murrayville","north-hall-campus-murraysville","Short campus-specific introduction","intro","yes","Present","Yes","Confirm current accuracy against the campus source of truth."
"4419","North Hall Campus, Murrayville","north-hall-campus-murraysville","Current director biography","director","yes","Present","Yes","Confirm current accuracy against the campus source of truth."
"4419","North Hall Campus, Murrayville","north-hall-campus-murraysville","Programs offered","programs","yes","Present","Yes","Confirm current accuracy against the campus source of truth."
"4419","North Hall Campus, Murrayville","north-hall-campus-murraysville","Ages served","ages","yes","Present","Yes","Confirm current accuracy against the campus source of truth."
"4419","North Hall Campus, Murrayville","north-hall-campus-murraysville","Verified campus features","features","yes","Present","Yes","Confirm current accuracy against the campus source of truth."
"4419","North Hall Campus, Murrayville","north-hall-campus-murraysville","Current school pickups","school_pickups","optional","Optional or fallback","Yes","Field is intentionally omitted or uses a safe template fallback; confirm whether campus-specific publication is required."
"4419","North Hall Campus, Murrayville","north-hall-campus-murraysville","GA Pre-K availability","ga_pre_k","optional","Optional or fallback","Yes","Field is intentionally omitted or uses a safe template fallback; confirm whether campus-specific publication is required."
"4419","North Hall Campus, Murrayville","north-hall-campus-murraysville","CAPS participation","caps","yes","Present","Yes","Confirm current accuracy against the campus source of truth."
"4419","North Hall Campus, Murrayville","north-hall-campus-murraysville","Quality Rated status","quality_rated","yes","Present","Yes","Confirm current accuracy against the campus source of truth."
"4419","North Hall Campus, Murrayville","north-hall-campus-murraysville","Licensing information","licensing","missing","Missing","Yes","Supply and verify the missing campus field."
"4419","North Hall Campus, Murrayville","north-hall-campus-murraysville","Parent testimonials for that campus","testimonial","yes","Present","Yes","Confirm current accuracy against the campus source of truth."
"4419","North Hall Campus, Murrayville","north-hall-campus-murraysville","Tuition inquiry","tuition","fallback","Optional or fallback","Yes","Field is intentionally omitted or uses a safe template fallback; confirm whether campus-specific publication is required."
"4419","North Hall Campus, Murrayville","north-hall-campus-murraysville","Availability or waitlist information","availability","fallback","Optional or fallback","Yes","Field is intentionally omitted or uses a safe template fallback; confirm whether campus-specific publication is required."
"4419","North Hall Campus, Murrayville","north-hall-campus-murraysville","Schedule-a-tour form","tour_link","yes","Present","No","Confirm current accuracy against the campus source of truth."
"4419","North Hall Campus, Murrayville","north-hall-campus-murraysville","Local FAQ","faq","yes","Present","Yes","Confirm current accuracy against the campus source of truth."
"4419","North Hall Campus, Murrayville","north-hall-campus-murraysville","Nearby communities served","nearby_communities","yes","Present","Yes","Confirm current accuracy against the campus source of truth."
"4419","North Hall Campus, Murrayville","north-hall-campus-murraysville","Nearby landmarks or access information","nearby_access","yes","Present","Yes","Confirm current accuracy against the campus source of truth."
"4419","North Hall Campus, Murrayville","north-hall-campus-murraysville","Date the page was last reviewed","last_reviewed","yes","Present","Yes","Confirm current accuracy against the campus source of truth."
"8641","Parklake Campus, Atlanta GA","parklake-campus","Campus name","post_title","Parklake Campus, Atlanta GA","Present","No","Confirm current accuracy against the campus source of truth."
"8641","Parklake Campus, Atlanta GA","parklake-campus","City and neighborhood","address","yes","Present","Yes","Confirm current accuracy against the campus source of truth."
"8641","Parklake Campus, Atlanta GA","parklake-campus","Full address","address","yes","Present","Yes","Confirm current accuracy against the campus source of truth."
"8641","Parklake Campus, Atlanta GA","parklake-campus","Phone number","phone","yes","Present","Yes","Confirm current accuracy against the campus source of truth."
"8641","Parklake Campus, Atlanta GA","parklake-campus","Campus email","email","yes","Present","Yes","Confirm current accuracy against the campus source of truth."
"8641","Parklake Campus, Atlanta GA","parklake-campus","Current operating hours","hours","yes","Present","Yes","Confirm current accuracy against the campus source of truth."
"8641","Parklake Campus, Atlanta GA","parklake-campus","Directions and map","coordinates","yes","Present","No","Confirm current accuracy against the campus source of truth."
"8641","Parklake Campus, Atlanta GA","parklake-campus","Real campus photography","images","yes","Present","Yes","Confirm current accuracy against the campus source of truth."
"8641","Parklake Campus, Atlanta GA","parklake-campus","Short campus-specific introduction","intro","yes","Present","Yes","Confirm current accuracy against the campus source of truth."
"8641","Parklake Campus, Atlanta GA","parklake-campus","Current director biography","director","optional","Optional or fallback","Yes","Field is intentionally omitted or uses a safe template fallback; confirm whether campus-specific publication is required."
"8641","Parklake Campus, Atlanta GA","parklake-campus","Programs offered","programs","yes","Present","Yes","Confirm current accuracy against the campus source of truth."
"8641","Parklake Campus, Atlanta GA","parklake-campus","Ages served","ages","yes","Present","Yes","Confirm current accuracy against the campus source of truth."
"8641","Parklake Campus, Atlanta GA","parklake-campus","Verified campus features","features","yes","Present","Yes","Confirm current accuracy against the campus source of truth."
"8641","Parklake Campus, Atlanta GA","parklake-campus","Current school pickups","school_pickups","optional","Optional or fallback","Yes","Field is intentionally omitted or uses a safe template fallback; confirm whether campus-specific publication is required."
"8641","Parklake Campus, Atlanta GA","parklake-campus","GA Pre-K availability","ga_pre_k","yes","Present","Yes","Confirm current accuracy against the campus source of truth."
"8641","Parklake Campus, Atlanta GA","parklake-campus","CAPS participation","caps","optional","Optional or fallback","Yes","Field is intentionally omitted or uses a safe template fallback; confirm whether campus-specific publication is required."
"8641","Parklake Campus, Atlanta GA","parklake-campus","Quality Rated status","quality_rated","yes","Present","Yes","Confirm current accuracy against the campus source of truth."
"8641","Parklake Campus, Atlanta GA","parklake-campus","Licensing information","licensing","yes","Present","Yes","Confirm current accuracy against the campus source of truth."
"8641","Parklake Campus, Atlanta GA","parklake-campus","Parent testimonials for that campus","testimonial","yes","Present","Yes","Confirm current accuracy against the campus source of truth."
"8641","Parklake Campus, Atlanta GA","parklake-campus","Tuition inquiry","tuition","fallback","Optional or fallback","Yes","Field is intentionally omitted or uses a safe template fallback; confirm whether campus-specific publication is required."
"8641","Parklake Campus, Atlanta GA","parklake-campus","Availability or waitlist information","availability","fallback","Optional or fallback","Yes","Field is intentionally omitted or uses a safe template fallback; confirm whether campus-specific publication is required."
"8641","Parklake Campus, Atlanta GA","parklake-campus","Schedule-a-tour form","tour_link","yes","Present","No","Confirm current accuracy against the campus source of truth."
"8641","Parklake Campus, Atlanta GA","parklake-campus","Local FAQ","faq","yes","Present","Yes","Confirm current accuracy against the campus source of truth."
"8641","Parklake Campus, Atlanta GA","parklake-campus","Nearby communities served","nearby_communities","yes","Present","Yes","Confirm current accuracy against the campus source of truth."
"8641","Parklake Campus, Atlanta GA","parklake-campus","Nearby landmarks or access information","nearby_access","yes","Present","Yes","Confirm current accuracy against the campus source of truth."
"8641","Parklake Campus, Atlanta GA","parklake-campus","Date the page was last reviewed","last_reviewed","yes","Present","Yes","Confirm current accuracy against the campus source of truth."
"4415","Rivergreen Campus, Canton GA","rivergreen-campus","Campus name","post_title","Rivergreen Campus, Canton GA","Present","No","Confirm current accuracy against the campus source of truth."
"4415","Rivergreen Campus, Canton GA","rivergreen-campus","City and neighborhood","address","yes","Present","Yes","Confirm current accuracy against the campus source of truth."
"4415","Rivergreen Campus, Canton GA","rivergreen-campus","Full address","address","yes","Present","Yes","Confirm current accuracy against the campus source of truth."
"4415","Rivergreen Campus, Canton GA","rivergreen-campus","Phone number","phone","yes","Present","Yes","Confirm current accuracy against the campus source of truth."
"4415","Rivergreen Campus, Canton GA","rivergreen-campus","Campus email","email","yes","Present","Yes","Confirm current accuracy against the campus source of truth."
"4415","Rivergreen Campus, Canton GA","rivergreen-campus","Current operating hours","hours","yes","Present","Yes","Confirm current accuracy against the campus source of truth."
"4415","Rivergreen Campus, Canton GA","rivergreen-campus","Directions and map","coordinates","yes","Present","No","Confirm current accuracy against the campus source of truth."
"4415","Rivergreen Campus, Canton GA","rivergreen-campus","Real campus photography","images","yes","Present","Yes","Confirm current accuracy against the campus source of truth."
"4415","Rivergreen Campus, Canton GA","rivergreen-campus","Short campus-specific introduction","intro","yes","Present","Yes","Confirm current accuracy against the campus source of truth."
"4415","Rivergreen Campus, Canton GA","rivergreen-campus","Current director biography","director","yes","Present","Yes","Confirm current accuracy against the campus source of truth."
"4415","Rivergreen Campus, Canton GA","rivergreen-campus","Programs offered","programs","yes","Present","Yes","Confirm current accuracy against the campus source of truth."
"4415","Rivergreen Campus, Canton GA","rivergreen-campus","Ages served","ages","yes","Present","Yes","Confirm current accuracy against the campus source of truth."
"4415","Rivergreen Campus, Canton GA","rivergreen-campus","Verified campus features","features","yes","Present","Yes","Confirm current accuracy against the campus source of truth."
"4415","Rivergreen Campus, Canton GA","rivergreen-campus","Current school pickups","school_pickups","yes","Present","Yes","Confirm current accuracy against the campus source of truth."
"4415","Rivergreen Campus, Canton GA","rivergreen-campus","GA Pre-K availability","ga_pre_k","yes","Present","Yes","Confirm current accuracy against the campus source of truth."
"4415","Rivergreen Campus, Canton GA","rivergreen-campus","CAPS participation","caps","optional","Optional or fallback","Yes","Field is intentionally omitted or uses a safe template fallback; confirm whether campus-specific publication is required."
"4415","Rivergreen Campus, Canton GA","rivergreen-campus","Quality Rated status","quality_rated","yes","Present","Yes","Confirm current accuracy against the campus source of truth."
"4415","Rivergreen Campus, Canton GA","rivergreen-campus","Licensing information","licensing","missing","Missing","Yes","Supply and verify the missing campus field."
"4415","Rivergreen Campus, Canton GA","rivergreen-campus","Parent testimonials for that campus","testimonial","yes","Present","Yes","Confirm current accuracy against the campus source of truth."
"4415","Rivergreen Campus, Canton GA","rivergreen-campus","Tuition inquiry","tuition","fallback","Optional or fallback","Yes","Field is intentionally omitted or uses a safe template fallback; confirm whether campus-specific publication is required."
"4415","Rivergreen Campus, Canton GA","rivergreen-campus","Availability or waitlist information","availability","fallback","Optional or fallback","Yes","Field is intentionally omitted or uses a safe template fallback; confirm whether campus-specific publication is required."
"4415","Rivergreen Campus, Canton GA","rivergreen-campus","Schedule-a-tour form","tour_link","yes","Present","No","Confirm current accuracy against the campus source of truth."
"4415","Rivergreen Campus, Canton GA","rivergreen-campus","Local FAQ","faq","yes","Present","Yes","Confirm current accuracy against the campus source of truth."
"4415","Rivergreen Campus, Canton GA","rivergreen-campus","Nearby communities served","nearby_communities","yes","Present","Yes","Confirm current accuracy against the campus source of truth."
"4415","Rivergreen Campus, Canton GA","rivergreen-campus","Nearby landmarks or access information","nearby_access","yes","Present","Yes","Confirm current accuracy against the campus source of truth."
"4415","Rivergreen Campus, Canton GA","rivergreen-campus","Date the page was last reviewed","last_reviewed","yes","Present","Yes","Confirm current accuracy against the campus source of truth."
"4409","Roswell Campus","roswell-campus","Campus name","post_title","Roswell Campus","Present","No","Confirm current accuracy against the campus source of truth."
"4409","Roswell Campus","roswell-campus","City and neighborhood","address","yes","Present","Yes","Confirm current accuracy against the campus source of truth."
"4409","Roswell Campus","roswell-campus","Full address","address","yes","Present","Yes","Confirm current accuracy against the campus source of truth."
"4409","Roswell Campus","roswell-campus","Phone number","phone","yes","Present","Yes","Confirm current accuracy against the campus source of truth."
"4409","Roswell Campus","roswell-campus","Campus email","email","yes","Present","Yes","Confirm current accuracy against the campus source of truth."
"4409","Roswell Campus","roswell-campus","Current operating hours","hours","yes","Present","Yes","Confirm current accuracy against the campus source of truth."
"4409","Roswell Campus","roswell-campus","Directions and map","coordinates","yes","Present","No","Confirm current accuracy against the campus source of truth."
"4409","Roswell Campus","roswell-campus","Real campus photography","images","yes","Present","Yes","Confirm current accuracy against the campus source of truth."
"4409","Roswell Campus","roswell-campus","Short campus-specific introduction","intro","yes","Present","Yes","Confirm current accuracy against the campus source of truth."
"4409","Roswell Campus","roswell-campus","Current director biography","director","yes","Present","Yes","Confirm current accuracy against the campus source of truth."
"4409","Roswell Campus","roswell-campus","Programs offered","programs","yes","Present","Yes","Confirm current accuracy against the campus source of truth."
"4409","Roswell Campus","roswell-campus","Ages served","ages","yes","Present","Yes","Confirm current accuracy against the campus source of truth."
"4409","Roswell Campus","roswell-campus","Verified campus features","features","yes","Present","Yes","Confirm current accuracy against the campus source of truth."
"4409","Roswell Campus","roswell-campus","Current school pickups","school_pickups","yes","Present","Yes","Confirm current accuracy against the campus source of truth."
"4409","Roswell Campus","roswell-campus","GA Pre-K availability","ga_pre_k","yes","Present","Yes","Confirm current accuracy against the campus source of truth."
"4409","Roswell Campus","roswell-campus","CAPS participation","caps","optional","Optional or fallback","Yes","Field is intentionally omitted or uses a safe template fallback; confirm whether campus-specific publication is required."
"4409","Roswell Campus","roswell-campus","Quality Rated status","quality_rated","yes","Present","Yes","Confirm current accuracy against the campus source of truth."
"4409","Roswell Campus","roswell-campus","Licensing information","licensing","missing","Missing","Yes","Supply and verify the missing campus field."
"4409","Roswell Campus","roswell-campus","Parent testimonials for that campus","testimonial","yes","Present","Yes","Confirm current accuracy against the campus source of truth."
"4409","Roswell Campus","roswell-campus","Tuition inquiry","tuition","fallback","Optional or fallback","Yes","Field is intentionally omitted or uses a safe template fallback; confirm whether campus-specific publication is required."
"4409","Roswell Campus","roswell-campus","Availability or waitlist information","availability","fallback","Optional or fallback","Yes","Field is intentionally omitted or uses a safe template fallback; confirm whether campus-specific publication is required."
"4409","Roswell Campus","roswell-campus","Schedule-a-tour form","tour_link","yes","Present","No","Confirm current accuracy against the campus source of truth."
"4409","Roswell Campus","roswell-campus","Local FAQ","faq","fallback","Optional or fallback","Yes","Field is intentionally omitted or uses a safe template fallback; confirm whether campus-specific publication is required."
"4409","Roswell Campus","roswell-campus","Nearby communities served","nearby_communities","yes","Present","Yes","Confirm current accuracy against the campus source of truth."
"4409","Roswell Campus","roswell-campus","Nearby landmarks or access information","nearby_access","yes","Present","Yes","Confirm current accuracy against the campus source of truth."
"4409","Roswell Campus","roswell-campus","Date the page was last reviewed","last_reviewed","yes","Present","Yes","Confirm current accuracy against the campus source of truth."
"4413","Satellite Blvd Campus, Duluth, GA","satellite-bvd-campus","Campus name","post_title","Satellite Blvd Campus, Duluth, GA","Present","No","Confirm current accuracy against the campus source of truth."
"4413","Satellite Blvd Campus, Duluth, GA","satellite-bvd-campus","City and neighborhood","address","yes","Present","Yes","Confirm current accuracy against the campus source of truth."
"4413","Satellite Blvd Campus, Duluth, GA","satellite-bvd-campus","Full address","address","yes","Present","Yes","Confirm current accuracy against the campus source of truth."
"4413","Satellite Blvd Campus, Duluth, GA","satellite-bvd-campus","Phone number","phone","yes","Present","Yes","Confirm current accuracy against the campus source of truth."
"4413","Satellite Blvd Campus, Duluth, GA","satellite-bvd-campus","Campus email","email","yes","Present","Yes","Confirm current accuracy against the campus source of truth."
"4413","Satellite Blvd Campus, Duluth, GA","satellite-bvd-campus","Current operating hours","hours","yes","Present","Yes","Confirm current accuracy against the campus source of truth."
"4413","Satellite Blvd Campus, Duluth, GA","satellite-bvd-campus","Directions and map","coordinates","yes","Present","No","Confirm current accuracy against the campus source of truth."
"4413","Satellite Blvd Campus, Duluth, GA","satellite-bvd-campus","Real campus photography","images","yes","Present","Yes","Confirm current accuracy against the campus source of truth."
"4413","Satellite Blvd Campus, Duluth, GA","satellite-bvd-campus","Short campus-specific introduction","intro","yes","Present","Yes","Confirm current accuracy against the campus source of truth."
"4413","Satellite Blvd Campus, Duluth, GA","satellite-bvd-campus","Current director biography","director","yes","Present","Yes","Confirm current accuracy against the campus source of truth."
"4413","Satellite Blvd Campus, Duluth, GA","satellite-bvd-campus","Programs offered","programs","yes","Present","Yes","Confirm current accuracy against the campus source of truth."
"4413","Satellite Blvd Campus, Duluth, GA","satellite-bvd-campus","Ages served","ages","yes","Present","Yes","Confirm current accuracy against the campus source of truth."
"4413","Satellite Blvd Campus, Duluth, GA","satellite-bvd-campus","Verified campus features","features","yes","Present","Yes","Confirm current accuracy against the campus source of truth."
"4413","Satellite Blvd Campus, Duluth, GA","satellite-bvd-campus","Current school pickups","school_pickups","yes","Present","Yes","Confirm current accuracy against the campus source of truth."
"4413","Satellite Blvd Campus, Duluth, GA","satellite-bvd-campus","GA Pre-K availability","ga_pre_k","yes","Present","Yes","Confirm current accuracy against the campus source of truth."
"4413","Satellite Blvd Campus, Duluth, GA","satellite-bvd-campus","CAPS participation","caps","optional","Optional or fallback","Yes","Field is intentionally omitted or uses a safe template fallback; confirm whether campus-specific publication is required."
"4413","Satellite Blvd Campus, Duluth, GA","satellite-bvd-campus","Quality Rated status","quality_rated","yes","Present","Yes","Confirm current accuracy against the campus source of truth."
"4413","Satellite Blvd Campus, Duluth, GA","satellite-bvd-campus","Licensing information","licensing","missing","Missing","Yes","Supply and verify the missing campus field."
"4413","Satellite Blvd Campus, Duluth, GA","satellite-bvd-campus","Parent testimonials for that campus","testimonial","yes","Present","Yes","Confirm current accuracy against the campus source of truth."
"4413","Satellite Blvd Campus, Duluth, GA","satellite-bvd-campus","Tuition inquiry","tuition","fallback","Optional or fallback","Yes","Field is intentionally omitted or uses a safe template fallback; confirm whether campus-specific publication is required."
"4413","Satellite Blvd Campus, Duluth, GA","satellite-bvd-campus","Availability or waitlist information","availability","fallback","Optional or fallback","Yes","Field is intentionally omitted or uses a safe template fallback; confirm whether campus-specific publication is required."
"4413","Satellite Blvd Campus, Duluth, GA","satellite-bvd-campus","Schedule-a-tour form","tour_link","yes","Present","No","Confirm current accuracy against the campus source of truth."
"4413","Satellite Blvd Campus, Duluth, GA","satellite-bvd-campus","Local FAQ","faq","fallback","Optional or fallback","Yes","Field is intentionally omitted or uses a safe template fallback; confirm whether campus-specific publication is required."
"4413","Satellite Blvd Campus, Duluth, GA","satellite-bvd-campus","Nearby communities served","nearby_communities","yes","Present","Yes","Confirm current accuracy against the campus source of truth."
"4413","Satellite Blvd Campus, Duluth, GA","satellite-bvd-campus","Nearby landmarks or access information","nearby_access","yes","Present","Yes","Confirm current accuracy against the campus source of truth."
"4413","Satellite Blvd Campus, Duluth, GA","satellite-bvd-campus","Date the page was last reviewed","last_reviewed","yes","Present","Yes","Confirm current accuracy against the campus source of truth."
"4420","Shenandoah Campus, Newnan GA","newnan","Campus name","post_title","Shenandoah Campus, Newnan GA","Present","No","Confirm current accuracy against the campus source of truth."
"4420","Shenandoah Campus, Newnan GA","newnan","City and neighborhood","address","yes","Present","Yes","Confirm current accuracy against the campus source of truth."
"4420","Shenandoah Campus, Newnan GA","newnan","Full address","address","yes","Present","Yes","Confirm current accuracy against the campus source of truth."
"4420","Shenandoah Campus, Newnan GA","newnan","Phone number","phone","yes","Present","Yes","Confirm current accuracy against the campus source of truth."
"4420","Shenandoah Campus, Newnan GA","newnan","Campus email","email","yes","Present","Yes","Confirm current accuracy against the campus source of truth."
"4420","Shenandoah Campus, Newnan GA","newnan","Current operating hours","hours","yes","Present","Yes","Confirm current accuracy against the campus source of truth."
"4420","Shenandoah Campus, Newnan GA","newnan","Directions and map","coordinates","yes","Present","No","Confirm current accuracy against the campus source of truth."
"4420","Shenandoah Campus, Newnan GA","newnan","Real campus photography","images","yes","Present","Yes","Confirm current accuracy against the campus source of truth."
"4420","Shenandoah Campus, Newnan GA","newnan","Short campus-specific introduction","intro","fallback","Optional or fallback","Yes","Field is intentionally omitted or uses a safe template fallback; confirm whether campus-specific publication is required."
"4420","Shenandoah Campus, Newnan GA","newnan","Current director biography","director","optional","Optional or fallback","Yes","Field is intentionally omitted or uses a safe template fallback; confirm whether campus-specific publication is required."
"4420","Shenandoah Campus, Newnan GA","newnan","Programs offered","programs","yes","Present","Yes","Confirm current accuracy against the campus source of truth."
"4420","Shenandoah Campus, Newnan GA","newnan","Ages served","ages","yes","Present","Yes","Confirm current accuracy against the campus source of truth."
"4420","Shenandoah Campus, Newnan GA","newnan","Verified campus features","features","optional","Optional or fallback","Yes","Field is intentionally omitted or uses a safe template fallback; confirm whether campus-specific publication is required."
"4420","Shenandoah Campus, Newnan GA","newnan","Current school pickups","school_pickups","optional","Optional or fallback","Yes","Field is intentionally omitted or uses a safe template fallback; confirm whether campus-specific publication is required."
"4420","Shenandoah Campus, Newnan GA","newnan","GA Pre-K availability","ga_pre_k","yes","Present","Yes","Confirm current accuracy against the campus source of truth."
"4420","Shenandoah Campus, Newnan GA","newnan","CAPS participation","caps","optional","Optional or fallback","Yes","Field is intentionally omitted or uses a safe template fallback; confirm whether campus-specific publication is required."
"4420","Shenandoah Campus, Newnan GA","newnan","Quality Rated status","quality_rated","optional","Optional or fallback","Yes","Field is intentionally omitted or uses a safe template fallback; confirm whether campus-specific publication is required."
"4420","Shenandoah Campus, Newnan GA","newnan","Licensing information","licensing","missing","Missing","Yes","Supply and verify the missing campus field."
"4420","Shenandoah Campus, Newnan GA","newnan","Parent testimonials for that campus","testimonial","yes","Present","Yes","Confirm current accuracy against the campus source of truth."
"4420","Shenandoah Campus, Newnan GA","newnan","Tuition inquiry","tuition","fallback","Optional or fallback","Yes","Field is intentionally omitted or uses a safe template fallback; confirm whether campus-specific publication is required."
"4420","Shenandoah Campus, Newnan GA","newnan","Availability or waitlist information","availability","fallback","Optional or fallback","Yes","Field is intentionally omitted or uses a safe template fallback; confirm whether campus-specific publication is required."
"4420","Shenandoah Campus, Newnan GA","newnan","Schedule-a-tour form","tour_link","yes","Present","No","Confirm current accuracy against the campus source of truth."
"4420","Shenandoah Campus, Newnan GA","newnan","Local FAQ","faq","yes","Present","Yes","Confirm current accuracy against the campus source of truth."
"4420","Shenandoah Campus, Newnan GA","newnan","Nearby communities served","nearby_communities","yes","Present","Yes","Confirm current accuracy against the campus source of truth."
"4420","Shenandoah Campus, Newnan GA","newnan","Nearby landmarks or access information","nearby_access","yes","Present","Yes","Confirm current accuracy against the campus source of truth."
"4420","Shenandoah Campus, Newnan GA","newnan","Date the page was last reviewed","last_reviewed","yes","Present","Yes","Confirm current accuracy against the campus source of truth."
"4416","South Cobb Campus, Austell","south-cobb-campus-austell","Campus name","post_title","South Cobb Campus, Austell","Present","No","Confirm current accuracy against the campus source of truth."
"4416","South Cobb Campus, Austell","south-cobb-campus-austell","City and neighborhood","address","yes","Present","Yes","Confirm current accuracy against the campus source of truth."
"4416","South Cobb Campus, Austell","south-cobb-campus-austell","Full address","address","yes","Present","Yes","Confirm current accuracy against the campus source of truth."
"4416","South Cobb Campus, Austell","south-cobb-campus-austell","Phone number","phone","yes","Present","Yes","Confirm current accuracy against the campus source of truth."
"4416","South Cobb Campus, Austell","south-cobb-campus-austell","Campus email","email","yes","Present","Yes","Confirm current accuracy against the campus source of truth."
"4416","South Cobb Campus, Austell","south-cobb-campus-austell","Current operating hours","hours","yes","Present","Yes","Confirm current accuracy against the campus source of truth."
"4416","South Cobb Campus, Austell","south-cobb-campus-austell","Directions and map","coordinates","yes","Present","No","Confirm current accuracy against the campus source of truth."
"4416","South Cobb Campus, Austell","south-cobb-campus-austell","Real campus photography","images","yes","Present","Yes","Confirm current accuracy against the campus source of truth."
"4416","South Cobb Campus, Austell","south-cobb-campus-austell","Short campus-specific introduction","intro","yes","Present","Yes","Confirm current accuracy against the campus source of truth."
"4416","South Cobb Campus, Austell","south-cobb-campus-austell","Current director biography","director","yes","Present","Yes","Confirm current accuracy against the campus source of truth."
"4416","South Cobb Campus, Austell","south-cobb-campus-austell","Programs offered","programs","yes","Present","Yes","Confirm current accuracy against the campus source of truth."
"4416","South Cobb Campus, Austell","south-cobb-campus-austell","Ages served","ages","yes","Present","Yes","Confirm current accuracy against the campus source of truth."
"4416","South Cobb Campus, Austell","south-cobb-campus-austell","Verified campus features","features","yes","Present","Yes","Confirm current accuracy against the campus source of truth."
"4416","South Cobb Campus, Austell","south-cobb-campus-austell","Current school pickups","school_pickups","yes","Present","Yes","Confirm current accuracy against the campus source of truth."
"4416","South Cobb Campus, Austell","south-cobb-campus-austell","GA Pre-K availability","ga_pre_k","yes","Present","Yes","Confirm current accuracy against the campus source of truth."
"4416","South Cobb Campus, Austell","south-cobb-campus-austell","CAPS participation","caps","optional","Optional or fallback","Yes","Field is intentionally omitted or uses a safe template fallback; confirm whether campus-specific publication is required."
"4416","South Cobb Campus, Austell","south-cobb-campus-austell","Quality Rated status","quality_rated","yes","Present","Yes","Confirm current accuracy against the campus source of truth."
"4416","South Cobb Campus, Austell","south-cobb-campus-austell","Licensing information","licensing","missing","Missing","Yes","Supply and verify the missing campus field."
"4416","South Cobb Campus, Austell","south-cobb-campus-austell","Parent testimonials for that campus","testimonial","yes","Present","Yes","Confirm current accuracy against the campus source of truth."
"4416","South Cobb Campus, Austell","south-cobb-campus-austell","Tuition inquiry","tuition","fallback","Optional or fallback","Yes","Field is intentionally omitted or uses a safe template fallback; confirm whether campus-specific publication is required."
"4416","South Cobb Campus, Austell","south-cobb-campus-austell","Availability or waitlist information","availability","fallback","Optional or fallback","Yes","Field is intentionally omitted or uses a safe template fallback; confirm whether campus-specific publication is required."
"4416","South Cobb Campus, Austell","south-cobb-campus-austell","Schedule-a-tour form","tour_link","yes","Present","No","Confirm current accuracy against the campus source of truth."
"4416","South Cobb Campus, Austell","south-cobb-campus-austell","Local FAQ","faq","yes","Present","Yes","Confirm current accuracy against the campus source of truth."
"4416","South Cobb Campus, Austell","south-cobb-campus-austell","Nearby communities served","nearby_communities","yes","Present","Yes","Confirm current accuracy against the campus source of truth."
"4416","South Cobb Campus, Austell","south-cobb-campus-austell","Nearby landmarks or access information","nearby_access","yes","Present","Yes","Confirm current accuracy against the campus source of truth."
"4416","South Cobb Campus, Austell","south-cobb-campus-austell","Date the page was last reviewed","last_reviewed","yes","Present","Yes","Confirm current accuracy against the campus source of truth."
"6782","Stockbridge Campus","chroma-early-learning-academy-stockbridge","Campus name","post_title","Stockbridge Campus","Present","No","Confirm current accuracy against the campus source of truth."
"6782","Stockbridge Campus","chroma-early-learning-academy-stockbridge","City and neighborhood","address","yes","Present","Yes","Confirm current accuracy against the campus source of truth."
"6782","Stockbridge Campus","chroma-early-learning-academy-stockbridge","Full address","address","yes","Present","Yes","Confirm current accuracy against the campus source of truth."
"6782","Stockbridge Campus","chroma-early-learning-academy-stockbridge","Phone number","phone","yes","Present","Yes","Confirm current accuracy against the campus source of truth."
"6782","Stockbridge Campus","chroma-early-learning-academy-stockbridge","Campus email","email","yes","Present","Yes","Confirm current accuracy against the campus source of truth."
"6782","Stockbridge Campus","chroma-early-learning-academy-stockbridge","Current operating hours","hours","yes","Present","Yes","Confirm current accuracy against the campus source of truth."
"6782","Stockbridge Campus","chroma-early-learning-academy-stockbridge","Directions and map","coordinates","yes","Present","No","Confirm current accuracy against the campus source of truth."
"6782","Stockbridge Campus","chroma-early-learning-academy-stockbridge","Real campus photography","images","fallback","Optional or fallback","Yes","Field is intentionally omitted or uses a safe template fallback; confirm whether campus-specific publication is required."
"6782","Stockbridge Campus","chroma-early-learning-academy-stockbridge","Short campus-specific introduction","intro","yes","Present","Yes","Confirm current accuracy against the campus source of truth."
"6782","Stockbridge Campus","chroma-early-learning-academy-stockbridge","Current director biography","director","optional","Optional or fallback","Yes","Field is intentionally omitted or uses a safe template fallback; confirm whether campus-specific publication is required."
"6782","Stockbridge Campus","chroma-early-learning-academy-stockbridge","Programs offered","programs","yes","Present","Yes","Confirm current accuracy against the campus source of truth."
"6782","Stockbridge Campus","chroma-early-learning-academy-stockbridge","Ages served","ages","yes","Present","Yes","Confirm current accuracy against the campus source of truth."
"6782","Stockbridge Campus","chroma-early-learning-academy-stockbridge","Verified campus features","features","yes","Present","Yes","Confirm current accuracy against the campus source of truth."
"6782","Stockbridge Campus","chroma-early-learning-academy-stockbridge","Current school pickups","school_pickups","optional","Optional or fallback","Yes","Field is intentionally omitted or uses a safe template fallback; confirm whether campus-specific publication is required."
"6782","Stockbridge Campus","chroma-early-learning-academy-stockbridge","GA Pre-K availability","ga_pre_k","yes","Present","Yes","Confirm current accuracy against the campus source of truth."
"6782","Stockbridge Campus","chroma-early-learning-academy-stockbridge","CAPS participation","caps","optional","Optional or fallback","Yes","Field is intentionally omitted or uses a safe template fallback; confirm whether campus-specific publication is required."
"6782","Stockbridge Campus","chroma-early-learning-academy-stockbridge","Quality Rated status","quality_rated","optional","Optional or fallback","Yes","Field is intentionally omitted or uses a safe template fallback; confirm whether campus-specific publication is required."
"6782","Stockbridge Campus","chroma-early-learning-academy-stockbridge","Licensing information","licensing","missing","Missing","Yes","Supply and verify the missing campus field."
"6782","Stockbridge Campus","chroma-early-learning-academy-stockbridge","Parent testimonials for that campus","testimonial","optional","Optional or fallback","Yes","Field is intentionally omitted or uses a safe template fallback; confirm whether campus-specific publication is required."
"6782","Stockbridge Campus","chroma-early-learning-academy-stockbridge","Tuition inquiry","tuition","fallback","Optional or fallback","Yes","Field is intentionally omitted or uses a safe template fallback; confirm whether campus-specific publication is required."
"6782","Stockbridge Campus","chroma-early-learning-academy-stockbridge","Availability or waitlist information","availability","fallback","Optional or fallback","Yes","Field is intentionally omitted or uses a safe template fallback; confirm whether campus-specific publication is required."
"6782","Stockbridge Campus","chroma-early-learning-academy-stockbridge","Schedule-a-tour form","tour_link","yes","Present","No","Confirm current accuracy against the campus source of truth."
"6782","Stockbridge Campus","chroma-early-learning-academy-stockbridge","Local FAQ","faq","yes","Present","Yes","Confirm current accuracy against the campus source of truth."
"6782","Stockbridge Campus","chroma-early-learning-academy-stockbridge","Nearby communities served","nearby_communities","yes","Present","Yes","Confirm current accuracy against the campus source of truth."
"6782","Stockbridge Campus","chroma-early-learning-academy-stockbridge","Nearby landmarks or access information","nearby_access","yes","Present","Yes","Confirm current accuracy against the campus source of truth."
"6782","Stockbridge Campus","chroma-early-learning-academy-stockbridge","Date the page was last reviewed","last_reviewed","yes","Present","Yes","Confirm current accuracy against the campus source of truth."
"6780","Sugarloaf Pkwy Campus","chroma-early-learning-academy-sugarloaf-pkwy","Campus name","post_title","Sugarloaf Pkwy Campus","Present","No","Confirm current accuracy against the campus source of truth."
"6780","Sugarloaf Pkwy Campus","chroma-early-learning-academy-sugarloaf-pkwy","City and neighborhood","address","yes","Present","Yes","Confirm current accuracy against the campus source of truth."
"6780","Sugarloaf Pkwy Campus","chroma-early-learning-academy-sugarloaf-pkwy","Full address","address","yes","Present","Yes","Confirm current accuracy against the campus source of truth."
"6780","Sugarloaf Pkwy Campus","chroma-early-learning-academy-sugarloaf-pkwy","Phone number","phone","yes","Present","Yes","Confirm current accuracy against the campus source of truth."
"6780","Sugarloaf Pkwy Campus","chroma-early-learning-academy-sugarloaf-pkwy","Campus email","email","yes","Present","Yes","Confirm current accuracy against the campus source of truth."
"6780","Sugarloaf Pkwy Campus","chroma-early-learning-academy-sugarloaf-pkwy","Current operating hours","hours","yes","Present","Yes","Confirm current accuracy against the campus source of truth."
"6780","Sugarloaf Pkwy Campus","chroma-early-learning-academy-sugarloaf-pkwy","Directions and map","coordinates","yes","Present","No","Confirm current accuracy against the campus source of truth."
"6780","Sugarloaf Pkwy Campus","chroma-early-learning-academy-sugarloaf-pkwy","Real campus photography","images","fallback","Optional or fallback","Yes","Field is intentionally omitted or uses a safe template fallback; confirm whether campus-specific publication is required."
"6780","Sugarloaf Pkwy Campus","chroma-early-learning-academy-sugarloaf-pkwy","Short campus-specific introduction","intro","yes","Present","Yes","Confirm current accuracy against the campus source of truth."
"6780","Sugarloaf Pkwy Campus","chroma-early-learning-academy-sugarloaf-pkwy","Current director biography","director","optional","Optional or fallback","Yes","Field is intentionally omitted or uses a safe template fallback; confirm whether campus-specific publication is required."
"6780","Sugarloaf Pkwy Campus","chroma-early-learning-academy-sugarloaf-pkwy","Programs offered","programs","yes","Present","Yes","Confirm current accuracy against the campus source of truth."
"6780","Sugarloaf Pkwy Campus","chroma-early-learning-academy-sugarloaf-pkwy","Ages served","ages","yes","Present","Yes","Confirm current accuracy against the campus source of truth."
"6780","Sugarloaf Pkwy Campus","chroma-early-learning-academy-sugarloaf-pkwy","Verified campus features","features","yes","Present","Yes","Confirm current accuracy against the campus source of truth."
"6780","Sugarloaf Pkwy Campus","chroma-early-learning-academy-sugarloaf-pkwy","Current school pickups","school_pickups","optional","Optional or fallback","Yes","Field is intentionally omitted or uses a safe template fallback; confirm whether campus-specific publication is required."
"6780","Sugarloaf Pkwy Campus","chroma-early-learning-academy-sugarloaf-pkwy","GA Pre-K availability","ga_pre_k","yes","Present","Yes","Confirm current accuracy against the campus source of truth."
"6780","Sugarloaf Pkwy Campus","chroma-early-learning-academy-sugarloaf-pkwy","CAPS participation","caps","optional","Optional or fallback","Yes","Field is intentionally omitted or uses a safe template fallback; confirm whether campus-specific publication is required."
"6780","Sugarloaf Pkwy Campus","chroma-early-learning-academy-sugarloaf-pkwy","Quality Rated status","quality_rated","optional","Optional or fallback","Yes","Field is intentionally omitted or uses a safe template fallback; confirm whether campus-specific publication is required."
"6780","Sugarloaf Pkwy Campus","chroma-early-learning-academy-sugarloaf-pkwy","Licensing information","licensing","missing","Missing","Yes","Supply and verify the missing campus field."
"6780","Sugarloaf Pkwy Campus","chroma-early-learning-academy-sugarloaf-pkwy","Parent testimonials for that campus","testimonial","optional","Optional or fallback","Yes","Field is intentionally omitted or uses a safe template fallback; confirm whether campus-specific publication is required."
"6780","Sugarloaf Pkwy Campus","chroma-early-learning-academy-sugarloaf-pkwy","Tuition inquiry","tuition","fallback","Optional or fallback","Yes","Field is intentionally omitted or uses a safe template fallback; confirm whether campus-specific publication is required."
"6780","Sugarloaf Pkwy Campus","chroma-early-learning-academy-sugarloaf-pkwy","Availability or waitlist information","availability","fallback","Optional or fallback","Yes","Field is intentionally omitted or uses a safe template fallback; confirm whether campus-specific publication is required."
"6780","Sugarloaf Pkwy Campus","chroma-early-learning-academy-sugarloaf-pkwy","Schedule-a-tour form","tour_link","yes","Present","No","Confirm current accuracy against the campus source of truth."
"6780","Sugarloaf Pkwy Campus","chroma-early-learning-academy-sugarloaf-pkwy","Local FAQ","faq","yes","Present","Yes","Confirm current accuracy against the campus source of truth."
"6780","Sugarloaf Pkwy Campus","chroma-early-learning-academy-sugarloaf-pkwy","Nearby communities served","nearby_communities","yes","Present","Yes","Confirm current accuracy against the campus source of truth."
"6780","Sugarloaf Pkwy Campus","chroma-early-learning-academy-sugarloaf-pkwy","Nearby landmarks or access information","nearby_access","yes","Present","Yes","Confirm current accuracy against the campus source of truth."
"6780","Sugarloaf Pkwy Campus","chroma-early-learning-academy-sugarloaf-pkwy","Date the page was last reviewed","last_reviewed","yes","Present","Yes","Confirm current accuracy against the campus source of truth."
"4290","Tramore Campus","tramore-campus-austell","Campus name","post_title","Tramore Campus","Present","No","Confirm current accuracy against the campus source of truth."
"4290","Tramore Campus","tramore-campus-austell","City and neighborhood","address","yes","Present","Yes","Confirm current accuracy against the campus source of truth."
"4290","Tramore Campus","tramore-campus-austell","Full address","address","yes","Present","Yes","Confirm current accuracy against the campus source of truth."
"4290","Tramore Campus","tramore-campus-austell","Phone number","phone","yes","Present","Yes","Confirm current accuracy against the campus source of truth."
"4290","Tramore Campus","tramore-campus-austell","Campus email","email","yes","Present","Yes","Confirm current accuracy against the campus source of truth."
"4290","Tramore Campus","tramore-campus-austell","Current operating hours","hours","yes","Present","Yes","Confirm current accuracy against the campus source of truth."
"4290","Tramore Campus","tramore-campus-austell","Directions and map","coordinates","yes","Present","No","Confirm current accuracy against the campus source of truth."
"4290","Tramore Campus","tramore-campus-austell","Real campus photography","images","yes","Present","Yes","Confirm current accuracy against the campus source of truth."
"4290","Tramore Campus","tramore-campus-austell","Short campus-specific introduction","intro","fallback","Optional or fallback","Yes","Field is intentionally omitted or uses a safe template fallback; confirm whether campus-specific publication is required."
"4290","Tramore Campus","tramore-campus-austell","Current director biography","director","optional","Optional or fallback","Yes","Field is intentionally omitted or uses a safe template fallback; confirm whether campus-specific publication is required."
"4290","Tramore Campus","tramore-campus-austell","Programs offered","programs","yes","Present","Yes","Confirm current accuracy against the campus source of truth."
"4290","Tramore Campus","tramore-campus-austell","Ages served","ages","fallback","Optional or fallback","Yes","Field is intentionally omitted or uses a safe template fallback; confirm whether campus-specific publication is required."
"4290","Tramore Campus","tramore-campus-austell","Verified campus features","features","optional","Optional or fallback","Yes","Field is intentionally omitted or uses a safe template fallback; confirm whether campus-specific publication is required."
"4290","Tramore Campus","tramore-campus-austell","Current school pickups","school_pickups","optional","Optional or fallback","Yes","Field is intentionally omitted or uses a safe template fallback; confirm whether campus-specific publication is required."
"4290","Tramore Campus","tramore-campus-austell","GA Pre-K availability","ga_pre_k","yes","Present","Yes","Confirm current accuracy against the campus source of truth."
"4290","Tramore Campus","tramore-campus-austell","CAPS participation","caps","optional","Optional or fallback","Yes","Field is intentionally omitted or uses a safe template fallback; confirm whether campus-specific publication is required."
"4290","Tramore Campus","tramore-campus-austell","Quality Rated status","quality_rated","optional","Optional or fallback","Yes","Field is intentionally omitted or uses a safe template fallback; confirm whether campus-specific publication is required."
"4290","Tramore Campus","tramore-campus-austell","Licensing information","licensing","missing","Missing","Yes","Supply and verify the missing campus field."
"4290","Tramore Campus","tramore-campus-austell","Parent testimonials for that campus","testimonial","yes","Present","Yes","Confirm current accuracy against the campus source of truth."
"4290","Tramore Campus","tramore-campus-austell","Tuition inquiry","tuition","fallback","Optional or fallback","Yes","Field is intentionally omitted or uses a safe template fallback; confirm whether campus-specific publication is required."
"4290","Tramore Campus","tramore-campus-austell","Availability or waitlist information","availability","fallback","Optional or fallback","Yes","Field is intentionally omitted or uses a safe template fallback; confirm whether campus-specific publication is required."
"4290","Tramore Campus","tramore-campus-austell","Schedule-a-tour form","tour_link","yes","Present","No","Confirm current accuracy against the campus source of truth."
"4290","Tramore Campus","tramore-campus-austell","Local FAQ","faq","fallback","Optional or fallback","Yes","Field is intentionally omitted or uses a safe template fallback; confirm whether campus-specific publication is required."
"4290","Tramore Campus","tramore-campus-austell","Nearby communities served","nearby_communities","yes","Present","Yes","Confirm current accuracy against the campus source of truth."
"4290","Tramore Campus","tramore-campus-austell","Nearby landmarks or access information","nearby_access","yes","Present","Yes","Confirm current accuracy against the campus source of truth."
"4290","Tramore Campus","tramore-campus-austell","Date the page was last reviewed","last_reviewed","yes","Present","Yes","Confirm current accuracy against the campus source of truth."
"4287","Tyrone Campus","tyrone-campus","Campus name","post_title","Tyrone Campus","Present","No","Confirm current accuracy against the campus source of truth."
"4287","Tyrone Campus","tyrone-campus","City and neighborhood","address","yes","Present","Yes","Confirm current accuracy against the campus source of truth."
"4287","Tyrone Campus","tyrone-campus","Full address","address","yes","Present","Yes","Confirm current accuracy against the campus source of truth."
"4287","Tyrone Campus","tyrone-campus","Phone number","phone","yes","Present","Yes","Confirm current accuracy against the campus source of truth."
"4287","Tyrone Campus","tyrone-campus","Campus email","email","missing","Missing","Yes","Supply and verify the missing campus field."
"4287","Tyrone Campus","tyrone-campus","Current operating hours","hours","yes","Present","Yes","Confirm current accuracy against the campus source of truth."
"4287","Tyrone Campus","tyrone-campus","Directions and map","coordinates","yes","Present","No","Confirm current accuracy against the campus source of truth."
"4287","Tyrone Campus","tyrone-campus","Real campus photography","images","yes","Present","Yes","Confirm current accuracy against the campus source of truth."
"4287","Tyrone Campus","tyrone-campus","Short campus-specific introduction","intro","yes","Present","Yes","Confirm current accuracy against the campus source of truth."
"4287","Tyrone Campus","tyrone-campus","Current director biography","director","yes","Present","Yes","Confirm current accuracy against the campus source of truth."
"4287","Tyrone Campus","tyrone-campus","Programs offered","programs","yes","Present","Yes","Confirm current accuracy against the campus source of truth."
"4287","Tyrone Campus","tyrone-campus","Ages served","ages","fallback","Optional or fallback","Yes","Field is intentionally omitted or uses a safe template fallback; confirm whether campus-specific publication is required."
"4287","Tyrone Campus","tyrone-campus","Verified campus features","features","yes","Present","Yes","Confirm current accuracy against the campus source of truth."
"4287","Tyrone Campus","tyrone-campus","Current school pickups","school_pickups","yes","Present","Yes","Confirm current accuracy against the campus source of truth."
"4287","Tyrone Campus","tyrone-campus","GA Pre-K availability","ga_pre_k","yes","Present","Yes","Confirm current accuracy against the campus source of truth."
"4287","Tyrone Campus","tyrone-campus","CAPS participation","caps","optional","Optional or fallback","Yes","Field is intentionally omitted or uses a safe template fallback; confirm whether campus-specific publication is required."
"4287","Tyrone Campus","tyrone-campus","Quality Rated status","quality_rated","yes","Present","Yes","Confirm current accuracy against the campus source of truth."
"4287","Tyrone Campus","tyrone-campus","Licensing information","licensing","missing","Missing","Yes","Supply and verify the missing campus field."
"4287","Tyrone Campus","tyrone-campus","Parent testimonials for that campus","testimonial","yes","Present","Yes","Confirm current accuracy against the campus source of truth."
"4287","Tyrone Campus","tyrone-campus","Tuition inquiry","tuition","fallback","Optional or fallback","Yes","Field is intentionally omitted or uses a safe template fallback; confirm whether campus-specific publication is required."
"4287","Tyrone Campus","tyrone-campus","Availability or waitlist information","availability","fallback","Optional or fallback","Yes","Field is intentionally omitted or uses a safe template fallback; confirm whether campus-specific publication is required."
"4287","Tyrone Campus","tyrone-campus","Schedule-a-tour form","tour_link","yes","Present","No","Confirm current accuracy against the campus source of truth."
"4287","Tyrone Campus","tyrone-campus","Local FAQ","faq","yes","Present","Yes","Confirm current accuracy against the campus source of truth."
"4287","Tyrone Campus","tyrone-campus","Nearby communities served","nearby_communities","yes","Present","Yes","Confirm current accuracy against the campus source of truth."
"4287","Tyrone Campus","tyrone-campus","Nearby landmarks or access information","nearby_access","yes","Present","Yes","Confirm current accuracy against the campus source of truth."
"4287","Tyrone Campus","tyrone-campus","Date the page was last reviewed","last_reviewed","yes","Present","Yes","Confirm current accuracy against the campus source of truth."
"4411","West Cobb Campus, Marietta","west-cobb-campus","Campus name","post_title","West Cobb Campus, Marietta","Present","No","Confirm current accuracy against the campus source of truth."
"4411","West Cobb Campus, Marietta","west-cobb-campus","City and neighborhood","address","yes","Present","Yes","Confirm current accuracy against the campus source of truth."
"4411","West Cobb Campus, Marietta","west-cobb-campus","Full address","address","yes","Present","Yes","Confirm current accuracy against the campus source of truth."
"4411","West Cobb Campus, Marietta","west-cobb-campus","Phone number","phone","yes","Present","Yes","Confirm current accuracy against the campus source of truth."
"4411","West Cobb Campus, Marietta","west-cobb-campus","Campus email","email","yes","Present","Yes","Confirm current accuracy against the campus source of truth."
"4411","West Cobb Campus, Marietta","west-cobb-campus","Current operating hours","hours","yes","Present","Yes","Confirm current accuracy against the campus source of truth."
"4411","West Cobb Campus, Marietta","west-cobb-campus","Directions and map","coordinates","yes","Present","No","Confirm current accuracy against the campus source of truth."
"4411","West Cobb Campus, Marietta","west-cobb-campus","Real campus photography","images","yes","Present","Yes","Confirm current accuracy against the campus source of truth."
"4411","West Cobb Campus, Marietta","west-cobb-campus","Short campus-specific introduction","intro","yes","Present","Yes","Confirm current accuracy against the campus source of truth."
"4411","West Cobb Campus, Marietta","west-cobb-campus","Current director biography","director","yes","Present","Yes","Confirm current accuracy against the campus source of truth."
"4411","West Cobb Campus, Marietta","west-cobb-campus","Programs offered","programs","yes","Present","Yes","Confirm current accuracy against the campus source of truth."
"4411","West Cobb Campus, Marietta","west-cobb-campus","Ages served","ages","yes","Present","Yes","Confirm current accuracy against the campus source of truth."
"4411","West Cobb Campus, Marietta","west-cobb-campus","Verified campus features","features","optional","Optional or fallback","Yes","Field is intentionally omitted or uses a safe template fallback; confirm whether campus-specific publication is required."
"4411","West Cobb Campus, Marietta","west-cobb-campus","Current school pickups","school_pickups","yes","Present","Yes","Confirm current accuracy against the campus source of truth."
"4411","West Cobb Campus, Marietta","west-cobb-campus","GA Pre-K availability","ga_pre_k","yes","Present","Yes","Confirm current accuracy against the campus source of truth."
"4411","West Cobb Campus, Marietta","west-cobb-campus","CAPS participation","caps","optional","Optional or fallback","Yes","Field is intentionally omitted or uses a safe template fallback; confirm whether campus-specific publication is required."
"4411","West Cobb Campus, Marietta","west-cobb-campus","Quality Rated status","quality_rated","optional","Optional or fallback","Yes","Field is intentionally omitted or uses a safe template fallback; confirm whether campus-specific publication is required."
"4411","West Cobb Campus, Marietta","west-cobb-campus","Licensing information","licensing","missing","Missing","Yes","Supply and verify the missing campus field."
"4411","West Cobb Campus, Marietta","west-cobb-campus","Parent testimonials for that campus","testimonial","yes","Present","Yes","Confirm current accuracy against the campus source of truth."
"4411","West Cobb Campus, Marietta","west-cobb-campus","Tuition inquiry","tuition","fallback","Optional or fallback","Yes","Field is intentionally omitted or uses a safe template fallback; confirm whether campus-specific publication is required."
"4411","West Cobb Campus, Marietta","west-cobb-campus","Availability or waitlist information","availability","fallback","Optional or fallback","Yes","Field is intentionally omitted or uses a safe template fallback; confirm whether campus-specific publication is required."
"4411","West Cobb Campus, Marietta","west-cobb-campus","Schedule-a-tour form","tour_link","yes","Present","No","Confirm current accuracy against the campus source of truth."
"4411","West Cobb Campus, Marietta","west-cobb-campus","Local FAQ","faq","fallback","Optional or fallback","Yes","Field is intentionally omitted or uses a safe template fallback; confirm whether campus-specific publication is required."
"4411","West Cobb Campus, Marietta","west-cobb-campus","Nearby communities served","nearby_communities","yes","Present","Yes","Confirm current accuracy against the campus source of truth."
"4411","West Cobb Campus, Marietta","west-cobb-campus","Nearby landmarks or access information","nearby_access","yes","Present","Yes","Confirm current accuracy against the campus source of truth."
"4411","West Cobb Campus, Marietta","west-cobb-campus","Date the page was last reviewed","last_reviewed","yes","Present","Yes","Confirm current accuracy against the campus source of truth."
