"url","language","pageType","status","robots","title","wordCount","duplicateContentGroupSize","currentInventoryDisposition","proposedDisposition","rationale","approvalStatus","nextAction"
"https://x3yyntt5tp-staging.wpdns.site/es/","es","homepage","200","max-image-preview:large","Chroma Academy | Guardería y preescolar en Metro Atlanta","3784","1","Keep","Keep","Indexable page passed the automated availability and baseline content checks.","Human fact and editorial review required","Confirm facts, grammar, usefulness, and visual/mobile quality before final approval."
"https://x3yyntt5tp-staging.wpdns.site/2026/05/22/georgia-pre-k-parent-guide/","en","editorial-single","200","max-image-preview:large","Georgia Pre-K Parent Guide: Everything You Need to Know for 2026 | Chroma Early Learning Academy","2787","1","Improve","Improve","Indexable page has thin-content, technical, or image-accessibility signals that need review.","Editorial or technical review required","Resolve the listed content and technical issues, then recrawl."
"https://x3yyntt5tp-staging.wpdns.site/locations/parklake-campus/","en","location-single","200","max-image-preview:large","Parklake Campus, Atlanta GA | Chroma Early Learning Academy","1341","1","Keep","Keep","Indexable page passed the automated availability and baseline content checks.","Human fact and editorial review required","Confirm facts, grammar, usefulness, and visual/mobile quality before final approval."
"https://x3yyntt5tp-staging.wpdns.site/es/locations/parklake-campus/","es","location-single","200","max-image-preview:large","Campus Parklake, Atlanta GA | Campus de Chroma","1388","1","Keep","Keep","Indexable page passed the automated availability and baseline content checks.","Human fact and editorial review required","Confirm facts, grammar, usefulness, and visual/mobile quality before final approval."
"https://x3yyntt5tp-staging.wpdns.site/","en","homepage","200","max-image-preview:large","Chroma Early Learning Academy | Daycare & Preschool in Metro Atl…","6191","1","Keep","Keep","Indexable page passed the automated availability and baseline content checks.","Human fact and editorial review required","Confirm facts, grammar, usefulness, and visual/mobile quality before final approval."
"https://x3yyntt5tp-staging.wpdns.site/programs/rising-kindergarten/","en","program-single","200","max-image-preview:large","Rising Kindergarten | Chroma Early Learning Academy","889","1","Keep","Keep","Indexable page passed the automated availability and baseline content checks.","Human fact and editorial review required","Confirm facts, grammar, usefulness, and visual/mobile quality before final approval."
"https://x3yyntt5tp-staging.wpdns.site/es/programs/rising-kindergarten/","es","program-single","200","max-image-preview:large","Kindergarten en ascenso | Programa de Chroma","891","1","Keep","Keep","Indexable page passed the automated availability and baseline content checks.","Human fact and editorial review required","Confirm facts, grammar, usefulness, and visual/mobile quality before final approval."
"https://x3yyntt5tp-staging.wpdns.site/programs/rising-pre-k/","en","program-single","200","max-image-preview:large","Rising Pre-K | Chroma Early Learning Academy","883","1","Keep","Keep","Indexable page passed the automated availability and baseline content checks.","Human fact and editorial review required","Confirm facts, grammar, usefulness, and visual/mobile quality before final approval."
"https://x3yyntt5tp-staging.wpdns.site/es/programs/rising-pre-k/","es","program-single","200","max-image-preview:large","Pre-K en ascenso | Programa de Chroma","885","1","Keep","Keep","Indexable page passed the automated availability and baseline content checks.","Human fact and editorial review required","Confirm facts, grammar, usefulness, and visual/mobile quality before final approval."
"https://x3yyntt5tp-staging.wpdns.site/programs/kindergarten/","en","program-single","200","max-image-preview:large","Kindergarten | Chroma Early Learning Academy","809","1","Keep","Keep","Indexable page passed the automated availability and baseline content checks.","Human fact and editorial review required","Confirm facts, grammar, usefulness, and visual/mobile quality before final approval."
"https://x3yyntt5tp-staging.wpdns.site/es/programs/kindergarten/","es","program-single","200","max-image-preview:large","Programa de kindergarten | Chroma Early Learning Academy","850","1","Keep","Keep","Indexable page passed the automated availability and baseline content checks.","Human fact and editorial review required","Confirm facts, grammar, usefulness, and visual/mobile quality before final approval."
"https://x3yyntt5tp-staging.wpdns.site/locations/chroma-early-learning-academy-stockbridge/","en","location-single","200","max-image-preview:large","Chroma Early Learning Academy Stockbridge Campus Opening May 2026","1134","1","Keep","Keep","Indexable page passed the automated availability and baseline content checks.","Human fact and editorial review required","Confirm facts, grammar, usefulness, and visual/mobile quality before final approval."
"https://x3yyntt5tp-staging.wpdns.site/es/locations/chroma-early-learning-academy-stockbridge/","es","location-single","200","max-image-preview:large","Campus Stockbridge | Campus de Chroma","1213","1","Keep","Keep","Indexable page passed the automated availability and baseline content checks.","Human fact and editorial review required","Confirm facts, grammar, usefulness, and visual/mobile quality before final approval."
"https://x3yyntt5tp-staging.wpdns.site/locations/chroma-early-learning-academy-grayson/","en","location-single","200","max-image-preview:large","Grayson Campus: Quality Childcare & Preschool Programs | Chroma","1124","1","Keep","Keep","Indexable page passed the automated availability and baseline content checks.","Human fact and editorial review required","Confirm facts, grammar, usefulness, and visual/mobile quality before final approval."
"https://x3yyntt5tp-staging.wpdns.site/es/locations/chroma-early-learning-academy-grayson/","es","location-single","200","max-image-preview:large","Campus Grayson | Campus de Chroma","1206","1","Keep","Keep","Indexable page passed the automated availability and baseline content checks.","Human fact and editorial review required","Confirm facts, grammar, usefulness, and visual/mobile quality before final approval."
"https://x3yyntt5tp-staging.wpdns.site/locations/chroma-early-learning-academy-sugarloaf-pkwy/","en","location-single","200","max-image-preview:large","Sugarloaf Pkwy Campus | Chroma Early Learning Academy","1126","1","Keep","Keep","Indexable page passed the automated availability and baseline content checks.","Human fact and editorial review required","Confirm facts, grammar, usefulness, and visual/mobile quality before final approval."
"https://x3yyntt5tp-staging.wpdns.site/es/locations/chroma-early-learning-academy-sugarloaf-pkwy/","es","location-single","200","max-image-preview:large","Campus Sugarloaf Pkwy | Campus de Chroma","1207","1","Keep","Keep","Indexable page passed the automated availability and baseline content checks.","Human fact and editorial review required","Confirm facts, grammar, usefulness, and visual/mobile quality before final approval."
"https://x3yyntt5tp-staging.wpdns.site/locations/chroma-early-learning-academy-chadwick/","en","location-single","200","max-image-preview:large","Chadwick Campus | Chroma Early Learning Academy","1142","1","Keep","Keep","Indexable page passed the automated availability and baseline content checks.","Human fact and editorial review required","Confirm facts, grammar, usefulness, and visual/mobile quality before final approval."
"https://x3yyntt5tp-staging.wpdns.site/es/locations/chroma-early-learning-academy-chadwick/","es","location-single","200","max-image-preview:large","Guardería y Preescolar en Lawrenceville, GA | Chroma Chadwick","1269","1","Keep","Keep","Indexable page passed the automated availability and baseline content checks.","Human fact and editorial review required","Confirm facts, grammar, usefulness, and visual/mobile quality before final approval."
"https://x3yyntt5tp-staging.wpdns.site/summer-camp-discover-go/","en","summer-camp","200","max-image-preview:large","Summer Camp Discover, Go! | Chroma Early Learning Academy","1096","1","Keep","Keep","Indexable page passed the automated availability and baseline content checks.","Human fact and editorial review required","Confirm facts, grammar, usefulness, and visual/mobile quality before final approval."
"https://x3yyntt5tp-staging.wpdns.site/es/summer-camp-discover-go/","es","summer-camp","200","max-image-preview:large","Campamento de verano Discover, Go! | Chroma Early Learning Acade…","1104","1","Keep","Keep","Indexable page passed the automated availability and baseline content checks.","Human fact and editorial review required","Confirm facts, grammar, usefulness, and visual/mobile quality before final approval."
"https://x3yyntt5tp-staging.wpdns.site/chroma-early-start/","en","early-start","200","max-image-preview:large","Chroma Early Start | Pediatric Therapy","261","1","Improve","Improve","Indexable page has thin-content, technical, or image-accessibility signals that need review.","Editorial or technical review required","Resolve the listed content and technical issues, then recrawl."
"https://x3yyntt5tp-staging.wpdns.site/2026/01/13/explore-the-link-between-care-quality-and-education-pricing/","en","editorial-single","200","max-image-preview:large","Explore the Link Between Care Quality and Education Pricing | Chroma Early Learning Academy","5268","1","Keep","Keep","Indexable page passed the automated availability and baseline content checks.","Human fact and editorial review required","Confirm facts, grammar, usefulness, and visual/mobile quality before final approval."
"https://x3yyntt5tp-staging.wpdns.site/es/2026/01/13/explore-the-link-between-care-quality-and-education-pricing/","es","editorial-single","200","max-image-preview:large","Artículo de Chroma: Explore the Link Between Care Quality and Ed…","7061","1","Keep","Keep","Indexable page passed the automated availability and baseline content checks.","Human fact and editorial review required","Confirm facts, grammar, usefulness, and visual/mobile quality before final approval."
"https://x3yyntt5tp-staging.wpdns.site/2026/01/07/early-education-expansion-chroma-academys-19-new-locations/","en","editorial-single","200","max-image-preview:large","Chroma Academy: New Early Education in Metro Atlanta","1347","1","Improve","Improve","Indexable page has thin-content, technical, or image-accessibility signals that need review.","Editorial or technical review required","Resolve the listed content and technical issues, then recrawl."
"https://x3yyntt5tp-staging.wpdns.site/es/2026/01/07/early-education-expansion-chroma-academys-19-new-locations/","es","editorial-single","200","max-image-preview:large","Artículo de Chroma: Expansión de Educación Temprana: 19 Nuevas U…","1723","1","Keep","Keep","Indexable page passed the automated availability and baseline content checks.","Human fact and editorial review required","Confirm facts, grammar, usefulness, and visual/mobile quality before final approval."
"https://x3yyntt5tp-staging.wpdns.site/terms-of-service/","en","legal","200","max-image-preview:large","Terms of Service | Chroma Early Learning Academy","780","1","Keep","Keep","Indexable page passed the automated availability and baseline content checks.","Human fact and editorial review required","Confirm facts, grammar, usefulness, and visual/mobile quality before final approval."
"https://x3yyntt5tp-staging.wpdns.site/es/terms-of-service/","es","legal","200","max-image-preview:large","Términos de servicio | Chroma Early Learning Academy","781","1","Keep","Keep","Indexable page passed the automated availability and baseline content checks.","Human fact and editorial review required","Confirm facts, grammar, usefulness, and visual/mobile quality before final approval."
"https://x3yyntt5tp-staging.wpdns.site/2025/12/29/promoting-healthy-eating-habits-for-young-children/","en","editorial-single","200","max-image-preview:large","Healthy Eating Habits for Young Children: Chroma's Guide","1665","1","Keep","Keep","Indexable page passed the automated availability and baseline content checks.","Human fact and editorial review required","Confirm facts, grammar, usefulness, and visual/mobile quality before final approval."
"https://x3yyntt5tp-staging.wpdns.site/es/2025/12/29/promoting-healthy-eating-habits-for-young-children/","es","editorial-single","200","max-image-preview:large","Artículo de Chroma: Fomentando hábitos alimenticios saludables e…","2061","1","Improve","Improve","Indexable page has thin-content, technical, or image-accessibility signals that need review.","Editorial or technical review required","Resolve the listed content and technical issues, then recrawl."
"https://x3yyntt5tp-staging.wpdns.site/2025/12/29/home-daycare-vs-childcare-center-a-comparison/","en","editorial-single","200","max-image-preview:large","Home Daycare vs. Childcare: Compare Options | Chroma 2025","2506","1","Improve","Improve","Indexable page has thin-content, technical, or image-accessibility signals that need review.","Editorial or technical review required","Resolve the listed content and technical issues, then recrawl."
"https://x3yyntt5tp-staging.wpdns.site/es/2025/12/29/home-daycare-vs-childcare-center-a-comparison/","es","editorial-single","200","max-image-preview:large","Artículo de Chroma: Guardería en Casa vs. Centro de Cuidado Infa…","3475","1","Improve","Improve","Indexable page has thin-content, technical, or image-accessibility signals that need review.","Editorial or technical review required","Resolve the listed content and technical issues, then recrawl."
"https://x3yyntt5tp-staging.wpdns.site/2025/12/29/strategies-for-supporting-children-with-autism-spectrum-disorder/","en","editorial-single","200","max-image-preview:large","Autism Support Strategies: A Guide for Parents | Chroma","1435","1","Improve","Improve","Indexable page has thin-content, technical, or image-accessibility signals that need review.","Editorial or technical review required","Resolve the listed content and technical issues, then recrawl."
"https://x3yyntt5tp-staging.wpdns.site/es/2025/12/29/strategies-for-supporting-children-with-autism-spectrum-disorder/","es","editorial-single","200","max-image-preview:large","Artículo de Chroma: Estrategias para apoyar a niños con Trastorn…","1883","1","Keep","Keep","Indexable page passed the automated availability and baseline content checks.","Human fact and editorial review required","Confirm facts, grammar, usefulness, and visual/mobile quality before final approval."
"https://x3yyntt5tp-staging.wpdns.site/2025/12/29/fostering-emotional-readiness-for-kindergarten-success/","en","editorial-single","200","max-image-preview:large","Kindergarten Readiness: Emotional Growth Guide by Chroma","1634","1","Keep","Keep","Indexable page passed the automated availability and baseline content checks.","Human fact and editorial review required","Confirm facts, grammar, usefulness, and visual/mobile quality before final approval."
"https://x3yyntt5tp-staging.wpdns.site/es/2025/12/29/fostering-emotional-readiness-for-kindergarten-success/","es","editorial-single","200","max-image-preview:large","Artículo de Chroma: Fomentando la preparación emocional para el…","2161","1","Keep","Keep","Indexable page passed the automated availability and baseline content checks.","Human fact and editorial review required","Confirm facts, grammar, usefulness, and visual/mobile quality before final approval."
"https://x3yyntt5tp-staging.wpdns.site/2025/12/29/understanding-childcare-accreditation-its-importance/","en","editorial-single","200","max-image-preview:large","Childcare Accreditation: Why It Matters | Chroma","1675","1","Improve","Improve","Indexable page has thin-content, technical, or image-accessibility signals that need review.","Editorial or technical review required","Resolve the listed content and technical issues, then recrawl."
"https://x3yyntt5tp-staging.wpdns.site/es/2025/12/29/understanding-childcare-accreditation-its-importance/","es","editorial-single","200","max-image-preview:large","Artículo de Chroma: Entendiendo la acreditación del cuidado infa…","2110","1","Keep","Keep","Indexable page passed the automated availability and baseline content checks.","Human fact and editorial review required","Confirm facts, grammar, usefulness, and visual/mobile quality before final approval."
"https://x3yyntt5tp-staging.wpdns.site/2025/12/29/top-questions-to-ask-childcare-providers/","en","editorial-single","200","max-image-preview:large","Childcare Questions: A 2025 Guide by Chroma","3166","1","Keep","Keep","Indexable page passed the automated availability and baseline content checks.","Human fact and editorial review required","Confirm facts, grammar, usefulness, and visual/mobile quality before final approval."
"https://x3yyntt5tp-staging.wpdns.site/es/2025/12/29/top-questions-to-ask-childcare-providers/","es","editorial-single","200","max-image-preview:large","Artículo de Chroma: Preguntas clave para hacer a los proveedores…","4212","1","Improve","Improve","Indexable page has thin-content, technical, or image-accessibility signals that need review.","Editorial or technical review required","Resolve the listed content and technical issues, then recrawl."
"https://x3yyntt5tp-staging.wpdns.site/2025/12/29/helping-children-cope-with-family-changes/","en","editorial-single","200","max-image-preview:large","Helping Children Cope with Family Changes: Chroma's Guide","1431","1","Keep","Keep","Indexable page passed the automated availability and baseline content checks.","Human fact and editorial review required","Confirm facts, grammar, usefulness, and visual/mobile quality before final approval."
"https://x3yyntt5tp-staging.wpdns.site/es/2025/12/29/helping-children-cope-with-family-changes/","es","editorial-single","200","max-image-preview:large","Artículo de Chroma: Ayudando a los niños a afrontar los cambios…","1778","1","Keep","Keep","Indexable page passed the automated availability and baseline content checks.","Human fact and editorial review required","Confirm facts, grammar, usefulness, and visual/mobile quality before final approval."
"https://x3yyntt5tp-staging.wpdns.site/2025/12/29/helping-children-cope-with-stress-anxiety/","en","editorial-single","200","max-image-preview:large","Helping Children Cope with Stress & Anxiety: Chroma's Guide","1455","1","Keep","Keep","Indexable page passed the automated availability and baseline content checks.","Human fact and editorial review required","Confirm facts, grammar, usefulness, and visual/mobile quality before final approval."
"https://x3yyntt5tp-staging.wpdns.site/es/2025/12/29/helping-children-cope-with-stress-anxiety/","es","editorial-single","200","max-image-preview:large","Artículo de Chroma: Ayudando a los niños a lidiar con el estrés…","1845","1","Keep","Keep","Indexable page passed the automated availability and baseline content checks.","Human fact and editorial review required","Confirm facts, grammar, usefulness, and visual/mobile quality before final approval."
"https://x3yyntt5tp-staging.wpdns.site/2025/12/29/strategies-for-preventing-childhood-obesity/","en","editorial-single","200","max-image-preview:large","Preventing Childhood Obesity: Chroma's Strategies & Tips","3416","1","Keep","Keep","Indexable page passed the automated availability and baseline content checks.","Human fact and editorial review required","Confirm facts, grammar, usefulness, and visual/mobile quality before final approval."
"https://x3yyntt5tp-staging.wpdns.site/es/2025/12/29/strategies-for-preventing-childhood-obesity/","es","editorial-single","200","max-image-preview:large","Artículo de Chroma: Estrategias para la Prevención de la Obesida…","4709","1","Keep","Keep","Indexable page passed the automated availability and baseline content checks.","Human fact and editorial review required","Confirm facts, grammar, usefulness, and visual/mobile quality before final approval."
"https://x3yyntt5tp-staging.wpdns.site/2025/12/27/recognizing-developmental-red-flags-in-children/","en","editorial-single","200","max-image-preview:large","Chroma's Guide: Recognizing Child Development Red Flags","1779","1","Keep","Keep","Indexable page passed the automated availability and baseline content checks.","Human fact and editorial review required","Confirm facts, grammar, usefulness, and visual/mobile quality before final approval."
"https://x3yyntt5tp-staging.wpdns.site/es/2025/12/27/recognizing-developmental-red-flags-in-children/","es","editorial-single","200","max-image-preview:large","Artículo de Chroma: Reconociendo las Señales de Alerta del Desar…","2217","1","Keep","Keep","Indexable page passed the automated availability and baseline content checks.","Human fact and editorial review required","Confirm facts, grammar, usefulness, and visual/mobile quality before final approval."
"https://x3yyntt5tp-staging.wpdns.site/2025/12/27/mastering-toddler-behavior-effective-tantrum-solutions/","en","editorial-single","200","max-image-preview:large","Toddler Tantrums: Effective Solutions by Chroma (2025)","1618","1","Keep","Keep","Indexable page passed the automated availability and baseline content checks.","Human fact and editorial review required","Confirm facts, grammar, usefulness, and visual/mobile quality before final approval."
"https://x3yyntt5tp-staging.wpdns.site/es/2025/12/27/mastering-toddler-behavior-effective-tantrum-solutions/","es","editorial-single","200","max-image-preview:large","Artículo de Chroma: Dominando el comportamiento de los niños peq…","1967","1","Keep","Keep","Indexable page passed the automated availability and baseline content checks.","Human fact and editorial review required","Confirm facts, grammar, usefulness, and visual/mobile quality before final approval."
"https://x3yyntt5tp-staging.wpdns.site/2025/12/27/required-enrollment-forms-and-documents-for-registration/","en","editorial-single","200","max-image-preview:large","Chroma: Childcare Enrollment Forms & Documents (2025)","1612","1","Improve","Improve","Indexable page has thin-content, technical, or image-accessibility signals that need review.","Editorial or technical review required","Resolve the listed content and technical issues, then recrawl."
"https://x3yyntt5tp-staging.wpdns.site/es/2025/12/27/required-enrollment-forms-and-documents-for-registration/","es","editorial-single","200","max-image-preview:large","Artículo de Chroma: Formularios y Documentos de Inscripción Requ…","1929","1","Improve","Improve","Indexable page has thin-content, technical, or image-accessibility signals that need review.","Editorial or technical review required","Resolve the listed content and technical issues, then recrawl."
"https://x3yyntt5tp-staging.wpdns.site/2025/12/27/tips-for-effective-communication-with-toddlers/","en","editorial-single","200","max-image-preview:large","Toddler Communication Tips: Chroma's Guide","1530","1","Keep","Keep","Indexable page passed the automated availability and baseline content checks.","Human fact and editorial review required","Confirm facts, grammar, usefulness, and visual/mobile quality before final approval."
"https://x3yyntt5tp-staging.wpdns.site/es/2025/12/27/tips-for-effective-communication-with-toddlers/","es","editorial-single","200","max-image-preview:large","Artículo de Chroma: Consejos para una comunicación efectiva con…","1907","1","Keep","Keep","Indexable page passed the automated availability and baseline content checks.","Human fact and editorial review required","Confirm facts, grammar, usefulness, and visual/mobile quality before final approval."
"https://x3yyntt5tp-staging.wpdns.site/2025/12/26/supporting-cognitive-development-in-school-age-children/","en","editorial-single","200","max-image-preview:large","Cognitive Development: Activities & Strategies for Kids","2880","1","Keep","Keep","Indexable page passed the automated availability and baseline content checks.","Human fact and editorial review required","Confirm facts, grammar, usefulness, and visual/mobile quality before final approval."
"https://x3yyntt5tp-staging.wpdns.site/es/2025/12/26/supporting-cognitive-development-in-school-age-children/","es","editorial-single","200","max-image-preview:large","Artículo de Chroma: Apoyando el Desarrollo Cognitivo en Niños en…","3847","1","Improve","Improve","Indexable page has thin-content, technical, or image-accessibility signals that need review.","Editorial or technical review required","Resolve the listed content and technical issues, then recrawl."
"https://x3yyntt5tp-staging.wpdns.site/2025/12/26/our-emergency-preparedness-plan-for-childcare-safety/","en","editorial-single","200","max-image-preview:large","Chroma's Childcare Emergency Plan: Safety in 2025","3121","1","Keep","Keep","Indexable page passed the automated availability and baseline content checks.","Human fact and editorial review required","Confirm facts, grammar, usefulness, and visual/mobile quality before final approval."
"https://x3yyntt5tp-staging.wpdns.site/es/2025/12/26/our-emergency-preparedness-plan-for-childcare-safety/","es","editorial-single","200","max-image-preview:large","Artículo de Chroma: Nuestro Plan de Preparación para Emergencias…","4235","1","Improve","Improve","Indexable page has thin-content, technical, or image-accessibility signals that need review.","Editorial or technical review required","Resolve the listed content and technical issues, then recrawl."
"https://x3yyntt5tp-staging.wpdns.site/2025/12/26/typical-daily-schedule-in-our-infant-care-program/","en","editorial-single","200","max-image-preview:large","Chroma Academy Infant Care: A Typical Daily Schedule in 2025","3061","1","Keep","Keep","Indexable page passed the automated availability and baseline content checks.","Human fact and editorial review required","Confirm facts, grammar, usefulness, and visual/mobile quality before final approval."
"https://x3yyntt5tp-staging.wpdns.site/es/2025/12/26/typical-daily-schedule-in-our-infant-care-program/","es","editorial-single","200","max-image-preview:large","Artículo de Chroma: Horario Diario Típico en Nuestro Programa de…","4218","1","Keep","Keep","Indexable page passed the automated availability and baseline content checks.","Human fact and editorial review required","Confirm facts, grammar, usefulness, and visual/mobile quality before final approval."
"https://x3yyntt5tp-staging.wpdns.site/2025/12/26/the-benefits-of-play-based-learning-in-preschool/","en","editorial-single","200","max-image-preview:large","Play-Based Learning: Chroma's Preschool Benefits in 2025","2732","1","Improve","Improve","Indexable page has thin-content, technical, or image-accessibility signals that need review.","Editorial or technical review required","Resolve the listed content and technical issues, then recrawl."
"https://x3yyntt5tp-staging.wpdns.site/es/2025/12/26/the-benefits-of-play-based-learning-in-preschool/","es","editorial-single","200","max-image-preview:large","Artículo de Chroma: Los beneficios del aprendizaje basado en el…","3840","1","Keep","Keep","Indexable page passed the automated availability and baseline content checks.","Human fact and editorial review required","Confirm facts, grammar, usefulness, and visual/mobile quality before final approval."
"https://x3yyntt5tp-staging.wpdns.site/2025/12/26/essential-resources-for-parents-of-special-needs-children/","en","editorial-single","200","max-image-preview:large","Atlanta Resources for Special Needs Parents: A 2025 Guide","3307","1","Improve","Improve","Indexable page has thin-content, technical, or image-accessibility signals that need review.","Editorial or technical review required","Resolve the listed content and technical issues, then recrawl."
"https://x3yyntt5tp-staging.wpdns.site/es/2025/12/26/essential-resources-for-parents-of-special-needs-children/","es","editorial-single","200","max-image-preview:large","Artículo de Chroma: Recursos Esenciales para Padres de Niños con…","4271","1","Improve","Improve","Indexable page has thin-content, technical, or image-accessibility signals that need review.","Editorial or technical review required","Resolve the listed content and technical issues, then recrawl."
"https://x3yyntt5tp-staging.wpdns.site/2025/12/26/finding-support-groups-for-new-parents/","en","editorial-single","200","max-image-preview:large","Metro Atlanta: Support Groups for New Parents in 2025","3503","1","Keep","Keep","Indexable page passed the automated availability and baseline content checks.","Human fact and editorial review required","Confirm facts, grammar, usefulness, and visual/mobile quality before final approval."
"https://x3yyntt5tp-staging.wpdns.site/es/2025/12/26/finding-support-groups-for-new-parents/","es","editorial-single","200","max-image-preview:large","Artículo de Chroma: Grupos de Apoyo para Padres Nuevos: Su Guía…","4630","1","Keep","Keep","Indexable page passed the automated availability and baseline content checks.","Human fact and editorial review required","Confirm facts, grammar, usefulness, and visual/mobile quality before final approval."
"https://x3yyntt5tp-staging.wpdns.site/2025/12/26/effective-positive-discipline-techniques-for-young-children/","en","editorial-single","200","max-image-preview:large","Positive Discipline Techniques for Young Children | Chroma","3111","1","Improve","Improve","Indexable page has thin-content, technical, or image-accessibility signals that need review.","Editorial or technical review required","Resolve the listed content and technical issues, then recrawl."
"https://x3yyntt5tp-staging.wpdns.site/es/2025/12/26/effective-positive-discipline-techniques-for-young-children/","es","editorial-single","200","max-image-preview:large","Artículo de Chroma: Técnicas Efectivas de Disciplina Positiva pa…","4004","1","Improve","Improve","Indexable page has thin-content, technical, or image-accessibility signals that need review.","Editorial or technical review required","Resolve the listed content and technical issues, then recrawl."
"https://x3yyntt5tp-staging.wpdns.site/2025/12/26/georgia-pre-k-eligibility-requirements-application-guide/","en","editorial-single","200","max-image-preview:large","Georgia Pre-K: Eligibility & Application at Chroma (2025)","2828","1","Improve","Improve","Indexable page has thin-content, technical, or image-accessibility signals that need review.","Editorial or technical review required","Resolve the listed content and technical issues, then recrawl."
"https://x3yyntt5tp-staging.wpdns.site/es/2025/12/26/georgia-pre-k-eligibility-requirements-application-guide/","es","editorial-single","200","max-image-preview:large","Artículo de Chroma: Guía de Requisitos de Elegibilidad y Solicit…","3790","1","Improve","Improve","Indexable page has thin-content, technical, or image-accessibility signals that need review.","Editorial or technical review required","Resolve the listed content and technical issues, then recrawl."
"https://x3yyntt5tp-staging.wpdns.site/2025/12/26/the-benefits-of-outdoor-learning-in-early-education/","en","editorial-single","200","max-image-preview:large","Outdoor Learning: Chroma's Early Education Benefits in 2025","1630","1","Improve","Improve","Indexable page has thin-content, technical, or image-accessibility signals that need review.","Editorial or technical review required","Resolve the listed content and technical issues, then recrawl."
"https://x3yyntt5tp-staging.wpdns.site/es/2025/12/26/the-benefits-of-outdoor-learning-in-early-education/","es","editorial-single","200","max-image-preview:large","Artículo de Chroma: Los beneficios del aprendizaje al aire libre…","2322","1","Keep","Keep","Indexable page passed the automated availability and baseline content checks.","Human fact and editorial review required","Confirm facts, grammar, usefulness, and visual/mobile quality before final approval."
"https://x3yyntt5tp-staging.wpdns.site/2025/12/26/comprehensive-allergy-management-in-our-childcare-centers/","en","editorial-single","200","max-image-preview:large","Comprehensive Allergy Management at Chroma Academy in 2025","2138","1","Improve","Improve","Indexable page has thin-content, technical, or image-accessibility signals that need review.","Editorial or technical review required","Resolve the listed content and technical issues, then recrawl."
"https://x3yyntt5tp-staging.wpdns.site/es/2025/12/26/comprehensive-allergy-management-in-our-childcare-centers/","es","editorial-single","200","max-image-preview:large","Artículo de Chroma: Manejo Integral de Alergias en Nuestros Cent…","2954","1","Improve","Improve","Indexable page has thin-content, technical, or image-accessibility signals that need review.","Editorial or technical review required","Resolve the listed content and technical issues, then recrawl."
"https://x3yyntt5tp-staging.wpdns.site/2025/12/26/introducing-stem-concepts-to-preschoolers/","en","editorial-single","200","max-image-preview:large","STEM for Preschoolers: Chroma's Curriculum (2025)","3054","1","Keep","Keep","Indexable page passed the automated availability and baseline content checks.","Human fact and editorial review required","Confirm facts, grammar, usefulness, and visual/mobile quality before final approval."
"https://x3yyntt5tp-staging.wpdns.site/es/2025/12/26/introducing-stem-concepts-to-preschoolers/","es","editorial-single","200","max-image-preview:large","Artículo de Chroma: Introduciendo Conceptos STEM a Preescolares","4029","1","Keep","Keep","Indexable page passed the automated availability and baseline content checks.","Human fact and editorial review required","Confirm facts, grammar, usefulness, and visual/mobile quality before final approval."
"https://x3yyntt5tp-staging.wpdns.site/2025/12/26/healthy-screen-time-guidelines-for-young-children/","en","editorial-single","200","max-image-preview:large","Screen Time Guidelines for Young Children | Chroma Academy","2664","1","Keep","Keep","Indexable page passed the automated availability and baseline content checks.","Human fact and editorial review required","Confirm facts, grammar, usefulness, and visual/mobile quality before final approval."
"https://x3yyntt5tp-staging.wpdns.site/es/2025/12/26/healthy-screen-time-guidelines-for-young-children/","es","editorial-single","200","max-image-preview:large","Artículo de Chroma: Guía de tiempo de pantalla saludable para ni…","3732","1","Improve","Improve","Indexable page has thin-content, technical, or image-accessibility signals that need review.","Editorial or technical review required","Resolve the listed content and technical issues, then recrawl."
"https://x3yyntt5tp-staging.wpdns.site/2025/12/26/fostering-social-emotional-learning-in-early-childhood/","en","editorial-single","200","max-image-preview:large","Chroma's Guide to Social-Emotional Learning in 2025","2846","1","Keep","Keep","Indexable page passed the automated availability and baseline content checks.","Human fact and editorial review required","Confirm facts, grammar, usefulness, and visual/mobile quality before final approval."
"https://x3yyntt5tp-staging.wpdns.site/es/2025/12/26/fostering-social-emotional-learning-in-early-childhood/","es","editorial-single","200","max-image-preview:large","Artículo de Chroma: Fomentando el Aprendizaje Socioemocional en…","3948","1","Keep","Keep","Indexable page passed the automated availability and baseline content checks.","Human fact and editorial review required","Confirm facts, grammar, usefulness, and visual/mobile quality before final approval."
"https://x3yyntt5tp-staging.wpdns.site/2025/12/26/premier-preschool-programs-in-atlanta-georgia/","en","editorial-single","200","max-image-preview:large","Atlanta Preschool Programs: Discover Chroma Early Learning","3009","1","Keep","Keep","Indexable page passed the automated availability and baseline content checks.","Human fact and editorial review required","Confirm facts, grammar, usefulness, and visual/mobile quality before final approval."
"https://x3yyntt5tp-staging.wpdns.site/es/2025/12/26/premier-preschool-programs-in-atlanta-georgia/","es","editorial-single","200","max-image-preview:large","Artículo de Chroma: Programas Preescolares Premier en Atlanta, G…","4045","1","Improve","Improve","Indexable page has thin-content, technical, or image-accessibility signals that need review.","Editorial or technical review required","Resolve the listed content and technical issues, then recrawl."
"https://x3yyntt5tp-staging.wpdns.site/2025/12/26/faqs-about-daily-operations-academy-policies/","en","editorial-single","200","max-image-preview:large","Chroma Academy: FAQs on Daily Operations & Policies","3716","1","Improve","Improve","Indexable page has thin-content, technical, or image-accessibility signals that need review.","Editorial or technical review required","Resolve the listed content and technical issues, then recrawl."
"https://x3yyntt5tp-staging.wpdns.site/es/2025/12/26/faqs-about-daily-operations-academy-policies/","es","editorial-single","200","max-image-preview:large","Artículo de Chroma: Preguntas Frecuentes sobre Operaciones Diari…","5056","1","Keep","Keep","Indexable page passed the automated availability and baseline content checks.","Human fact and editorial review required","Confirm facts, grammar, usefulness, and visual/mobile quality before final approval."
"https://x3yyntt5tp-staging.wpdns.site/2025/12/26/key-benefits-of-enrolling-in-after-school-programs/","en","editorial-single","200","max-image-preview:large","After School Program Benefits: Chroma Academy in 2025","2975","1","Improve","Improve","Indexable page has thin-content, technical, or image-accessibility signals that need review.","Editorial or technical review required","Resolve the listed content and technical issues, then recrawl."
"https://x3yyntt5tp-staging.wpdns.site/es/2025/12/26/key-benefits-of-enrolling-in-after-school-programs/","es","editorial-single","200","max-image-preview:large","Artículo de Chroma: Beneficios Clave de Inscribirse en Programas…","3975","1","Keep","Keep","Indexable page passed the automated availability and baseline content checks.","Human fact and editorial review required","Confirm facts, grammar, usefulness, and visual/mobile quality before final approval."
"https://x3yyntt5tp-staging.wpdns.site/2025/12/26/guide-to-child-development-stages-ages-milestones/","en","editorial-single","200","max-image-preview:large","Child Development Guide: Ages & Milestones at Chroma","3132","1","Keep","Keep","Indexable page passed the automated availability and baseline content checks.","Human fact and editorial review required","Confirm facts, grammar, usefulness, and visual/mobile quality before final approval."
"https://x3yyntt5tp-staging.wpdns.site/es/2025/12/26/guide-to-child-development-stages-ages-milestones/","es","editorial-single","200","max-image-preview:large","Artículo de Chroma: Guía de Etapas del Desarrollo Infantil: Edad…","4246","1","Keep","Keep","Indexable page passed the automated availability and baseline content checks.","Human fact and editorial review required","Confirm facts, grammar, usefulness, and visual/mobile quality before final approval."
"https://x3yyntt5tp-staging.wpdns.site/2025/12/26/understanding-our-childcare-illness-policy/","en","editorial-single","200","max-image-preview:large","Chroma's Childcare Illness Policy: Health & Safety in 2025","2715","1","Improve","Improve","Indexable page has thin-content, technical, or image-accessibility signals that need review.","Editorial or technical review required","Resolve the listed content and technical issues, then recrawl."
"https://x3yyntt5tp-staging.wpdns.site/es/2025/12/26/understanding-our-childcare-illness-policy/","es","editorial-single","200","max-image-preview:large","Artículo de Chroma: Entendiendo Nuestra Política de Cuidado Infa…","3632","1","Improve","Improve","Indexable page has thin-content, technical, or image-accessibility signals that need review.","Editorial or technical review required","Resolve the listed content and technical issues, then recrawl."
"https://x3yyntt5tp-staging.wpdns.site/2025/12/26/chroma-early-learning-academy-tuition-fees-guide/","en","editorial-single","200","max-image-preview:large","Chroma Academy Tuition & Fees: Your 2025 Guide","3066","1","Improve","Improve","Indexable page has thin-content, technical, or image-accessibility signals that need review.","Editorial or technical review required","Resolve the listed content and technical issues, then recrawl."
"https://x3yyntt5tp-staging.wpdns.site/es/2025/12/26/chroma-early-learning-academy-tuition-fees-guide/","es","editorial-single","200","max-image-preview:large","Artículo de Chroma: Guía de Matrícula y Tarifas de Chroma Early…","4047","1","Keep","Keep","Indexable page passed the automated availability and baseline content checks.","Human fact and editorial review required","Confirm facts, grammar, usefulness, and visual/mobile quality before final approval."
"https://x3yyntt5tp-staging.wpdns.site/2025/12/26/practicing-mindful-parenting-for-a-calmer-home/","en","editorial-single","200","max-image-preview:large","Mindful Parenting: Create a Calmer Home with Chroma","2771","1","Improve","Improve","Indexable page has thin-content, technical, or image-accessibility signals that need review.","Editorial or technical review required","Resolve the listed content and technical issues, then recrawl."
"https://x3yyntt5tp-staging.wpdns.site/es/2025/12/26/practicing-mindful-parenting-for-a-calmer-home/","es","editorial-single","200","max-image-preview:large","Artículo de Chroma: Practicando la Crianza Consciente para un Ho…","3575","1","Keep","Keep","Indexable page passed the automated availability and baseline content checks.","Human fact and editorial review required","Confirm facts, grammar, usefulness, and visual/mobile quality before final approval."
"https://x3yyntt5tp-staging.wpdns.site/2025/12/26/childcare-subsidies-financial-aid-options/","en","editorial-single","200","max-image-preview:large","Georgia Childcare Aid: Subsidies & Financial Options (2025)","3178","1","Improve","Improve","Indexable page has thin-content, technical, or image-accessibility signals that need review.","Editorial or technical review required","Resolve the listed content and technical issues, then recrawl."
"https://x3yyntt5tp-staging.wpdns.site/es/2025/12/26/childcare-subsidies-financial-aid-options/","es","editorial-single","200","max-image-preview:large","Artículo de Chroma: Subsidios de Cuidado Infantil y Opciones de…","4240","1","Improve","Improve","Indexable page has thin-content, technical, or image-accessibility signals that need review.","Editorial or technical review required","Resolve the listed content and technical issues, then recrawl."
"https://x3yyntt5tp-staging.wpdns.site/2025/12/26/tips-for-creating-inclusive-classrooms-for-all-learners/","en","editorial-single","200","max-image-preview:large","Inclusive Classrooms: Tips for Educators & Families | 2025","3254","1","Improve","Improve","Indexable page has thin-content, technical, or image-accessibility signals that need review.","Editorial or technical review required","Resolve the listed content and technical issues, then recrawl."
"https://x3yyntt5tp-staging.wpdns.site/es/2025/12/26/tips-for-creating-inclusive-classrooms-for-all-learners/","es","editorial-single","200","max-image-preview:large","Artículo de Chroma: Consejos para crear aulas inclusivas para to…","4280","1","Keep","Keep","Indexable page passed the automated availability and baseline content checks.","Human fact and editorial review required","Confirm facts, grammar, usefulness, and visual/mobile quality before final approval."
"https://x3yyntt5tp-staging.wpdns.site/2025/12/26/effective-potty-training-support-in-toddler-programs/","en","editorial-single","200","max-image-preview:large","Potty Training Support: Chroma Academy's Toddler Guide","3491","1","Keep","Keep","Indexable page passed the automated availability and baseline content checks.","Human fact and editorial review required","Confirm facts, grammar, usefulness, and visual/mobile quality before final approval."
"https://x3yyntt5tp-staging.wpdns.site/es/2025/12/26/effective-potty-training-support-in-toddler-programs/","es","editorial-single","200","max-image-preview:large","Artículo de Chroma: Apoyo Efectivo para el Control de Esfínteres…","4729","1","Improve","Improve","Indexable page has thin-content, technical, or image-accessibility signals that need review.","Editorial or technical review required","Resolve the listed content and technical issues, then recrawl."
"https://x3yyntt5tp-staging.wpdns.site/2025/12/26/understanding-infant-feeding-schedules-nutrition/","en","editorial-single","200","max-image-preview:large","Infant Feeding Guide: Schedules, Nutrition & Chroma's Care","3275","1","Keep","Keep","Indexable page passed the automated availability and baseline content checks.","Human fact and editorial review required","Confirm facts, grammar, usefulness, and visual/mobile quality before final approval."
"https://x3yyntt5tp-staging.wpdns.site/es/2025/12/26/understanding-infant-feeding-schedules-nutrition/","es","editorial-single","200","max-image-preview:large","Artículo de Chroma: Entendiendo los Horarios de Alimentación y N…","4431","1","Keep","Keep","Indexable page passed the automated availability and baseline content checks.","Human fact and editorial review required","Confirm facts, grammar, usefulness, and visual/mobile quality before final approval."
"https://x3yyntt5tp-staging.wpdns.site/2025/12/26/exploring-global-early-education-models-practices/","en","editorial-single","200","max-image-preview:large","Early Education Models: A Guide by Chroma Academy","3283","1","Improve","Improve","Indexable page has thin-content, technical, or image-accessibility signals that need review.","Editorial or technical review required","Resolve the listed content and technical issues, then recrawl."
"https://x3yyntt5tp-staging.wpdns.site/es/2025/12/26/exploring-global-early-education-models-practices/","es","editorial-single","200","max-image-preview:large","Artículo de Chroma: Exploración de Modelos y Prácticas de Educac…","4553","1","Keep","Keep","Indexable page passed the automated availability and baseline content checks.","Human fact and editorial review required","Confirm facts, grammar, usefulness, and visual/mobile quality before final approval."
"https://x3yyntt5tp-staging.wpdns.site/2025/12/26/how-to-create-a-cozy-reading-nook-for-kids/","en","editorial-single","200","max-image-preview:large","Cozy Reading Nook for Kids: Chroma's Guide (2025)","2948","1","Improve","Improve","Indexable page has thin-content, technical, or image-accessibility signals that need review.","Editorial or technical review required","Resolve the listed content and technical issues, then recrawl."
"https://x3yyntt5tp-staging.wpdns.site/es/2025/12/26/how-to-create-a-cozy-reading-nook-for-kids/","es","editorial-single","200","max-image-preview:large","Artículo de Chroma: Cómo crear un rincón de lectura acogedor par…","3877","1","Improve","Improve","Indexable page has thin-content, technical, or image-accessibility signals that need review.","Editorial or technical review required","Resolve the listed content and technical issues, then recrawl."
"https://x3yyntt5tp-staging.wpdns.site/2025/12/26/essential-guide-choosing-a-preschool-with-key-questions/","en","editorial-single","200","max-image-preview:large","Choosing a Preschool: A Guide for Parents in 2025 | Chroma","3522","1","Improve","Improve","Indexable page has thin-content, technical, or image-accessibility signals that need review.","Editorial or technical review required","Resolve the listed content and technical issues, then recrawl."
"https://x3yyntt5tp-staging.wpdns.site/es/2025/12/26/essential-guide-choosing-a-preschool-with-key-questions/","es","editorial-single","200","max-image-preview:large","Artículo de Chroma: Guía Esencial: Cómo Elegir un Preescolar con…","4663","1","Keep","Keep","Indexable page passed the automated availability and baseline content checks.","Human fact and editorial review required","Confirm facts, grammar, usefulness, and visual/mobile quality before final approval."
"https://x3yyntt5tp-staging.wpdns.site/2025/12/26/how-nutrition-impacts-early-learning-and-behavior/","en","editorial-single","200","max-image-preview:large","Nutrition & Early Learning: Chroma's Guide to Healthy Habits","3465","1","Improve","Improve","Indexable page has thin-content, technical, or image-accessibility signals that need review.","Editorial or technical review required","Resolve the listed content and technical issues, then recrawl."
"https://x3yyntt5tp-staging.wpdns.site/es/2025/12/26/how-nutrition-impacts-early-learning-and-behavior/","es","editorial-single","200","max-image-preview:large","Nutrición y comportamiento infantil | Chroma","4675","1","Improve","Improve","Indexable page has thin-content, technical, or image-accessibility signals that need review.","Editorial or technical review required","Resolve the listed content and technical issues, then recrawl."
"https://x3yyntt5tp-staging.wpdns.site/2025/12/26/is-your-kid-ready-for-preschool-hilarious-signs-to-spot/","en","editorial-single","200","max-image-preview:large","Is Your Kid Ready for Preschool? A Guide by Chroma in 2025","2775","1","Keep","Keep","Indexable page passed the automated availability and baseline content checks.","Human fact and editorial review required","Confirm facts, grammar, usefulness, and visual/mobile quality before final approval."
"https://x3yyntt5tp-staging.wpdns.site/es/2025/12/26/is-your-kid-ready-for-preschool-hilarious-signs-to-spot/","es","editorial-single","200","max-image-preview:large","Artículo de Chroma: Is Your Kid Ready for Preschool? Hilarious S…","3623","1","Keep","Keep","Indexable page passed the automated availability and baseline content checks.","Human fact and editorial review required","Confirm facts, grammar, usefulness, and visual/mobile quality before final approval."
"https://x3yyntt5tp-staging.wpdns.site/2025/12/26/mini-scientists-how-curiosity-fuels-early-stem-learning/","en","editorial-single","200","max-image-preview:large","STEM Curiosity for Kids: Activities & Tips | Chroma","3114","1","Keep","Keep","Indexable page passed the automated availability and baseline content checks.","Human fact and editorial review required","Confirm facts, grammar, usefulness, and visual/mobile quality before final approval."
"https://x3yyntt5tp-staging.wpdns.site/es/2025/12/26/mini-scientists-how-curiosity-fuels-early-stem-learning/","es","editorial-single","200","max-image-preview:large","Artículo de Chroma: Mini Científicos: Cómo la Curiosidad Impulsa…","4139","1","Improve","Improve","Indexable page has thin-content, technical, or image-accessibility signals that need review.","Editorial or technical review required","Resolve the listed content and technical issues, then recrawl."
"https://x3yyntt5tp-staging.wpdns.site/2025/12/26/effective-homework-help-in-our-after-school-program/","en","editorial-single","200","max-image-preview:large","Chroma Academy: Effective After School Homework Help (2025)","2685","1","Keep","Keep","Indexable page passed the automated availability and baseline content checks.","Human fact and editorial review required","Confirm facts, grammar, usefulness, and visual/mobile quality before final approval."
"https://x3yyntt5tp-staging.wpdns.site/es/2025/12/26/effective-homework-help-in-our-after-school-program/","es","editorial-single","200","max-image-preview:large","Artículo de Chroma: Ayuda efectiva con las tareas en nuestro pro…","3654","1","Keep","Keep","Indexable page passed the automated availability and baseline content checks.","Human fact and editorial review required","Confirm facts, grammar, usefulness, and visual/mobile quality before final approval."
"https://x3yyntt5tp-staging.wpdns.site/2025/12/26/tips-for-planning-family-vacations-with-kids/","en","editorial-single","200","max-image-preview:large","Family Vacation Tips for Kids: A Chroma Guide in 2025","2838","1","Keep","Keep","Indexable page passed the automated availability and baseline content checks.","Human fact and editorial review required","Confirm facts, grammar, usefulness, and visual/mobile quality before final approval."
"https://x3yyntt5tp-staging.wpdns.site/es/2025/12/26/tips-for-planning-family-vacations-with-kids/","es","editorial-single","200","max-image-preview:large","Artículo de Chroma: Consejos para planificar vacaciones familiar…","3827","1","Keep","Keep","Indexable page passed the automated availability and baseline content checks.","Human fact and editorial review required","Confirm facts, grammar, usefulness, and visual/mobile quality before final approval."
"https://x3yyntt5tp-staging.wpdns.site/2025/12/26/easy-diy-learning-games-for-young-children/","en","editorial-single","200","max-image-preview:large","DIY Learning Games for Kids: Fun Activities from Chroma","3946","1","Keep","Keep","Indexable page passed the automated availability and baseline content checks.","Human fact and editorial review required","Confirm facts, grammar, usefulness, and visual/mobile quality before final approval."
"https://x3yyntt5tp-staging.wpdns.site/es/2025/12/26/easy-diy-learning-games-for-young-children/","es","editorial-single","200","max-image-preview:large","Artículo de Chroma: Juegos Divertidos de Aprendizaje Caseros par…","5216","1","Improve","Improve","Indexable page has thin-content, technical, or image-accessibility signals that need review.","Editorial or technical review required","Resolve the listed content and technical issues, then recrawl."
"https://x3yyntt5tp-staging.wpdns.site/2025/12/26/after-school-programs-in-atlanta-georgia/","en","editorial-single","200","max-image-preview:large","Atlanta After School Programs: Enroll at Chroma Today","2518","1","Improve","Improve","Indexable page has thin-content, technical, or image-accessibility signals that need review.","Editorial or technical review required","Resolve the listed content and technical issues, then recrawl."
"https://x3yyntt5tp-staging.wpdns.site/es/2025/12/26/after-school-programs-in-atlanta-georgia/","es","editorial-single","200","max-image-preview:large","Artículo de Chroma: Programas Extracurriculares en Atlanta, Geor…","3359","1","Improve","Improve","Indexable page has thin-content, technical, or image-accessibility signals that need review.","Editorial or technical review required","Resolve the listed content and technical issues, then recrawl."
"https://x3yyntt5tp-staging.wpdns.site/2025/12/26/the-art-of-storytelling-for-children/","en","editorial-single","200","max-image-preview:large","Storytelling for Kids: Benefits & Activities at Chroma","2763","1","Keep","Keep","Indexable page passed the automated availability and baseline content checks.","Human fact and editorial review required","Confirm facts, grammar, usefulness, and visual/mobile quality before final approval."
"https://x3yyntt5tp-staging.wpdns.site/es/2025/12/26/the-art-of-storytelling-for-children/","es","editorial-single","200","max-image-preview:large","Artículo de Chroma: El Arte de Contar Historias para Niños","3776","1","Improve","Improve","Indexable page has thin-content, technical, or image-accessibility signals that need review.","Editorial or technical review required","Resolve the listed content and technical issues, then recrawl."
"https://x3yyntt5tp-staging.wpdns.site/2025/12/26/time-management-strategies-for-working-parents/","en","editorial-single","200","max-image-preview:large","Time Management for Working Parents in 2025: Chroma's Guide","2156","1","Keep","Keep","Indexable page passed the automated availability and baseline content checks.","Human fact and editorial review required","Confirm facts, grammar, usefulness, and visual/mobile quality before final approval."
"https://x3yyntt5tp-staging.wpdns.site/es/2025/12/26/time-management-strategies-for-working-parents/","es","editorial-single","200","max-image-preview:large","Artículo de Chroma: Estrategias de gestión del tiempo para padre…","3012","1","Keep","Keep","Indexable page passed the automated availability and baseline content checks.","Human fact and editorial review required","Confirm facts, grammar, usefulness, and visual/mobile quality before final approval."
"https://x3yyntt5tp-staging.wpdns.site/2025/12/26/introducing-mindfulness-practices-for-children/","en","editorial-single","200","max-image-preview:large","Mindfulness for Children: Chroma Academy's Guide","2462","1","Keep","Keep","Indexable page passed the automated availability and baseline content checks.","Human fact and editorial review required","Confirm facts, grammar, usefulness, and visual/mobile quality before final approval."
"https://x3yyntt5tp-staging.wpdns.site/es/2025/12/26/introducing-mindfulness-practices-for-children/","es","editorial-single","200","max-image-preview:large","Artículo de Chroma: Introducción a las Prácticas de Mindfulness…","3320","1","Keep","Keep","Indexable page passed the automated availability and baseline content checks.","Human fact and editorial review required","Confirm facts, grammar, usefulness, and visual/mobile quality before final approval."
"https://x3yyntt5tp-staging.wpdns.site/2025/12/26/top-classroom-management-strategies-for-preschool/","en","editorial-single","200","max-image-preview:large","Preschool Classroom Management: Top Strategies by Chroma","2756","1","Keep","Keep","Indexable page passed the automated availability and baseline content checks.","Human fact and editorial review required","Confirm facts, grammar, usefulness, and visual/mobile quality before final approval."
"https://x3yyntt5tp-staging.wpdns.site/es/2025/12/26/top-classroom-management-strategies-for-preschool/","es","editorial-single","200","max-image-preview:large","Artículo de Chroma: Estrategias Principales de Gestión del Aula…","3612","1","Improve","Improve","Indexable page has thin-content, technical, or image-accessibility signals that need review.","Editorial or technical review required","Resolve the listed content and technical issues, then recrawl."
"https://x3yyntt5tp-staging.wpdns.site/2025/12/26/essential-back-to-school-tips-for-parents-kids/","en","editorial-single","200","max-image-preview:large","Back to School Tips: Parents & Kids | Chroma Academy 2025","3478","1","Keep","Keep","Indexable page passed the automated availability and baseline content checks.","Human fact and editorial review required","Confirm facts, grammar, usefulness, and visual/mobile quality before final approval."
"https://x3yyntt5tp-staging.wpdns.site/es/2025/12/26/essential-back-to-school-tips-for-parents-kids/","es","editorial-single","200","max-image-preview:large","Artículo de Chroma: Consejos Esenciales para el Regreso a Clases…","4729","1","Keep","Keep","Indexable page passed the automated availability and baseline content checks.","Human fact and editorial review required","Confirm facts, grammar, usefulness, and visual/mobile quality before final approval."
"https://x3yyntt5tp-staging.wpdns.site/2025/12/26/benefits-of-early-intervention-programs-for-children/","en","editorial-single","200","max-image-preview:large","Chroma: Early Intervention Benefits for Children (2025)","2832","1","Keep","Keep","Indexable page passed the automated availability and baseline content checks.","Human fact and editorial review required","Confirm facts, grammar, usefulness, and visual/mobile quality before final approval."
"https://x3yyntt5tp-staging.wpdns.site/es/2025/12/26/benefits-of-early-intervention-programs-for-children/","es","editorial-single","200","max-image-preview:large","Artículo de Chroma: Beneficios de los Programas de Intervención…","3827","1","Improve","Improve","Indexable page has thin-content, technical, or image-accessibility signals that need review.","Editorial or technical review required","Resolve the listed content and technical issues, then recrawl."
"https://x3yyntt5tp-staging.wpdns.site/2025/12/26/quick-healthy-snack-ideas-for-toddlers/","en","editorial-single","200","max-image-preview:large","Healthy Toddler Snacks: Quick Ideas from Chroma (2025)","3066","1","Improve","Improve","Indexable page has thin-content, technical, or image-accessibility signals that need review.","Editorial or technical review required","Resolve the listed content and technical issues, then recrawl."
"https://x3yyntt5tp-staging.wpdns.site/es/2025/12/26/quick-healthy-snack-ideas-for-toddlers/","es","editorial-single","200","max-image-preview:large","Snacks Saludables para Niños Pequeños | Chroma Academy","4060","1","Improve","Improve","Indexable page has thin-content, technical, or image-accessibility signals that need review.","Editorial or technical review required","Resolve the listed content and technical issues, then recrawl."
"https://x3yyntt5tp-staging.wpdns.site/2025/12/26/addressing-social-challenges-in-school-age-children/","en","editorial-single","200","max-image-preview:large","Social Challenges in School: A Chroma Guide for Children","3099","1","Improve","Improve","Indexable page has thin-content, technical, or image-accessibility signals that need review.","Editorial or technical review required","Resolve the listed content and technical issues, then recrawl."
"https://x3yyntt5tp-staging.wpdns.site/es/2025/12/26/addressing-social-challenges-in-school-age-children/","es","editorial-single","200","max-image-preview:large","Artículo de Chroma: Abordando Desafíos Sociales en Niños en Edad…","4135","1","Improve","Improve","Indexable page has thin-content, technical, or image-accessibility signals that need review.","Editorial or technical review required","Resolve the listed content and technical issues, then recrawl."
"https://x3yyntt5tp-staging.wpdns.site/2025/12/26/how-to-choose-the-best-preschool-for-your-child/","en","editorial-single","200","max-image-preview:large","Preschool Guide: Choosing the Right One | Chroma 2025","3125","1","Improve","Improve","Indexable page has thin-content, technical, or image-accessibility signals that need review.","Editorial or technical review required","Resolve the listed content and technical issues, then recrawl."
"https://x3yyntt5tp-staging.wpdns.site/es/2025/12/26/how-to-choose-the-best-preschool-for-your-child/","es","editorial-single","200","max-image-preview:large","Artículo de Chroma: Cómo elegir el mejor preescolar para tu hijo","4258","1","Keep","Keep","Indexable page passed the automated availability and baseline content checks.","Human fact and editorial review required","Confirm facts, grammar, usefulness, and visual/mobile quality before final approval."
"https://x3yyntt5tp-staging.wpdns.site/2025/12/26/developing-strong-social-skills-in-preschoolers/","en","editorial-single","200","max-image-preview:large","Preschool Social Skills: Chroma's Guide & Activities","3043","1","Keep","Keep","Indexable page passed the automated availability and baseline content checks.","Human fact and editorial review required","Confirm facts, grammar, usefulness, and visual/mobile quality before final approval."
"https://x3yyntt5tp-staging.wpdns.site/es/2025/12/26/developing-strong-social-skills-in-preschoolers/","es","editorial-single","200","max-image-preview:large","Artículo de Chroma: Desarrollando Habilidades Sociales Fuertes e…","4117","1","Keep","Keep","Indexable page passed the automated availability and baseline content checks.","Human fact and editorial review required","Confirm facts, grammar, usefulness, and visual/mobile quality before final approval."
"https://x3yyntt5tp-staging.wpdns.site/2025/12/26/tips-for-establishing-healthy-sleep-routines-for-kids/","en","editorial-single","200","max-image-preview:large","Kids' Sleep Routines: Chroma's Top Tips","2737","1","Improve","Improve","Indexable page has thin-content, technical, or image-accessibility signals that need review.","Editorial or technical review required","Resolve the listed content and technical issues, then recrawl."
"https://x3yyntt5tp-staging.wpdns.site/es/2025/12/26/tips-for-establishing-healthy-sleep-routines-for-kids/","es","editorial-single","200","max-image-preview:large","Artículo de Chroma: Consejos para establecer rutinas de sueño sa…","3770","1","Keep","Keep","Indexable page passed the automated availability and baseline content checks.","Human fact and editorial review required","Confirm facts, grammar, usefulness, and visual/mobile quality before final approval."
"https://x3yyntt5tp-staging.wpdns.site/2025/12/26/tips-for-fostering-toddler-independence/","en","editorial-single","200","max-image-preview:large","Toddler Independence: Chroma's Guide & Tips","2591","1","Keep","Keep","Indexable page passed the automated availability and baseline content checks.","Human fact and editorial review required","Confirm facts, grammar, usefulness, and visual/mobile quality before final approval."
"https://x3yyntt5tp-staging.wpdns.site/es/2025/12/26/tips-for-fostering-toddler-independence/","es","editorial-single","200","max-image-preview:large","Artículo de Chroma: Consejos para Fomentar la Independencia en N…","3413","1","Keep","Keep","Indexable page passed the automated availability and baseline content checks.","Human fact and editorial review required","Confirm facts, grammar, usefulness, and visual/mobile quality before final approval."
"https://x3yyntt5tp-staging.wpdns.site/2025/12/26/benefits-of-gamification-in-early-childhood-learning/","en","editorial-single","200","max-image-preview:large","Gamification in Early Childhood: Chroma's Learning Benefits","2608","1","Keep","Keep","Indexable page passed the automated availability and baseline content checks.","Human fact and editorial review required","Confirm facts, grammar, usefulness, and visual/mobile quality before final approval."
"https://x3yyntt5tp-staging.wpdns.site/es/2025/12/26/benefits-of-gamification-in-early-childhood-learning/","es","editorial-single","200","max-image-preview:large","Artículo de Chroma: Beneficios de la Gamificación en el Aprendiz…","3614","1","Improve","Improve","Indexable page has thin-content, technical, or image-accessibility signals that need review.","Editorial or technical review required","Resolve the listed content and technical issues, then recrawl."
"https://x3yyntt5tp-staging.wpdns.site/2025/12/26/recognizing-supporting-adhd-in-early-childhood/","en","editorial-single","200","max-image-preview:large","Supporting ADHD in Early Childhood: Chroma Academy's Guide","2974","1","Improve","Improve","Indexable page has thin-content, technical, or image-accessibility signals that need review.","Editorial or technical review required","Resolve the listed content and technical issues, then recrawl."
"https://x3yyntt5tp-staging.wpdns.site/es/2025/12/26/recognizing-supporting-adhd-in-early-childhood/","es","editorial-single","200","max-image-preview:large","Artículo de Chroma: Reconocer y Apoyar el TDAH en la Primera Inf…","4108","1","Keep","Keep","Indexable page passed the automated availability and baseline content checks.","Human fact and editorial review required","Confirm facts, grammar, usefulness, and visual/mobile quality before final approval."
"https://x3yyntt5tp-staging.wpdns.site/2025/12/26/top-rated-preschool-programs-in-decatur-ga/","en","editorial-single","200","max-image-preview:large","Decatur, GA Preschools: Top Programs at Chroma Academy","2774","1","Keep","Keep","Indexable page passed the automated availability and baseline content checks.","Human fact and editorial review required","Confirm facts, grammar, usefulness, and visual/mobile quality before final approval."
"https://x3yyntt5tp-staging.wpdns.site/es/2025/12/26/top-rated-preschool-programs-in-decatur-ga/","es","editorial-single","200","max-image-preview:large","Preescolar en Decatur, GA | Chroma Academy","3824","1","Keep","Keep","Indexable page passed the automated availability and baseline content checks.","Human fact and editorial review required","Confirm facts, grammar, usefulness, and visual/mobile quality before final approval."
"https://x3yyntt5tp-staging.wpdns.site/2025/12/26/key-benefits-of-enrolling-in-georgia-pre-k/","en","editorial-single","200","max-image-preview:large","Georgia Pre-K Benefits: Enroll at Chroma in 2025","2572","1","Keep","Keep","Indexable page passed the automated availability and baseline content checks.","Human fact and editorial review required","Confirm facts, grammar, usefulness, and visual/mobile quality before final approval."
"https://x3yyntt5tp-staging.wpdns.site/es/2025/12/26/key-benefits-of-enrolling-in-georgia-pre-k/","es","editorial-single","200","max-image-preview:large","Artículo de Chroma: Beneficios Clave de Inscribirse en Georgia P…","3438","1","Keep","Keep","Indexable page passed the automated availability and baseline content checks.","Human fact and editorial review required","Confirm facts, grammar, usefulness, and visual/mobile quality before final approval."
"https://x3yyntt5tp-staging.wpdns.site/2025/12/26/top-rated-preschool-programs-in-alpharetta-ga/","en","editorial-single","200","max-image-preview:large","Alpharetta, GA Preschools: Top Programs at Chroma Academy","2318","1","Keep","Keep","Indexable page passed the automated availability and baseline content checks.","Human fact and editorial review required","Confirm facts, grammar, usefulness, and visual/mobile quality before final approval."
"https://x3yyntt5tp-staging.wpdns.site/es/2025/12/26/top-rated-preschool-programs-in-alpharetta-ga/","es","editorial-single","200","max-image-preview:large","Preescolar en Alpharetta, GA | Chroma Academy","3229","1","Improve","Improve","Indexable page has thin-content, technical, or image-accessibility signals that need review.","Editorial or technical review required","Resolve the listed content and technical issues, then recrawl."
"https://x3yyntt5tp-staging.wpdns.site/2025/12/26/after-school-programs-in-johns-creek-ga/","en","editorial-single","200","max-image-preview:large","Johns Creek, GA After School Programs: A Chroma Guide","2655","1","Keep","Keep","Indexable page passed the automated availability and baseline content checks.","Human fact and editorial review required","Confirm facts, grammar, usefulness, and visual/mobile quality before final approval."
"https://x3yyntt5tp-staging.wpdns.site/es/2025/12/26/after-school-programs-in-johns-creek-ga/","es","editorial-single","200","max-image-preview:large","Artículo de Chroma: Programas extraescolares en Johns Creek, GA","3523","1","Keep","Keep","Indexable page passed the automated availability and baseline content checks.","Human fact and editorial review required","Confirm facts, grammar, usefulness, and visual/mobile quality before final approval."
"https://x3yyntt5tp-staging.wpdns.site/2025/12/26/after-school-programs-in-sandy-springs-ga/","en","editorial-single","200","max-image-preview:large","Sandy Springs, GA After School Programs | Chroma Academy","2857","1","Improve","Improve","Indexable page has thin-content, technical, or image-accessibility signals that need review.","Editorial or technical review required","Resolve the listed content and technical issues, then recrawl."
"https://x3yyntt5tp-staging.wpdns.site/es/2025/12/26/after-school-programs-in-sandy-springs-ga/","es","editorial-single","200","max-image-preview:large","Artículo de Chroma: Programas Extracurriculares en Sandy Springs…","3805","1","Improve","Improve","Indexable page has thin-content, technical, or image-accessibility signals that need review.","Editorial or technical review required","Resolve the listed content and technical issues, then recrawl."
"https://x3yyntt5tp-staging.wpdns.site/2025/12/26/strategies-for-coping-with-parental-burnout/","en","editorial-single","200","max-image-preview:large","Parental Burnout: Strategies & Chroma Childcare Solutions","2466","1","Improve","Improve","Indexable page has thin-content, technical, or image-accessibility signals that need review.","Editorial or technical review required","Resolve the listed content and technical issues, then recrawl."
"https://x3yyntt5tp-staging.wpdns.site/es/2025/12/26/strategies-for-coping-with-parental-burnout/","es","editorial-single","200","max-image-preview:large","Artículo de Chroma: Estrategias para lidiar con el agotamiento p…","3325","1","Keep","Keep","Indexable page passed the automated availability and baseline content checks.","Human fact and editorial review required","Confirm facts, grammar, usefulness, and visual/mobile quality before final approval."
"https://x3yyntt5tp-staging.wpdns.site/2025/12/26/tips-for-preparing-your-child-for-daycare/","en","editorial-single","200","max-image-preview:large","Daycare Prep: Tips for a Smooth Transition | Chroma 2025","2897","1","Keep","Keep","Indexable page passed the automated availability and baseline content checks.","Human fact and editorial review required","Confirm facts, grammar, usefulness, and visual/mobile quality before final approval."
"https://x3yyntt5tp-staging.wpdns.site/es/2025/12/26/tips-for-preparing-your-child-for-daycare/","es","editorial-single","200","max-image-preview:large","Artículo de Chroma: Consejos para preparar a tu hijo para la gua…","3742","1","Keep","Keep","Indexable page passed the automated availability and baseline content checks.","Human fact and editorial review required","Confirm facts, grammar, usefulness, and visual/mobile quality before final approval."
"https://x3yyntt5tp-staging.wpdns.site/2025/12/26/strategies-for-managing-sibling-rivalry-effectively/","en","editorial-single","200","max-image-preview:large","Sibling Rivalry: Strategies for Parents | Chroma 2025","2705","1","Improve","Improve","Indexable page has thin-content, technical, or image-accessibility signals that need review.","Editorial or technical review required","Resolve the listed content and technical issues, then recrawl."
"https://x3yyntt5tp-staging.wpdns.site/es/2025/12/26/strategies-for-managing-sibling-rivalry-effectively/","es","editorial-single","200","max-image-preview:large","Artículo de Chroma: Estrategias para manejar la rivalidad entre…","3642","1","Keep","Keep","Indexable page passed the automated availability and baseline content checks.","Human fact and editorial review required","Confirm facts, grammar, usefulness, and visual/mobile quality before final approval."
"https://x3yyntt5tp-staging.wpdns.site/2025/12/26/creative-date-night-ideas-for-busy-parents/","en","editorial-single","200","max-image-preview:large","Date Night Ideas for Busy Parents: Metro Atlanta Fun | 2025","2568","1","Improve","Improve","Indexable page has thin-content, technical, or image-accessibility signals that need review.","Editorial or technical review required","Resolve the listed content and technical issues, then recrawl."
"https://x3yyntt5tp-staging.wpdns.site/es/2025/12/26/creative-date-night-ideas-for-busy-parents/","es","editorial-single","200","max-image-preview:large","Artículo de Chroma: Ideas Creativas para Citas Nocturnas para Pa…","3425","1","Improve","Improve","Indexable page has thin-content, technical, or image-accessibility signals that need review.","Editorial or technical review required","Resolve the listed content and technical issues, then recrawl."
"https://x3yyntt5tp-staging.wpdns.site/2025/12/26/chroma-early-learning-academy-mission-core-values/","en","editorial-single","200","max-image-preview:large","Chroma Academy: Mission & Values for Early Learning","3203","1","Keep","Keep","Indexable page passed the automated availability and baseline content checks.","Human fact and editorial review required","Confirm facts, grammar, usefulness, and visual/mobile quality before final approval."
"https://x3yyntt5tp-staging.wpdns.site/es/2025/12/26/chroma-early-learning-academy-mission-core-values/","es","editorial-single","200","max-image-preview:large","Artículo de Chroma: Misión y Valores Fundamentales de Chroma Ear…","4331","1","Keep","Keep","Indexable page passed the automated availability and baseline content checks.","Human fact and editorial review required","Confirm facts, grammar, usefulness, and visual/mobile quality before final approval."
"https://x3yyntt5tp-staging.wpdns.site/2025/12/26/developing-infant-fine-gross-motor-skills/","en","editorial-single","200","max-image-preview:large","Infant Motor Skills: Activities & Milestones | Chroma 2025","2877","1","Improve","Improve","Indexable page has thin-content, technical, or image-accessibility signals that need review.","Editorial or technical review required","Resolve the listed content and technical issues, then recrawl."
"https://x3yyntt5tp-staging.wpdns.site/es/2025/12/26/developing-infant-fine-gross-motor-skills/","es","editorial-single","200","max-image-preview:large","Artículo de Chroma: Desarrollo de la motricidad fina y gruesa en…","3870","1","Keep","Keep","Indexable page passed the automated availability and baseline content checks.","Human fact and editorial review required","Confirm facts, grammar, usefulness, and visual/mobile quality before final approval."
"https://x3yyntt5tp-staging.wpdns.site/2025/12/26/fostering-problem-solving-skills-in-preschoolers/","en","editorial-single","200","max-image-preview:large","Preschool Problem-Solving: Chroma's Guide (2025)","2246","1","Keep","Keep","Indexable page passed the automated availability and baseline content checks.","Human fact and editorial review required","Confirm facts, grammar, usefulness, and visual/mobile quality before final approval."
"https://x3yyntt5tp-staging.wpdns.site/es/2025/12/26/fostering-problem-solving-skills-in-preschoolers/","es","editorial-single","200","max-image-preview:large","Artículo de Chroma: Fomentando Habilidades de Resolución de Prob…","3199","1","Improve","Improve","Indexable page has thin-content, technical, or image-accessibility signals that need review.","Editorial or technical review required","Resolve the listed content and technical issues, then recrawl."
"https://x3yyntt5tp-staging.wpdns.site/2025/12/26/strategies-for-coping-with-separation-anxiety-in-children/","en","editorial-single","200","max-image-preview:large","Separation Anxiety Strategies for Children: A Chroma Guide","2794","1","Keep","Keep","Indexable page passed the automated availability and baseline content checks.","Human fact and editorial review required","Confirm facts, grammar, usefulness, and visual/mobile quality before final approval."
"https://x3yyntt5tp-staging.wpdns.site/es/2025/12/26/strategies-for-coping-with-separation-anxiety-in-children/","es","editorial-single","200","max-image-preview:large","Artículo de Chroma: Estrategias para lidiar con la ansiedad por…","3716","1","Keep","Keep","Indexable page passed the automated availability and baseline content checks.","Human fact and editorial review required","Confirm facts, grammar, usefulness, and visual/mobile quality before final approval."
"https://x3yyntt5tp-staging.wpdns.site/2025/12/26/benefits-of-inquiry-based-learning-in-early-childhood/","en","editorial-single","200","max-image-preview:large","Inquiry-Based Learning Benefits: Chroma's Approach in 2025","2555","1","Keep","Keep","Indexable page passed the automated availability and baseline content checks.","Human fact and editorial review required","Confirm facts, grammar, usefulness, and visual/mobile quality before final approval."
"https://x3yyntt5tp-staging.wpdns.site/2025/12/26/understanding-childhood-growth-spurts-development/","en","editorial-single","200","max-image-preview:large","Childhood Growth Spurts: Chroma's Guide for Parents","3447","1","Improve","Improve","Indexable page has thin-content, technical, or image-accessibility signals that need review.","Editorial or technical review required","Resolve the listed content and technical issues, then recrawl."
"https://x3yyntt5tp-staging.wpdns.site/es/2025/12/26/understanding-childhood-growth-spurts-development/","es","editorial-single","200","max-image-preview:large","Artículo de Chroma: Entendiendo los brotes de crecimiento y desa…","4821","1","Keep","Keep","Indexable page passed the automated availability and baseline content checks.","Human fact and editorial review required","Confirm facts, grammar, usefulness, and visual/mobile quality before final approval."
"https://x3yyntt5tp-staging.wpdns.site/2025/12/26/benefits-of-speech-therapy-for-toddlers/","en","editorial-single","200","max-image-preview:large","Speech Therapy Benefits for Toddlers | Chroma","3251","1","Keep","Keep","Indexable page passed the automated availability and baseline content checks.","Human fact and editorial review required","Confirm facts, grammar, usefulness, and visual/mobile quality before final approval."
"https://x3yyntt5tp-staging.wpdns.site/es/2025/12/26/benefits-of-speech-therapy-for-toddlers/","es","editorial-single","200","max-image-preview:large","Artículo de Chroma: Beneficios de la Terapia del Habla para Niño…","4335","1","Keep","Keep","Indexable page passed the automated availability and baseline content checks.","Human fact and editorial review required","Confirm facts, grammar, usefulness, and visual/mobile quality before final approval."
"https://x3yyntt5tp-staging.wpdns.site/2025/12/26/how-to-build-self-esteem-in-young-children/","en","editorial-single","200","max-image-preview:large","Boost Your Child's Self-Esteem: Chroma's Guide (2025)","2778","1","Improve","Improve","Indexable page has thin-content, technical, or image-accessibility signals that need review.","Editorial or technical review required","Resolve the listed content and technical issues, then recrawl."
"https://x3yyntt5tp-staging.wpdns.site/es/2025/12/26/how-to-build-self-esteem-in-young-children/","es","editorial-single","200","max-image-preview:large","Artículo de Chroma: Cómo desarrollar la autoestima en niños pequ…","3643","1","Keep","Keep","Indexable page passed the automated availability and baseline content checks.","Human fact and editorial review required","Confirm facts, grammar, usefulness, and visual/mobile quality before final approval."
"https://x3yyntt5tp-staging.wpdns.site/2025/12/26/georgia-pre-k-lottery-program-in-marietta-ga/","en","editorial-single","200","max-image-preview:large","Marietta, GA: Georgia Pre-K Lottery at Chroma (2025)","2983","1","Keep","Keep","Indexable page passed the automated availability and baseline content checks.","Human fact and editorial review required","Confirm facts, grammar, usefulness, and visual/mobile quality before final approval."
"https://x3yyntt5tp-staging.wpdns.site/es/2025/12/26/georgia-pre-k-lottery-program-in-marietta-ga/","es","editorial-single","200","max-image-preview:large","Artículo de Chroma: Programa Pre-K de Georgia Lottery en Mariett…","3958","1","Improve","Improve","Indexable page has thin-content, technical, or image-accessibility signals that need review.","Editorial or technical review required","Resolve the listed content and technical issues, then recrawl."
"https://x3yyntt5tp-staging.wpdns.site/2025/12/26/key-toddler-developmental-milestones-how-we-support-them/","en","editorial-single","200","max-image-preview:large","Toddler Milestones: Chroma Academy's Support in 2025","3074","1","Keep","Keep","Indexable page passed the automated availability and baseline content checks.","Human fact and editorial review required","Confirm facts, grammar, usefulness, and visual/mobile quality before final approval."
"https://x3yyntt5tp-staging.wpdns.site/es/2025/12/26/key-toddler-developmental-milestones-how-we-support-them/","es","editorial-single","200","max-image-preview:large","Artículo de Chroma: Hitos Clave del Desarrollo Infantil y Cómo L…","4194","1","Keep","Keep","Indexable page passed the automated availability and baseline content checks.","Human fact and editorial review required","Confirm facts, grammar, usefulness, and visual/mobile quality before final approval."
"https://x3yyntt5tp-staging.wpdns.site/2025/12/26/essential-training-for-early-childhood-educators/","en","editorial-single","200","max-image-preview:large","Early Childhood Educator Training: Essential Skills | Chroma","2924","1","Keep","Keep","Indexable page passed the automated availability and baseline content checks.","Human fact and editorial review required","Confirm facts, grammar, usefulness, and visual/mobile quality before final approval."
"https://x3yyntt5tp-staging.wpdns.site/es/2025/12/26/essential-training-for-early-childhood-educators/","es","editorial-single","200","max-image-preview:large","Artículo de Chroma: Formación Esencial para Educadores de la Pri…","4106","1","Improve","Improve","Indexable page has thin-content, technical, or image-accessibility signals that need review.","Editorial or technical review required","Resolve the listed content and technical issues, then recrawl."
"https://x3yyntt5tp-staging.wpdns.site/2025/12/26/kindergarten-readiness-programs-in-duluth-ga/","en","editorial-single","200","max-image-preview:large","Chroma's Kindergarten Readiness Programs in Duluth, GA","2745","1","Improve","Improve","Indexable page has thin-content, technical, or image-accessibility signals that need review.","Editorial or technical review required","Resolve the listed content and technical issues, then recrawl."
"https://x3yyntt5tp-staging.wpdns.site/es/2025/12/26/kindergarten-readiness-programs-in-duluth-ga/","es","editorial-single","200","max-image-preview:large","Kindergarten en Duluth, GA | Chroma Academy","3807","1","Keep","Keep","Indexable page passed the automated availability and baseline content checks.","Human fact and editorial review required","Confirm facts, grammar, usefulness, and visual/mobile quality before final approval."
"https://x3yyntt5tp-staging.wpdns.site/2025/12/26/frequently-asked-questions-about-enrollment/","en","editorial-single","200","max-image-preview:large","Chroma Academy: Enrollment FAQs for Childcare (2025)","2737","1","Keep","Keep","Indexable page passed the automated availability and baseline content checks.","Human fact and editorial review required","Confirm facts, grammar, usefulness, and visual/mobile quality before final approval."
"https://x3yyntt5tp-staging.wpdns.site/es/2025/12/26/frequently-asked-questions-about-enrollment/","es","editorial-single","200","max-image-preview:large","Artículo de Chroma: Preguntas Frecuentes Sobre la Inscripción","3647","1","Improve","Improve","Indexable page has thin-content, technical, or image-accessibility signals that need review.","Editorial or technical review required","Resolve the listed content and technical issues, then recrawl."
"https://x3yyntt5tp-staging.wpdns.site/2025/12/26/nurturing-toddler-emotional-growth-regulation/","en","editorial-single","200","max-image-preview:large","Toddler Emotional Growth: Chroma Academy's Guide","2716","1","Improve","Improve","Indexable page has thin-content, technical, or image-accessibility signals that need review.","Editorial or technical review required","Resolve the listed content and technical issues, then recrawl."
"https://x3yyntt5tp-staging.wpdns.site/es/2025/12/26/nurturing-toddler-emotional-growth-regulation/","es","editorial-single","200","max-image-preview:large","Artículo de Chroma: Fomento del Crecimiento y la Regulación Emoc…","3726","1","Improve","Improve","Indexable page has thin-content, technical, or image-accessibility signals that need review.","Editorial or technical review required","Resolve the listed content and technical issues, then recrawl."
"https://x3yyntt5tp-staging.wpdns.site/2025/12/26/strategies-for-preventing-teacher-burnout/","en","editorial-single","200","max-image-preview:large","Strategies for Preventing Teacher Burnout at Chroma in 2025","2823","1","Improve","Improve","Indexable page has thin-content, technical, or image-accessibility signals that need review.","Editorial or technical review required","Resolve the listed content and technical issues, then recrawl."
"https://x3yyntt5tp-staging.wpdns.site/es/2025/12/26/strategies-for-preventing-teacher-burnout/","es","editorial-single","200","max-image-preview:large","Artículo de Chroma: Estrategias para prevenir el agotamiento del…","3935","1","Improve","Improve","Indexable page has thin-content, technical, or image-accessibility signals that need review.","Editorial or technical review required","Resolve the listed content and technical issues, then recrawl."
"https://x3yyntt5tp-staging.wpdns.site/2025/12/26/best-infant-care-programs-in-atlanta-georgia/","en","editorial-single","200","max-image-preview:large","Chroma's Best Infant Care in Atlanta, GA (2025)","2901","1","Keep","Keep","Indexable page passed the automated availability and baseline content checks.","Human fact and editorial review required","Confirm facts, grammar, usefulness, and visual/mobile quality before final approval."
"https://x3yyntt5tp-staging.wpdns.site/es/2025/12/26/best-infant-care-programs-in-atlanta-georgia/","es","editorial-single","200","max-image-preview:large","Artículo de Chroma: Los Mejores Programas de Cuidado Infantil pa…","3858","1","Keep","Keep","Indexable page passed the automated availability and baseline content checks.","Human fact and editorial review required","Confirm facts, grammar, usefulness, and visual/mobile quality before final approval."
"https://x3yyntt5tp-staging.wpdns.site/2025/12/26/meet-our-dedicated-early-learning-academy-team/","en","editorial-single","200","max-image-preview:large","Chroma's Early Learning Team: Meet the Educators","2271","1","Improve","Improve","Indexable page has thin-content, technical, or image-accessibility signals that need review.","Editorial or technical review required","Resolve the listed content and technical issues, then recrawl."
"https://x3yyntt5tp-staging.wpdns.site/es/2025/12/26/meet-our-dedicated-early-learning-academy-team/","es","editorial-single","200","max-image-preview:large","Artículo de Chroma: Conozca a nuestro dedicado equipo de la Acad…","3175","1","Improve","Improve","Indexable page has thin-content, technical, or image-accessibility signals that need review.","Editorial or technical review required","Resolve the listed content and technical issues, then recrawl."
"https://x3yyntt5tp-staging.wpdns.site/2025/12/26/understanding-individualized-education-plans-ieps/","en","editorial-single","200","max-image-preview:large","IEP Guide for Metro Atlanta Families in 2025","3000","1","Improve","Improve","Indexable page has thin-content, technical, or image-accessibility signals that need review.","Editorial or technical review required","Resolve the listed content and technical issues, then recrawl."
"https://x3yyntt5tp-staging.wpdns.site/es/2025/12/26/understanding-individualized-education-plans-ieps/","es","editorial-single","200","max-image-preview:large","Artículo de Chroma: Entendiendo los Planes de Educación Individu…","3881","1","Improve","Improve","Indexable page has thin-content, technical, or image-accessibility signals that need review.","Editorial or technical review required","Resolve the listed content and technical issues, then recrawl."
"https://x3yyntt5tp-staging.wpdns.site/2025/12/26/developing-essential-social-skills-for-kindergarten/","en","editorial-single","200","max-image-preview:large","Kindergarten Social Skills: Chroma's Guide & Tips","2706","1","Improve","Improve","Indexable page has thin-content, technical, or image-accessibility signals that need review.","Editorial or technical review required","Resolve the listed content and technical issues, then recrawl."
"https://x3yyntt5tp-staging.wpdns.site/es/2025/12/26/developing-essential-social-skills-for-kindergarten/","es","editorial-single","200","max-image-preview:large","Artículo de Chroma: Desarrollo de Habilidades Sociales Esenciale…","3741","1","Improve","Improve","Indexable page has thin-content, technical, or image-accessibility signals that need review.","Editorial or technical review required","Resolve the listed content and technical issues, then recrawl."
"https://x3yyntt5tp-staging.wpdns.site/2025/12/26/the-importance-of-outdoor-play-for-child-development/","en","editorial-single","200","max-image-preview:large","Outdoor Play for Child Development: Chroma's Approach","2630","1","Keep","Keep","Indexable page passed the automated availability and baseline content checks.","Human fact and editorial review required","Confirm facts, grammar, usefulness, and visual/mobile quality before final approval."
"https://x3yyntt5tp-staging.wpdns.site/es/2025/12/26/the-importance-of-outdoor-play-for-child-development/","es","editorial-single","200","max-image-preview:large","Artículo de Chroma: La Importancia del Juego al Aire Libre para…","3809","1","Keep","Keep","Indexable page passed the automated availability and baseline content checks.","Human fact and editorial review required","Confirm facts, grammar, usefulness, and visual/mobile quality before final approval."
"https://x3yyntt5tp-staging.wpdns.site/2025/12/26/top-rated-preschool-programs-in-johns-creek-ga/","en","editorial-single","200","max-image-preview:large","Johns Creek, GA: Top Preschool Programs at Chroma Academy","2790","1","Improve","Improve","Indexable page has thin-content, technical, or image-accessibility signals that need review.","Editorial or technical review required","Resolve the listed content and technical issues, then recrawl."
"https://x3yyntt5tp-staging.wpdns.site/es/2025/12/26/top-rated-preschool-programs-in-johns-creek-ga/","es","editorial-single","200","max-image-preview:large","Preescolar en Johns Creek, GA | Chroma Academy","3874","1","Keep","Keep","Indexable page passed the automated availability and baseline content checks.","Human fact and editorial review required","Confirm facts, grammar, usefulness, and visual/mobile quality before final approval."
"https://x3yyntt5tp-staging.wpdns.site/2025/12/26/supporting-toddler-language-development-communication/","en","editorial-single","200","max-image-preview:large","Toddler Language Development: Chroma's Guide (2025)","3035","1","Keep","Keep","Indexable page passed the automated availability and baseline content checks.","Human fact and editorial review required","Confirm facts, grammar, usefulness, and visual/mobile quality before final approval."
"https://x3yyntt5tp-staging.wpdns.site/es/2025/12/26/supporting-toddler-language-development-communication/","es","editorial-single","200","max-image-preview:large","Artículo de Chroma: Apoyando el Desarrollo del Lenguaje y la Com…","4026","1","Improve","Improve","Indexable page has thin-content, technical, or image-accessibility signals that need review.","Editorial or technical review required","Resolve the listed content and technical issues, then recrawl."
"https://x3yyntt5tp-staging.wpdns.site/2025/12/26/engaging-sensory-activities-for-infant-development/","en","editorial-single","200","max-image-preview:large","Chroma's Infant Sensory Activities for Development","3037","1","Improve","Improve","Indexable page has thin-content, technical, or image-accessibility signals that need review.","Editorial or technical review required","Resolve the listed content and technical issues, then recrawl."
"https://x3yyntt5tp-staging.wpdns.site/es/2025/12/26/engaging-sensory-activities-for-infant-development/","es","editorial-single","200","max-image-preview:large","Artículo de Chroma: Actividades Sensoriales Atractivas para el D…","4019","1","Improve","Improve","Indexable page has thin-content, technical, or image-accessibility signals that need review.","Editorial or technical review required","Resolve the listed content and technical issues, then recrawl."
"https://x3yyntt5tp-staging.wpdns.site/2025/12/26/fostering-strong-parent-teacher-relationships/","en","editorial-single","200","max-image-preview:large","Chroma: Strengthening Parent-Teacher Relationships in 2025","2791","1","Keep","Keep","Indexable page passed the automated availability and baseline content checks.","Human fact and editorial review required","Confirm facts, grammar, usefulness, and visual/mobile quality before final approval."
"https://x3yyntt5tp-staging.wpdns.site/es/2025/12/26/fostering-strong-parent-teacher-relationships/","es","editorial-single","200","max-image-preview:large","Artículo de Chroma: Fomentando relaciones sólidas entre padres y…","3780","1","Keep","Keep","Indexable page passed the automated availability and baseline content checks.","Human fact and editorial review required","Confirm facts, grammar, usefulness, and visual/mobile quality before final approval."
"https://x3yyntt5tp-staging.wpdns.site/2025/12/26/easy-science-experiments-for-kids-at-home/","en","editorial-single","200","max-image-preview:large","Easy Science Experiments for Kids: Fun at Home (2025)","3358","1","Improve","Improve","Indexable page has thin-content, technical, or image-accessibility signals that need review.","Editorial or technical review required","Resolve the listed content and technical issues, then recrawl."
"https://x3yyntt5tp-staging.wpdns.site/es/2025/12/26/easy-science-experiments-for-kids-at-home/","es","editorial-single","200","max-image-preview:large","Artículo de Chroma: Experimentos científicos fáciles para niños…","4342","1","Keep","Keep","Indexable page passed the automated availability and baseline content checks.","Human fact and editorial review required","Confirm facts, grammar, usefulness, and visual/mobile quality before final approval."
"https://x3yyntt5tp-staging.wpdns.site/2025/12/26/preschool-vs-daycare-which-is-right-for-your-child/","en","editorial-single","200","max-image-preview:large","Preschool vs. Daycare: Which is Best for Your Child? [2025]","2613","1","Improve","Improve","Indexable page has thin-content, technical, or image-accessibility signals that need review.","Editorial or technical review required","Resolve the listed content and technical issues, then recrawl."
"https://x3yyntt5tp-staging.wpdns.site/es/2025/12/26/preschool-vs-daycare-which-is-right-for-your-child/","es","editorial-single","200","max-image-preview:large","Artículo de Chroma: Preescolar vs. Guardería: ¿Cuál es la opción…","3595","1","Keep","Keep","Indexable page passed the automated availability and baseline content checks.","Human fact and editorial review required","Confirm facts, grammar, usefulness, and visual/mobile quality before final approval."
"https://x3yyntt5tp-staging.wpdns.site/2025/12/26/top-benefits-of-professional-infant-care-for-early-development/","en","editorial-single","200","max-image-preview:large","Top Benefits of Professional Infant Care at Chroma in 2025","2958","1","Improve","Improve","Indexable page has thin-content, technical, or image-accessibility signals that need review.","Editorial or technical review required","Resolve the listed content and technical issues, then recrawl."
"https://x3yyntt5tp-staging.wpdns.site/es/2025/12/26/top-benefits-of-professional-infant-care-for-early-development/","es","editorial-single","200","max-image-preview:large","Artículo de Chroma: Principales Beneficios del Cuidado Profesion…","4030","1","Improve","Improve","Indexable page has thin-content, technical, or image-accessibility signals that need review.","Editorial or technical review required","Resolve the listed content and technical issues, then recrawl."
"https://x3yyntt5tp-staging.wpdns.site/2025/12/26/foods-to-boost-your-childs-immunity/","en","editorial-single","200","max-image-preview:large","Foods to Boost Child Immunity: Chroma Academy's Guide (2025)","2880","1","Keep","Keep","Indexable page passed the automated availability and baseline content checks.","Human fact and editorial review required","Confirm facts, grammar, usefulness, and visual/mobile quality before final approval."
"https://x3yyntt5tp-staging.wpdns.site/es/2025/12/26/foods-to-boost-your-childs-immunity/","es","editorial-single","200","max-image-preview:large","Artículo de Chroma: Alimentos para potenciar la inmunidad de tu…","3758","1","Keep","Keep","Indexable page passed the automated availability and baseline content checks.","Human fact and editorial review required","Confirm facts, grammar, usefulness, and visual/mobile quality before final approval."
"https://x3yyntt5tp-staging.wpdns.site/2025/12/26/after-school-programs-in-peachtree-corners-ga/","en","editorial-single","200","max-image-preview:large","Peachtree Corners After School Programs | Chroma","2653","1","Keep","Keep","Indexable page passed the automated availability and baseline content checks.","Human fact and editorial review required","Confirm facts, grammar, usefulness, and visual/mobile quality before final approval."
"https://x3yyntt5tp-staging.wpdns.site/es/2025/12/26/after-school-programs-in-peachtree-corners-ga/","es","editorial-single","200","max-image-preview:large","Artículo de Chroma: Programas después de la escuela en Peachtree…","3655","1","Keep","Keep","Indexable page passed the automated availability and baseline content checks.","Human fact and editorial review required","Confirm facts, grammar, usefulness, and visual/mobile quality before final approval."
"https://x3yyntt5tp-staging.wpdns.site/2025/12/26/creative-family-bonding-activities-for-all-ages/","en","editorial-single","200","max-image-preview:large","Creative Family Fun: Bonding Activities for All Ages","2568","1","Improve","Improve","Indexable page has thin-content, technical, or image-accessibility signals that need review.","Editorial or technical review required","Resolve the listed content and technical issues, then recrawl."
"https://x3yyntt5tp-staging.wpdns.site/es/2025/12/26/creative-family-bonding-activities-for-all-ages/","es","editorial-single","200","max-image-preview:large","Artículo de Chroma: Actividades Creativas de Conexión Familiar p…","3469","1","Keep","Keep","Indexable page passed the automated availability and baseline content checks.","Human fact and editorial review required","Confirm facts, grammar, usefulness, and visual/mobile quality before final approval."
"https://x3yyntt5tp-staging.wpdns.site/2025/12/26/boosting-infant-cognitive-development-activities/","en","editorial-single","200","max-image-preview:large","Chroma's Infant Cognitive Activities (2025)","3206","1","Keep","Keep","Indexable page passed the automated availability and baseline content checks.","Human fact and editorial review required","Confirm facts, grammar, usefulness, and visual/mobile quality before final approval."
"https://x3yyntt5tp-staging.wpdns.site/es/2025/12/26/boosting-infant-cognitive-development-activities/","es","editorial-single","200","max-image-preview:large","Artículo de Chroma: Potenciando Actividades para el Desarrollo C…","4285","1","Keep","Keep","Indexable page passed the automated availability and baseline content checks.","Human fact and editorial review required","Confirm facts, grammar, usefulness, and visual/mobile quality before final approval."
"https://x3yyntt5tp-staging.wpdns.site/2025/12/26/diverse-enrichment-activities-in-after-school-programs/","en","editorial-single","200","max-image-preview:large","Chroma: Enrichment Activities for After School Programs","2928","1","Improve","Improve","Indexable page has thin-content, technical, or image-accessibility signals that need review.","Editorial or technical review required","Resolve the listed content and technical issues, then recrawl."
"https://x3yyntt5tp-staging.wpdns.site/es/2025/12/26/diverse-enrichment-activities-in-after-school-programs/","es","editorial-single","200","max-image-preview:large","Artículo de Chroma: Actividades de enriquecimiento diversas en p…","3967","1","Keep","Keep","Indexable page passed the automated availability and baseline content checks.","Human fact and editorial review required","Confirm facts, grammar, usefulness, and visual/mobile quality before final approval."
"https://x3yyntt5tp-staging.wpdns.site/2025/12/26/building-early-math-skills-in-preschool-programs/","en","editorial-single","200","max-image-preview:large","Early Math Skills in Preschool: Chroma's Program Guide","2993","1","Improve","Improve","Indexable page has thin-content, technical, or image-accessibility signals that need review.","Editorial or technical review required","Resolve the listed content and technical issues, then recrawl."
"https://x3yyntt5tp-staging.wpdns.site/es/2025/12/26/building-early-math-skills-in-preschool-programs/","es","editorial-single","200","max-image-preview:large","Artículo de Chroma: Desarrollando habilidades matemáticas tempra…","3928","1","Keep","Keep","Indexable page passed the automated availability and baseline content checks.","Human fact and editorial review required","Confirm facts, grammar, usefulness, and visual/mobile quality before final approval."
"https://x3yyntt5tp-staging.wpdns.site/2025/12/26/guide-to-choosing-the-right-infant-daycare/","en","editorial-single","200","max-image-preview:large","Choosing the Right Infant Daycare: A Guide by Chroma (2025)","3374","1","Improve","Improve","Indexable page has thin-content, technical, or image-accessibility signals that need review.","Editorial or technical review required","Resolve the listed content and technical issues, then recrawl."
"https://x3yyntt5tp-staging.wpdns.site/es/2025/12/26/guide-to-choosing-the-right-infant-daycare/","es","editorial-single","200","max-image-preview:large","Artículo de Chroma: Guía para elegir la guardería infantil adecu…","4539","1","Keep","Keep","Indexable page passed the automated availability and baseline content checks.","Human fact and editorial review required","Confirm facts, grammar, usefulness, and visual/mobile quality before final approval."
"https://x3yyntt5tp-staging.wpdns.site/2025/12/26/early-literacy-development-in-our-programs/","en","editorial-single","200","max-image-preview:large","Early Literacy at Chroma: Programs for Reading Success","2771","1","Improve","Improve","Indexable page has thin-content, technical, or image-accessibility signals that need review.","Editorial or technical review required","Resolve the listed content and technical issues, then recrawl."
"https://x3yyntt5tp-staging.wpdns.site/es/2025/12/26/early-literacy-development-in-our-programs/","es","editorial-single","200","max-image-preview:large","Artículo de Chroma: Desbloquea la preparación para la lectura co…","3886","1","Keep","Keep","Indexable page passed the automated availability and baseline content checks.","Human fact and editorial review required","Confirm facts, grammar, usefulness, and visual/mobile quality before final approval."
"https://x3yyntt5tp-staging.wpdns.site/2025/12/26/georgia-pre-k-lottery-program-in-smyrna-ga/","en","editorial-single","200","max-image-preview:large","Smyrna, GA Pre-K Lottery: Enroll at Chroma Academy","3663","1","Keep","Keep","Indexable page passed the automated availability and baseline content checks.","Human fact and editorial review required","Confirm facts, grammar, usefulness, and visual/mobile quality before final approval."
"https://x3yyntt5tp-staging.wpdns.site/es/2025/12/26/georgia-pre-k-lottery-program-in-smyrna-ga/","es","editorial-single","200","max-image-preview:large","Artículo de Chroma: Únete a la Lotería de Smyrna para Pre-K Grat…","4897","1","Keep","Keep","Indexable page passed the automated availability and baseline content checks.","Human fact and editorial review required","Confirm facts, grammar, usefulness, and visual/mobile quality before final approval."
"https://x3yyntt5tp-staging.wpdns.site/2025/12/26/schedule-a-tour-of-our-early-learning-academy/","en","editorial-single","200","max-image-preview:large","Tour Chroma Academy: Schedule Your Visit Now!","3497","1","Improve","Improve","Indexable page has thin-content, technical, or image-accessibility signals that need review.","Editorial or technical review required","Resolve the listed content and technical issues, then recrawl."
"https://x3yyntt5tp-staging.wpdns.site/es/2025/12/26/schedule-a-tour-of-our-early-learning-academy/","es","editorial-single","200","max-image-preview:large","Artículo de Chroma: Programa un recorrido por nuestra academia d…","4542","1","Keep","Keep","Indexable page passed the automated availability and baseline content checks.","Human fact and editorial review required","Confirm facts, grammar, usefulness, and visual/mobile quality before final approval."
"https://x3yyntt5tp-staging.wpdns.site/2025/12/26/how-to-talk-to-kids-about-difficult-topics/","en","editorial-single","200","max-image-preview:large","How to Talk to Kids About Difficult Topics: A Chroma Guide","2768","1","Improve","Improve","Indexable page has thin-content, technical, or image-accessibility signals that need review.","Editorial or technical review required","Resolve the listed content and technical issues, then recrawl."
"https://x3yyntt5tp-staging.wpdns.site/es/2025/12/26/how-to-talk-to-kids-about-difficult-topics/","es","editorial-single","200","max-image-preview:large","Artículo de Chroma: Cómo hablar con los niños sobre temas difíci…","3565","1","Keep","Keep","Indexable page passed the automated availability and baseline content checks.","Human fact and editorial review required","Confirm facts, grammar, usefulness, and visual/mobile quality before final approval."
"https://x3yyntt5tp-staging.wpdns.site/2025/12/26/georgia-pre-k-lottery-program-in-duluth-ga/","en","editorial-single","200","max-image-preview:large","Chroma: Georgia Pre-K Lottery in Duluth, GA (2025)","2920","1","Keep","Keep","Indexable page passed the automated availability and baseline content checks.","Human fact and editorial review required","Confirm facts, grammar, usefulness, and visual/mobile quality before final approval."
"https://x3yyntt5tp-staging.wpdns.site/es/2025/12/26/georgia-pre-k-lottery-program-in-duluth-ga/","es","editorial-single","200","max-image-preview:large","Artículo de Chroma: Programa Pre-K de la Lotería de Georgia en D…","3939","1","Improve","Improve","Indexable page has thin-content, technical, or image-accessibility signals that need review.","Editorial or technical review required","Resolve the listed content and technical issues, then recrawl."
"https://x3yyntt5tp-staging.wpdns.site/2025/12/26/implementing-personalized-learning-in-preschool/","en","editorial-single","200","max-image-preview:large","Personalized Learning in Preschool: Chroma's Approach","3278","1","Keep","Keep","Indexable page passed the automated availability and baseline content checks.","Human fact and editorial review required","Confirm facts, grammar, usefulness, and visual/mobile quality before final approval."
"https://x3yyntt5tp-staging.wpdns.site/es/2025/12/26/implementing-personalized-learning-in-preschool/","es","editorial-single","200","max-image-preview:large","Artículo de Chroma: Implementando el Aprendizaje Personalizado e…","4399","1","Keep","Keep","Indexable page passed the automated availability and baseline content checks.","Human fact and editorial review required","Confirm facts, grammar, usefulness, and visual/mobile quality before final approval."
"https://x3yyntt5tp-staging.wpdns.site/2025/12/26/essential-kindergarten-readiness-checklist-for-parents/","en","editorial-single","200","max-image-preview:large","Kindergarten Readiness: Chroma's Checklist for 2025","3270","1","Improve","Improve","Indexable page has thin-content, technical, or image-accessibility signals that need review.","Editorial or technical review required","Resolve the listed content and technical issues, then recrawl."
"https://x3yyntt5tp-staging.wpdns.site/es/2025/12/26/essential-kindergarten-readiness-checklist-for-parents/","es","editorial-single","200","max-image-preview:large","Artículo de Chroma: Lista de verificación esencial para la prepa…","4494","1","Keep","Keep","Indexable page passed the automated availability and baseline content checks.","Human fact and editorial review required","Confirm facts, grammar, usefulness, and visual/mobile quality before final approval."
"https://x3yyntt5tp-staging.wpdns.site/2025/12/26/daycare-vs-nanny-which-is-right-for-your-family/","en","editorial-single","200","max-image-preview:large","Daycare vs. Nanny in 2025: Which Childcare Option Is Best?","3562","1","Improve","Improve","Indexable page has thin-content, technical, or image-accessibility signals that need review.","Editorial or technical review required","Resolve the listed content and technical issues, then recrawl."
"https://x3yyntt5tp-staging.wpdns.site/es/2025/12/26/daycare-vs-nanny-which-is-right-for-your-family/","es","editorial-single","200","max-image-preview:large","Artículo de Chroma: Guardería vs. Niñera: ¿Cuál es la opción ade…","4395","1","Improve","Improve","Indexable page has thin-content, technical, or image-accessibility signals that need review.","Editorial or technical review required","Resolve the listed content and technical issues, then recrawl."
"https://x3yyntt5tp-staging.wpdns.site/2025/12/26/after-school-programs-in-decatur-ga/","en","editorial-single","200","max-image-preview:large","Decatur, GA After School Programs: Discover Chroma's Options","2709","1","Keep","Keep","Indexable page passed the automated availability and baseline content checks.","Human fact and editorial review required","Confirm facts, grammar, usefulness, and visual/mobile quality before final approval."
"https://x3yyntt5tp-staging.wpdns.site/es/2025/12/26/after-school-programs-in-decatur-ga/","es","editorial-single","200","max-image-preview:large","Artículo de Chroma: Programas Extraescolares en Decatur, GA","3591","1","Improve","Improve","Indexable page has thin-content, technical, or image-accessibility signals that need review.","Editorial or technical review required","Resolve the listed content and technical issues, then recrawl."
"https://x3yyntt5tp-staging.wpdns.site/2025/12/26/the-importance-of-reading-aloud-to-young-children/","en","editorial-single","200","max-image-preview:large","Reading Aloud: Benefits for Young Children | Chroma 2025","3193","1","Improve","Improve","Indexable page has thin-content, technical, or image-accessibility signals that need review.","Editorial or technical review required","Resolve the listed content and technical issues, then recrawl."
"https://x3yyntt5tp-staging.wpdns.site/es/2025/12/26/the-importance-of-reading-aloud-to-young-children/","es","editorial-single","200","max-image-preview:large","Artículo de Chroma: La importancia de leer en voz alta a niños p…","4446","1","Keep","Keep","Indexable page passed the automated availability and baseline content checks.","Human fact and editorial review required","Confirm facts, grammar, usefulness, and visual/mobile quality before final approval."
"https://x3yyntt5tp-staging.wpdns.site/2025/12/26/engaging-math-games-for-preschoolers-at-home/","en","editorial-single","200","max-image-preview:large","Math Games for Preschoolers: Fun at Home with Chroma","3227","1","Improve","Improve","Indexable page has thin-content, technical, or image-accessibility signals that need review.","Editorial or technical review required","Resolve the listed content and technical issues, then recrawl."
"https://x3yyntt5tp-staging.wpdns.site/es/2025/12/26/engaging-math-games-for-preschoolers-at-home/","es","editorial-single","200","max-image-preview:large","Artículo de Chroma: Juegos Matemáticos Divertidos para Preescola…","3916","1","Keep","Keep","Indexable page passed the automated availability and baseline content checks.","Human fact and editorial review required","Confirm facts, grammar, usefulness, and visual/mobile quality before final approval."
"https://x3yyntt5tp-staging.wpdns.site/2025/12/26/montessori-vs-reggio-emilia-which-is-best/","en","editorial-single","200","max-image-preview:large","Montessori vs. Reggio Emilia: Which Early Learning is Best?","3423","1","Keep","Keep","Indexable page passed the automated availability and baseline content checks.","Human fact and editorial review required","Confirm facts, grammar, usefulness, and visual/mobile quality before final approval."
"https://x3yyntt5tp-staging.wpdns.site/es/2025/12/26/montessori-vs-reggio-emilia-which-is-best/","es","editorial-single","200","max-image-preview:large","Artículo de Chroma: Montessori vs. Reggio Emilia: ¿Cuál es el me…","4468","1","Keep","Keep","Indexable page passed the automated availability and baseline content checks.","Human fact and editorial review required","Confirm facts, grammar, usefulness, and visual/mobile quality before final approval."
"https://x3yyntt5tp-staging.wpdns.site/2025/12/26/kindergarten-readiness-programs-in-smyrna-ga/","en","editorial-single","200","max-image-preview:large","Smyrna, GA: Kindergarten Readiness at Chroma Academy","3331","1","Improve","Improve","Indexable page has thin-content, technical, or image-accessibility signals that need review.","Editorial or technical review required","Resolve the listed content and technical issues, then recrawl."
"https://x3yyntt5tp-staging.wpdns.site/es/2025/12/26/kindergarten-readiness-programs-in-smyrna-ga/","es","editorial-single","200","max-image-preview:large","Kindergarten en Smyrna, GA | Chroma Academy","4618","1","Keep","Keep","Indexable page passed the automated availability and baseline content checks.","Human fact and editorial review required","Confirm facts, grammar, usefulness, and visual/mobile quality before final approval."
"https://x3yyntt5tp-staging.wpdns.site/2025/12/26/top-rated-preschool-programs-in-sandy-springs-ga/","en","editorial-single","200","max-image-preview:large","Sandy Springs Preschools: Top Programs at Chroma Academy","2229","1","Keep","Keep","Indexable page passed the automated availability and baseline content checks.","Human fact and editorial review required","Confirm facts, grammar, usefulness, and visual/mobile quality before final approval."
"https://x3yyntt5tp-staging.wpdns.site/es/2025/12/26/top-rated-preschool-programs-in-sandy-springs-ga/","es","editorial-single","200","max-image-preview:large","Preescolar en Sandy Springs, GA | Chroma Academy","3153","1","Improve","Improve","Indexable page has thin-content, technical, or image-accessibility signals that need review.","Editorial or technical review required","Resolve the listed content and technical issues, then recrawl."
"https://x3yyntt5tp-staging.wpdns.site/2025/12/26/georgia-pre-k-lottery-program-in-roswell-ga/","en","editorial-single","200","max-image-preview:large","Roswell, GA: Georgia Pre-K Lottery at Chroma (2025)","3146","1","Improve","Improve","Indexable page has thin-content, technical, or image-accessibility signals that need review.","Editorial or technical review required","Resolve the listed content and technical issues, then recrawl."
"https://x3yyntt5tp-staging.wpdns.site/es/2025/12/26/georgia-pre-k-lottery-program-in-roswell-ga/","es","editorial-single","200","max-image-preview:large","Artículo de Chroma: Programa de Lotería Pre-K de Georgia en Rosw…","4240","1","Keep","Keep","Indexable page passed the automated availability and baseline content checks.","Human fact and editorial review required","Confirm facts, grammar, usefulness, and visual/mobile quality before final approval."
"https://x3yyntt5tp-staging.wpdns.site/2025/12/26/creative-art-projects-for-kids-at-home/","en","editorial-single","200","max-image-preview:large","Creative Art Projects for Kids at Home: Easy & Fun Ideas","2867","1","Improve","Improve","Indexable page has thin-content, technical, or image-accessibility signals that need review.","Editorial or technical review required","Resolve the listed content and technical issues, then recrawl."
"https://x3yyntt5tp-staging.wpdns.site/es/2025/12/26/creative-art-projects-for-kids-at-home/","es","editorial-single","200","max-image-preview:large","Artículo de Chroma: Proyectos de Arte Creativo para Niños en Casa","3703","1","Improve","Improve","Indexable page has thin-content, technical, or image-accessibility signals that need review.","Editorial or technical review required","Resolve the listed content and technical issues, then recrawl."
"https://x3yyntt5tp-staging.wpdns.site/2025/12/26/fun-summer-learning-activities-for-children/","en","editorial-single","200","max-image-preview:large","Summer Learning Fun: Chroma Academy's Activities in 2025","2889","1","Improve","Improve","Indexable page has thin-content, technical, or image-accessibility signals that need review.","Editorial or technical review required","Resolve the listed content and technical issues, then recrawl."
"https://x3yyntt5tp-staging.wpdns.site/es/2025/12/26/fun-summer-learning-activities-for-children/","es","editorial-single","200","max-image-preview:large","Artículo de Chroma: Enriquece el verano de tu hijo con divertida…","3895","1","Keep","Keep","Indexable page passed the automated availability and baseline content checks.","Human fact and editorial review required","Confirm facts, grammar, usefulness, and visual/mobile quality before final approval."
"https://x3yyntt5tp-staging.wpdns.site/2025/12/26/benefits-of-music-and-movement-in-early-childhood/","en","editorial-single","200","max-image-preview:large","Music & Movement Benefits: Early Childhood at Chroma","3020","1","Improve","Improve","Indexable page has thin-content, technical, or image-accessibility signals that need review.","Editorial or technical review required","Resolve the listed content and technical issues, then recrawl."
"https://x3yyntt5tp-staging.wpdns.site/es/2025/12/26/benefits-of-music-and-movement-in-early-childhood/","es","editorial-single","200","max-image-preview:large","Artículo de Chroma: Beneficios de la Música y el Movimiento en l…","4087","1","Keep","Keep","Indexable page passed the automated availability and baseline content checks.","Human fact and editorial review required","Confirm facts, grammar, usefulness, and visual/mobile quality before final approval."
"https://x3yyntt5tp-staging.wpdns.site/2025/12/26/kindergarten-readiness-programs-in-roswell-ga/","en","editorial-single","200","max-image-preview:large","Chroma Academy: Kindergarten Readiness in Roswell, GA","2619","1","Improve","Improve","Indexable page has thin-content, technical, or image-accessibility signals that need review.","Editorial or technical review required","Resolve the listed content and technical issues, then recrawl."
"https://x3yyntt5tp-staging.wpdns.site/es/2025/12/26/kindergarten-readiness-programs-in-roswell-ga/","es","editorial-single","200","max-image-preview:large","Kindergarten en Roswell, GA | Chroma Academy","3635","1","Improve","Improve","Indexable page has thin-content, technical, or image-accessibility signals that need review.","Editorial or technical review required","Resolve the listed content and technical issues, then recrawl."
"https://x3yyntt5tp-staging.wpdns.site/2025/12/26/kindergarten-readiness-programs-in-marietta-ga/","en","editorial-single","200","max-image-preview:large","Marietta, GA Kindergarten Readiness at Chroma Academy","2752","1","Improve","Improve","Indexable page has thin-content, technical, or image-accessibility signals that need review.","Editorial or technical review required","Resolve the listed content and technical issues, then recrawl."
"https://x3yyntt5tp-staging.wpdns.site/2025/12/26/fostering-creativity-with-arts-crafts-for-toddlers/","en","editorial-single","200","max-image-preview:large","Toddler Arts & Crafts: Fostering Creativity at Chroma","2700","1","Improve","Improve","Indexable page has thin-content, technical, or image-accessibility signals that need review.","Editorial or technical review required","Resolve the listed content and technical issues, then recrawl."
"https://x3yyntt5tp-staging.wpdns.site/es/2025/12/26/fostering-creativity-with-arts-crafts-for-toddlers/","es","editorial-single","200","max-image-preview:large","Artículo de Chroma: Fomentando la creatividad con artes y manual…","3670","1","Improve","Improve","Indexable page has thin-content, technical, or image-accessibility signals that need review.","Editorial or technical review required","Resolve the listed content and technical issues, then recrawl."
"https://x3yyntt5tp-staging.wpdns.site/2025/12/26/top-rated-preschool-programs-in-peachtree-corners-ga/","en","editorial-single","200","max-image-preview:large","Peachtree Corners Preschool: Chroma Academy's Top Programs","2567","1","Improve","Improve","Indexable page has thin-content, technical, or image-accessibility signals that need review.","Editorial or technical review required","Resolve the listed content and technical issues, then recrawl."
"https://x3yyntt5tp-staging.wpdns.site/es/2025/12/26/top-rated-preschool-programs-in-peachtree-corners-ga/","es","editorial-single","200","max-image-preview:large","Preescolar en Peachtree Corners, GA | Chroma Academy","3549","1","Keep","Keep","Indexable page passed the automated availability and baseline content checks.","Human fact and editorial review required","Confirm facts, grammar, usefulness, and visual/mobile quality before final approval."
"https://x3yyntt5tp-staging.wpdns.site/2025/12/26/after-school-programs-in-alpharetta-ga/","en","editorial-single","200","max-image-preview:large","Chroma After School in Alpharetta: Programs for Kids","2836","1","Improve","Improve","Indexable page has thin-content, technical, or image-accessibility signals that need review.","Editorial or technical review required","Resolve the listed content and technical issues, then recrawl."
"https://x3yyntt5tp-staging.wpdns.site/es/2025/12/26/after-school-programs-in-alpharetta-ga/","es","editorial-single","200","max-image-preview:large","Artículo de Chroma: Programas Extracurriculares en Alpharetta, GA","3693","1","Improve","Improve","Indexable page has thin-content, technical, or image-accessibility signals that need review.","Editorial or technical review required","Resolve the listed content and technical issues, then recrawl."
"https://x3yyntt5tp-staging.wpdns.site/2025/12/26/the-role-of-ai-in-early-childhood-education/","en","editorial-single","200","max-image-preview:large","AI in Early Childhood Education: Trends & Benefits","2792","1","Keep","Keep","Indexable page passed the automated availability and baseline content checks.","Human fact and editorial review required","Confirm facts, grammar, usefulness, and visual/mobile quality before final approval."
"https://x3yyntt5tp-staging.wpdns.site/es/2025/12/26/the-role-of-ai-in-early-childhood-education/","es","editorial-single","200","max-image-preview:large","Artículo de Chroma: El Rol de la IA en la Educación Infantil","3919","1","Improve","Improve","Indexable page has thin-content, technical, or image-accessibility signals that need review.","Editorial or technical review required","Resolve the listed content and technical issues, then recrawl."
"https://x3yyntt5tp-staging.wpdns.site/2025/12/26/essential-dental-health-tips-for-young-children/","en","editorial-single","200","max-image-preview:large","Dental Health Tips for Young Kids: Chroma Academy's Guide","2784","1","Keep","Keep","Indexable page passed the automated availability and baseline content checks.","Human fact and editorial review required","Confirm facts, grammar, usefulness, and visual/mobile quality before final approval."
"https://x3yyntt5tp-staging.wpdns.site/es/2025/12/26/essential-dental-health-tips-for-young-children/","es","editorial-single","200","max-image-preview:large","Artículo de Chroma: Consejos Esenciales de Salud Dental para Niñ…","3679","1","Keep","Keep","Indexable page passed the automated availability and baseline content checks.","Human fact and editorial review required","Confirm facts, grammar, usefulness, and visual/mobile quality before final approval."
"https://x3yyntt5tp-staging.wpdns.site/2025/12/26/ensure-childcare-safety-our-commitment-to-health-policies/","en","editorial-single","200","max-image-preview:large","Chroma Childcare: Safety & Health Policies for Your Child","2688","1","Improve","Improve","Indexable page has thin-content, technical, or image-accessibility signals that need review.","Editorial or technical review required","Resolve the listed content and technical issues, then recrawl."
"https://x3yyntt5tp-staging.wpdns.site/es/2025/12/26/ensure-childcare-safety-our-commitment-to-health-policies/","es","editorial-single","200","max-image-preview:large","Artículo de Chroma: Garantizar la seguridad infantil: Nuestro co…","3665","1","Keep","Keep","Indexable page passed the automated availability and baseline content checks.","Human fact and editorial review required","Confirm facts, grammar, usefulness, and visual/mobile quality before final approval."
"https://x3yyntt5tp-staging.wpdns.site/2025/12/26/loving-infant-care-programs-nurturing-your-babys-growth/","en","editorial-single","200","max-image-preview:large","Chroma's Infant Care: Nurturing Growth in 2025","3932","1","Keep","Keep","Indexable page passed the automated availability and baseline content checks.","Human fact and editorial review required","Confirm facts, grammar, usefulness, and visual/mobile quality before final approval."
"https://x3yyntt5tp-staging.wpdns.site/es/2025/12/26/loving-infant-care-programs-nurturing-your-babys-growth/","es","editorial-single","200","max-image-preview:large","Artículo de Chroma: Programas de Cuidado Cariñoso para Bebés: Nu…","5247","1","Improve","Improve","Indexable page has thin-content, technical, or image-accessibility signals that need review.","Editorial or technical review required","Resolve the listed content and technical issues, then recrawl."
"https://x3yyntt5tp-staging.wpdns.site/schedule-a-tour/","en","schedule-tour","200","max-image-preview:large","Schedule a Tour | Chroma Early Learning Academy","256","1","Keep","Keep","Indexable page passed the automated availability and baseline content checks.","Human fact and editorial review required","Confirm facts, grammar, usefulness, and visual/mobile quality before final approval."
"https://x3yyntt5tp-staging.wpdns.site/es/schedule-a-tour/","es","schedule-tour","200","max-image-preview:large","Programa un recorrido | Chroma Early Learning Academy","259","1","Keep","Keep","Indexable page passed the automated availability and baseline content checks.","Human fact and editorial review required","Confirm facts, grammar, usefulness, and visual/mobile quality before final approval."
"https://x3yyntt5tp-staging.wpdns.site/2025/12/16/early-education-trends-us-2025-key-insights-and-best-practices-for-future-learning/","en","editorial-single","200","max-image-preview:large","Early Education Trends 2025: Insights & Best Practices","3706","1","Improve","Improve","Indexable page has thin-content, technical, or image-accessibility signals that need review.","Editorial or technical review required","Resolve the listed content and technical issues, then recrawl."
"https://x3yyntt5tp-staging.wpdns.site/es/2025/12/16/early-education-trends-us-2025-key-insights-and-best-practices-for-future-learning/","es","editorial-single","200","max-image-preview:large","Artículo de Chroma: Tendencias de Educación Temprana en EE. UU.…","5109","1","Keep","Keep","Indexable page passed the automated availability and baseline content checks.","Human fact and editorial review required","Confirm facts, grammar, usefulness, and visual/mobile quality before final approval."
"https://x3yyntt5tp-staging.wpdns.site/2025/12/16/how-to-strengthen-home-school-connections-for-early-learners-to-boost-family-engagement-and-child-development/","en","editorial-single","200","max-image-preview:large","Boost Early Learning: Home-School Connections for Families","4651","1","Keep","Keep","Indexable page passed the automated availability and baseline content checks.","Human fact and editorial review required","Confirm facts, grammar, usefulness, and visual/mobile quality before final approval."
"https://x3yyntt5tp-staging.wpdns.site/es/2025/12/16/how-to-strengthen-home-school-connections-for-early-learners-to-boost-family-engagement-and-child-development/","es","editorial-single","200","max-image-preview:large","Artículo de Chroma: Cómo fortalecer las conexiones hogar-escuela…","6352","1","Keep","Keep","Indexable page passed the automated availability and baseline content checks.","Human fact and editorial review required","Confirm facts, grammar, usefulness, and visual/mobile quality before final approval."
"https://x3yyntt5tp-staging.wpdns.site/2025/12/16/chroma-academy-parent-involvement-tactics-for-effective-family-engagement-in-early-learning/","en","editorial-single","200","max-image-preview:large","Chroma Academy: Parent Involvement in Early Learning (2025)","4864","1","Keep","Keep","Indexable page passed the automated availability and baseline content checks.","Human fact and editorial review required","Confirm facts, grammar, usefulness, and visual/mobile quality before final approval."
"https://x3yyntt5tp-staging.wpdns.site/es/2025/12/16/chroma-academy-parent-involvement-tactics-for-effective-family-engagement-in-early-learning/","es","editorial-single","200","max-image-preview:large","Artículo de Chroma: Tácticas de Participación de Padres de Chrom…","6534","1","Keep","Keep","Indexable page passed the automated availability and baseline content checks.","Human fact and editorial review required","Confirm facts, grammar, usefulness, and visual/mobile quality before final approval."
"https://x3yyntt5tp-staging.wpdns.site/2025/12/16/loving-infant-care-programs-nurturing-your-babys-needs/","en","editorial-single","200","max-image-preview:large","Chroma's Infant Care: Nurturing Babies in 2025","4384","1","Keep","Keep","Indexable page passed the automated availability and baseline content checks.","Human fact and editorial review required","Confirm facts, grammar, usefulness, and visual/mobile quality before final approval."
"https://x3yyntt5tp-staging.wpdns.site/es/2025/12/16/loving-infant-care-programs-nurturing-your-babys-needs/","es","editorial-single","200","max-image-preview:large","Artículo de Chroma: Programas de Cuidado Infantil Amoroso: Nutri…","5933","1","Keep","Keep","Indexable page passed the automated availability and baseline content checks.","Human fact and editorial review required","Confirm facts, grammar, usefulness, and visual/mobile quality before final approval."
"https://x3yyntt5tp-staging.wpdns.site/2025/12/16/essential-curriculum-assessment-tools-for-early-learners/","en","editorial-single","200","max-image-preview:large","Chroma's Early Learner Assessment Tools & Activities (2025)","407","1","Keep","Keep","Indexable page passed the automated availability and baseline content checks.","Human fact and editorial review required","Confirm facts, grammar, usefulness, and visual/mobile quality before final approval."
"https://x3yyntt5tp-staging.wpdns.site/es/2025/12/16/essential-curriculum-assessment-tools-for-early-learners/","es","editorial-single","200","max-image-preview:large","Artículo de Chroma: Herramientas Esenciales de Evaluación Curric…","483","1","Improve","Improve","Indexable page has thin-content, technical, or image-accessibility signals that need review.","Editorial or technical review required","Resolve the listed content and technical issues, then recrawl."
"https://x3yyntt5tp-staging.wpdns.site/programs/","en","program-archive","200","","Programs | Chroma Early Learning Academy","546","1","Keep","Keep","Indexable page passed the automated availability and baseline content checks.","Human fact and editorial review required","Confirm facts, grammar, usefulness, and visual/mobile quality before final approval."
"https://x3yyntt5tp-staging.wpdns.site/es/programs/","es","program-archive","200","","Programas | Chroma Early Learning Academy","586","1","Keep","Keep","Indexable page passed the automated availability and baseline content checks.","Human fact and editorial review required","Confirm facts, grammar, usefulness, and visual/mobile quality before final approval."
"https://x3yyntt5tp-staging.wpdns.site/2025/12/11/how-to-choose-a-preschool-or-daycare-centre-essential-questions-to-ask-for-parents/","en","editorial-single","200","max-image-preview:large","Preschool Guide: Questions to Ask for Parents (2025)","3507","1","Improve","Improve","Indexable page has thin-content, technical, or image-accessibility signals that need review.","Editorial or technical review required","Resolve the listed content and technical issues, then recrawl."
"https://x3yyntt5tp-staging.wpdns.site/es/2025/12/11/how-to-choose-a-preschool-or-daycare-centre-essential-questions-to-ask-for-parents/","es","editorial-single","200","max-image-preview:large","Artículo de Chroma: Cómo elegir un centro preescolar o guardería…","4696","1","Improve","Improve","Indexable page has thin-content, technical, or image-accessibility signals that need review.","Editorial or technical review required","Resolve the listed content and technical issues, then recrawl."
"https://x3yyntt5tp-staging.wpdns.site/2025/12/11/why-sleep-is-the-secret-ingredient-to-better-behavior-understanding-the-child-sleep-behavior-connection-for-parents-and-caregivers/","en","editorial-single","200","max-image-preview:large","Sleep & Behavior: A Parent's Guide | Chroma 2025","3918","1","Improve","Improve","Indexable page has thin-content, technical, or image-accessibility signals that need review.","Editorial or technical review required","Resolve the listed content and technical issues, then recrawl."
"https://x3yyntt5tp-staging.wpdns.site/es/2025/12/11/why-sleep-is-the-secret-ingredient-to-better-behavior-understanding-the-child-sleep-behavior-connection-for-parents-and-caregivers/","es","editorial-single","200","max-image-preview:large","Artículo de Chroma: ¿Por qué el sueño es el ingrediente secreto…","5367","1","Improve","Improve","Indexable page has thin-content, technical, or image-accessibility signals that need review.","Editorial or technical review required","Resolve the listed content and technical issues, then recrawl."
"https://x3yyntt5tp-staging.wpdns.site/2025/12/11/4-things-to-say-when-your-child-isnt-listening-that-actually-work/","en","editorial-single","200","max-image-preview:large","Improve Child's Listening: 4 Phrases That Work (2025)","624","1","Improve","Improve","Indexable page has thin-content, technical, or image-accessibility signals that need review.","Editorial or technical review required","Resolve the listed content and technical issues, then recrawl."
"https://x3yyntt5tp-staging.wpdns.site/es/2025/12/11/4-things-to-say-when-your-child-isnt-listening-that-actually-work/","es","editorial-single","200","max-image-preview:large","Artículo de Chroma: 4 cosas que decir cuando tu hijo no te escuc…","690","1","Keep","Keep","Indexable page passed the automated availability and baseline content checks.","Human fact and editorial review required","Confirm facts, grammar, usefulness, and visual/mobile quality before final approval."
"https://x3yyntt5tp-staging.wpdns.site/2025/12/10/5-things-to-say-instead-of-stop-crying/","en","editorial-single","200","max-image-preview:large","Chroma: 5 Phrases to Use Instead of ""Stop Crying""","635","1","Keep","Keep","Indexable page passed the automated availability and baseline content checks.","Human fact and editorial review required","Confirm facts, grammar, usefulness, and visual/mobile quality before final approval."
"https://x3yyntt5tp-staging.wpdns.site/es/2025/12/10/5-things-to-say-instead-of-stop-crying/","es","editorial-single","200","max-image-preview:large","Artículo de Chroma: 5 cosas que decir en lugar de “Deja de llora…","727","1","Improve","Improve","Indexable page has thin-content, technical, or image-accessibility signals that need review.","Editorial or technical review required","Resolve the listed content and technical issues, then recrawl."
"https://x3yyntt5tp-staging.wpdns.site/2025/12/10/signs-your-child-is-ready-for-preschool-the-ultimate-preschool-readiness-checklist-and-guide/","en","editorial-single","200","max-image-preview:large","Chroma's Guide: Is Your Child Ready for Preschool?","2761","1","Keep","Keep","Indexable page passed the automated availability and baseline content checks.","Human fact and editorial review required","Confirm facts, grammar, usefulness, and visual/mobile quality before final approval."
"https://x3yyntt5tp-staging.wpdns.site/es/2025/12/10/signs-your-child-is-ready-for-preschool-the-ultimate-preschool-readiness-checklist-and-guide/","es","editorial-single","200","max-image-preview:large","Artículo de Chroma: Signos de que tu hijo está listo para el pre…","3656","1","Improve","Improve","Indexable page has thin-content, technical, or image-accessibility signals that need review.","Editorial or technical review required","Resolve the listed content and technical issues, then recrawl."
"https://x3yyntt5tp-staging.wpdns.site/2025/12/10/why-children-need-movement-every-day/","en","editorial-single","200","max-image-preview:large","Daily Movement for Kids: Benefits at Chroma Academy","633","1","Keep","Keep","Indexable page passed the automated availability and baseline content checks.","Human fact and editorial review required","Confirm facts, grammar, usefulness, and visual/mobile quality before final approval."
"https://x3yyntt5tp-staging.wpdns.site/es/2025/12/10/why-children-need-movement-every-day/","es","editorial-single","200","max-image-preview:large","Artículo de Chroma: Por qué los niños necesitan movimiento todos…","795","1","Keep","Keep","Indexable page passed the automated availability and baseline content checks.","Human fact and editorial review required","Confirm facts, grammar, usefulness, and visual/mobile quality before final approval."
"https://x3yyntt5tp-staging.wpdns.site/2025/12/10/enroll-at-chroma-academy-mcdonough-preschool-childcare-for-quality-early-learning/","en","editorial-single","200","max-image-preview:large","Chroma Academy: McDonough Preschool Enrollment in 2025","3504","1","Keep","Keep","Indexable page passed the automated availability and baseline content checks.","Human fact and editorial review required","Confirm facts, grammar, usefulness, and visual/mobile quality before final approval."
"https://x3yyntt5tp-staging.wpdns.site/es/2025/12/10/enroll-at-chroma-academy-mcdonough-preschool-childcare-for-quality-early-learning/","es","editorial-single","200","max-image-preview:large","Artículo de Chroma: Inscríbete en Chroma Academy: Preescolar y G…","4707","1","Keep","Keep","Indexable page passed the automated availability and baseline content checks.","Human fact and editorial review required","Confirm facts, grammar, usefulness, and visual/mobile quality before final approval."
"https://x3yyntt5tp-staging.wpdns.site/2025/12/10/chroma-early-learning-academy-announces-12th-metro-atlanta-location-in-canton-ga/","en","editorial-single","200","max-image-preview:large","Chroma Academy Canton, GA Location Now Open: Enroll Today","583","1","Keep","Keep","Indexable page passed the automated availability and baseline content checks.","Human fact and editorial review required","Confirm facts, grammar, usefulness, and visual/mobile quality before final approval."
"https://x3yyntt5tp-staging.wpdns.site/es/2025/12/10/chroma-early-learning-academy-announces-12th-metro-atlanta-location-in-canton-ga/","es","editorial-single","200","max-image-preview:large","Artículo de Chroma: Chroma Early Learning Academy Anuncia la 12ª…","716","1","Keep","Keep","Indexable page passed the automated availability and baseline content checks.","Human fact and editorial review required","Confirm facts, grammar, usefulness, and visual/mobile quality before final approval."
"https://x3yyntt5tp-staging.wpdns.site/2025/12/10/learn-how-play-based-learning-transforms-early-childhood-education-for-holistic-child-development/","en","editorial-single","200","max-image-preview:large","Play-Based Learning at Chroma: Early Education Transformed","4710","1","Keep","Keep","Indexable page passed the automated availability and baseline content checks.","Human fact and editorial review required","Confirm facts, grammar, usefulness, and visual/mobile quality before final approval."
"https://x3yyntt5tp-staging.wpdns.site/es/2025/12/10/learn-how-play-based-learning-transforms-early-childhood-education-for-holistic-child-development/","es","editorial-single","200","max-image-preview:large","Artículo de Chroma: Aprende Cómo el Aprendizaje Basado en el Jue…","6535","1","Keep","Keep","Indexable page passed the automated availability and baseline content checks.","Human fact and editorial review required","Confirm facts, grammar, usefulness, and visual/mobile quality before final approval."
"https://x3yyntt5tp-staging.wpdns.site/2025/12/10/top-strategies-to-boost-employee-retention-and-build-long-term-organizational-loyalty/","en","editorial-single","200","max-image-preview:large","Employee Retention Strategies: Build Loyalty | Chroma 2025","2976","1","Keep","Keep","Indexable page passed the automated availability and baseline content checks.","Human fact and editorial review required","Confirm facts, grammar, usefulness, and visual/mobile quality before final approval."
"https://x3yyntt5tp-staging.wpdns.site/es/2025/12/10/top-strategies-to-boost-employee-retention-and-build-long-term-organizational-loyalty/","es","editorial-single","200","max-image-preview:large","Artículo de Chroma: Estrategias clave para aumentar la retención…","4013","1","Improve","Improve","Indexable page has thin-content, technical, or image-accessibility signals that need review.","Editorial or technical review required","Resolve the listed content and technical issues, then recrawl."
"https://x3yyntt5tp-staging.wpdns.site/2025/12/10/how-workplace-culture-shapes-employee-retention-key-factors-and-practical-strategies/","en","editorial-single","200","max-image-preview:large","Employee Retention: Workplace Culture Strategies by Chroma","2871","1","Keep","Keep","Indexable page passed the automated availability and baseline content checks.","Human fact and editorial review required","Confirm facts, grammar, usefulness, and visual/mobile quality before final approval."
"https://x3yyntt5tp-staging.wpdns.site/es/2025/12/10/how-workplace-culture-shapes-employee-retention-key-factors-and-practical-strategies/","es","editorial-single","200","max-image-preview:large","Artículo de Chroma: Cómo la cultura laboral moldea la retención…","3886","1","Keep","Keep","Indexable page passed the automated availability and baseline content checks.","Human fact and editorial review required","Confirm facts, grammar, usefulness, and visual/mobile quality before final approval."
"https://x3yyntt5tp-staging.wpdns.site/2025/12/10/how-employee-benefits-surveys-boost-retention-and-support-business-growth/","en","editorial-single","200","max-image-preview:large","Benefits Surveys: Boost Retention & Business Growth (2025)","2886","1","Improve","Improve","Indexable page has thin-content, technical, or image-accessibility signals that need review.","Editorial or technical review required","Resolve the listed content and technical issues, then recrawl."
"https://x3yyntt5tp-staging.wpdns.site/es/2025/12/10/how-employee-benefits-surveys-boost-retention-and-support-business-growth/","es","editorial-single","200","max-image-preview:large","Artículo de Chroma: Cómo las encuestas de beneficios para emplea…","4134","1","Keep","Keep","Indexable page passed the automated availability and baseline content checks.","Human fact and editorial review required","Confirm facts, grammar, usefulness, and visual/mobile quality before final approval."
"https://x3yyntt5tp-staging.wpdns.site/2025/12/10/top-10-employee-retention-strategies-that-boost-job-satisfaction-and-cut-turnover/","en","editorial-single","200","max-image-preview:large","Employee Retention: Top Strategies for Job Satisfaction","3244","1","Improve","Improve","Indexable page has thin-content, technical, or image-accessibility signals that need review.","Editorial or technical review required","Resolve the listed content and technical issues, then recrawl."
"https://x3yyntt5tp-staging.wpdns.site/es/2025/12/10/top-10-employee-retention-strategies-that-boost-job-satisfaction-and-cut-turnover/","es","editorial-single","200","max-image-preview:large","Artículo de Chroma: Las 10 principales estrategias de retención…","4581","1","Improve","Improve","Indexable page has thin-content, technical, or image-accessibility signals that need review.","Editorial or technical review required","Resolve the listed content and technical issues, then recrawl."
"https://x3yyntt5tp-staging.wpdns.site/2025/12/10/chroma-early-learning-academy-opens-registration-for-2025-summer-camp-and-georgia-pre-k-programs/","en","editorial-single","200","max-image-preview:large","Chroma Academy: 2025 Summer Camp & Pre-K Registration","474","1","Keep","Keep","Indexable page passed the automated availability and baseline content checks.","Human fact and editorial review required","Confirm facts, grammar, usefulness, and visual/mobile quality before final approval."
"https://x3yyntt5tp-staging.wpdns.site/es/2025/12/10/chroma-early-learning-academy-opens-registration-for-2025-summer-camp-and-georgia-pre-k-programs/","es","editorial-single","200","max-image-preview:large","Artículo de Chroma: Chroma Early Learning Academy abre inscripci…","594","1","Keep","Keep","Indexable page passed the automated availability and baseline content checks.","Human fact and editorial review required","Confirm facts, grammar, usefulness, and visual/mobile quality before final approval."
"https://x3yyntt5tp-staging.wpdns.site/communities/","en","community-archive","200","","Communities | Chroma Early Learning Academy","303","1","Improve","Improve","Indexable page has thin-content, technical, or image-accessibility signals that need review.","Editorial or technical review required","Resolve the listed content and technical issues, then recrawl."
"https://x3yyntt5tp-staging.wpdns.site/es/communities/","es","community-archive","200","","Comunidades | Chroma Early Learning Academy","310","1","Improve","Improve","Indexable page has thin-content, technical, or image-accessibility signals that need review.","Editorial or technical review required","Resolve the listed content and technical issues, then recrawl."
"https://x3yyntt5tp-staging.wpdns.site/2025/12/09/chroma-early-learning-academy-design-principles-explained-understanding-the-chroma-spectrum-early-learning-framework/","en","editorial-single","200","max-image-preview:large","Chroma Academy: Understanding the Chroma Learning Framework","4638","1","Improve","Improve","Indexable page has thin-content, technical, or image-accessibility signals that need review.","Editorial or technical review required","Resolve the listed content and technical issues, then recrawl."
"https://x3yyntt5tp-staging.wpdns.site/es/2025/12/09/chroma-early-learning-academy-design-principles-explained-understanding-the-chroma-spectrum-early-learning-framework/","es","editorial-single","200","max-image-preview:large","Artículo de Chroma: Principios de Diseño de Chroma Early Learnin…","6246","1","Keep","Keep","Indexable page passed the automated availability and baseline content checks.","Human fact and editorial review required","Confirm facts, grammar, usefulness, and visual/mobile quality before final approval."
"https://x3yyntt5tp-staging.wpdns.site/2025/12/09/integrating-technology-in-early-childhood-education-for-better-outcomes-benefits-tools-and-parental-guidance/","en","editorial-single","200","max-image-preview:large","Tech in Early Childhood: Benefits and Guidance","4586","1","Keep","Keep","Indexable page passed the automated availability and baseline content checks.","Human fact and editorial review required","Confirm facts, grammar, usefulness, and visual/mobile quality before final approval."
"https://x3yyntt5tp-staging.wpdns.site/es/2025/12/09/integrating-technology-in-early-childhood-education-for-better-outcomes-benefits-tools-and-parental-guidance/","es","editorial-single","200","max-image-preview:large","Artículo de Chroma: Integración de la tecnología en la educación…","6266","1","Improve","Improve","Indexable page has thin-content, technical, or image-accessibility signals that need review.","Editorial or technical review required","Resolve the listed content and technical issues, then recrawl."
"https://x3yyntt5tp-staging.wpdns.site/locations/","en","location-directory","200","","Locations | Chroma Early Learning Academy","558","1","Keep","Keep","Indexable page passed the automated availability and baseline content checks.","Human fact and editorial review required","Confirm facts, grammar, usefulness, and visual/mobile quality before final approval."
"https://x3yyntt5tp-staging.wpdns.site/es/locations/","es","location-directory","200","","Ubicaciones | Chroma Early Learning Academy","563","1","Keep","Keep","Indexable page passed the automated availability and baseline content checks.","Human fact and editorial review required","Confirm facts, grammar, usefulness, and visual/mobile quality before final approval."
"https://x3yyntt5tp-staging.wpdns.site/2025/12/04/the-importance-of-play-in-early-childhood-development-benefits-activities-and-learning-outcomes/","en","editorial-single","200","max-image-preview:large","Play in Early Childhood: Benefits & Activities (2025)","5062","1","Keep","Keep","Indexable page passed the automated availability and baseline content checks.","Human fact and editorial review required","Confirm facts, grammar, usefulness, and visual/mobile quality before final approval."
"https://x3yyntt5tp-staging.wpdns.site/es/2025/12/04/the-importance-of-play-in-early-childhood-development-benefits-activities-and-learning-outcomes/","es","editorial-single","200","max-image-preview:large","Artículo de Chroma: La Importancia del Juego en el Desarrollo In…","6942","1","Improve","Improve","Indexable page has thin-content, technical, or image-accessibility signals that need review.","Editorial or technical review required","Resolve the listed content and technical issues, then recrawl."
"https://x3yyntt5tp-staging.wpdns.site/2025/12/04/essential-technology-tools-for-early-childhood-learning-benefits-applications-and-parent-guidance/","en","editorial-single","200","max-image-preview:large","Tech Tools for Early Learning: Chroma's Parent Guide (2025)","4958","1","Improve","Improve","Indexable page has thin-content, technical, or image-accessibility signals that need review.","Editorial or technical review required","Resolve the listed content and technical issues, then recrawl."
"https://x3yyntt5tp-staging.wpdns.site/es/2025/12/04/essential-technology-tools-for-early-childhood-learning-benefits-applications-and-parent-guidance/","es","editorial-single","200","max-image-preview:large","Artículo de Chroma: Herramientas Tecnológicas Esenciales para el…","6778","1","Keep","Keep","Indexable page passed the automated availability and baseline content checks.","Human fact and editorial review required","Confirm facts, grammar, usefulness, and visual/mobile quality before final approval."
"https://x3yyntt5tp-staging.wpdns.site/2025/12/04/why-early-childhood-education-matters-for-development-key-benefits-and-parental-guidance/","en","editorial-single","200","max-image-preview:large","ECE Matters: Benefits & Guidance for Parents","4883","1","Improve","Improve","Indexable page has thin-content, technical, or image-accessibility signals that need review.","Editorial or technical review required","Resolve the listed content and technical issues, then recrawl."
"https://x3yyntt5tp-staging.wpdns.site/es/2025/12/04/why-early-childhood-education-matters-for-development-key-benefits-and-parental-guidance/","es","editorial-single","200","max-image-preview:large","Artículo de Chroma: Por qué la Educación Infantil Temprana Impor…","6665","1","Keep","Keep","Indexable page passed the automated availability and baseline content checks.","Human fact and editorial review required","Confirm facts, grammar, usefulness, and visual/mobile quality before final approval."
"https://x3yyntt5tp-staging.wpdns.site/2025/12/04/chroma-early-learning-academy-enrollment-faqs-you-need-to-know-complete-guide-to-programs-process-and-parent-resources/","en","editorial-single","200","max-image-preview:large","Chroma Academy Enrollment: Programs & Process Guide","4865","1","Improve","Improve","Indexable page has thin-content, technical, or image-accessibility signals that need review.","Editorial or technical review required","Resolve the listed content and technical issues, then recrawl."
"https://x3yyntt5tp-staging.wpdns.site/es/2025/12/04/chroma-early-learning-academy-enrollment-faqs-you-need-to-know-complete-guide-to-programs-process-and-parent-resources/","es","editorial-single","200","max-image-preview:large","Artículo de Chroma: Preguntas Frecuentes sobre la Inscripción en…","6836","1","Keep","Keep","Indexable page passed the automated availability and baseline content checks.","Human fact and editorial review required","Confirm facts, grammar, usefulness, and visual/mobile quality before final approval."
"https://x3yyntt5tp-staging.wpdns.site/2025/12/04/comparing-chroma-early-learning-academys-quality-to-other-local-preschools-a-detailed-analysis-of-early-childhood-education-standards-and-programs/","en","editorial-single","200","max-image-preview:large","Chroma Academy: Preschool Quality Comparison in 2025","4877","1","Improve","Improve","Indexable page has thin-content, technical, or image-accessibility signals that need review.","Editorial or technical review required","Resolve the listed content and technical issues, then recrawl."
"https://x3yyntt5tp-staging.wpdns.site/es/2025/12/04/comparing-chroma-early-learning-academys-quality-to-other-local-preschools-a-detailed-analysis-of-early-childhood-education-standards-and-programs/","es","editorial-single","200","max-image-preview:large","Artículo de Chroma: Comparación de la Calidad de Chroma Early Le…","6745","1","Improve","Improve","Indexable page has thin-content, technical, or image-accessibility signals that need review.","Editorial or technical review required","Resolve the listed content and technical issues, then recrawl."
"https://x3yyntt5tp-staging.wpdns.site/2025/12/04/flexible-learning-areas-for-toddlers-explained-benefits-design-and-adaptable-classroom-ideas/","en","editorial-single","200","max-image-preview:large","Toddler Learning Areas: Design & Classroom Ideas | 2025","5057","1","Keep","Keep","Indexable page passed the automated availability and baseline content checks.","Human fact and editorial review required","Confirm facts, grammar, usefulness, and visual/mobile quality before final approval."
"https://x3yyntt5tp-staging.wpdns.site/es/2025/12/04/flexible-learning-areas-for-toddlers-explained-benefits-design-and-adaptable-classroom-ideas/","es","editorial-single","200","max-image-preview:large","Artículo de Chroma: Áreas de aprendizaje flexibles para niños pe…","6777","1","Keep","Keep","Indexable page passed the automated availability and baseline content checks.","Human fact and editorial review required","Confirm facts, grammar, usefulness, and visual/mobile quality before final approval."
"https://x3yyntt5tp-staging.wpdns.site/2025/12/04/safe-and-stimulating-learning-environments-for-early-learners-ensuring-childcare-safety-and-engaging-developmental-activities/","en","editorial-single","200","max-image-preview:large","Chroma Academy: Safe & Engaging Early Learning in 2025","4612","1","Improve","Improve","Indexable page has thin-content, technical, or image-accessibility signals that need review.","Editorial or technical review required","Resolve the listed content and technical issues, then recrawl."
"https://x3yyntt5tp-staging.wpdns.site/es/2025/12/04/safe-and-stimulating-learning-environments-for-early-learners-ensuring-childcare-safety-and-engaging-developmental-activities/","es","editorial-single","200","max-image-preview:large","Artículo de Chroma: Entornos de aprendizaje seguros y estimulant…","6574","1","Keep","Keep","Indexable page passed the automated availability and baseline content checks.","Human fact and editorial review required","Confirm facts, grammar, usefulness, and visual/mobile quality before final approval."
"https://x3yyntt5tp-staging.wpdns.site/2025/12/04/how-integrating-technology-in-early-childhood-curriculum-boosts-learning-and-prepares-children-for-the-future/","en","editorial-single","200","max-image-preview:large","Technology in Early Childhood: Boost Learning at Chroma","5031","1","Keep","Keep","Indexable page passed the automated availability and baseline content checks.","Human fact and editorial review required","Confirm facts, grammar, usefulness, and visual/mobile quality before final approval."
"https://x3yyntt5tp-staging.wpdns.site/es/2025/12/04/how-integrating-technology-in-early-childhood-curriculum-boosts-learning-and-prepares-children-for-the-future/","es","editorial-single","200","max-image-preview:large","Artículo de Chroma: Cómo la Integración de la Tecnología en el C…","6976","1","Keep","Keep","Indexable page passed the automated availability and baseline content checks.","Human fact and editorial review required","Confirm facts, grammar, usefulness, and visual/mobile quality before final approval."
"https://x3yyntt5tp-staging.wpdns.site/2025/12/03/how-preschool-prepares-children-for-kindergarten-success-benefits-skills-and-readiness-strategies/","en","editorial-single","200","max-image-preview:large","Kindergarten Readiness: Essential Skills for Success","5104","1","Keep","Keep","Indexable page passed the automated availability and baseline content checks.","Human fact and editorial review required","Confirm facts, grammar, usefulness, and visual/mobile quality before final approval."
"https://x3yyntt5tp-staging.wpdns.site/es/2025/12/03/how-preschool-prepares-children-for-kindergarten-success-benefits-skills-and-readiness-strategies/","es","editorial-single","200","max-image-preview:large","Artículo de Chroma: Cómo la educación preescolar prepara a los n…","7061","1","Keep","Keep","Indexable page passed the automated availability and baseline content checks.","Human fact and editorial review required","Confirm facts, grammar, usefulness, and visual/mobile quality before final approval."
"https://x3yyntt5tp-staging.wpdns.site/2025/12/03/key-signs-your-child-is-ready-for-kindergarten-academic-and-social-readiness-indicators-for-parents/","en","editorial-single","200","max-image-preview:large","Kindergarten Readiness Guide: Signs & Skills (2025)","5160","1","Improve","Improve","Indexable page has thin-content, technical, or image-accessibility signals that need review.","Editorial or technical review required","Resolve the listed content and technical issues, then recrawl."
"https://x3yyntt5tp-staging.wpdns.site/es/2025/12/03/key-signs-your-child-is-ready-for-kindergarten-academic-and-social-readiness-indicators-for-parents/","es","editorial-single","200","max-image-preview:large","Artículo de Chroma: Señales Clave de que tu Hijo está Listo para…","7100","1","Keep","Keep","Indexable page passed the automated availability and baseline content checks.","Human fact and editorial review required","Confirm facts, grammar, usefulness, and visual/mobile quality before final approval."
"https://x3yyntt5tp-staging.wpdns.site/2025/12/03/the-critical-role-of-a-structured-curriculum-in-early-childhood-education-success-benefits-impact-and-kindergarten-readiness/","en","editorial-single","200","max-image-preview:large","Early Childhood Curriculum: Benefits & Readiness","4534","1","Keep","Keep","Indexable page passed the automated availability and baseline content checks.","Human fact and editorial review required","Confirm facts, grammar, usefulness, and visual/mobile quality before final approval."
"https://x3yyntt5tp-staging.wpdns.site/es/2025/12/03/the-critical-role-of-a-structured-curriculum-in-early-childhood-education-success-benefits-impact-and-kindergarten-readiness/","es","editorial-single","200","max-image-preview:large","Artículo de Chroma: El Rol Crítico de un Currículo Estructurado…","6328","1","Keep","Keep","Indexable page passed the automated availability and baseline content checks.","Human fact and editorial review required","Confirm facts, grammar, usefulness, and visual/mobile quality before final approval."
"https://x3yyntt5tp-staging.wpdns.site/2025/12/03/early-childhood-assessment-methods-explained-comprehensive-guide-to-child-development-and-kindergarten-readiness/","en","editorial-single","200","max-image-preview:large","Childhood Assessment: Kindergarten Readiness Guide (2025)","5153","1","Keep","Keep","Indexable page passed the automated availability and baseline content checks.","Human fact and editorial review required","Confirm facts, grammar, usefulness, and visual/mobile quality before final approval."
"https://x3yyntt5tp-staging.wpdns.site/es/2025/12/03/early-childhood-assessment-methods-explained-comprehensive-guide-to-child-development-and-kindergarten-readiness/","es","editorial-single","200","max-image-preview:large","Artículo de Chroma: Métodos de Evaluación de la Primera Infancia…","7027","1","Improve","Improve","Indexable page has thin-content, technical, or image-accessibility signals that need review.","Editorial or technical review required","Resolve the listed content and technical issues, then recrawl."
"https://x3yyntt5tp-staging.wpdns.site/2025/12/03/how-parent-involvement-shapes-curriculum-success-in-early-learning/","en","editorial-single","200","max-image-preview:large","Parent Involvement: Shaping Early Learning Success","4445","1","Keep","Keep","Indexable page passed the automated availability and baseline content checks.","Human fact and editorial review required","Confirm facts, grammar, usefulness, and visual/mobile quality before final approval."
"https://x3yyntt5tp-staging.wpdns.site/es/2025/12/03/how-parent-involvement-shapes-curriculum-success-in-early-learning/","es","editorial-single","200","max-image-preview:large","Artículo de Chroma: Cómo la participación de los padres moldea e…","6189","1","Improve","Improve","Indexable page has thin-content, technical, or image-accessibility signals that need review.","Editorial or technical review required","Resolve the listed content and technical issues, then recrawl."
"https://x3yyntt5tp-staging.wpdns.site/2025/12/03/10-practical-steps-to-budget-for-your-childs-early-education-expenses-year-round/","en","editorial-single","200","max-image-preview:large","Budgeting Childcare: 10 Steps for Families | Chroma Academy","5332","1","Keep","Keep","Indexable page passed the automated availability and baseline content checks.","Human fact and editorial review required","Confirm facts, grammar, usefulness, and visual/mobile quality before final approval."
"https://x3yyntt5tp-staging.wpdns.site/es/2025/12/03/10-practical-steps-to-budget-for-your-childs-early-education-expenses-year-round/","es","editorial-single","200","max-image-preview:large","Artículo de Chroma: 10 Pasos Prácticos para Presupuestar los Gas…","7273","1","Keep","Keep","Indexable page passed the automated availability and baseline content checks.","Human fact and editorial review required","Confirm facts, grammar, usefulness, and visual/mobile quality before final approval."
"https://x3yyntt5tp-staging.wpdns.site/2025/12/03/chroma-academy-teaching-staff-who-educates-your-child-and-how-their-qualifications-ensure-quality-early-childhood-education/","en","editorial-single","200","max-image-preview:large","Chroma Academy: Quality Early Childhood Education & Teachers","3399","1","Keep","Keep","Indexable page passed the automated availability and baseline content checks.","Human fact and editorial review required","Confirm facts, grammar, usefulness, and visual/mobile quality before final approval."
"https://x3yyntt5tp-staging.wpdns.site/es/2025/12/03/chroma-academy-teaching-staff-who-educates-your-child-and-how-their-qualifications-ensure-quality-early-childhood-education/","es","editorial-single","200","max-image-preview:large","Artículo de Chroma: Personal Docente de Chroma Academy: Quién ed…","4610","1","Improve","Improve","Indexable page has thin-content, technical, or image-accessibility signals that need review.","Editorial or technical review required","Resolve the listed content and technical issues, then recrawl."
"https://x3yyntt5tp-staging.wpdns.site/2025/12/03/why-preschool-education-is-crucial-for-early-development-key-benefits-and-preparation-for-lifelong-success/","en","editorial-single","200","max-image-preview:large","Preschool Benefits: Prepare for Lifelong Success | Chroma","4757","1","Improve","Improve","Indexable page has thin-content, technical, or image-accessibility signals that need review.","Editorial or technical review required","Resolve the listed content and technical issues, then recrawl."
"https://x3yyntt5tp-staging.wpdns.site/es/2025/12/03/why-preschool-education-is-crucial-for-early-development-key-benefits-and-preparation-for-lifelong-success/","es","editorial-single","200","max-image-preview:large","Artículo de Chroma: Por qué la educación preescolar es crucial p…","6477","1","Keep","Keep","Indexable page passed the automated availability and baseline content checks.","Human fact and editorial review required","Confirm facts, grammar, usefulness, and visual/mobile quality before final approval."
"https://x3yyntt5tp-staging.wpdns.site/2025/12/03/how-quality-of-care-influences-pricing-in-early-childhood-education-services/","en","editorial-single","200","max-image-preview:large","Chroma: Quality of Care & Early Education Pricing","5263","1","Keep","Keep","Indexable page passed the automated availability and baseline content checks.","Human fact and editorial review required","Confirm facts, grammar, usefulness, and visual/mobile quality before final approval."
"https://x3yyntt5tp-staging.wpdns.site/es/2025/12/03/how-quality-of-care-influences-pricing-in-early-childhood-education-services/","es","editorial-single","200","max-image-preview:large","Artículo de Chroma: ¿Cómo influye la calidad de la atención en l…","7108","1","Keep","Keep","Indexable page passed the automated availability and baseline content checks.","Human fact and editorial review required","Confirm facts, grammar, usefulness, and visual/mobile quality before final approval."
"https://x3yyntt5tp-staging.wpdns.site/2025/12/03/why-early-learning-assessments-are-essential-for-your-childs-success-at-chroma-academy/","en","editorial-single","200","max-image-preview:large","Chroma Academy: Why Early Assessments Matter for Your Child","4880","1","Keep","Keep","Indexable page passed the automated availability and baseline content checks.","Human fact and editorial review required","Confirm facts, grammar, usefulness, and visual/mobile quality before final approval."
"https://x3yyntt5tp-staging.wpdns.site/es/2025/12/03/why-early-learning-assessments-are-essential-for-your-childs-success-at-chroma-academy/","es","editorial-single","200","max-image-preview:large","Artículo de Chroma: Por qué las evaluaciones de aprendizaje temp…","6646","1","Keep","Keep","Indexable page passed the automated availability and baseline content checks.","Human fact and editorial review required","Confirm facts, grammar, usefulness, and visual/mobile quality before final approval."
"https://x3yyntt5tp-staging.wpdns.site/2025/12/03/play-based-learning-curriculum-examples-for-early-childhood-effective-activities-and-benefits/","en","editorial-single","200","max-image-preview:large","Play-Based Learning: Activities & Benefits at Chroma Academy","404","1","Keep","Keep","Indexable page passed the automated availability and baseline content checks.","Human fact and editorial review required","Confirm facts, grammar, usefulness, and visual/mobile quality before final approval."
"https://x3yyntt5tp-staging.wpdns.site/es/2025/12/03/play-based-learning-curriculum-examples-for-early-childhood-effective-activities-and-benefits/","es","editorial-single","200","max-image-preview:large","Artículo de Chroma: Ejemplos de currículo de aprendizaje basado…","7229","1","Keep","Keep","Indexable page passed the automated availability and baseline content checks.","Human fact and editorial review required","Confirm facts, grammar, usefulness, and visual/mobile quality before final approval."
"https://x3yyntt5tp-staging.wpdns.site/2025/12/03/the-wrong-way-to-raise-confidence/","en","editorial-single","200","max-image-preview:large","Chroma: Raising Confident Kids the Right Way","703","1","Keep","Keep","Indexable page passed the automated availability and baseline content checks.","Human fact and editorial review required","Confirm facts, grammar, usefulness, and visual/mobile quality before final approval."
"https://x3yyntt5tp-staging.wpdns.site/es/2025/12/03/the-wrong-way-to-raise-confidence/","es","editorial-single","200","max-image-preview:large","Artículo de Chroma: La forma incorrecta de fomentar la confianza","785","1","Keep","Keep","Indexable page passed the automated availability and baseline content checks.","Human fact and editorial review required","Confirm facts, grammar, usefulness, and visual/mobile quality before final approval."
"https://x3yyntt5tp-staging.wpdns.site/2025/12/02/the-surprising-benefits-of-early-childhood-education-why-it-matters-for-your-childs-development-and-future-success/","en","editorial-single","200","max-image-preview:large","Early Childhood Education: Why It Matters | Chroma","5375","1","Improve","Improve","Indexable page has thin-content, technical, or image-accessibility signals that need review.","Editorial or technical review required","Resolve the listed content and technical issues, then recrawl."
"https://x3yyntt5tp-staging.wpdns.site/es/2025/12/02/the-surprising-benefits-of-early-childhood-education-why-it-matters-for-your-childs-development-and-future-success/","es","editorial-single","200","max-image-preview:large","Artículo de Chroma: Los sorprendentes beneficios de la educación…","7313","1","Keep","Keep","Indexable page passed the automated availability and baseline content checks.","Human fact and editorial review required","Confirm facts, grammar, usefulness, and visual/mobile quality before final approval."
"https://x3yyntt5tp-staging.wpdns.site/2025/12/02/the-psychology-behind-toy-throwing-understanding-your-childs-behavior/","en","editorial-single","200","max-image-preview:large","Toy-Throwing: Understanding Your Child | Chroma Academy","703","1","Keep","Keep","Indexable page passed the automated availability and baseline content checks.","Human fact and editorial review required","Confirm facts, grammar, usefulness, and visual/mobile quality before final approval."
"https://x3yyntt5tp-staging.wpdns.site/es/2025/12/02/the-psychology-behind-toy-throwing-understanding-your-childs-behavior/","es","editorial-single","200","max-image-preview:large","Artículo de Chroma: La Psicología Detrás de Lanzar Juguetes: Com…","799","1","Keep","Keep","Indexable page passed the automated availability and baseline content checks.","Human fact and editorial review required","Confirm facts, grammar, usefulness, and visual/mobile quality before final approval."
"https://x3yyntt5tp-staging.wpdns.site/2025/12/02/how-to-raise-a-smarter-child-before-age-3-proven-brain-development-activities-and-early-intelligence-tips/","en","editorial-single","200","max-image-preview:large","Smarter Child Before 3: Brain-Boosting Activities | Chroma","3275","1","Improve","Improve","Indexable page has thin-content, technical, or image-accessibility signals that need review.","Editorial or technical review required","Resolve the listed content and technical issues, then recrawl."
"https://x3yyntt5tp-staging.wpdns.site/es/2025/12/02/how-to-raise-a-smarter-child-before-age-3-proven-brain-development-activities-and-early-intelligence-tips/","es","editorial-single","200","max-image-preview:large","Artículo de Chroma: Cómo criar a un niño más inteligente antes d…","4405","1","Keep","Keep","Indexable page passed the automated availability and baseline content checks.","Human fact and editorial review required","Confirm facts, grammar, usefulness, and visual/mobile quality before final approval."
"https://x3yyntt5tp-staging.wpdns.site/2025/12/02/why-you-should-not-over-react-when-your-child-gets-hurt-calm-parenting-and-emotional-support-strategies/","en","editorial-single","200","max-image-preview:large","Calm Parenting: Supporting Your Hurt Child | Chroma Academy","3004","1","Improve","Improve","Indexable page has thin-content, technical, or image-accessibility signals that need review.","Editorial or technical review required","Resolve the listed content and technical issues, then recrawl."
"https://x3yyntt5tp-staging.wpdns.site/es/2025/12/02/why-you-should-not-over-react-when-your-child-gets-hurt-calm-parenting-and-emotional-support-strategies/","es","editorial-single","200","max-image-preview:large","Artículo de Chroma: Por qué no debes reaccionar de forma exagera…","3885","1","Improve","Improve","Indexable page has thin-content, technical, or image-accessibility signals that need review.","Editorial or technical review required","Resolve the listed content and technical issues, then recrawl."
"https://x3yyntt5tp-staging.wpdns.site/2025/12/02/choosing-between-full-day-and-half-day-preschool-practical-guidance-every-parent-can-use/","en","editorial-single","200","max-image-preview:large","Preschool Choice: Full-Day vs. Half-Day at Chroma Academy","4922","1","Improve","Improve","Indexable page has thin-content, technical, or image-accessibility signals that need review.","Editorial or technical review required","Resolve the listed content and technical issues, then recrawl."
"https://x3yyntt5tp-staging.wpdns.site/es/2025/12/02/choosing-between-full-day-and-half-day-preschool-practical-guidance-every-parent-can-use/","es","editorial-single","200","max-image-preview:large","Artículo de Chroma: Elegir entre preescolar de día completo y me…","6759","1","Keep","Keep","Indexable page passed the automated availability and baseline content checks.","Human fact and editorial review required","Confirm facts, grammar, usefulness, and visual/mobile quality before final approval."
"https://x3yyntt5tp-staging.wpdns.site/2025/12/02/how-nutrition-impacts-early-learning-and-behavior-essential-insights-for-child-brain-development-and-cognitive-function/","en","editorial-single","200","max-image-preview:large","Nutrition & Child Development: Insights from Chroma Academy","3466","1","Improve","Improve","Indexable page has thin-content, technical, or image-accessibility signals that need review.","Editorial or technical review required","Resolve the listed content and technical issues, then recrawl."
"https://x3yyntt5tp-staging.wpdns.site/es/2025/12/02/how-nutrition-impacts-early-learning-and-behavior-essential-insights-for-child-brain-development-and-cognitive-function/","es","editorial-single","200","max-image-preview:large","Nutrición, cerebro y aprendizaje | Chroma","4688","1","Keep","Keep","Indexable page passed the automated availability and baseline content checks.","Human fact and editorial review required","Confirm facts, grammar, usefulness, and visual/mobile quality before final approval."
"https://x3yyntt5tp-staging.wpdns.site/2025/12/02/chroma-early-learning-academy-expands-to-16-metro-atlanta-campuses-with-three-strategic-acquisitions/","en","editorial-single","200","max-image-preview:large","Chroma Academy Expands to 16 Metro Atlanta Campuses","798","1","Keep","Keep","Indexable page passed the automated availability and baseline content checks.","Human fact and editorial review required","Confirm facts, grammar, usefulness, and visual/mobile quality before final approval."
"https://x3yyntt5tp-staging.wpdns.site/es/2025/12/02/chroma-early-learning-academy-expands-to-16-metro-atlanta-campuses-with-three-strategic-acquisitions/","es","editorial-single","200","max-image-preview:large","Artículo de Chroma: Chroma Early Learning Academy se expande a 1…","971","1","Keep","Keep","Indexable page passed the automated availability and baseline content checks.","Human fact and editorial review required","Confirm facts, grammar, usefulness, and visual/mobile quality before final approval."
"https://x3yyntt5tp-staging.wpdns.site/2025/12/02/how-reading-aloud-builds-your-childs-brain/","en","editorial-single","200","max-image-preview:large","How Reading Aloud Builds Your Child's Brain | Chroma Academy","597","1","Improve","Improve","Indexable page has thin-content, technical, or image-accessibility signals that need review.","Editorial or technical review required","Resolve the listed content and technical issues, then recrawl."
"https://x3yyntt5tp-staging.wpdns.site/es/2025/12/02/how-reading-aloud-builds-your-childs-brain/","es","editorial-single","200","max-image-preview:large","Artículo de Chroma: Cómo la lectura en voz alta desarrolla el ce…","761","1","Keep","Keep","Indexable page passed the automated availability and baseline content checks.","Human fact and editorial review required","Confirm facts, grammar, usefulness, and visual/mobile quality before final approval."
"https://x3yyntt5tp-staging.wpdns.site/locations/newnan/","en","location-single","200","max-image-preview:large","Chroma Academy Newnan: Nurturing Early Learning in GA.","1055","1","Keep","Keep","Indexable page passed the automated availability and baseline content checks.","Human fact and editorial review required","Confirm facts, grammar, usefulness, and visual/mobile quality before final approval."
"https://x3yyntt5tp-staging.wpdns.site/es/locations/newnan/","es","location-single","200","max-image-preview:large","Campus Shenandoah, Newnan GA | Campus de Chroma","1129","1","Keep","Keep","Indexable page passed the automated availability and baseline content checks.","Human fact and editorial review required","Confirm facts, grammar, usefulness, and visual/mobile quality before final approval."
"https://x3yyntt5tp-staging.wpdns.site/locations/north-hall-campus-murraysville/","en","location-single","200","max-image-preview:large","Chroma Academy: North Hall Campus in Murraysville","1180","1","Keep","Keep","Indexable page passed the automated availability and baseline content checks.","Human fact and editorial review required","Confirm facts, grammar, usefulness, and visual/mobile quality before final approval."
"https://x3yyntt5tp-staging.wpdns.site/es/locations/north-hall-campus-murraysville/","es","location-single","200","max-image-preview:large","North Hall Campus, Murraysville | Campus de Chroma","1267","1","Keep","Keep","Indexable page passed the automated availability and baseline content checks.","Human fact and editorial review required","Confirm facts, grammar, usefulness, and visual/mobile quality before final approval."
"https://x3yyntt5tp-staging.wpdns.site/locations/midway-campus/","en","location-single","200","max-image-preview:large","Chroma Midway : Childcare & Preschool in Alpharetta, Cumming and Milton","1377","1","Keep","Keep","Indexable page passed the automated availability and baseline content checks.","Human fact and editorial review required","Confirm facts, grammar, usefulness, and visual/mobile quality before final approval."
"https://x3yyntt5tp-staging.wpdns.site/es/locations/midway-campus/","es","location-single","200","max-image-preview:large","Midway Campus, Alpharetta GA | Campus de Chroma","1476","1","Keep","Keep","Indexable page passed the automated availability and baseline content checks.","Human fact and editorial review required","Confirm facts, grammar, usefulness, and visual/mobile quality before final approval."
"https://x3yyntt5tp-staging.wpdns.site/locations/south-cobb-campus-austell/","en","location-single","200","max-image-preview:large","Chroma ELA: South Cobb Campus in Austell","1379","1","Keep","Keep","Indexable page passed the automated availability and baseline content checks.","Human fact and editorial review required","Confirm facts, grammar, usefulness, and visual/mobile quality before final approval."
"https://x3yyntt5tp-staging.wpdns.site/es/locations/south-cobb-campus-austell/","es","location-single","200","max-image-preview:large","Campus South Cobb, Austell | Campus de Chroma","1486","1","Keep","Keep","Indexable page passed the automated availability and baseline content checks.","Human fact and editorial review required","Confirm facts, grammar, usefulness, and visual/mobile quality before final approval."
"https://x3yyntt5tp-staging.wpdns.site/locations/rivergreen-campus/","en","location-single","200","max-image-preview:large","Chroma Academy: Rivergreen Campus in Canton, GA","1336","1","Keep","Keep","Indexable page passed the automated availability and baseline content checks.","Human fact and editorial review required","Confirm facts, grammar, usefulness, and visual/mobile quality before final approval."
"https://x3yyntt5tp-staging.wpdns.site/es/locations/rivergreen-campus/","es","location-single","200","max-image-preview:large","Campus Rivergreen, Canton GA | Campus de Chroma","1385","1","Keep","Keep","Indexable page passed the automated availability and baseline content checks.","Human fact and editorial review required","Confirm facts, grammar, usefulness, and visual/mobile quality before final approval."
"https://x3yyntt5tp-staging.wpdns.site/locations/jonesboro-campus/","en","location-single","200","max-image-preview:large","Jonesboro Preschool: Enroll at Chroma Early Learning in 2026","1263","1","Keep","Keep","Indexable page passed the automated availability and baseline content checks.","Human fact and editorial review required","Confirm facts, grammar, usefulness, and visual/mobile quality before final approval."
"https://x3yyntt5tp-staging.wpdns.site/es/locations/jonesboro-campus/","es","location-single","200","max-image-preview:large","Campus Jonesboro | Campus de Chroma","1370","1","Keep","Keep","Indexable page passed the automated availability and baseline content checks.","Human fact and editorial review required","Confirm facts, grammar, usefulness, and visual/mobile quality before final approval."
"https://x3yyntt5tp-staging.wpdns.site/locations/satellite-bvd-campus/","en","location-single","200","max-image-preview:large","Satellite Bvd Campus: Chroma Early Learning in Duluth","1471","1","Keep","Keep","Indexable page passed the automated availability and baseline content checks.","Human fact and editorial review required","Confirm facts, grammar, usefulness, and visual/mobile quality before final approval."
"https://x3yyntt5tp-staging.wpdns.site/es/locations/satellite-bvd-campus/","es","location-single","200","max-image-preview:large","Campus Satellite Blvd, Duluth, GA | Campus de Chroma","1568","1","Keep","Keep","Indexable page passed the automated availability and baseline content checks.","Human fact and editorial review required","Confirm facts, grammar, usefulness, and visual/mobile quality before final approval."
"https://x3yyntt5tp-staging.wpdns.site/locations/west-cobb-campus/","en","location-single","200","max-image-preview:large","Chroma Marietta: Preschool & Childcare at West Cobb Campus","1439","1","Keep","Keep","Indexable page passed the automated availability and baseline content checks.","Human fact and editorial review required","Confirm facts, grammar, usefulness, and visual/mobile quality before final approval."
"https://x3yyntt5tp-staging.wpdns.site/es/locations/west-cobb-campus/","es","location-single","200","max-image-preview:large","Campus West Cobb, Marietta | Campus de Chroma","1533","1","Keep","Keep","Indexable page passed the automated availability and baseline content checks.","Human fact and editorial review required","Confirm facts, grammar, usefulness, and visual/mobile quality before final approval."
"https://x3yyntt5tp-staging.wpdns.site/locations/ellenwood-campus/","en","location-single","200","max-image-preview:large","Chroma Academy Ellenwood: Safe Daycare & Preschool Programs","1563","1","Keep","Keep","Indexable page passed the automated availability and baseline content checks.","Human fact and editorial review required","Confirm facts, grammar, usefulness, and visual/mobile quality before final approval."
"https://x3yyntt5tp-staging.wpdns.site/es/locations/ellenwood-campus/","es","location-single","200","max-image-preview:large","Campus Ellenwood | Campus de Chroma","1652","1","Keep","Keep","Indexable page passed the automated availability and baseline content checks.","Human fact and editorial review required","Confirm facts, grammar, usefulness, and visual/mobile quality before final approval."
"https://x3yyntt5tp-staging.wpdns.site/locations/roswell-campus/","en","location-single","200","max-image-preview:large","Chroma Roswell: Daycare & Preschool for Your Child","1348","1","Keep","Keep","Indexable page passed the automated availability and baseline content checks.","Human fact and editorial review required","Confirm facts, grammar, usefulness, and visual/mobile quality before final approval."
"https://x3yyntt5tp-staging.wpdns.site/es/locations/roswell-campus/","es","location-single","200","max-image-preview:large","Campus Roswell | Campus de Chroma","1442","1","Keep","Keep","Indexable page passed the automated availability and baseline content checks.","Human fact and editorial review required","Confirm facts, grammar, usefulness, and visual/mobile quality before final approval."
"https://x3yyntt5tp-staging.wpdns.site/locations/east-cobb-campus/","en","location-single","200","max-image-preview:large","Chroma Marietta (East): Early Learning Programs","1523","1","Keep","Keep","Indexable page passed the automated availability and baseline content checks.","Human fact and editorial review required","Confirm facts, grammar, usefulness, and visual/mobile quality before final approval."
"https://x3yyntt5tp-staging.wpdns.site/es/locations/east-cobb-campus/","es","location-single","200","max-image-preview:large","Campus Marietta (Este) | Campus de Chroma","1611","1","Keep","Keep","Indexable page passed the automated availability and baseline content checks.","Human fact and editorial review required","Confirm facts, grammar, usefulness, and visual/mobile quality before final approval."
"https://x3yyntt5tp-staging.wpdns.site/locations/lilburn-campus/","en","location-single","200","max-image-preview:large","Lilburn Childcare & Preschool | Chroma Academy","1382","1","Keep","Keep","Indexable page passed the automated availability and baseline content checks.","Human fact and editorial review required","Confirm facts, grammar, usefulness, and visual/mobile quality before final approval."
"https://x3yyntt5tp-staging.wpdns.site/es/locations/lilburn-campus/","es","location-single","200","max-image-preview:large","Campus Lilburn | Campus de Chroma","1461","1","Keep","Keep","Indexable page passed the automated availability and baseline content checks.","Human fact and editorial review required","Confirm facts, grammar, usefulness, and visual/mobile quality before final approval."
"https://x3yyntt5tp-staging.wpdns.site/locations/cherokee-campus/","en","location-single","200","max-image-preview:large","Cherokee Academy: Canton, GA Childcare & Preschool","1294","1","Keep","Keep","Indexable page passed the automated availability and baseline content checks.","Human fact and editorial review required","Confirm facts, grammar, usefulness, and visual/mobile quality before final approval."
"https://x3yyntt5tp-staging.wpdns.site/es/locations/cherokee-campus/","es","location-single","200","max-image-preview:large","Cherokee Academy by Chroma, Canton GA | Campus de Chroma","1385","1","Keep","Keep","Indexable page passed the automated availability and baseline content checks.","Human fact and editorial review required","Confirm facts, grammar, usefulness, and visual/mobile quality before final approval."
"https://x3yyntt5tp-staging.wpdns.site/newsroom/","en","editorial-archive","200","max-image-preview:large","Newsroom | Chroma Early Learning Academy","200","1","Keep","Keep","Indexable page passed the automated availability and baseline content checks.","Human fact and editorial review required","Confirm facts, grammar, usefulness, and visual/mobile quality before final approval."
"https://x3yyntt5tp-staging.wpdns.site/es/newsroom/","es","editorial-archive","200","max-image-preview:large","Sala de prensa | Chroma Early Learning Academy","207","1","Keep","Keep","Indexable page passed the automated availability and baseline content checks.","Human fact and editorial review required","Confirm facts, grammar, usefulness, and visual/mobile quality before final approval."
"https://x3yyntt5tp-staging.wpdns.site/privacy-policy/","en","legal","200","max-image-preview:large","Privacy Policy | Chroma Early Learning Academy","377","1","Keep","Keep","Indexable page passed the automated availability and baseline content checks.","Human fact and editorial review required","Confirm facts, grammar, usefulness, and visual/mobile quality before final approval."
"https://x3yyntt5tp-staging.wpdns.site/es/privacy-policy/","es","legal","200","max-image-preview:large","Política de privacidad | Chroma Early Learning Academy","377","1","Keep","Keep","Indexable page passed the automated availability and baseline content checks.","Human fact and editorial review required","Confirm facts, grammar, usefulness, and visual/mobile quality before final approval."
"https://x3yyntt5tp-staging.wpdns.site/careers/","en","careers","200","max-image-preview:large","Careers | Chroma Early Learning Academy","1109","1","Improve","Improve","Indexable page has thin-content, technical, or image-accessibility signals that need review.","Editorial or technical review required","Resolve the listed content and technical issues, then recrawl."
"https://x3yyntt5tp-staging.wpdns.site/es/careers/","es","careers","200","max-image-preview:large","Carreras | Chroma Early Learning Academy","1115","1","Improve","Improve","Indexable page has thin-content, technical, or image-accessibility signals that need review.","Editorial or technical review required","Resolve the listed content and technical issues, then recrawl."
"https://x3yyntt5tp-staging.wpdns.site/stories/","en","editorial-archive","200","max-image-preview:large","Stories & Parenting Tips | Chroma Early Learning Academy","1237","1","Improve","Improve","Indexable page has thin-content, technical, or image-accessibility signals that need review.","Editorial or technical review required","Resolve the listed content and technical issues, then recrawl."
"https://x3yyntt5tp-staging.wpdns.site/es/stories/","es","editorial-archive","200","max-image-preview:large","Historias y consejos para familias | Chroma Early Learning Acade…","1324","1","Improve","Improve","Indexable page has thin-content, technical, or image-accessibility signals that need review.","Editorial or technical review required","Resolve the listed content and technical issues, then recrawl."
"https://x3yyntt5tp-staging.wpdns.site/employers/","en","general-page","200","max-image-preview:large","Employer Childcare Solutions | Chroma Early Learning Academy","235","1","Keep","Keep","Indexable page passed the automated availability and baseline content checks.","Human fact and editorial review required","Confirm facts, grammar, usefulness, and visual/mobile quality before final approval."
"https://x3yyntt5tp-staging.wpdns.site/es/employers/","es","general-page","200","max-image-preview:large","Soluciones de cuidado infantil para empleadores | Chroma Early L…","239","1","Keep","Keep","Indexable page passed the automated availability and baseline content checks.","Human fact and editorial review required","Confirm facts, grammar, usefulness, and visual/mobile quality before final approval."
"https://x3yyntt5tp-staging.wpdns.site/locations/mcdonough/","en","location-single","200","max-image-preview:large","Chroma McDonough: Daycare & Preschool Programs","1117","1","Keep","Keep","Indexable page passed the automated availability and baseline content checks.","Human fact and editorial review required","Confirm facts, grammar, usefulness, and visual/mobile quality before final approval."
"https://x3yyntt5tp-staging.wpdns.site/es/locations/mcdonough/","es","location-single","200","max-image-preview:large","Campus Mcdonough | Campus de Chroma","1206","1","Keep","Keep","Indexable page passed the automated availability and baseline content checks.","Human fact and editorial review required","Confirm facts, grammar, usefulness, and visual/mobile quality before final approval."
"https://x3yyntt5tp-staging.wpdns.site/parents/","en","parents","200","max-image-preview:large","Parents | Chroma Early Learning Academy","586","1","Keep","Keep","Indexable page passed the automated availability and baseline content checks.","Human fact and editorial review required","Confirm facts, grammar, usefulness, and visual/mobile quality before final approval."
"https://x3yyntt5tp-staging.wpdns.site/es/parents/","es","parents","200","max-image-preview:large","Padres | Chroma Early Learning Academy","619","1","Keep","Keep","Indexable page passed the automated availability and baseline content checks.","Human fact and editorial review required","Confirm facts, grammar, usefulness, and visual/mobile quality before final approval."
"https://x3yyntt5tp-staging.wpdns.site/programs/parents-day-out/","en","program-single","200","max-image-preview:large","Parent's Day Out at Chroma: Social Skills for Kids","528","1","Keep","Keep","Indexable page passed the automated availability and baseline content checks.","Human fact and editorial review required","Confirm facts, grammar, usefulness, and visual/mobile quality before final approval."
"https://x3yyntt5tp-staging.wpdns.site/es/programs/parents-day-out/","es","program-single","200","max-image-preview:large","Día Libre para Padres | Programa de Chroma","927","1","Keep","Keep","Indexable page passed the automated availability and baseline content checks.","Human fact and editorial review required","Confirm facts, grammar, usefulness, and visual/mobile quality before final approval."
"https://x3yyntt5tp-staging.wpdns.site/programs/camp-summer-winter-fall/","en","program-single","200","max-image-preview:large","Chroma Academy Camps: Fun Summer, Winter & Fall Programs","480","1","Keep","Keep","Indexable page passed the automated availability and baseline content checks.","Human fact and editorial review required","Confirm facts, grammar, usefulness, and visual/mobile quality before final approval."
"https://x3yyntt5tp-staging.wpdns.site/es/programs/camp-summer-winter-fall/","es","program-single","200","max-image-preview:large","Campamento ( Verano, Invierno, Otoño) | Programa de Chroma","564","1","Keep","Keep","Indexable page passed the automated availability and baseline content checks.","Human fact and editorial review required","Confirm facts, grammar, usefulness, and visual/mobile quality before final approval."
"https://x3yyntt5tp-staging.wpdns.site/programs/after-school/","en","program-single","200","max-image-preview:large","Chroma Academy After School: Activities & Enrollment","452","1","Keep","Keep","Indexable page passed the automated availability and baseline content checks.","Human fact and editorial review required","Confirm facts, grammar, usefulness, and visual/mobile quality before final approval."
"https://x3yyntt5tp-staging.wpdns.site/es/programs/after-school/","es","program-single","200","max-image-preview:large","Escolares | Programa de Chroma","597","1","Keep","Keep","Indexable page passed the automated availability and baseline content checks.","Human fact and editorial review required","Confirm facts, grammar, usefulness, and visual/mobile quality before final approval."
"https://x3yyntt5tp-staging.wpdns.site/programs/ga-pre-k/","en","program-single","200","max-image-preview:large","Chroma Early Learning Academy: GA Pre-K Program for Ages 4-5","725","1","Keep","Keep","Indexable page passed the automated availability and baseline content checks.","Human fact and editorial review required","Confirm facts, grammar, usefulness, and visual/mobile quality before final approval."
"https://x3yyntt5tp-staging.wpdns.site/es/programs/ga-pre-k/","es","program-single","200","max-image-preview:large","Pre-K / GA Pre-K | Programa de Chroma","1349","1","Keep","Keep","Indexable page passed the automated availability and baseline content checks.","Human fact and editorial review required","Confirm facts, grammar, usefulness, and visual/mobile quality before final approval."
"https://x3yyntt5tp-staging.wpdns.site/programs/pre-k-prep/","en","program-single","200","max-image-preview:large","Chroma's Pre-K Prep: School Readiness in 2026","671","1","Keep","Keep","Indexable page passed the automated availability and baseline content checks.","Human fact and editorial review required","Confirm facts, grammar, usefulness, and visual/mobile quality before final approval."
"https://x3yyntt5tp-staging.wpdns.site/es/programs/pre-k-prep/","es","program-single","200","max-image-preview:large","Pre-K Prep | Programa de Chroma","1053","1","Keep","Keep","Indexable page passed the automated availability and baseline content checks.","Human fact and editorial review required","Confirm facts, grammar, usefulness, and visual/mobile quality before final approval."
"https://x3yyntt5tp-staging.wpdns.site/programs/preschool/","en","program-single","200","max-image-preview:large","Chroma Preschool: Learning Through Play","612","1","Keep","Keep","Indexable page passed the automated availability and baseline content checks.","Human fact and editorial review required","Confirm facts, grammar, usefulness, and visual/mobile quality before final approval."
"https://x3yyntt5tp-staging.wpdns.site/es/programs/preschool/","es","program-single","200","max-image-preview:large","Preescolar | Programa de Chroma","1210","1","Keep","Keep","Indexable page passed the automated availability and baseline content checks.","Human fact and editorial review required","Confirm facts, grammar, usefulness, and visual/mobile quality before final approval."
"https://x3yyntt5tp-staging.wpdns.site/programs/toddler-care/","en","program-single","200","max-image-preview:large","Chroma Academy Toddler Care: Explore, Learn, and Grow!","585","1","Keep","Keep","Indexable page passed the automated availability and baseline content checks.","Human fact and editorial review required","Confirm facts, grammar, usefulness, and visual/mobile quality before final approval."
"https://x3yyntt5tp-staging.wpdns.site/es/programs/toddler-care/","es","program-single","200","max-image-preview:large","Niños pequeños | Programa de Chroma","1283","1","Keep","Keep","Indexable page passed the automated availability and baseline content checks.","Human fact and editorial review required","Confirm facts, grammar, usefulness, and visual/mobile quality before final approval."
"https://x3yyntt5tp-staging.wpdns.site/locations/tramore-campus-austell/","en","location-single","200","max-image-preview:large","Chroma Academy Tramore Campus: Early Learning in Austell","1037","1","Keep","Keep","Indexable page passed the automated availability and baseline content checks.","Human fact and editorial review required","Confirm facts, grammar, usefulness, and visual/mobile quality before final approval."
"https://x3yyntt5tp-staging.wpdns.site/es/locations/tramore-campus-austell/","es","location-single","200","max-image-preview:large","Campus Tramore | Campus de Chroma","1120","1","Keep","Keep","Indexable page passed the automated availability and baseline content checks.","Human fact and editorial review required","Confirm facts, grammar, usefulness, and visual/mobile quality before final approval."
"https://x3yyntt5tp-staging.wpdns.site/locations/pleasanthill-campus-duluth/","en","location-single","200","max-image-preview:large","Chroma Pleasanthill: Schedule a Tour at Our Campus","1366","1","Keep","Keep","Indexable page passed the automated availability and baseline content checks.","Human fact and editorial review required","Confirm facts, grammar, usefulness, and visual/mobile quality before final approval."
"https://x3yyntt5tp-staging.wpdns.site/es/locations/pleasanthill-campus-duluth/","es","location-single","200","max-image-preview:large","Downtown Duluth | Campus de Chroma","1454","1","Keep","Keep","Indexable page passed the automated availability and baseline content checks.","Human fact and editorial review required","Confirm facts, grammar, usefulness, and visual/mobile quality before final approval."
"https://x3yyntt5tp-staging.wpdns.site/locations/lawrenceville-campus/","en","location-single","200","max-image-preview:large","Chroma Lawrenceville: Preschool Programs & Tours","1835","1","Keep","Keep","Indexable page passed the automated availability and baseline content checks.","Human fact and editorial review required","Confirm facts, grammar, usefulness, and visual/mobile quality before final approval."
"https://x3yyntt5tp-staging.wpdns.site/es/locations/lawrenceville-campus/","es","location-single","200","max-image-preview:large","Campus Lawrenceville | Campus de Chroma","1762","1","Keep","Keep","Indexable page passed the automated availability and baseline content checks.","Human fact and editorial review required","Confirm facts, grammar, usefulness, and visual/mobile quality before final approval."
"https://x3yyntt5tp-staging.wpdns.site/locations/tyrone-campus/","en","location-single","200","max-image-preview:large","Chroma Tyrone: Childcare & Preschool Programs","1438","1","Keep","Keep","Indexable page passed the automated availability and baseline content checks.","Human fact and editorial review required","Confirm facts, grammar, usefulness, and visual/mobile quality before final approval."
"https://x3yyntt5tp-staging.wpdns.site/es/locations/tyrone-campus/","es","location-single","200","max-image-preview:large","Campus Tyrone | Campus de Chroma","1478","1","Keep","Keep","Indexable page passed the automated availability and baseline content checks.","Human fact and editorial review required","Confirm facts, grammar, usefulness, and visual/mobile quality before final approval."
"https://x3yyntt5tp-staging.wpdns.site/about/","en","about","200","max-image-preview:large","About Chroma Early Learning Academy: Mission, Values & Tours","4132","1","Improve","Improve","Indexable page has thin-content, technical, or image-accessibility signals that need review.","Editorial or technical review required","Resolve the listed content and technical issues, then recrawl."
"https://x3yyntt5tp-staging.wpdns.site/es/about/","es","about","200","max-image-preview:large","Nosotros | Chroma Early Learning Academy","4090","1","Keep","Keep","Indexable page passed the automated availability and baseline content checks.","Human fact and editorial review required","Confirm facts, grammar, usefulness, and visual/mobile quality before final approval."
"https://x3yyntt5tp-staging.wpdns.site/locations/johns-creek/","en","location-single","200","max-image-preview:large","Chroma Johns Creek: Preschool & Childcare Programs","1555","1","Keep","Keep","Indexable page passed the automated availability and baseline content checks.","Human fact and editorial review required","Confirm facts, grammar, usefulness, and visual/mobile quality before final approval."
"https://x3yyntt5tp-staging.wpdns.site/es/locations/johns-creek/","es","location-single","200","max-image-preview:large","Campus Johns Creek | Campus de Chroma","1574","1","Keep","Keep","Indexable page passed the automated availability and baseline content checks.","Human fact and editorial review required","Confirm facts, grammar, usefulness, and visual/mobile quality before final approval."
"https://x3yyntt5tp-staging.wpdns.site/curriculum/","en","curriculum","200","max-image-preview:large","PrismPath Curriculum | Chroma Early Learning Academy","2216","1","Keep","Keep","Indexable page passed the automated availability and baseline content checks.","Human fact and editorial review required","Confirm facts, grammar, usefulness, and visual/mobile quality before final approval."
"https://x3yyntt5tp-staging.wpdns.site/es/curriculum/","es","curriculum","200","max-image-preview:large","Currículo PrismPath | Chroma Early Learning Academy","2318","1","Keep","Keep","Indexable page passed the automated availability and baseline content checks.","Human fact and editorial review required","Confirm facts, grammar, usefulness, and visual/mobile quality before final approval."
"https://x3yyntt5tp-staging.wpdns.site/contact-us/","en","contact","200","max-image-preview:large","Contact Us | Chroma Early Learning Academy","248","1","Keep","Keep","Indexable page passed the automated availability and baseline content checks.","Human fact and editorial review required","Confirm facts, grammar, usefulness, and visual/mobile quality before final approval."
"https://x3yyntt5tp-staging.wpdns.site/es/contact-us/","es","contact","200","max-image-preview:large","Contáctanos | Chroma Early Learning Academy","245","1","Keep","Keep","Indexable page passed the automated availability and baseline content checks.","Human fact and editorial review required","Confirm facts, grammar, usefulness, and visual/mobile quality before final approval."
"https://x3yyntt5tp-staging.wpdns.site/programs/infant-care/","en","program-single","200","max-image-preview:large","Chroma Infant Care: Nurturing Your Baby's First Steps","612","1","Keep","Keep","Indexable page passed the automated availability and baseline content checks.","Human fact and editorial review required","Confirm facts, grammar, usefulness, and visual/mobile quality before final approval."
"https://x3yyntt5tp-staging.wpdns.site/es/programs/infant-care/","es","program-single","200","max-image-preview:large","Cuidado Infantil | Programa de Chroma","1279","1","Keep","Keep","Indexable page passed the automated availability and baseline content checks.","Human fact and editorial review required","Confirm facts, grammar, usefulness, and visual/mobile quality before final approval."
