"url","finalUrl","status","contentType","durationMs","title","titleLength","metaDescription","metaDescriptionLength","robots","canonical","h1Count","h1","wordCount","linkCount","imageCount","jsonLdCount","invalidJsonLd","schemaTypes","suspicious","error"
"https://x3yyntt5tp-staging.wpdns.site/es/","https://x3yyntt5tp-staging.wpdns.site/es/","200","text/html; charset=UTF-8","1773","Chroma Academy | Guardería y preescolar en Metro Atlanta","56","Descubre Chroma Early Learning Academy para guardería, preescolar, GA Pre-K y educación temprana para familias en Metro Atlanta.","128","max-image-preview:large","https://x3yyntt5tp-staging.wpdns.site/es/","1","El arte de crecer.","2490","142","6","3","0","EducationalOrganization|FAQPage|Person","",""
"https://x3yyntt5tp-staging.wpdns.site/2026/05/22/georgia-pre-k-parent-guide/","https://x3yyntt5tp-staging.wpdns.site/2026/05/22/georgia-pre-k-parent-guide/","200","text/html; charset=UTF-8","1541","Georgia Pre-K Parent Guide: Everything You Need to Know for 2026 | Chroma Early Learning Academy","96","Georgia Pre-K Parent Guide: Everything You Need to Know for 2026 Direct Answer Georgia’s Pre-K program provides free, lottery-funded pre-kindergarten for all 4-year-old Georgia residents (must turn 4 by September...","215","max-image-preview:large","https://x3yyntt5tp-staging.wpdns.site/2026/05/22/georgia-pre-k-parent-guide/","1","Georgia Pre-K Parent Guide: Everything You Need to Know for 2026","2845","31","5","3","0","BreadcrumbList|Person|BlogPosting","",""
"https://x3yyntt5tp-staging.wpdns.site/locations/parklake-campus/","https://x3yyntt5tp-staging.wpdns.site/locations/parklake-campus/","200","text/html; charset=UTF-8","1521","Parklake Campus, Atlanta GA | Chroma Early Learning Academy","59","The art of growing up.","22","max-image-preview:large","https://x3yyntt5tp-staging.wpdns.site/locations/parklake-campus/","1","Parklake Campus, Atlanta GA","1087","56","12","3","0","WebPage|BreadcrumbList|ChildCare|Preschool|EducationalOrganization|LocalBusiness","",""
"https://x3yyntt5tp-staging.wpdns.site/es/locations/parklake-campus/","https://x3yyntt5tp-staging.wpdns.site/es/locations/parklake-campus/","200","text/html; charset=UTF-8","1581","Campus Parklake, Atlanta GA | Campus de Chroma","46","Conoce Campus Parklake, Atlanta GA en Atlanta y descubre programas de cuidado infantil y preescolar de Chroma para tu familia.","126","max-image-preview:large","https://x3yyntt5tp-staging.wpdns.site/es/locations/parklake-campus/","1","Campus Parklake, Atlanta GA","1128","56","12","3","0","WebPage|BreadcrumbList|ChildCare|Preschool|EducationalOrganization|LocalBusiness","",""
"https://x3yyntt5tp-staging.wpdns.site/","https://x3yyntt5tp-staging.wpdns.site/","200","text/html; charset=UTF-8","1573","Chroma Early Learning Academy | Daycare & Preschool in Metro Atl…","65","Discover Chroma Early Learning Academy for daycare, preschool, GA Pre-K, and family-focused early education across Metro Atlanta.","129","max-image-preview:large","https://x3yyntt5tp-staging.wpdns.site/","1","The art of growing up.","2945","142","6","3","0","EducationalOrganization|FAQPage|Person","",""
"https://x3yyntt5tp-staging.wpdns.site/programs/rising-kindergarten/","https://x3yyntt5tp-staging.wpdns.site/programs/rising-kindergarten/","200","text/html; charset=UTF-8","1476","Rising Kindergarten | Chroma Early Learning Academy","51","Our Rising Kindergarten Summer Program is a specialized 6-week curriculum designed to solidify early reading, mathematical reasoning, and vital executive function skills, ensuring your child is 100% prepared for day one of...","225","max-image-preview:large","https://x3yyntt5tp-staging.wpdns.site/programs/rising-kindergarten/","1","Step into Kindergarten with absolute confidence.","711","47","6","3","0","BreadcrumbList|Service|Course","",""
"https://x3yyntt5tp-staging.wpdns.site/es/programs/rising-kindergarten/","https://x3yyntt5tp-staging.wpdns.site/es/programs/rising-kindergarten/","200","text/html; charset=UTF-8","1488","Kindergarten en ascenso | Programa de Chroma","44","Ayuda a tu hijo a prepararse para kindergarten con aprendizaje basado en el juego, rutinas escolares y apoyo de maestros de Chroma Early Learning Academy.","154","max-image-preview:large","https://x3yyntt5tp-staging.wpdns.site/es/programs/rising-kindergarten/","1","Step into Kindergarten with absolute confidence.","708","47","6","3","0","BreadcrumbList|Service|Course","",""
"https://x3yyntt5tp-staging.wpdns.site/programs/rising-pre-k/","https://x3yyntt5tp-staging.wpdns.site/programs/rising-pre-k/","200","text/html; charset=UTF-8","1461","Rising Pre-K | Chroma Early Learning Academy","44","Transitioning into a structured Pre-K environment is a massive developmental leap. Our Rising Pre-K Summer Program is an intensive, joyful 6-week bridge designed to build classroom routines, social-emotional resilience, and early literacy...","241","max-image-preview:large","https://x3yyntt5tp-staging.wpdns.site/programs/rising-pre-k/","1","The perfect stepping stone to Pre-K.","705","47","6","3","0","BreadcrumbList|Service|Course","",""
"https://x3yyntt5tp-staging.wpdns.site/es/programs/rising-pre-k/","https://x3yyntt5tp-staging.wpdns.site/es/programs/rising-pre-k/","200","text/html; charset=UTF-8","1490","Pre-K en ascenso | Programa de Chroma","37","Prepara a tu hijo de 4 a 5 años para Pre-K con un programa alegre y práctico de Chroma Early Learning Academy. Conoce el programa y agenda una visita.","150","max-image-preview:large","https://x3yyntt5tp-staging.wpdns.site/es/programs/rising-pre-k/","1","The perfect stepping stone to Pre-K.","702","47","6","3","0","BreadcrumbList|Service|Course","",""
"https://x3yyntt5tp-staging.wpdns.site/programs/kindergarten/","https://x3yyntt5tp-staging.wpdns.site/programs/kindergarten/","200","text/html; charset=UTF-8","1532","Kindergarten | Chroma Early Learning Academy","44","Discover Chroma Early Learning Academy's engaging Kindergarten program. Fostering creativity, collaboration, and academic growth in a supportive environment.","157","max-image-preview:large","https://x3yyntt5tp-staging.wpdns.site/programs/kindergarten/","1","The ultimate foundation for 1st grade.","809","48","6","3","0","BreadcrumbList|Service|Course","",""
"https://x3yyntt5tp-staging.wpdns.site/es/programs/kindergarten/","https://x3yyntt5tp-staging.wpdns.site/es/programs/kindergarten/","200","text/html; charset=UTF-8","1500","Programa de kindergarten | Chroma Early Learning Academy","56","Descubre el programa de kindergarten de Chroma Early Learning Academy, diseñado para fortalecer la confianza, la curiosidad y la preparación para primer grado.","159","max-image-preview:large","https://x3yyntt5tp-staging.wpdns.site/es/programs/kindergarten/","1","La base definitiva para primer grado.","850","48","6","3","0","BreadcrumbList|Service|Course","",""
"https://x3yyntt5tp-staging.wpdns.site/locations/chroma-early-learning-academy-stockbridge/","https://x3yyntt5tp-staging.wpdns.site/locations/chroma-early-learning-academy-stockbridge/","200","text/html; charset=UTF-8","1492","Chroma Early Learning Academy Stockbridge Campus Opening May 2026","65","Chroma Early Learning Academy @ Stockbridge — New Campus! in South Metro. Quality childcare, preschool, and after-school programs. Enroll today!","144","max-image-preview:large","https://x3yyntt5tp-staging.wpdns.site/locations/chroma-early-learning-academy-stockbridge/","1","Stockbridge Campus","880","56","12","3","0","WebPage|BreadcrumbList|ChildCare|Preschool|EducationalOrganization|LocalBusiness","",""
"https://x3yyntt5tp-staging.wpdns.site/es/locations/chroma-early-learning-academy-stockbridge/","https://x3yyntt5tp-staging.wpdns.site/es/locations/chroma-early-learning-academy-stockbridge/","200","text/html; charset=UTF-8","559","Campus Stockbridge | Campus de Chroma","37","¡Próximamente en South Metro en mayo de 2026!Chroma Early Learning Academy se expande a South Metro. Las inscripciones abren pronto. ¡Únete a la lista de esper…","160","max-image-preview:large","https://x3yyntt5tp-staging.wpdns.site/es/locations/chroma-early-learning-academy-stockbridge/","1","Campus Stockbridge","951","56","12","3","0","WebPage|BreadcrumbList|ChildCare|Preschool|EducationalOrganization|LocalBusiness","",""
"https://x3yyntt5tp-staging.wpdns.site/locations/chroma-early-learning-academy-grayson/","https://x3yyntt5tp-staging.wpdns.site/locations/chroma-early-learning-academy-grayson/","200","text/html; charset=UTF-8","716","Grayson Campus: Quality Childcare & Preschool Programs | Chroma","63","Chroma Early Learning Academy @ Grayson — New Campus! in Gwinnett County. Quality childcare, preschool, and after-school programs. Enroll today!","144","max-image-preview:large","https://x3yyntt5tp-staging.wpdns.site/locations/chroma-early-learning-academy-grayson/","1","Grayson Campus","870","56","12","15","0","WebPage|BreadcrumbList|EducationalOrganization|LocalBusiness|Service|ChildCare|Course|SpecialAnnouncement|Event|ItemList|CollectionPage|Person","",""
"https://x3yyntt5tp-staging.wpdns.site/es/locations/chroma-early-learning-academy-grayson/","https://x3yyntt5tp-staging.wpdns.site/es/locations/chroma-early-learning-academy-grayson/","200","text/html; charset=UTF-8","498","Campus Grayson | Campus de Chroma","33","¡Próximamente en mayo de 2026 en el condado de Gwinnett!Chroma Early Learning Academy se expande al condado de Gwinnett. Las inscripciones abren pronto. ¡Únase…","160","max-image-preview:large","https://x3yyntt5tp-staging.wpdns.site/es/locations/chroma-early-learning-academy-grayson/","1","Campus Grayson","944","56","12","15","0","WebPage|BreadcrumbList|EducationalOrganization|LocalBusiness|Service|ChildCare|Course|SpecialAnnouncement|Event|ItemList|CollectionPage|Person","",""
"https://x3yyntt5tp-staging.wpdns.site/locations/chroma-early-learning-academy-sugarloaf-pkwy/","https://x3yyntt5tp-staging.wpdns.site/locations/chroma-early-learning-academy-sugarloaf-pkwy/","200","text/html; charset=UTF-8","507","Sugarloaf Pkwy Campus | Chroma Early Learning Academy","53","Chroma Early Learning Academy @ Sugarloaf Pkwy — New Campus! in Gwinnett County. Quality childcare, preschool, and after-school programs. Enroll today!","151","max-image-preview:large","https://x3yyntt5tp-staging.wpdns.site/locations/chroma-early-learning-academy-sugarloaf-pkwy/","1","Sugarloaf Pkwy Campus","871","56","12","15","0","WebPage|BreadcrumbList|EducationalOrganization|LocalBusiness|Service|ChildCare|Course|SpecialAnnouncement|Event|ItemList|CollectionPage|Person","",""
"https://x3yyntt5tp-staging.wpdns.site/es/locations/chroma-early-learning-academy-sugarloaf-pkwy/","https://x3yyntt5tp-staging.wpdns.site/es/locations/chroma-early-learning-academy-sugarloaf-pkwy/","200","text/html; charset=UTF-8","540","Campus Sugarloaf Pkwy | Campus de Chroma","40","¡Próximamente en Mayo de 2026 en el Condado de Gwinnett!Chroma Early Learning Academy se expande al Condado de Gwinnett. Las inscripciones abren pronto. ¡Únete…","160","max-image-preview:large","https://x3yyntt5tp-staging.wpdns.site/es/locations/chroma-early-learning-academy-sugarloaf-pkwy/","1","Campus Sugarloaf Pkwy","946","56","12","15","0","WebPage|BreadcrumbList|EducationalOrganization|LocalBusiness|Service|ChildCare|Course|SpecialAnnouncement|Event|ItemList|CollectionPage|Person","",""
"https://x3yyntt5tp-staging.wpdns.site/locations/chroma-early-learning-academy-chadwick/","https://x3yyntt5tp-staging.wpdns.site/locations/chroma-early-learning-academy-chadwick/","200","text/html; charset=UTF-8","511","Chadwick Campus | Chroma Early Learning Academy","47","Chroma Early Learning Academy Chadwick Campus at 1479 Purcell Rd, Lawrenceville, GA 30043. Quality daycare, preschool, Pre-K, and after-school programs for ages 6 weeks to 12 years. Open 6:30am–6:30pm. Enroll...","211","max-image-preview:large","https://x3yyntt5tp-staging.wpdns.site/locations/chroma-early-learning-academy-chadwick/","1","Chadwick Campus","886","55","12","15","0","WebPage|BreadcrumbList|EducationalOrganization|LocalBusiness|Service|ChildCare|Course|SpecialAnnouncement|Event|ItemList|CollectionPage|Person","",""
"https://x3yyntt5tp-staging.wpdns.site/es/locations/chroma-early-learning-academy-chadwick/","https://x3yyntt5tp-staging.wpdns.site/es/locations/chroma-early-learning-academy-chadwick/","200","text/html; charset=UTF-8","593","Guardería y Preescolar en Lawrenceville, GA | Chroma Chadwick","61","Campus Chadwick de Chroma Early Learning Academy en 1479 Purcell Rd, Lawrenceville, GA 30043. Guardería, preescolar y programas extraescolares de calidad. ¡Ins…","160","max-image-preview:large","https://x3yyntt5tp-staging.wpdns.site/es/locations/chroma-early-learning-academy-chadwick/","1","Campus Chadwick — Guardería y Preescolar en Lawrenceville, GA","1010","55","12","15","0","WebPage|BreadcrumbList|EducationalOrganization|LocalBusiness|Service|ChildCare|Course|SpecialAnnouncement|Event|ItemList|CollectionPage|Person","",""
"https://x3yyntt5tp-staging.wpdns.site/summer-camp-discover-go/","https://x3yyntt5tp-staging.wpdns.site/summer-camp-discover-go/","200","text/html; charset=UTF-8","290","Summer Camp Discover, Go! | Chroma Early Learning Academy","57","Learn about Chroma summer camp programs with seasonal themes, hands-on activities, and fun experiences for school-age children.","127","max-image-preview:large","https://x3yyntt5tp-staging.wpdns.site/summer-camp-discover-go/","1","A Summer of Discovery.","919","100","6","9","0","BreadcrumbList|Person|Service|Course|Event|FAQPage|ItemList|WebPage|LocalBusiness","",""
"https://x3yyntt5tp-staging.wpdns.site/es/summer-camp-discover-go/","https://x3yyntt5tp-staging.wpdns.site/es/summer-camp-discover-go/","200","text/html; charset=UTF-8","277","Campamento de verano Discover, Go! | Chroma Early Learning Acade…","65","Conoce los campamentos de verano de Chroma con temas de temporada, actividades prácticas y experiencias divertidas para niños mayores.","134","max-image-preview:large","https://x3yyntt5tp-staging.wpdns.site/es/summer-camp-discover-go/","1","Un verano de descubrimiento.","923","100","6","9","0","BreadcrumbList|Person|Service|Course|Event|FAQPage|ItemList|WebPage|LocalBusiness","",""
"https://x3yyntt5tp-staging.wpdns.site/chroma-early-start/","https://x3yyntt5tp-staging.wpdns.site/chroma-early-start/","200","text/html; charset=UTF-8","271","Chroma Early Start | Pediatric Therapy","38","Explore Chroma Early Start for speech, occupational, and ABA therapy support connected with early childhood education.","118","max-image-preview:large","https://x3yyntt5tp-staging.wpdns.site/chroma-early-start/","1","Every child blooms at their own pace.","388","49","8","2","0","BreadcrumbList|Person","",""
"https://x3yyntt5tp-staging.wpdns.site/2026/01/13/explore-the-link-between-care-quality-and-education-pricing/","https://x3yyntt5tp-staging.wpdns.site/2026/01/13/explore-the-link-between-care-quality-and-education-pricing/","200","text/html; charset=UTF-8","335","Explore the Link Between Care Quality and Education Pricing | Chroma Early Learning Academy","91","Uncover how the quality of care influences pricing in early childhood education services. Understand the connection for better decisions in care and education.","159","max-image-preview:large","https://x3yyntt5tp-staging.wpdns.site/2026/01/13/explore-the-link-between-care-quality-and-education-pricing/","1","Explore the Link Between Care Quality and Education Pricing","5337","13","8","3","0","BreadcrumbList|Person|BlogPosting","",""
"https://x3yyntt5tp-staging.wpdns.site/es/2026/01/13/explore-the-link-between-care-quality-and-education-pricing/","https://x3yyntt5tp-staging.wpdns.site/es/2026/01/13/explore-the-link-between-care-quality-and-education-pricing/","200","text/html; charset=UTF-8","393","Artículo de Chroma: Explore the Link Between Care Quality and Ed…","65","Cómo la Calidad de la Atención Influye en los Precios de los Servicios de Educación InfantilLa atención de alta calidad en la educación infantil se refiere a c…","160","max-image-preview:large","https://x3yyntt5tp-staging.wpdns.site/es/2026/01/13/explore-the-link-between-care-quality-and-education-pricing/","1","Explore the Link Between Care Quality and Education Pricing","7107","11","7","3","0","BreadcrumbList|Person|BlogPosting","",""
"https://x3yyntt5tp-staging.wpdns.site/2026/01/07/early-education-expansion-chroma-academys-19-new-locations/","https://x3yyntt5tp-staging.wpdns.site/2026/01/07/early-education-expansion-chroma-academys-19-new-locations/","200","text/html; charset=UTF-8","297","Chroma Academy: New Early Education in Metro Atlanta","52","Chroma Academy expands with 19 new locations in Metro Atlanta. Experience quality early education, safe childcare, and engaging programs for your little ones.","158","max-image-preview:large","https://x3yyntt5tp-staging.wpdns.site/2026/01/07/early-education-expansion-chroma-academys-19-new-locations/","1","Early Education Expansion: Chroma Academy’s 19 New Locations","1394","36","5","3","0","BreadcrumbList|Person|BlogPosting","",""
"https://x3yyntt5tp-staging.wpdns.site/es/2026/01/07/early-education-expansion-chroma-academys-19-new-locations/","https://x3yyntt5tp-staging.wpdns.site/es/2026/01/07/early-education-expansion-chroma-academys-19-new-locations/","200","text/html; charset=UTF-8","322","Artículo de Chroma: Expansión de Educación Temprana: 19 Nuevas U…","65","Chroma Academy: ¡19 Ubicaciones Abiertas Ahora!Chroma Early Learning Academy está creciendo — ahora sirviendo a familias en 19 ubicaciones en todo Metro Atlant…","160","max-image-preview:large","https://x3yyntt5tp-staging.wpdns.site/es/2026/01/07/early-education-expansion-chroma-academys-19-new-locations/","1","Expansión de Educación Temprana: 19 Nuevas Ubicaciones de Chroma Academy","1771","35","5","3","0","BreadcrumbList|Person|BlogPosting","",""
"https://x3yyntt5tp-staging.wpdns.site/terms-of-service/","https://x3yyntt5tp-staging.wpdns.site/terms-of-service/","200","text/html; charset=UTF-8","270","Terms of Service | Chroma Early Learning Academy","48","Review Chroma Early Learning Academy terms of service, including enrollment, billing, attendance, and family policy information.","128","max-image-preview:large","https://x3yyntt5tp-staging.wpdns.site/terms-of-service/","1","Terms of Service","909","45","5","2","0","BreadcrumbList|Person","",""
"https://x3yyntt5tp-staging.wpdns.site/es/terms-of-service/","https://x3yyntt5tp-staging.wpdns.site/es/terms-of-service/","200","text/html; charset=UTF-8","297","Términos de servicio | Chroma Early Learning Academy","52","Consulta los términos de servicio de Chroma Early Learning Academy, incluyendo inscripción, facturación, asistencia y políticas familiares.","139","max-image-preview:large","https://x3yyntt5tp-staging.wpdns.site/es/terms-of-service/","1","Términos de Servicio","905","45","5","2","0","BreadcrumbList|Person","",""
"https://x3yyntt5tp-staging.wpdns.site/2025/12/29/promoting-healthy-eating-habits-for-young-children/","https://x3yyntt5tp-staging.wpdns.site/2025/12/29/promoting-healthy-eating-habits-for-young-children/","200","text/html; charset=UTF-8","394","Healthy Eating Habits for Young Children: Chroma's Guide","56","Nurturing Healthy Eaters: Practical Nutrition Guidelines for Young Children Good nutrition in the early years shapes growth, learning, and lifelong health. This guide lays out clear nutrition basics and everyday...","214","max-image-preview:large","https://x3yyntt5tp-staging.wpdns.site/2025/12/29/promoting-healthy-eating-habits-for-young-children/","1","Promoting Healthy Eating Habits for Young Children","1720","37","7","5","0","BreadcrumbList|Person|BlogPosting|Article|Organization","",""
"https://x3yyntt5tp-staging.wpdns.site/es/2025/12/29/promoting-healthy-eating-habits-for-young-children/","https://x3yyntt5tp-staging.wpdns.site/es/2025/12/29/promoting-healthy-eating-habits-for-young-children/","200","text/html; charset=UTF-8","293","Artículo de Chroma: Fomentando hábitos alimenticios saludables e…","65","Nutrición infantil: Guía práctica para crear hábitos alimenticios saludablesUna buena nutrición en los primeros años de vida moldea el crecimiento, el aprendiz…","160","max-image-preview:large","https://x3yyntt5tp-staging.wpdns.site/es/2025/12/29/promoting-healthy-eating-habits-for-young-children/","1","Fomentando hábitos alimenticios saludables en niños pequeños","2123","36","8","5","0","BreadcrumbList|Person|BlogPosting|Article|Organization","",""
"https://x3yyntt5tp-staging.wpdns.site/2025/12/29/home-daycare-vs-childcare-center-a-comparison/","https://x3yyntt5tp-staging.wpdns.site/2025/12/29/home-daycare-vs-childcare-center-a-comparison/","200","text/html; charset=UTF-8","360","Home Daycare vs. Childcare: Compare Options | Chroma 2025","57","Home Daycare vs. Childcare Center: A Comprehensive Comparison for Metro Atlanta Parents Choosing between a home daycare and a childcare center is one of the most practical decisions a Metro...","192","max-image-preview:large","https://x3yyntt5tp-staging.wpdns.site/2025/12/29/home-daycare-vs-childcare-center-a-comparison/","1","Home Daycare vs. Childcare Center: A Comparison","2550","16","4","5","0","BreadcrumbList|Person|BlogPosting|Article|Organization","",""
"https://x3yyntt5tp-staging.wpdns.site/es/2025/12/29/home-daycare-vs-childcare-center-a-comparison/","https://x3yyntt5tp-staging.wpdns.site/es/2025/12/29/home-daycare-vs-childcare-center-a-comparison/","200","text/html; charset=UTF-8","351","Artículo de Chroma: Guardería en Casa vs. Centro de Cuidado Infa…","65","Guardería en Casa vs. Centro de Cuidado Infantil: Una Comparación Integral para Padres del Área Metropolitana de AtlantaElegir entre una guardería en casa y un…","160","max-image-preview:large","https://x3yyntt5tp-staging.wpdns.site/es/2025/12/29/home-daycare-vs-childcare-center-a-comparison/","1","Guardería en Casa vs. Centro de Cuidado Infantil: Una Comparación","3520","11","3","5","0","BreadcrumbList|Person|BlogPosting|Article|Organization","",""
"https://x3yyntt5tp-staging.wpdns.site/2025/12/29/strategies-for-supporting-children-with-autism-spectrum-disorder/","https://x3yyntt5tp-staging.wpdns.site/2025/12/29/strategies-for-supporting-children-with-autism-spectrum-disorder/","200","text/html; charset=UTF-8","322","Autism Support Strategies: A Guide for Parents | Chroma","55","Effective Autism Early Intervention Strategies: Supporting Children with Autism Spectrum Disorder Supporting a child with Autism Spectrum Disorder (ASD) means combining attentive observation with practical, evidence-informed strategies. This guide covers...","257","max-image-preview:large","https://x3yyntt5tp-staging.wpdns.site/2025/12/29/strategies-for-supporting-children-with-autism-spectrum-disorder/","1","Strategies for Supporting Children with Autism Spectrum Disorder","1475","13","9","5","0","BreadcrumbList|Person|BlogPosting|Article|Organization","",""
"https://x3yyntt5tp-staging.wpdns.site/es/2025/12/29/strategies-for-supporting-children-with-autism-spectrum-disorder/","https://x3yyntt5tp-staging.wpdns.site/es/2025/12/29/strategies-for-supporting-children-with-autism-spectrum-disorder/","200","text/html; charset=UTF-8","311","Artículo de Chroma: Estrategias para apoyar a niños con Trastorn…","65","Estrategias efectivas de intervención temprana para el autismo: Apoyando a niños con Trastorno del Espectro AutistaApoyar a un niño con Trastorno del Espectro…","159","max-image-preview:large","https://x3yyntt5tp-staging.wpdns.site/es/2025/12/29/strategies-for-supporting-children-with-autism-spectrum-disorder/","1","Estrategias para apoyar a niños con Trastorno del Espectro Autista","1932","11","9","5","0","BreadcrumbList|Person|BlogPosting|Article|Organization","",""
"https://x3yyntt5tp-staging.wpdns.site/2025/12/29/fostering-emotional-readiness-for-kindergarten-success/","https://x3yyntt5tp-staging.wpdns.site/2025/12/29/fostering-emotional-readiness-for-kindergarten-success/","200","text/html; charset=UTF-8","342","Kindergarten Readiness: Emotional Growth Guide by Chroma","56","Preparing Children Emotionally for Kindergarten: Growing Social-Emotional Skills and Self‑Regulation Emotional readiness shapes how well a child adapts, learns, and connects when they start kindergarten. This guide explains why those...","236","max-image-preview:large","https://x3yyntt5tp-staging.wpdns.site/2025/12/29/fostering-emotional-readiness-for-kindergarten-success/","1","Fostering Emotional Readiness for Kindergarten Success","1677","13","7","5","0","BreadcrumbList|Person|BlogPosting|Article|Organization","",""
"https://x3yyntt5tp-staging.wpdns.site/es/2025/12/29/fostering-emotional-readiness-for-kindergarten-success/","https://x3yyntt5tp-staging.wpdns.site/es/2025/12/29/fostering-emotional-readiness-for-kindergarten-success/","200","text/html; charset=UTF-8","317","Artículo de Chroma: Fomentando la preparación emocional para el…","64","Preparando a los niños emocionalmente para el jardín de infantes: Fomentando las habilidades socioemocionales y la autorregulaciónLa preparación emocional mold…","160","max-image-preview:large","https://x3yyntt5tp-staging.wpdns.site/es/2025/12/29/fostering-emotional-readiness-for-kindergarten-success/","1","Fomentando la preparación emocional para el éxito en el jardín de infantes","2183","11","8","5","0","BreadcrumbList|Person|BlogPosting|Article|Organization","",""
"https://x3yyntt5tp-staging.wpdns.site/2025/12/29/understanding-childcare-accreditation-its-importance/","https://x3yyntt5tp-staging.wpdns.site/2025/12/29/understanding-childcare-accreditation-its-importance/","200","text/html; charset=UTF-8","353","Childcare Accreditation: Why It Matters | Chroma","48","Childcare Accreditation — What It Means, Why It Matters, and How to Choose Quality Early Learning Accreditation is one of the clearest signals that an early learning program goes beyond...","188","max-image-preview:large","https://x3yyntt5tp-staging.wpdns.site/2025/12/29/understanding-childcare-accreditation-its-importance/","1","Understanding Childcare Accreditation & Its Importance","1709","39","8","5","0","BreadcrumbList|Person|BlogPosting|Article|Organization","",""
"https://x3yyntt5tp-staging.wpdns.site/es/2025/12/29/understanding-childcare-accreditation-its-importance/","https://x3yyntt5tp-staging.wpdns.site/es/2025/12/29/understanding-childcare-accreditation-its-importance/","200","text/html; charset=UTF-8","314","Artículo de Chroma: Entendiendo la acreditación del cuidado infa…","65","Acreditación del cuidado infantil: qué significa, por qué es importante y cómo elegir aprendizaje temprano de calidadLa acreditación es una de las señales más…","159","max-image-preview:large","https://x3yyntt5tp-staging.wpdns.site/es/2025/12/29/understanding-childcare-accreditation-its-importance/","1","Entendiendo la acreditación del cuidado infantil y su importancia","2158","38","8","5","0","BreadcrumbList|Person|BlogPosting|Article|Organization","",""
"https://x3yyntt5tp-staging.wpdns.site/2025/12/29/top-questions-to-ask-childcare-providers/","https://x3yyntt5tp-staging.wpdns.site/2025/12/29/top-questions-to-ask-childcare-providers/","200","text/html; charset=UTF-8","349","Childcare Questions: A 2025 Guide by Chroma","43","Top Questions to Ask Childcare Providers: Your Essential Daycare Interview and Vetting Guide Choosing childcare ranks among the most consequential decisions a parent makes, and this guide equips you with...","206","max-image-preview:large","https://x3yyntt5tp-staging.wpdns.site/2025/12/29/top-questions-to-ask-childcare-providers/","1","Top Questions to Ask Childcare Providers","3210","14","4","5","0","BreadcrumbList|Person|BlogPosting|Article|Organization","",""
"https://x3yyntt5tp-staging.wpdns.site/es/2025/12/29/top-questions-to-ask-childcare-providers/","https://x3yyntt5tp-staging.wpdns.site/es/2025/12/29/top-questions-to-ask-childcare-providers/","200","text/html; charset=UTF-8","349","Artículo de Chroma: Preguntas clave para hacer a los proveedores…","65","Preguntas clave para hacer a los proveedores de cuidado infantil: Su guía esencial para entrevistas y verificación de guarderíasElegir el cuidado infantil se e…","160","max-image-preview:large","https://x3yyntt5tp-staging.wpdns.site/es/2025/12/29/top-questions-to-ask-childcare-providers/","1","Preguntas clave para hacer a los proveedores de cuidado infantil","4264","11","3","5","0","BreadcrumbList|Person|BlogPosting|Article|Organization","",""
"https://x3yyntt5tp-staging.wpdns.site/2025/12/29/helping-children-cope-with-family-changes/","https://x3yyntt5tp-staging.wpdns.site/2025/12/29/helping-children-cope-with-family-changes/","200","text/html; charset=UTF-8","326","Helping Children Cope with Family Changes: Chroma's Guide","57","chromaparents Helping Children Through Family Changes: Emotional Support and Resilience Strategies Changes at home — like a move or divorce — can shake a child’s sense of safety. Knowing how...","193","max-image-preview:large","https://x3yyntt5tp-staging.wpdns.site/2025/12/29/helping-children-cope-with-family-changes/","1","Helping Children Cope with Family Changes","1488","39","9","5","0","BreadcrumbList|Person|BlogPosting|Article|Organization","",""
"https://x3yyntt5tp-staging.wpdns.site/es/2025/12/29/helping-children-cope-with-family-changes/","https://x3yyntt5tp-staging.wpdns.site/es/2025/12/29/helping-children-cope-with-family-changes/","200","text/html; charset=UTF-8","358","Artículo de Chroma: Ayudando a los niños a afrontar los cambios…","64","chromapadresAyudando a los niños a superar los cambios familiares: Apoyo emocional y estrategias de resilienciaLos cambios en el hogar, como una mudanza o un d…","160","max-image-preview:large","https://x3yyntt5tp-staging.wpdns.site/es/2025/12/29/helping-children-cope-with-family-changes/","1","Ayudando a los niños a afrontar los cambios familiares","1829","36","8","5","0","BreadcrumbList|Person|BlogPosting|Article|Organization","",""
"https://x3yyntt5tp-staging.wpdns.site/2025/12/29/helping-children-cope-with-stress-anxiety/","https://x3yyntt5tp-staging.wpdns.site/2025/12/29/helping-children-cope-with-stress-anxiety/","200","text/html; charset=UTF-8","362","Helping Children Cope with Stress & Anxiety: Chroma's Guide","59","Helping Children Cope with Stress & Anxiety: Practical Coping Skills and Parenting Strategies Children today meet a lot of demands at home, school, and online — and those demands can...","185","max-image-preview:large","https://x3yyntt5tp-staging.wpdns.site/2025/12/29/helping-children-cope-with-stress-anxiety/","1","Helping Children Cope with Stress & Anxiety","1508","32","8","5","0","BreadcrumbList|Person|BlogPosting|Article|Organization","",""
"https://x3yyntt5tp-staging.wpdns.site/es/2025/12/29/helping-children-cope-with-stress-anxiety/","https://x3yyntt5tp-staging.wpdns.site/es/2025/12/29/helping-children-cope-with-stress-anxiety/","200","text/html; charset=UTF-8","335","Artículo de Chroma: Ayudando a los niños a lidiar con el estrés…","64","Ayudando a los niños a lidiar con el estrés y la ansiedad: habilidades de afrontamiento prácticas y estrategias para padresLos niños de hoy se enfrentan a much…","160","max-image-preview:large","https://x3yyntt5tp-staging.wpdns.site/es/2025/12/29/helping-children-cope-with-stress-anxiety/","1","Ayudando a los niños a lidiar con el estrés y la ansiedad","1898","32","7","5","0","BreadcrumbList|Person|BlogPosting|Article|Organization","",""
"https://x3yyntt5tp-staging.wpdns.site/2025/12/29/strategies-for-preventing-childhood-obesity/","https://x3yyntt5tp-staging.wpdns.site/2025/12/29/strategies-for-preventing-childhood-obesity/","200","text/html; charset=UTF-8","345","Preventing Childhood Obesity: Chroma's Strategies & Tips","56","Effective Strategies for Preventing Childhood Obesity: Healthy Habits and Parental Guidance Childhood obesity prevention means establishing consistent nutrition, activity, sleep, and screen-time habits during the early years to support healthy...","246","max-image-preview:large","https://x3yyntt5tp-staging.wpdns.site/2025/12/29/strategies-for-preventing-childhood-obesity/","1","Strategies for Preventing Childhood Obesity","3464","14","4","5","0","BreadcrumbList|Person|BlogPosting|Article|Organization","",""
"https://x3yyntt5tp-staging.wpdns.site/es/2025/12/29/strategies-for-preventing-childhood-obesity/","https://x3yyntt5tp-staging.wpdns.site/es/2025/12/29/strategies-for-preventing-childhood-obesity/","200","text/html; charset=UTF-8","373","Artículo de Chroma: Estrategias para la Prevención de la Obesida…","65","Estrategias efectivas para la prevención de la obesidad infantil: hábitos saludables y orientación parentalLa prevención de la obesidad infantil significa esta…","160","max-image-preview:large","https://x3yyntt5tp-staging.wpdns.site/es/2025/12/29/strategies-for-preventing-childhood-obesity/","1","Estrategias para la Prevención de la Obesidad Infantil","4761","11","4","5","0","BreadcrumbList|Person|BlogPosting|Article|Organization","",""
"https://x3yyntt5tp-staging.wpdns.site/2025/12/27/recognizing-developmental-red-flags-in-children/","https://x3yyntt5tp-staging.wpdns.site/2025/12/27/recognizing-developmental-red-flags-in-children/","200","text/html; charset=UTF-8","347","Chroma's Guide: Recognizing Child Development Red Flags","55","Recognizing Developmental Red Flags in Children: A Practical Parent’s Guide to Early Milestones and Concerns Noticing possible developmental concerns early makes a real difference. This guide helps parents spot common...","220","max-image-preview:large","https://x3yyntt5tp-staging.wpdns.site/2025/12/27/recognizing-developmental-red-flags-in-children/","1","Recognizing Developmental Red Flags in Children","1844","13","9","5","0","BreadcrumbList|Person|BlogPosting|Article|Organization","",""
"https://x3yyntt5tp-staging.wpdns.site/es/2025/12/27/recognizing-developmental-red-flags-in-children/","https://x3yyntt5tp-staging.wpdns.site/es/2025/12/27/recognizing-developmental-red-flags-in-children/","200","text/html; charset=UTF-8","366","Artículo de Chroma: Reconociendo las Señales de Alerta del Desar…","65","Reconociendo las Señales de Alerta del Desarrollo Infantil: Guía Práctica para Padres sobre Hitos y Preocupaciones TempranasNotar posibles preocupaciones en el…","160","max-image-preview:large","https://x3yyntt5tp-staging.wpdns.site/es/2025/12/27/recognizing-developmental-red-flags-in-children/","1","Reconociendo las Señales de Alerta del Desarrollo Infantil","2256","11","7","5","0","BreadcrumbList|Person|BlogPosting|Article|Organization","",""
"https://x3yyntt5tp-staging.wpdns.site/2025/12/27/mastering-toddler-behavior-effective-tantrum-solutions/","https://x3yyntt5tp-staging.wpdns.site/2025/12/27/mastering-toddler-behavior-effective-tantrum-solutions/","200","text/html; charset=UTF-8","280","Toddler Tantrums: Effective Solutions by Chroma (2025)","54","Effectively manage toddler tantrums with practical strategies. Tackle behavior challenges head-on and foster a calm environment for your little one today!","154","max-image-preview:large","https://x3yyntt5tp-staging.wpdns.site/2025/12/27/mastering-toddler-behavior-effective-tantrum-solutions/","1","Mastering Toddler Behavior: Effective Tantrum Solutions","1651","12","6","5","0","BreadcrumbList|Person|BlogPosting|Article|Organization","",""
"https://x3yyntt5tp-staging.wpdns.site/es/2025/12/27/mastering-toddler-behavior-effective-tantrum-solutions/","https://x3yyntt5tp-staging.wpdns.site/es/2025/12/27/mastering-toddler-behavior-effective-tantrum-solutions/","200","text/html; charset=UTF-8","311","Artículo de Chroma: Dominando el comportamiento de los niños peq…","65","Calma en la Tormenta: Estrategias Prácticas para Manejar las Rabietas de los Niños Pequeños — Una Guía para Padres y CuidadoresLas rabietas de los niños pequeñ…","160","max-image-preview:large","https://x3yyntt5tp-staging.wpdns.site/es/2025/12/27/mastering-toddler-behavior-effective-tantrum-solutions/","1","Dominando el comportamiento de los niños pequeños: Soluciones efectivas para las rabietas","2007","11","8","5","0","BreadcrumbList|Person|BlogPosting|Article|Organization","",""
"https://x3yyntt5tp-staging.wpdns.site/2025/12/27/required-enrollment-forms-and-documents-for-registration/","https://x3yyntt5tp-staging.wpdns.site/2025/12/27/required-enrollment-forms-and-documents-for-registration/","200","text/html; charset=UTF-8","320","Chroma: Childcare Enrollment Forms & Documents (2025)","53","Georgia Childcare Enrollment: Your Complete Guide to Required Documents Starting childcare in Georgia comes with paperwork — and that can feel overwhelming. This guide breaks down the exact forms families...","207","max-image-preview:large","https://x3yyntt5tp-staging.wpdns.site/2025/12/27/required-enrollment-forms-and-documents-for-registration/","1","Required Enrollment Forms and Documents for Registration","1665","12","9","5","0","BreadcrumbList|Person|BlogPosting|Article|Organization","",""
"https://x3yyntt5tp-staging.wpdns.site/es/2025/12/27/required-enrollment-forms-and-documents-for-registration/","https://x3yyntt5tp-staging.wpdns.site/es/2025/12/27/required-enrollment-forms-and-documents-for-registration/","200","text/html; charset=UTF-8","334","Artículo de Chroma: Formularios y Documentos de Inscripción Requ…","65","Inscripción en Guarderías de Georgia: Su Guía Completa de Documentos RequeridosComenzar en una guardería en Georgia implica papeleo, lo cual puede ser abrumado…","160","max-image-preview:large","https://x3yyntt5tp-staging.wpdns.site/es/2025/12/27/required-enrollment-forms-and-documents-for-registration/","1","Formularios y Documentos de Inscripción Requeridos para el Registro","1977","11","6","5","0","BreadcrumbList|Person|BlogPosting|Article|Organization","",""
"https://x3yyntt5tp-staging.wpdns.site/2025/12/27/tips-for-effective-communication-with-toddlers/","https://x3yyntt5tp-staging.wpdns.site/2025/12/27/tips-for-effective-communication-with-toddlers/","200","text/html; charset=UTF-8","306","Toddler Communication Tips: Chroma's Guide","42","Tips for Effective Communication with Toddlers: Practical Strategies to Support Early Language Development Talking with toddlers matters — it shapes how they learn words, share feelings, and connect with the...","210","max-image-preview:large","https://x3yyntt5tp-staging.wpdns.site/2025/12/27/tips-for-effective-communication-with-toddlers/","1","Tips for Effective Communication with Toddlers","1578","12","8","5","0","BreadcrumbList|Person|BlogPosting|Article|Organization","",""
"https://x3yyntt5tp-staging.wpdns.site/es/2025/12/27/tips-for-effective-communication-with-toddlers/","https://x3yyntt5tp-staging.wpdns.site/es/2025/12/27/tips-for-effective-communication-with-toddlers/","200","text/html; charset=UTF-8","358","Artículo de Chroma: Consejos para una comunicación efectiva con…","64","Consejos para una comunicación efectiva con niños pequeños: Estrategias prácticas para apoyar el desarrollo del lenguaje tempranoHablar con los niños pequeños…","159","max-image-preview:large","https://x3yyntt5tp-staging.wpdns.site/es/2025/12/27/tips-for-effective-communication-with-toddlers/","1","Consejos para una comunicación efectiva con niños pequeños","1957","11","7","5","0","BreadcrumbList|Person|BlogPosting|Article|Organization","",""
"https://x3yyntt5tp-staging.wpdns.site/2025/12/26/supporting-cognitive-development-in-school-age-children/","https://x3yyntt5tp-staging.wpdns.site/2025/12/26/supporting-cognitive-development-in-school-age-children/","200","text/html; charset=UTF-8","328","Cognitive Development: Activities & Strategies for Kids","55","Supporting Cognitive Development in School-Age Children: Effective Activities and Strategies for Parents and Educators Cognitive development in school-age children refers to the growth of thinking skills that let a child...","223","max-image-preview:large","https://x3yyntt5tp-staging.wpdns.site/2025/12/26/supporting-cognitive-development-in-school-age-children/","1","Supporting Cognitive Development in School-Age Children","2922","13","4","5","0","BreadcrumbList|Person|BlogPosting|Article|Organization","",""
"https://x3yyntt5tp-staging.wpdns.site/es/2025/12/26/supporting-cognitive-development-in-school-age-children/","https://x3yyntt5tp-staging.wpdns.site/es/2025/12/26/supporting-cognitive-development-in-school-age-children/","200","text/html; charset=UTF-8","360","Artículo de Chroma: Apoyando el Desarrollo Cognitivo en Niños en…","65","Apoyando el Desarrollo Cognitivo en Niños en Edad Escolar: Actividades y Estrategias Efectivas para Padres y EducadoresEl desarrollo cognitivo en niños en edad…","160","max-image-preview:large","https://x3yyntt5tp-staging.wpdns.site/es/2025/12/26/supporting-cognitive-development-in-school-age-children/","1","Apoyando el Desarrollo Cognitivo en Niños en Edad Escolar","3891","12","3","5","0","BreadcrumbList|Person|BlogPosting|Article|Organization","",""
"https://x3yyntt5tp-staging.wpdns.site/2025/12/26/our-emergency-preparedness-plan-for-childcare-safety/","https://x3yyntt5tp-staging.wpdns.site/2025/12/26/our-emergency-preparedness-plan-for-childcare-safety/","200","text/html; charset=UTF-8","332","Chroma's Childcare Emergency Plan: Safety in 2025","49","Our Emergency Preparedness Plan for Childcare Safety: Comprehensive Childcare Emergency Preparedness Plan for Parents and Guardians Emergency preparedness for childcare settings is a formal program of policies, procedures, training, and...","239","max-image-preview:large","https://x3yyntt5tp-staging.wpdns.site/2025/12/26/our-emergency-preparedness-plan-for-childcare-safety/","1","Our Emergency Preparedness Plan for Childcare Safety","3167","13","2","5","0","BreadcrumbList|Person|BlogPosting|Article|Organization","",""
"https://x3yyntt5tp-staging.wpdns.site/es/2025/12/26/our-emergency-preparedness-plan-for-childcare-safety/","https://x3yyntt5tp-staging.wpdns.site/es/2025/12/26/our-emergency-preparedness-plan-for-childcare-safety/","200","text/html; charset=UTF-8","383","Artículo de Chroma: Nuestro Plan de Preparación para Emergencias…","65","Nuestro Plan de Preparación para Emergencias para la Seguridad Infantil: Plan Integral de Preparación para Emergencias en Guarderías para Padres y TutoresLa pr…","160","max-image-preview:large","https://x3yyntt5tp-staging.wpdns.site/es/2025/12/26/our-emergency-preparedness-plan-for-childcare-safety/","1","Nuestro Plan de Preparación para Emergencias para la Seguridad Infantil","4281","11","3","5","0","BreadcrumbList|Person|BlogPosting|Article|Organization","",""
"https://x3yyntt5tp-staging.wpdns.site/2025/12/26/typical-daily-schedule-in-our-infant-care-program/","https://x3yyntt5tp-staging.wpdns.site/2025/12/26/typical-daily-schedule-in-our-infant-care-program/","200","text/html; charset=UTF-8","354","Chroma Academy Infant Care: A Typical Daily Schedule in 2025","60","Typical Daily Schedule in Our Infant Care Program: A Comprehensive Guide to Infant Daycare Routines Chroma Early Learning Academy presents a clear, parent-focused explanation of what infants experience during a...","213","max-image-preview:large","https://x3yyntt5tp-staging.wpdns.site/2025/12/26/typical-daily-schedule-in-our-infant-care-program/","1","Typical Daily Schedule in Our Infant Care Program","3119","12","5","5","0","BreadcrumbList|Person|BlogPosting|Article|Organization","",""
"https://x3yyntt5tp-staging.wpdns.site/es/2025/12/26/typical-daily-schedule-in-our-infant-care-program/","https://x3yyntt5tp-staging.wpdns.site/es/2025/12/26/typical-daily-schedule-in-our-infant-care-program/","200","text/html; charset=UTF-8","317","Artículo de Chroma: Horario Diario Típico en Nuestro Programa de…","65","Horario Diario Típico en Nuestro Programa de Cuidado Infantil: Una Guía Integral de las Rutinas Diurnas para BebésChroma Early Learning Academy presenta una ex…","160","max-image-preview:large","https://x3yyntt5tp-staging.wpdns.site/es/2025/12/26/typical-daily-schedule-in-our-infant-care-program/","1","Horario Diario Típico en Nuestro Programa de Cuidado Infantil","4272","11","5","5","0","BreadcrumbList|Person|BlogPosting|Article|Organization","",""
"https://x3yyntt5tp-staging.wpdns.site/2025/12/26/the-benefits-of-play-based-learning-in-preschool/","https://x3yyntt5tp-staging.wpdns.site/2025/12/26/the-benefits-of-play-based-learning-in-preschool/","200","text/html; charset=UTF-8","327","Play-Based Learning: Chroma's Preschool Benefits in 2025","56","Unlocking Growth Through Play-Based Learning Play-based learning places purposeful play at the center of early childhood education, using child-led exploration and teacher-guided scaffolds to drive measurable development across cognitive, social-emotional,...","259","max-image-preview:large","https://x3yyntt5tp-staging.wpdns.site/2025/12/26/the-benefits-of-play-based-learning-in-preschool/","1","The Benefits of Play-Based Learning in Preschool","2785","13","6","5","0","BreadcrumbList|Person|BlogPosting|Article|Organization","",""
"https://x3yyntt5tp-staging.wpdns.site/es/2025/12/26/the-benefits-of-play-based-learning-in-preschool/","https://x3yyntt5tp-staging.wpdns.site/es/2025/12/26/the-benefits-of-play-based-learning-in-preschool/","200","text/html; charset=UTF-8","360","Artículo de Chroma: Los beneficios del aprendizaje basado en el…","64","Desbloqueando el crecimiento a través del aprendizaje basado en el juegoEl aprendizaje basado en el juego sitúa el juego con propósito en el centro de la educa…","160","max-image-preview:large","https://x3yyntt5tp-staging.wpdns.site/es/2025/12/26/the-benefits-of-play-based-learning-in-preschool/","1","Los beneficios del aprendizaje basado en el juego en preescolar","3899","11","7","5","0","BreadcrumbList|Person|BlogPosting|Article|Organization","",""
"https://x3yyntt5tp-staging.wpdns.site/2025/12/26/essential-resources-for-parents-of-special-needs-children/","https://x3yyntt5tp-staging.wpdns.site/2025/12/26/essential-resources-for-parents-of-special-needs-children/","200","text/html; charset=UTF-8","393","Atlanta Resources for Special Needs Parents: A 2025 Guide","57","Essential Resources for Parents of Children with Developmental Differences: Support, Programs, and Advocacy in Atlanta If you’re looking for clear, local guidance on screenings, therapies, legal protections, and community supports...","233","max-image-preview:large","https://x3yyntt5tp-staging.wpdns.site/2025/12/26/essential-resources-for-parents-of-special-needs-children/","1","Essential Resources for Parents of Special Needs Children","3348","14","7","5","0","BreadcrumbList|Person|BlogPosting|Article|Organization","",""
"https://x3yyntt5tp-staging.wpdns.site/es/2025/12/26/essential-resources-for-parents-of-special-needs-children/","https://x3yyntt5tp-staging.wpdns.site/es/2025/12/26/essential-resources-for-parents-of-special-needs-children/","200","text/html; charset=UTF-8","355","Artículo de Chroma: Recursos Esenciales para Padres de Niños con…","65","Recursos Esenciales para Padres de Niños con Diferencias en el Desarrollo: Apoyo, Programas y Defensa en AtlantaSi buscas una guía clara y local sobre exámenes…","160","max-image-preview:large","https://x3yyntt5tp-staging.wpdns.site/es/2025/12/26/essential-resources-for-parents-of-special-needs-children/","1","Recursos Esenciales para Padres de Niños con Necesidades Especiales","4318","11","7","5","0","BreadcrumbList|Person|BlogPosting|Article|Organization","",""
"https://x3yyntt5tp-staging.wpdns.site/2025/12/26/finding-support-groups-for-new-parents/","https://x3yyntt5tp-staging.wpdns.site/2025/12/26/finding-support-groups-for-new-parents/","200","text/html; charset=UTF-8","365","Metro Atlanta: Support Groups for New Parents in 2025","53","Finding Support Groups for New Parents: Your Practical Guide to Connection and Resources Becoming a new parent is joyful — and it can also bring fatigue, doubt, and loneliness. New...","183","max-image-preview:large","https://x3yyntt5tp-staging.wpdns.site/2025/12/26/finding-support-groups-for-new-parents/","1","Finding Support Groups for New Parents","3563","13","9","5","0","BreadcrumbList|Person|BlogPosting|Article|Organization","",""
"https://x3yyntt5tp-staging.wpdns.site/es/2025/12/26/finding-support-groups-for-new-parents/","https://x3yyntt5tp-staging.wpdns.site/es/2025/12/26/finding-support-groups-for-new-parents/","200","text/html; charset=UTF-8","435","Artículo de Chroma: Grupos de Apoyo para Padres Nuevos: Su Guía…","64","Encontrando Grupos de Apoyo para Padres Nuevos: Su Guía Práctica para Conectar y Encontrar RecursosSer un padre o madre primerizo es una experiencia maravillos…","160","max-image-preview:large","https://x3yyntt5tp-staging.wpdns.site/es/2025/12/26/finding-support-groups-for-new-parents/","1","Grupos de Apoyo para Padres Nuevos: Su Guía Práctica para Conectar y Encontrar Recursos","4678","11","9","5","0","BreadcrumbList|Person|BlogPosting|Article|Organization","",""
"https://x3yyntt5tp-staging.wpdns.site/2025/12/26/effective-positive-discipline-techniques-for-young-children/","https://x3yyntt5tp-staging.wpdns.site/2025/12/26/effective-positive-discipline-techniques-for-young-children/","200","text/html; charset=UTF-8","322","Positive Discipline Techniques for Young Children | Chroma","58","Effective Positive Discipline Techniques for Young Children: Strategies for Gentle Parenting and Behavior Management Positive discipline is an evidence-based approach that teaches children self-regulation, respect, and social skills through guidance...","252","max-image-preview:large","https://x3yyntt5tp-staging.wpdns.site/2025/12/26/effective-positive-discipline-techniques-for-young-children/","1","Effective Positive Discipline Techniques for Young Children","3154","14","4","5","0","BreadcrumbList|Person|BlogPosting|Article|Organization","",""
"https://x3yyntt5tp-staging.wpdns.site/es/2025/12/26/effective-positive-discipline-techniques-for-young-children/","https://x3yyntt5tp-staging.wpdns.site/es/2025/12/26/effective-positive-discipline-techniques-for-young-children/","200","text/html; charset=UTF-8","354","Artículo de Chroma: Técnicas Efectivas de Disciplina Positiva pa…","65","Técnicas Efectivas de Disciplina Positiva para Niños Pequeños: Estrategias para la Crianza Respetuosa y el Manejo del ComportamientoLa disciplina positiva es u…","160","max-image-preview:large","https://x3yyntt5tp-staging.wpdns.site/es/2025/12/26/effective-positive-discipline-techniques-for-young-children/","1","Técnicas Efectivas de Disciplina Positiva para Niños Pequeños","4056","11","4","5","0","BreadcrumbList|Person|BlogPosting|Article|Organization","",""
"https://x3yyntt5tp-staging.wpdns.site/2025/12/26/georgia-pre-k-eligibility-requirements-application-guide/","https://x3yyntt5tp-staging.wpdns.site/2025/12/26/georgia-pre-k-eligibility-requirements-application-guide/","200","text/html; charset=UTF-8","326","Georgia Pre-K: Eligibility & Application at Chroma (2025)","57","Georgia Pre-K Eligibility Requirements & Application Guide: How to Qualify and Apply for the State-Funded Program Georgia Pre-K is a state-funded early childhood education program designed to prepare eligible four-year-old...","225","max-image-preview:large","https://x3yyntt5tp-staging.wpdns.site/2025/12/26/georgia-pre-k-eligibility-requirements-application-guide/","1","Georgia Pre-K Eligibility Requirements & Application Guide","2891","12","5","5","0","BreadcrumbList|Person|BlogPosting|Article|Organization","",""
"https://x3yyntt5tp-staging.wpdns.site/es/2025/12/26/georgia-pre-k-eligibility-requirements-application-guide/","https://x3yyntt5tp-staging.wpdns.site/es/2025/12/26/georgia-pre-k-eligibility-requirements-application-guide/","200","text/html; charset=UTF-8","403","Artículo de Chroma: Guía de Requisitos de Elegibilidad y Solicit…","65","Guía de Requisitos de Elegibilidad y Solicitud para Pre-K de Georgia: Cómo Calificar y Solicitar el Programa Financiado por el EstadoGeorgia Pre-K es un progra…","160","max-image-preview:large","https://x3yyntt5tp-staging.wpdns.site/es/2025/12/26/georgia-pre-k-eligibility-requirements-application-guide/","1","Guía de Requisitos de Elegibilidad y Solicitud para Pre-K de Georgia","3847","11","3","5","0","BreadcrumbList|Person|BlogPosting|Article|Organization","",""
"https://x3yyntt5tp-staging.wpdns.site/2025/12/26/the-benefits-of-outdoor-learning-in-early-education/","https://x3yyntt5tp-staging.wpdns.site/2025/12/26/the-benefits-of-outdoor-learning-in-early-education/","200","text/html; charset=UTF-8","350","Outdoor Learning: Chroma's Early Education Benefits in 2025","59","The Benefits of Outdoor Learning in Early Education: How Nature Enhances Child Development and Readiness Outdoor learning is an approach that intentionally uses natural settings—yards, gardens, shaded play areas, and...","219","max-image-preview:large","https://x3yyntt5tp-staging.wpdns.site/2025/12/26/the-benefits-of-outdoor-learning-in-early-education/","1","The Benefits of Outdoor Learning in Early Education","1682","13","4","5","0","BreadcrumbList|Person|BlogPosting|Article|Organization","",""
"https://x3yyntt5tp-staging.wpdns.site/es/2025/12/26/the-benefits-of-outdoor-learning-in-early-education/","https://x3yyntt5tp-staging.wpdns.site/es/2025/12/26/the-benefits-of-outdoor-learning-in-early-education/","200","text/html; charset=UTF-8","346","Artículo de Chroma: Los beneficios del aprendizaje al aire libre…","65","Los beneficios del aprendizaje al aire libre en la educación temprana: Cómo la naturaleza mejora el desarrollo y la preparación infantilEl aprendizaje al aire…","159","max-image-preview:large","https://x3yyntt5tp-staging.wpdns.site/es/2025/12/26/the-benefits-of-outdoor-learning-in-early-education/","1","Los beneficios del aprendizaje al aire libre en la educación temprana","2360","11","2","5","0","BreadcrumbList|Person|BlogPosting|Article|Organization","",""
"https://x3yyntt5tp-staging.wpdns.site/2025/12/26/comprehensive-allergy-management-in-our-childcare-centers/","https://x3yyntt5tp-staging.wpdns.site/2025/12/26/comprehensive-allergy-management-in-our-childcare-centers/","200","text/html; charset=UTF-8","311","Comprehensive Allergy Management at Chroma Academy in 2025","58","Comprehensive Allergy Management in Our Childcare Centers: Ensuring Safety and Trust for Parents Allergy management in childcare means preventing exposure, preparing for emergencies, and ensuring every child can participate safely...","233","max-image-preview:large","https://x3yyntt5tp-staging.wpdns.site/2025/12/26/comprehensive-allergy-management-in-our-childcare-centers/","1","Comprehensive Allergy Management in Our Childcare Centers","2186","11","4","5","0","BreadcrumbList|Person|BlogPosting|Article|Organization","",""
"https://x3yyntt5tp-staging.wpdns.site/es/2025/12/26/comprehensive-allergy-management-in-our-childcare-centers/","https://x3yyntt5tp-staging.wpdns.site/es/2025/12/26/comprehensive-allergy-management-in-our-childcare-centers/","200","text/html; charset=UTF-8","376","Artículo de Chroma: Manejo Integral de Alergias en Nuestros Cent…","65","Manejo Integral de Alergias en Nuestros Centros de Cuidado Infantil: Garantizando Seguridad y Confianza para los PadresEl manejo de alergias en el cuidado infa…","160","max-image-preview:large","https://x3yyntt5tp-staging.wpdns.site/es/2025/12/26/comprehensive-allergy-management-in-our-childcare-centers/","1","Manejo Integral de Alergias en Nuestros Centros de Cuidado Infantil","3003","11","4","5","0","BreadcrumbList|Person|BlogPosting|Article|Organization","",""
"https://x3yyntt5tp-staging.wpdns.site/2025/12/26/introducing-stem-concepts-to-preschoolers/","https://x3yyntt5tp-staging.wpdns.site/2025/12/26/introducing-stem-concepts-to-preschoolers/","200","text/html; charset=UTF-8","369","STEM for Preschoolers: Chroma's Curriculum (2025)","49","Introducing STEM Concepts to Preschoolers: A Guide to Early Learning and Development Introducing STEM for preschoolers means presenting science, technology, engineering, and math through playful, age-appropriate experiences that spark curiosity...","247","max-image-preview:large","https://x3yyntt5tp-staging.wpdns.site/2025/12/26/introducing-stem-concepts-to-preschoolers/","1","Introducing STEM Concepts to Preschoolers","3091","15","3","5","0","BreadcrumbList|Person|BlogPosting|Article|Organization","",""
"https://x3yyntt5tp-staging.wpdns.site/es/2025/12/26/introducing-stem-concepts-to-preschoolers/","https://x3yyntt5tp-staging.wpdns.site/es/2025/12/26/introducing-stem-concepts-to-preschoolers/","200","text/html; charset=UTF-8","370","Artículo de Chroma: Introduciendo Conceptos STEM a Preescolares","63","Introduciendo Conceptos STEM a Preescolares: Una Guía para el Aprendizaje y Desarrollo TempranoIntroducir STEM para preescolares significa presentar ciencia, t…","160","max-image-preview:large","https://x3yyntt5tp-staging.wpdns.site/es/2025/12/26/introducing-stem-concepts-to-preschoolers/","1","Introduciendo Conceptos STEM a Preescolares","4079","12","4","5","0","BreadcrumbList|Person|BlogPosting|Article|Organization","",""
"https://x3yyntt5tp-staging.wpdns.site/2025/12/26/healthy-screen-time-guidelines-for-young-children/","https://x3yyntt5tp-staging.wpdns.site/2025/12/26/healthy-screen-time-guidelines-for-young-children/","200","text/html; charset=UTF-8","305","Screen Time Guidelines for Young Children | Chroma Academy","58","Healthy Screen Time Guidelines for Young Children: Expert Recommendations and Practical Strategies Healthy screen time means deliberate, age-appropriate media use that supports learning and connection while protecting sleep, play, and...","237","max-image-preview:large","https://x3yyntt5tp-staging.wpdns.site/2025/12/26/healthy-screen-time-guidelines-for-young-children/","1","Healthy Screen Time Guidelines for Young Children","2714","12","3","5","0","BreadcrumbList|Person|BlogPosting|Article|Organization","",""
"https://x3yyntt5tp-staging.wpdns.site/es/2025/12/26/healthy-screen-time-guidelines-for-young-children/","https://x3yyntt5tp-staging.wpdns.site/es/2025/12/26/healthy-screen-time-guidelines-for-young-children/","200","text/html; charset=UTF-8","357","Artículo de Chroma: Guía de tiempo de pantalla saludable para ni…","65","Guía de tiempo de pantalla saludable para niños pequeños: recomendaciones de expertos y estrategias prácticasUn tiempo de pantalla saludable significa un uso d…","160","max-image-preview:large","https://x3yyntt5tp-staging.wpdns.site/es/2025/12/26/healthy-screen-time-guidelines-for-young-children/","1","Guía de tiempo de pantalla saludable para niños pequeños: recomendaciones de expertos y estrategias prácticas","3770","11","4","5","0","BreadcrumbList|Person|BlogPosting|Article|Organization","",""
"https://x3yyntt5tp-staging.wpdns.site/2025/12/26/fostering-social-emotional-learning-in-early-childhood/","https://x3yyntt5tp-staging.wpdns.site/2025/12/26/fostering-social-emotional-learning-in-early-childhood/","200","text/html; charset=UTF-8","297","Chroma's Guide to Social-Emotional Learning in 2025","51","Fostering Social-Emotional Learning in Early Childhood: Comprehensive Guide to Early Childhood Social Emotional Development and Benefits Social-emotional learning (SEL) in early childhood teaches children to recognize emotions, manage impulses, form...","252","max-image-preview:large","https://x3yyntt5tp-staging.wpdns.site/2025/12/26/fostering-social-emotional-learning-in-early-childhood/","1","Fostering Social-Emotional Learning in Early Childhood","2907","14","5","5","0","BreadcrumbList|Person|BlogPosting|Article|Organization","",""
"https://x3yyntt5tp-staging.wpdns.site/es/2025/12/26/fostering-social-emotional-learning-in-early-childhood/","https://x3yyntt5tp-staging.wpdns.site/es/2025/12/26/fostering-social-emotional-learning-in-early-childhood/","200","text/html; charset=UTF-8","374","Artículo de Chroma: Fomentando el Aprendizaje Socioemocional en…","64","Fomentando el Aprendizaje Socioemocional en la Primera Infancia: Guía Completa sobre el Desarrollo y los Beneficios Socioemocionales en la Primera InfanciaEl a…","160","max-image-preview:large","https://x3yyntt5tp-staging.wpdns.site/es/2025/12/26/fostering-social-emotional-learning-in-early-childhood/","1","Fomentando el Aprendizaje Socioemocional en la Primera Infancia","3990","11","4","5","0","BreadcrumbList|Person|BlogPosting|Article|Organization","",""
"https://x3yyntt5tp-staging.wpdns.site/2025/12/26/premier-preschool-programs-in-atlanta-georgia/","https://x3yyntt5tp-staging.wpdns.site/2025/12/26/premier-preschool-programs-in-atlanta-georgia/","200","text/html; charset=UTF-8","340","Atlanta Preschool Programs: Discover Chroma Early Learning","58","Top Preschool Programs in Atlanta Finding a premier preschool program in Atlanta means prioritizing environments that combine developmental science, safety, and practical readiness for kindergarten. This guide explains the main...","230","max-image-preview:large","https://x3yyntt5tp-staging.wpdns.site/2025/12/26/premier-preschool-programs-in-atlanta-georgia/","1","Premier Preschool Programs in Atlanta, Georgia","3052","56","6","5","0","BreadcrumbList|Person|BlogPosting|Article|Organization","",""
"https://x3yyntt5tp-staging.wpdns.site/es/2025/12/26/premier-preschool-programs-in-atlanta-georgia/","https://x3yyntt5tp-staging.wpdns.site/es/2025/12/26/premier-preschool-programs-in-atlanta-georgia/","200","text/html; charset=UTF-8","363","Artículo de Chroma: Programas Preescolares Premier en Atlanta, G…","65","Mejores Programas Preescolares en AtlantaEncontrar un programa preescolar de primer nivel en Atlanta significa priorizar entornos que combinen ciencia del desa…","160","max-image-preview:large","https://x3yyntt5tp-staging.wpdns.site/es/2025/12/26/premier-preschool-programs-in-atlanta-georgia/","1","Programas Preescolares Premier en Atlanta, Georgia","4087","51","5","5","0","BreadcrumbList|Person|BlogPosting|Article|Organization","",""
"https://x3yyntt5tp-staging.wpdns.site/2025/12/26/faqs-about-daily-operations-academy-policies/","https://x3yyntt5tp-staging.wpdns.site/2025/12/26/faqs-about-daily-operations-academy-policies/","200","text/html; charset=UTF-8","304","Chroma Academy: FAQs on Daily Operations & Policies","51","Clear communication enhances your childcare experience. Learn essential policies and FAQs about daily schedules to keep parents informed and engaged.","149","max-image-preview:large","https://x3yyntt5tp-staging.wpdns.site/2025/12/26/faqs-about-daily-operations-academy-policies/","1","FAQs About Daily Operations & Academy Policies","3770","52","5","5","0","BreadcrumbList|Person|BlogPosting|Article|Organization","",""
"https://x3yyntt5tp-staging.wpdns.site/es/2025/12/26/faqs-about-daily-operations-academy-policies/","https://x3yyntt5tp-staging.wpdns.site/es/2025/12/26/faqs-about-daily-operations-academy-policies/","200","text/html; charset=UTF-8","354","Artículo de Chroma: Preguntas Frecuentes sobre Operaciones Diari…","65","La comunicación clara mejora su experiencia de cuidado infantil. Conozca las políticas esenciales y las preguntas frecuentes sobre los horarios diarios para ma…","160","max-image-preview:large","https://x3yyntt5tp-staging.wpdns.site/es/2025/12/26/faqs-about-daily-operations-academy-policies/","1","Preguntas Frecuentes sobre Operaciones Diarias y Políticas de la Academia","5104","49","6","5","0","BreadcrumbList|Person|BlogPosting|Article|Organization","",""
"https://x3yyntt5tp-staging.wpdns.site/2025/12/26/key-benefits-of-enrolling-in-after-school-programs/","https://x3yyntt5tp-staging.wpdns.site/2025/12/26/key-benefits-of-enrolling-in-after-school-programs/","200","text/html; charset=UTF-8","384","After School Program Benefits: Chroma Academy in 2025","53","Why After‑School Programs Matter — How Chroma Early Learning Academy Supports Your Child and Your Family After‑school programs give school‑age children structured time to learn, play, and grow outside the...","207","max-image-preview:large","https://x3yyntt5tp-staging.wpdns.site/2025/12/26/key-benefits-of-enrolling-in-after-school-programs/","1","Key Benefits of Enrolling in After School Programs","3025","54","8","5","0","BreadcrumbList|Person|BlogPosting|Article|Organization","",""
"https://x3yyntt5tp-staging.wpdns.site/es/2025/12/26/key-benefits-of-enrolling-in-after-school-programs/","https://x3yyntt5tp-staging.wpdns.site/es/2025/12/26/key-benefits-of-enrolling-in-after-school-programs/","200","text/html; charset=UTF-8","374","Artículo de Chroma: Beneficios Clave de Inscribirse en Programas…","65","Por qué importan los programas extraescolares: Cómo Chroma Early Learning Academy apoya a tu hijo y a tu familiaLos programas extraescolares brindan a los niño…","160","max-image-preview:large","https://x3yyntt5tp-staging.wpdns.site/es/2025/12/26/key-benefits-of-enrolling-in-after-school-programs/","1","Beneficios Clave de Inscribirse en Programas Extraescolares","4006","52","8","5","0","BreadcrumbList|Person|BlogPosting|Article|Organization","",""
"https://x3yyntt5tp-staging.wpdns.site/2025/12/26/guide-to-child-development-stages-ages-milestones/","https://x3yyntt5tp-staging.wpdns.site/2025/12/26/guide-to-child-development-stages-ages-milestones/","200","text/html; charset=UTF-8","343","Child Development Guide: Ages & Milestones at Chroma","52","Guide to Child Development Stages by Age: Understanding Milestones for Every Growth Phase Child development stages describe predictable patterns of physical, cognitive, social-emotional, language, and creative growth that children typically...","243","max-image-preview:large","https://x3yyntt5tp-staging.wpdns.site/2025/12/26/guide-to-child-development-stages-ages-milestones/","1","Guide to Child Development Stages: Ages & Milestones","3191","16","4","5","0","BreadcrumbList|Person|BlogPosting|Article|Organization","",""
"https://x3yyntt5tp-staging.wpdns.site/es/2025/12/26/guide-to-child-development-stages-ages-milestones/","https://x3yyntt5tp-staging.wpdns.site/es/2025/12/26/guide-to-child-development-stages-ages-milestones/","200","text/html; charset=UTF-8","334","Artículo de Chroma: Guía de Etapas del Desarrollo Infantil: Edad…","65","Guía de Etapas del Desarrollo Infantil por Edad: Comprendiendo los Hitos de Cada Fase de CrecimientoLas etapas del desarrollo infantil describen patrones prede…","160","max-image-preview:large","https://x3yyntt5tp-staging.wpdns.site/es/2025/12/26/guide-to-child-development-stages-ages-milestones/","1","Guía de Etapas del Desarrollo Infantil: Edades y Hitos","4296","11","3","5","0","BreadcrumbList|Person|BlogPosting|Article|Organization","",""
"https://x3yyntt5tp-staging.wpdns.site/2025/12/26/understanding-our-childcare-illness-policy/","https://x3yyntt5tp-staging.wpdns.site/2025/12/26/understanding-our-childcare-illness-policy/","200","text/html; charset=UTF-8","333","Chroma's Childcare Illness Policy: Health & Safety in 2025","58","Understanding Our Childcare Illness Policy: Comprehensive Daycare Sick Guidelines for Parents Children’s health and uninterrupted learning depend on clear, evidence-based illness policies that protect individuals and the classroom community. This...","249","max-image-preview:large","https://x3yyntt5tp-staging.wpdns.site/2025/12/26/understanding-our-childcare-illness-policy/","1","Understanding Our Childcare Illness Policy","2776","11","4","5","0","BreadcrumbList|Person|BlogPosting|Article|Organization","",""
"https://x3yyntt5tp-staging.wpdns.site/es/2025/12/26/understanding-our-childcare-illness-policy/","https://x3yyntt5tp-staging.wpdns.site/es/2025/12/26/understanding-our-childcare-illness-policy/","200","text/html; charset=UTF-8","376","Artículo de Chroma: Entendiendo Nuestra Política de Cuidado Infa…","65","Entendiendo Nuestra Política de Cuidado Infantil sobre Enfermedades: Directrices Completas sobre Niños Enfermos en Guarderías para PadresLa salud de los niños…","159","max-image-preview:large","https://x3yyntt5tp-staging.wpdns.site/es/2025/12/26/understanding-our-childcare-illness-policy/","1","Entendiendo Nuestra Política de Cuidado Infantil sobre Enfermedades","3672","11","4","5","0","BreadcrumbList|Person|BlogPosting|Article|Organization","",""
"https://x3yyntt5tp-staging.wpdns.site/2025/12/26/chroma-early-learning-academy-tuition-fees-guide/","https://x3yyntt5tp-staging.wpdns.site/2025/12/26/chroma-early-learning-academy-tuition-fees-guide/","200","text/html; charset=UTF-8","330","Chroma Academy Tuition & Fees: Your 2025 Guide","46","Tuition & Enrollment Made Easy This guide explains how childcare and early education costs are organized at Chroma Early Learning Academy and what families should consider when planning enrollment. It...","203","max-image-preview:large","https://x3yyntt5tp-staging.wpdns.site/2025/12/26/chroma-early-learning-academy-tuition-fees-guide/","1","Chroma Early Learning Academy Tuition & Fees Guide","3100","41","5","5","0","BreadcrumbList|Person|BlogPosting|Article|Organization","",""
"https://x3yyntt5tp-staging.wpdns.site/es/2025/12/26/chroma-early-learning-academy-tuition-fees-guide/","https://x3yyntt5tp-staging.wpdns.site/es/2025/12/26/chroma-early-learning-academy-tuition-fees-guide/","200","text/html; charset=UTF-8","381","Artículo de Chroma: Guía de Matrícula y Tarifas de Chroma Early…","64","Matrícula y Admisión SencillasEsta guía explica cómo se organizan los costos de cuidado infantil y educación temprana en Chroma Early Learning Academy y qué de…","160","max-image-preview:large","https://x3yyntt5tp-staging.wpdns.site/es/2025/12/26/chroma-early-learning-academy-tuition-fees-guide/","1","Guía de Matrícula y Tarifas de Chroma Early Learning Academy","4092","36","5","5","0","BreadcrumbList|Person|BlogPosting|Article|Organization","",""
"https://x3yyntt5tp-staging.wpdns.site/2025/12/26/practicing-mindful-parenting-for-a-calmer-home/","https://x3yyntt5tp-staging.wpdns.site/2025/12/26/practicing-mindful-parenting-for-a-calmer-home/","200","text/html; charset=UTF-8","394","Mindful Parenting: Create a Calmer Home with Chroma","51","Practicing Mindful Parenting for a Calmer Home: Practical Ways to Stay Present and Connected Mindful parenting means bringing simple, present-moment attention, compassion, and intentional responses to everyday moments with kids....","231","max-image-preview:large","https://x3yyntt5tp-staging.wpdns.site/2025/12/26/practicing-mindful-parenting-for-a-calmer-home/","1","Practicing Mindful Parenting for a Calmer Home","2818","13","8","3","0","BreadcrumbList|Person|BlogPosting","",""
"https://x3yyntt5tp-staging.wpdns.site/es/2025/12/26/practicing-mindful-parenting-for-a-calmer-home/","https://x3yyntt5tp-staging.wpdns.site/es/2025/12/26/practicing-mindful-parenting-for-a-calmer-home/","200","text/html; charset=UTF-8","341","Artículo de Chroma: Practicando la Crianza Consciente para un Ho…","65","Practicando la Crianza Consciente para un Hogar Más Tranquilo: Formas Prácticas de Mantenerse Presente y ConectadoLa crianza consciente significa traer atenció…","160","max-image-preview:large","https://x3yyntt5tp-staging.wpdns.site/es/2025/12/26/practicing-mindful-parenting-for-a-calmer-home/","1","Practicando la Crianza Consciente para un Hogar Más Tranquilo","3622","11","7","3","0","BreadcrumbList|Person|BlogPosting","",""
"https://x3yyntt5tp-staging.wpdns.site/2025/12/26/childcare-subsidies-financial-aid-options/","https://x3yyntt5tp-staging.wpdns.site/2025/12/26/childcare-subsidies-financial-aid-options/","200","text/html; charset=UTF-8","374","Georgia Childcare Aid: Subsidies & Financial Options (2025)","59","Your Complete Guide to Childcare Subsidies and Financial Aid in Georgia Childcare subsidies and financial aid in Georgia are state and federal programs that help families lower out-of-pocket costs for...","203","max-image-preview:large","https://x3yyntt5tp-staging.wpdns.site/2025/12/26/childcare-subsidies-financial-aid-options/","1","Childcare Subsidies & Financial Aid Options","3226","11","7","3","0","BreadcrumbList|Person|BlogPosting","",""
"https://x3yyntt5tp-staging.wpdns.site/es/2025/12/26/childcare-subsidies-financial-aid-options/","https://x3yyntt5tp-staging.wpdns.site/es/2025/12/26/childcare-subsidies-financial-aid-options/","200","text/html; charset=UTF-8","373","Artículo de Chroma: Subsidios de Cuidado Infantil y Opciones de…","64","Su Guía Completa sobre Subsidios de Cuidado Infantil y Ayuda Financiera en GeorgiaLos subsidios de cuidado infantil y la ayuda financiera en Georgia son progra…","160","max-image-preview:large","https://x3yyntt5tp-staging.wpdns.site/es/2025/12/26/childcare-subsidies-financial-aid-options/","1","Subsidios de Cuidado Infantil y Opciones de Ayuda Financiera","4310","11","8","3","0","BreadcrumbList|Person|BlogPosting","",""
"https://x3yyntt5tp-staging.wpdns.site/2025/12/26/tips-for-creating-inclusive-classrooms-for-all-learners/","https://x3yyntt5tp-staging.wpdns.site/2025/12/26/tips-for-creating-inclusive-classrooms-for-all-learners/","200","text/html; charset=UTF-8","415","Inclusive Classrooms: Tips for Educators & Families | 2025","58","Building Inclusive Classrooms Together Inclusive classrooms are intentionally designed so children of all abilities, backgrounds, and learning styles can take part, learn, and belong. This guide explains what meaningful inclusion...","232","max-image-preview:large","https://x3yyntt5tp-staging.wpdns.site/2025/12/26/tips-for-creating-inclusive-classrooms-for-all-learners/","1","Tips for Creating Inclusive Classrooms for All Learners","3300","56","8","3","0","BreadcrumbList|Person|BlogPosting","",""
"https://x3yyntt5tp-staging.wpdns.site/es/2025/12/26/tips-for-creating-inclusive-classrooms-for-all-learners/","https://x3yyntt5tp-staging.wpdns.site/es/2025/12/26/tips-for-creating-inclusive-classrooms-for-all-learners/","200","text/html; charset=UTF-8","383","Artículo de Chroma: Consejos para crear aulas inclusivas para to…","65","Construyendo aulas inclusivas juntosLas aulas inclusivas se diseñan intencionalmente para que los niños de todas las capacidades, orígenes y estilos de aprendi…","160","max-image-preview:large","https://x3yyntt5tp-staging.wpdns.site/es/2025/12/26/tips-for-creating-inclusive-classrooms-for-all-learners/","1","Consejos para crear aulas inclusivas para todos los estudiantes","4330","11","9","3","0","BreadcrumbList|Person|BlogPosting","",""
"https://x3yyntt5tp-staging.wpdns.site/2025/12/26/effective-potty-training-support-in-toddler-programs/","https://x3yyntt5tp-staging.wpdns.site/2025/12/26/effective-potty-training-support-in-toddler-programs/","200","text/html; charset=UTF-8","353","Potty Training Support: Chroma Academy's Toddler Guide","54","Effective Potty Training Support in Toddler Programs: Comprehensive Guidance for Parents and Educators Potty training support in a toddler program means a coordinated, developmentally sensitive set of practices that help...","223","max-image-preview:large","https://x3yyntt5tp-staging.wpdns.site/2025/12/26/effective-potty-training-support-in-toddler-programs/","1","Effective Potty Training Support in Toddler Programs","3533","13","2","3","0","BreadcrumbList|Person|BlogPosting","",""
"https://x3yyntt5tp-staging.wpdns.site/es/2025/12/26/effective-potty-training-support-in-toddler-programs/","https://x3yyntt5tp-staging.wpdns.site/es/2025/12/26/effective-potty-training-support-in-toddler-programs/","200","text/html; charset=UTF-8","370","Artículo de Chroma: Apoyo Efectivo para el Control de Esfínteres…","65","Apoyo Efectivo para el Control de Esfínteres en Programas para Niños Pequeños: Guía Integral para Padres y EducadoresEl apoyo para el control de esfínteres en…","159","max-image-preview:large","https://x3yyntt5tp-staging.wpdns.site/es/2025/12/26/effective-potty-training-support-in-toddler-programs/","1","Apoyo Efectivo para el Control de Esfínteres en Programas para Niños Pequeños","4788","11","4","3","0","BreadcrumbList|Person|BlogPosting","",""
"https://x3yyntt5tp-staging.wpdns.site/2025/12/26/understanding-infant-feeding-schedules-nutrition/","https://x3yyntt5tp-staging.wpdns.site/2025/12/26/understanding-infant-feeding-schedules-nutrition/","200","text/html; charset=UTF-8","353","Infant Feeding Guide: Schedules, Nutrition & Chroma's Care","58","Understanding Infant Feeding Schedules & Nutrition: A Practical Guide for Parents and Caregivers Feeding an infant means balancing nutrition, growth, and responsive care during the first year. This guide breaks...","213","max-image-preview:large","https://x3yyntt5tp-staging.wpdns.site/2025/12/26/understanding-infant-feeding-schedules-nutrition/","1","Understanding Infant Feeding Schedules & Nutrition","3319","12","7","3","0","BreadcrumbList|Person|BlogPosting","",""
"https://x3yyntt5tp-staging.wpdns.site/es/2025/12/26/understanding-infant-feeding-schedules-nutrition/","https://x3yyntt5tp-staging.wpdns.site/es/2025/12/26/understanding-infant-feeding-schedules-nutrition/","200","text/html; charset=UTF-8","345","Artículo de Chroma: Entendiendo los Horarios de Alimentación y N…","65","Entendiendo los Horarios de Alimentación y Nutrición del Bebé: Una Guía Práctica para Padres y CuidadoresAlimentar a un bebé significa equilibrar nutrición, cr…","160","max-image-preview:large","https://x3yyntt5tp-staging.wpdns.site/es/2025/12/26/understanding-infant-feeding-schedules-nutrition/","1","Entendiendo los Horarios de Alimentación y Nutrición del Bebé","4493","11","9","3","0","BreadcrumbList|Person|BlogPosting","",""
"https://x3yyntt5tp-staging.wpdns.site/2025/12/26/exploring-global-early-education-models-practices/","https://x3yyntt5tp-staging.wpdns.site/2025/12/26/exploring-global-early-education-models-practices/","200","text/html; charset=UTF-8","340","Early Education Models: A Guide by Chroma Academy","49","Global Early Childhood Education Models: Practical Insights for Parents and Educators How young children learn, play, and move toward school readiness depends a lot on the early education model behind...","203","max-image-preview:large","https://x3yyntt5tp-staging.wpdns.site/2025/12/26/exploring-global-early-education-models-practices/","1","Exploring Global Early Education Models & Practices","3324","13","8","3","0","BreadcrumbList|Person|BlogPosting","",""
"https://x3yyntt5tp-staging.wpdns.site/es/2025/12/26/exploring-global-early-education-models-practices/","https://x3yyntt5tp-staging.wpdns.site/es/2025/12/26/exploring-global-early-education-models-practices/","200","text/html; charset=UTF-8","402","Artículo de Chroma: Exploración de Modelos y Prácticas de Educac…","65","Modelos Globales de Educación Infantil: Perspectivas Prácticas para Padres y EducadoresLa forma en que los niños pequeños aprenden, juegan y se preparan para l…","160","max-image-preview:large","https://x3yyntt5tp-staging.wpdns.site/es/2025/12/26/exploring-global-early-education-models-practices/","1","Exploración de Modelos y Prácticas de Educación Temprana Globales","4595","11","7","3","0","BreadcrumbList|Person|BlogPosting","",""
"https://x3yyntt5tp-staging.wpdns.site/2025/12/26/how-to-create-a-cozy-reading-nook-for-kids/","https://x3yyntt5tp-staging.wpdns.site/2025/12/26/how-to-create-a-cozy-reading-nook-for-kids/","200","text/html; charset=UTF-8","303","Cozy Reading Nook for Kids: Chroma's Guide (2025)","49","Transform your home library into a cozy kids' reading space. Create a child-friendly environment that inspires imagination and fosters a love for reading!","154","max-image-preview:large","https://x3yyntt5tp-staging.wpdns.site/2025/12/26/how-to-create-a-cozy-reading-nook-for-kids/","1","How to Create a Cozy Reading Nook for Kids","2996","37","8","3","0","BreadcrumbList|Person|BlogPosting","",""
"https://x3yyntt5tp-staging.wpdns.site/es/2025/12/26/how-to-create-a-cozy-reading-nook-for-kids/","https://x3yyntt5tp-staging.wpdns.site/es/2025/12/26/how-to-create-a-cozy-reading-nook-for-kids/","200","text/html; charset=UTF-8","363","Artículo de Chroma: Cómo crear un rincón de lectura acogedor par…","65","Ideas de rincones de lectura acogedores para niñosUn rincón de lectura acogedor es un espacio pequeño, organizado intencionalmente, donde los niños pueden acce…","160","max-image-preview:large","https://x3yyntt5tp-staging.wpdns.site/es/2025/12/26/how-to-create-a-cozy-reading-nook-for-kids/","1","Cómo crear un rincón de lectura acogedor para niños","3927","34","8","3","0","BreadcrumbList|Person|BlogPosting","",""
"https://x3yyntt5tp-staging.wpdns.site/2025/12/26/essential-guide-choosing-a-preschool-with-key-questions/","https://x3yyntt5tp-staging.wpdns.site/2025/12/26/essential-guide-choosing-a-preschool-with-key-questions/","200","text/html; charset=UTF-8","278","Choosing a Preschool: A Guide for Parents in 2025 | Chroma","58","Choosing the right preschool can be overwhelming. Our essential guide provides key questions and a daycare checklist to simplify your decision-making process.","158","max-image-preview:large","https://x3yyntt5tp-staging.wpdns.site/2025/12/26/essential-guide-choosing-a-preschool-with-key-questions/","1","Essential Guide: Choosing a Preschool with Key Questions","3557","15","6","3","0","BreadcrumbList|Person|BlogPosting","",""
"https://x3yyntt5tp-staging.wpdns.site/es/2025/12/26/essential-guide-choosing-a-preschool-with-key-questions/","https://x3yyntt5tp-staging.wpdns.site/es/2025/12/26/essential-guide-choosing-a-preschool-with-key-questions/","200","text/html; charset=UTF-8","344","Artículo de Chroma: Guía Esencial: Cómo Elegir un Preescolar con…","65","Cómo Elegir un Preescolar o Guardería: Preguntas Esenciales para PadresElegir un preescolar o guardería significa igualar las necesidades de desarrollo de tu h…","160","max-image-preview:large","https://x3yyntt5tp-staging.wpdns.site/es/2025/12/26/essential-guide-choosing-a-preschool-with-key-questions/","1","Guía Esencial: Cómo Elegir un Preescolar con Preguntas Clave","4729","11","9","3","0","BreadcrumbList|Person|BlogPosting","",""
"https://x3yyntt5tp-staging.wpdns.site/2025/12/26/how-nutrition-impacts-early-learning-and-behavior/","https://x3yyntt5tp-staging.wpdns.site/2025/12/26/how-nutrition-impacts-early-learning-and-behavior/","200","text/html; charset=UTF-8","231","Nutrition & Early Learning: Chroma's Guide to Healthy Habits","60","Snack smart for brain power! Early childhood nutrition is crucial for fueling little learners. Healthy eating habits can turn snack time into brain boost time!","159","max-image-preview:large","https://x3yyntt5tp-staging.wpdns.site/2025/12/26/how-nutrition-impacts-early-learning-and-behavior/","1","How Nutrition Impacts Early Learning and Behavior","3512","12","8","3","0","BreadcrumbList|Person|BlogPosting","",""
"https://x3yyntt5tp-staging.wpdns.site/es/2025/12/26/how-nutrition-impacts-early-learning-and-behavior/","https://x3yyntt5tp-staging.wpdns.site/es/2025/12/26/how-nutrition-impacts-early-learning-and-behavior/","200","text/html; charset=UTF-8","322","Nutrición y comportamiento infantil | Chroma","44","Cómo la Nutrición Impacta el Aprendizaje Temprano y el Comportamiento: Perspectivas Esenciales para el Desarrollo Cerebral Infantil y la Función CognitivaLa nu…","160","max-image-preview:large","https://x3yyntt5tp-staging.wpdns.site/es/2025/12/26/how-nutrition-impacts-early-learning-and-behavior/","1","Cómo la Nutrición Impacta el Aprendizaje Temprano y el Comportamiento","4738","11","9","3","0","BreadcrumbList|Person|BlogPosting","",""
"https://x3yyntt5tp-staging.wpdns.site/2025/12/26/is-your-kid-ready-for-preschool-hilarious-signs-to-spot/","https://x3yyntt5tp-staging.wpdns.site/2025/12/26/is-your-kid-ready-for-preschool-hilarious-signs-to-spot/","200","text/html; charset=UTF-8","284","Is Your Kid Ready for Preschool? A Guide by Chroma in 2025","58","Is your little one ready for preschool? Check out these hilarious signs showcasing toddler milestones and early learning readiness. Laughter guaranteed!","152","max-image-preview:large","https://x3yyntt5tp-staging.wpdns.site/2025/12/26/is-your-kid-ready-for-preschool-hilarious-signs-to-spot/","1","Is Your Kid Ready for Preschool? Hilarious Signs to Spot!","2833","13","8","3","0","BreadcrumbList|Person|BlogPosting","",""
"https://x3yyntt5tp-staging.wpdns.site/es/2025/12/26/is-your-kid-ready-for-preschool-hilarious-signs-to-spot/","https://x3yyntt5tp-staging.wpdns.site/es/2025/12/26/is-your-kid-ready-for-preschool-hilarious-signs-to-spot/","200","text/html; charset=UTF-8","314","Artículo de Chroma: Is Your Kid Ready for Preschool? Hilarious S…","65","¡Tu pequeño está listo para el preescolar? ¡Descubre estas divertidas señales que muestran los hitos de los niños pequeños y la preparación para el aprendizaje…","160","max-image-preview:large","https://x3yyntt5tp-staging.wpdns.site/es/2025/12/26/is-your-kid-ready-for-preschool-hilarious-signs-to-spot/","1","Is Your Kid Ready for Preschool? Hilarious Signs to Spot!","3675","11","7","3","0","BreadcrumbList|Person|BlogPosting","",""
"https://x3yyntt5tp-staging.wpdns.site/2025/12/26/mini-scientists-how-curiosity-fuels-early-stem-learning/","https://x3yyntt5tp-staging.wpdns.site/2025/12/26/mini-scientists-how-curiosity-fuels-early-stem-learning/","200","text/html; charset=UTF-8","329","STEM Curiosity for Kids: Activities & Tips | Chroma","51","Mini Scientists: How Curiosity Fuels Early Childhood STEM Education for Lifelong Learning Children labeled “mini scientists” are young learners whose curiosity drives systematic exploration; curiosity prompts observation, motivates simple experiments,...","254","max-image-preview:large","https://x3yyntt5tp-staging.wpdns.site/2025/12/26/mini-scientists-how-curiosity-fuels-early-stem-learning/","1","Mini Scientists: How Curiosity Fuels Early STEM Learning","3164","13","8","3","0","BreadcrumbList|Person|BlogPosting","",""
"https://x3yyntt5tp-staging.wpdns.site/es/2025/12/26/mini-scientists-how-curiosity-fuels-early-stem-learning/","https://x3yyntt5tp-staging.wpdns.site/es/2025/12/26/mini-scientists-how-curiosity-fuels-early-stem-learning/","200","text/html; charset=UTF-8","392","Artículo de Chroma: Mini Científicos: Cómo la Curiosidad Impulsa…","65","Mini Científicos: Cómo la Curiosidad Impulsa la Educación STEM Temprana para un Aprendizaje de por VidaLos niños etiquetados como ""mini científicos"" son jóvene…","160","max-image-preview:large","https://x3yyntt5tp-staging.wpdns.site/es/2025/12/26/mini-scientists-how-curiosity-fuels-early-stem-learning/","1","Mini Científicos: Cómo la Curiosidad Impulsa el Aprendizaje STEM Temprano","4196","11","8","3","0","BreadcrumbList|Person|BlogPosting","",""
"https://x3yyntt5tp-staging.wpdns.site/2025/12/26/effective-homework-help-in-our-after-school-program/","https://x3yyntt5tp-staging.wpdns.site/2025/12/26/effective-homework-help-in-our-after-school-program/","200","text/html; charset=UTF-8","347","Chroma Academy: Effective After School Homework Help (2025)","59","After School Homework Assistance and Academic Support Programs for Kids at Chroma Early Learning Academy Chroma Early Learning Academy’s after school homework assistance and academic support programs provide structured study...","227","max-image-preview:large","https://x3yyntt5tp-staging.wpdns.site/2025/12/26/effective-homework-help-in-our-after-school-program/","1","Effective Homework Help in Our After School Program","2726","11","3","3","0","BreadcrumbList|Person|BlogPosting","",""
"https://x3yyntt5tp-staging.wpdns.site/es/2025/12/26/effective-homework-help-in-our-after-school-program/","https://x3yyntt5tp-staging.wpdns.site/es/2025/12/26/effective-homework-help-in-our-after-school-program/","200","text/html; charset=UTF-8","412","Artículo de Chroma: Ayuda efectiva con las tareas en nuestro pro…","65","Asistencia para tareas y programas de apoyo académico extraescolares para niños en Chroma Early Learning AcademyLos programas de asistencia para tareas y apoyo…","160","max-image-preview:large","https://x3yyntt5tp-staging.wpdns.site/es/2025/12/26/effective-homework-help-in-our-after-school-program/","1","Ayuda efectiva con las tareas en nuestro programa extracurricular","3703","11","2","3","0","BreadcrumbList|Person|BlogPosting","",""
"https://x3yyntt5tp-staging.wpdns.site/2025/12/26/tips-for-planning-family-vacations-with-kids/","https://x3yyntt5tp-staging.wpdns.site/2025/12/26/tips-for-planning-family-vacations-with-kids/","200","text/html; charset=UTF-8","322","Family Vacation Tips for Kids: A Chroma Guide in 2025","53","Essential Family Vacation Planning Tips for Stress-Free Trips with Kids Traveling with children transforms a typical vacation into a carefully choreographed family experience, and planning well is the difference between...","222","max-image-preview:large","https://x3yyntt5tp-staging.wpdns.site/2025/12/26/tips-for-planning-family-vacations-with-kids/","1","Tips for Planning Family Vacations with Kids","2910","12","5","3","0","BreadcrumbList|Person|BlogPosting","",""
"https://x3yyntt5tp-staging.wpdns.site/es/2025/12/26/tips-for-planning-family-vacations-with-kids/","https://x3yyntt5tp-staging.wpdns.site/es/2025/12/26/tips-for-planning-family-vacations-with-kids/","200","text/html; charset=UTF-8","321","Artículo de Chroma: Consejos para planificar vacaciones familiar…","65","Consejos Esenciales para Planificar Vacaciones Familiares y que sean sin Estrés con NiñosViajar con niños transforma unas vacaciones típicas en una experiencia…","160","max-image-preview:large","https://x3yyntt5tp-staging.wpdns.site/es/2025/12/26/tips-for-planning-family-vacations-with-kids/","1","Consejos para planificar vacaciones familiares con niños","3867","11","4","3","0","BreadcrumbList|Person|BlogPosting","",""
"https://x3yyntt5tp-staging.wpdns.site/2025/12/26/easy-diy-learning-games-for-young-children/","https://x3yyntt5tp-staging.wpdns.site/2025/12/26/easy-diy-learning-games-for-young-children/","200","text/html; charset=UTF-8","254","DIY Learning Games for Kids: Fun Activities from Chroma","55","Unleash creativity with fun homemade learning games for kids! Explore engaging DIY activities and educational crafts that foster learning through play.","151","max-image-preview:large","https://x3yyntt5tp-staging.wpdns.site/2025/12/26/easy-diy-learning-games-for-young-children/","1","Fun Homemade Learning Games for Young Kids – DIY Activities","3997","37","7","3","0","BreadcrumbList|Person|BlogPosting","",""
"https://x3yyntt5tp-staging.wpdns.site/es/2025/12/26/easy-diy-learning-games-for-young-children/","https://x3yyntt5tp-staging.wpdns.site/es/2025/12/26/easy-diy-learning-games-for-young-children/","200","text/html; charset=UTF-8","344","Artículo de Chroma: Juegos Divertidos de Aprendizaje Caseros par…","65","Juegos Divertidos de Aprendizaje DIY para NiñosLos juegos de aprendizaje DIY son actividades sencillas y de bajo costo que los padres y cuidadores pueden crear…","160","max-image-preview:large","https://x3yyntt5tp-staging.wpdns.site/es/2025/12/26/easy-diy-learning-games-for-young-children/","1","Juegos Divertidos de Aprendizaje Caseros para Niños Pequeños - Actividades DIY","5259","35","7","3","0","BreadcrumbList|Person|BlogPosting","",""
"https://x3yyntt5tp-staging.wpdns.site/2025/12/26/after-school-programs-in-atlanta-georgia/","https://x3yyntt5tp-staging.wpdns.site/2025/12/26/after-school-programs-in-atlanta-georgia/","200","text/html; charset=UTF-8","324","Atlanta After School Programs: Enroll at Chroma Today","53","Atlanta After School Programs: Comprehensive Care and Enrichment for Elementary Students After-school programs in Atlanta provide supervised, enrichment-focused care that bridges the school day and family schedules while supporting elementary...","245","max-image-preview:large","https://x3yyntt5tp-staging.wpdns.site/2025/12/26/after-school-programs-in-atlanta-georgia/","1","After School Programs in Atlanta, Georgia","2573","13","3","3","0","BreadcrumbList|Person|BlogPosting","",""
"https://x3yyntt5tp-staging.wpdns.site/es/2025/12/26/after-school-programs-in-atlanta-georgia/","https://x3yyntt5tp-staging.wpdns.site/es/2025/12/26/after-school-programs-in-atlanta-georgia/","200","text/html; charset=UTF-8","334","Artículo de Chroma: Programas Extracurriculares en Atlanta, Geor…","65","Programas Extracurriculares en Atlanta: Cuidado Integral y Enriquecimiento para Estudiantes de PrimariaLos programas extracurriculares en Atlanta brindan cuida…","160","max-image-preview:large","https://x3yyntt5tp-staging.wpdns.site/es/2025/12/26/after-school-programs-in-atlanta-georgia/","1","Programas Extracurriculares en Atlanta, Georgia","3396","12","3","3","0","BreadcrumbList|Person|BlogPosting","",""
"https://x3yyntt5tp-staging.wpdns.site/2025/12/26/the-art-of-storytelling-for-children/","https://x3yyntt5tp-staging.wpdns.site/2025/12/26/the-art-of-storytelling-for-children/","200","text/html; charset=UTF-8","314","Storytelling for Kids: Benefits & Activities at Chroma","54","The Art of Storytelling for Children: Unlocking Imagination, Language, and Developmental Benefits Storytelling in early childhood is the deliberate use of narrative, voice, and play to guide young children through...","216","max-image-preview:large","https://x3yyntt5tp-staging.wpdns.site/2025/12/26/the-art-of-storytelling-for-children/","1","The Art of Storytelling for Children","2811","14","2","3","0","BreadcrumbList|Person|BlogPosting","",""
"https://x3yyntt5tp-staging.wpdns.site/es/2025/12/26/the-art-of-storytelling-for-children/","https://x3yyntt5tp-staging.wpdns.site/es/2025/12/26/the-art-of-storytelling-for-children/","200","text/html; charset=UTF-8","327","Artículo de Chroma: El Arte de Contar Historias para Niños","58","El Arte de Contar Historias para Niños: Desbloqueando la Imaginación, el Lenguaje y los Beneficios para el DesarrolloContar historias en la primera infancia es…","160","max-image-preview:large","https://x3yyntt5tp-staging.wpdns.site/es/2025/12/26/the-art-of-storytelling-for-children/","1","El Arte de Contar Historias para Niños","3820","11","2","3","0","BreadcrumbList|Person|BlogPosting","",""
"https://x3yyntt5tp-staging.wpdns.site/2025/12/26/time-management-strategies-for-working-parents/","https://x3yyntt5tp-staging.wpdns.site/2025/12/26/time-management-strategies-for-working-parents/","200","text/html; charset=UTF-8","287","Time Management for Working Parents in 2025: Chroma's Guide","59","Time Management Strategies for Working Parents: Effective Tips to Balance Work and Family Life Working parents juggle job demands, household tasks, and meaningful time with children while facing chronic time...","210","max-image-preview:large","https://x3yyntt5tp-staging.wpdns.site/2025/12/26/time-management-strategies-for-working-parents/","1","Time Management Strategies for Working Parents","2200","12","4","3","0","BreadcrumbList|Person|BlogPosting","",""
"https://x3yyntt5tp-staging.wpdns.site/es/2025/12/26/time-management-strategies-for-working-parents/","https://x3yyntt5tp-staging.wpdns.site/es/2025/12/26/time-management-strategies-for-working-parents/","200","text/html; charset=UTF-8","342","Artículo de Chroma: Estrategias de gestión del tiempo para padre…","65","Estrategias de gestión del tiempo para padres que trabajan: consejos efectivos para equilibrar el trabajo y la vida familiarLos padres que trabajan hacen malab…","160","max-image-preview:large","https://x3yyntt5tp-staging.wpdns.site/es/2025/12/26/time-management-strategies-for-working-parents/","1","Estrategias de gestión del tiempo para padres que trabajan","3061","11","3","3","0","BreadcrumbList|Person|BlogPosting","",""
"https://x3yyntt5tp-staging.wpdns.site/2025/12/26/introducing-mindfulness-practices-for-children/","https://x3yyntt5tp-staging.wpdns.site/2025/12/26/introducing-mindfulness-practices-for-children/","200","text/html; charset=UTF-8","300","Mindfulness for Children: Chroma Academy's Guide","48","Introducing Mindfulness Practices for Children: Enhancing Emotional Regulation and Focus Mindfulness for children means teaching simple attention and awareness skills that help young minds notice feelings, sensations, and thoughts without...","241","max-image-preview:large","https://x3yyntt5tp-staging.wpdns.site/2025/12/26/introducing-mindfulness-practices-for-children/","1","Introducing Mindfulness Practices for Children","2501","14","5","3","0","BreadcrumbList|Person|BlogPosting","",""
"https://x3yyntt5tp-staging.wpdns.site/es/2025/12/26/introducing-mindfulness-practices-for-children/","https://x3yyntt5tp-staging.wpdns.site/es/2025/12/26/introducing-mindfulness-practices-for-children/","200","text/html; charset=UTF-8","331","Artículo de Chroma: Introducción a las Prácticas de Mindfulness…","64","Introducción a las Prácticas de Mindfulness para Niños: Mejorando la Regulación Emocional y la ConcentraciónMindfulness para niños significa enseñar habilidade…","160","max-image-preview:large","https://x3yyntt5tp-staging.wpdns.site/es/2025/12/26/introducing-mindfulness-practices-for-children/","1","Introducción a las Prácticas de Mindfulness para Niños","3365","11","3","3","0","BreadcrumbList|Person|BlogPosting","",""
"https://x3yyntt5tp-staging.wpdns.site/2025/12/26/top-classroom-management-strategies-for-preschool/","https://x3yyntt5tp-staging.wpdns.site/2025/12/26/top-classroom-management-strategies-for-preschool/","200","text/html; charset=UTF-8","330","Preschool Classroom Management: Top Strategies by Chroma","56","Effective Preschool Management Tips Preschool classroom management refers to the systems, routines, and teacher responses that promote positive behavior, safety, and learning for young children. Effective management reduces disruptions, increases...","249","max-image-preview:large","https://x3yyntt5tp-staging.wpdns.site/2025/12/26/top-classroom-management-strategies-for-preschool/","1","Top Classroom Management Strategies for Preschool","2782","38","5","3","0","BreadcrumbList|Person|BlogPosting","",""
"https://x3yyntt5tp-staging.wpdns.site/es/2025/12/26/top-classroom-management-strategies-for-preschool/","https://x3yyntt5tp-staging.wpdns.site/es/2025/12/26/top-classroom-management-strategies-for-preschool/","200","text/html; charset=UTF-8","339","Artículo de Chroma: Estrategias Principales de Gestión del Aula…","64","Consejos Efectivos de Gestión para PreescolarLa gestión del aula preescolar se refiere a los sistemas, rutinas y respuestas del maestro que promueven el compor…","160","max-image-preview:large","https://x3yyntt5tp-staging.wpdns.site/es/2025/12/26/top-classroom-management-strategies-for-preschool/","1","Estrategias Principales de Gestión del Aula para Preescolar","3671","36","5","3","0","BreadcrumbList|Person|BlogPosting","",""
"https://x3yyntt5tp-staging.wpdns.site/2025/12/26/essential-back-to-school-tips-for-parents-kids/","https://x3yyntt5tp-staging.wpdns.site/2025/12/26/essential-back-to-school-tips-for-parents-kids/","200","text/html; charset=UTF-8","336","Back to School Tips: Parents & Kids | Chroma Academy 2025","57","Essential Back to School Tips for Parents & Kids: Preparing for Kindergarten Readiness and Smooth School Transitions Back-to-school transitions are both developmental milestones and emotional adjustments for children and families,...","233","max-image-preview:large","https://x3yyntt5tp-staging.wpdns.site/2025/12/26/essential-back-to-school-tips-for-parents-kids/","1","Essential Back to School Tips for Parents & Kids","3521","17","3","3","0","BreadcrumbList|Person|BlogPosting","",""
"https://x3yyntt5tp-staging.wpdns.site/es/2025/12/26/essential-back-to-school-tips-for-parents-kids/","https://x3yyntt5tp-staging.wpdns.site/es/2025/12/26/essential-back-to-school-tips-for-parents-kids/","200","text/html; charset=UTF-8","334","Artículo de Chroma: Consejos Esenciales para el Regreso a Clases…","65","Consejos Esenciales para el Regreso a Clases para Padres e Hijos: Preparación para el Jardín de Infancia y Transiciones Escolares FluidasLas transiciones de re…","160","max-image-preview:large","https://x3yyntt5tp-staging.wpdns.site/es/2025/12/26/essential-back-to-school-tips-for-parents-kids/","1","Consejos Esenciales para el Regreso a Clases para Padres e Hijos","4779","11","3","3","0","BreadcrumbList|Person|BlogPosting","",""
"https://x3yyntt5tp-staging.wpdns.site/2025/12/26/benefits-of-early-intervention-programs-for-children/","https://x3yyntt5tp-staging.wpdns.site/2025/12/26/benefits-of-early-intervention-programs-for-children/","200","text/html; charset=UTF-8","449","Chroma: Early Intervention Benefits for Children (2025)","55","Benefits of Early Intervention Programs for Children: Understanding Key Advantages and Long-Term Impact Early intervention programs are coordinated services that identify, assess, and support infants and young children who show...","230","max-image-preview:large","https://x3yyntt5tp-staging.wpdns.site/2025/12/26/benefits-of-early-intervention-programs-for-children/","1","Benefits of Early Intervention Programs for Children","2877","12","3","3","0","BreadcrumbList|Person|BlogPosting","",""
"https://x3yyntt5tp-staging.wpdns.site/es/2025/12/26/benefits-of-early-intervention-programs-for-children/","https://x3yyntt5tp-staging.wpdns.site/es/2025/12/26/benefits-of-early-intervention-programs-for-children/","200","text/html; charset=UTF-8","397","Artículo de Chroma: Beneficios de los Programas de Intervención…","64","Beneficios de los Programas de Intervención Temprana para Niños: Comprendiendo las Ventajas Clave y el Impacto a Largo PlazoLos programas de intervención tempr…","160","max-image-preview:large","https://x3yyntt5tp-staging.wpdns.site/es/2025/12/26/benefits-of-early-intervention-programs-for-children/","1","Beneficios de los Programas de Intervención Temprana para Niños","3883","11","4","3","0","BreadcrumbList|Person|BlogPosting","",""
"https://x3yyntt5tp-staging.wpdns.site/2025/12/26/quick-healthy-snack-ideas-for-toddlers/","https://x3yyntt5tp-staging.wpdns.site/2025/12/26/quick-healthy-snack-ideas-for-toddlers/","200","text/html; charset=UTF-8","367","Healthy Toddler Snacks: Quick Ideas from Chroma (2025)","54","Quick & Healthy Snack Ideas for Toddlers: Nutritious Recipes and Practical Tips Healthy toddler snacks are small meals designed to supply steady energy, essential nutrients, and hands-on practice with self-feeding...","216","max-image-preview:large","https://x3yyntt5tp-staging.wpdns.site/2025/12/26/quick-healthy-snack-ideas-for-toddlers/","1","Quick & Healthy Snack Ideas for Toddlers","3120","12","4","3","0","BreadcrumbList|Person|BlogPosting","",""
"https://x3yyntt5tp-staging.wpdns.site/es/2025/12/26/quick-healthy-snack-ideas-for-toddlers/","https://x3yyntt5tp-staging.wpdns.site/es/2025/12/26/quick-healthy-snack-ideas-for-toddlers/","200","text/html; charset=UTF-8","334","Snacks Saludables para Niños Pequeños | Chroma Academy","54","Ideas rápidas y nutritivas de snacks para niños pequeños. Recetas fáciles y consejos de expertos. ¡Descubra las opciones hoy!","125","max-image-preview:large","https://x3yyntt5tp-staging.wpdns.site/es/2025/12/26/quick-healthy-snack-ideas-for-toddlers/","1","Ideas de Snacks Rápidos y Saludables para Niños Pequeños","4110","11","4","3","0","BreadcrumbList|Person|BlogPosting","",""
"https://x3yyntt5tp-staging.wpdns.site/2025/12/26/addressing-social-challenges-in-school-age-children/","https://x3yyntt5tp-staging.wpdns.site/2025/12/26/addressing-social-challenges-in-school-age-children/","200","text/html; charset=UTF-8","348","Social Challenges in School: A Chroma Guide for Children","56","Social Skills Development and Solutions for Addressing Social Challenges in School-Age Children Developing solid social skills during the school-age years lays the foundation for lifelong relationships, academic success, and emotional...","237","max-image-preview:large","https://x3yyntt5tp-staging.wpdns.site/2025/12/26/addressing-social-challenges-in-school-age-children/","1","Addressing Social Challenges in School-Age Children","3139","12","3","3","0","BreadcrumbList|Person|BlogPosting","",""
"https://x3yyntt5tp-staging.wpdns.site/es/2025/12/26/addressing-social-challenges-in-school-age-children/","https://x3yyntt5tp-staging.wpdns.site/es/2025/12/26/addressing-social-challenges-in-school-age-children/","200","text/html; charset=UTF-8","340","Artículo de Chroma: Abordando Desafíos Sociales en Niños en Edad…","65","Desarrollo de Habilidades Sociales y Soluciones para Abordar Desafíos Sociales en Niños en Edad EscolarDesarrollar sólidas habilidades sociales durante los año…","160","max-image-preview:large","https://x3yyntt5tp-staging.wpdns.site/es/2025/12/26/addressing-social-challenges-in-school-age-children/","1","Abordando Desafíos Sociales en Niños en Edad Escolar","4200","12","4","3","0","BreadcrumbList|Person|BlogPosting","",""
"https://x3yyntt5tp-staging.wpdns.site/2025/12/26/how-to-choose-the-best-preschool-for-your-child/","https://x3yyntt5tp-staging.wpdns.site/2025/12/26/how-to-choose-the-best-preschool-for-your-child/","200","text/html; charset=UTF-8","356","Preschool Guide: Choosing the Right One | Chroma 2025","53","How to Choose the Preschool for Your Child: Essential Criteria and Expert Guidance Choosing the right preschool is a pivotal early-education decision that shapes a child’s development, social habits, and...","206","max-image-preview:large","https://x3yyntt5tp-staging.wpdns.site/2025/12/26/how-to-choose-the-best-preschool-for-your-child/","1","How to Choose the Best Preschool for Your Child","3172","13","3","3","0","BreadcrumbList|Person|BlogPosting","",""
"https://x3yyntt5tp-staging.wpdns.site/es/2025/12/26/how-to-choose-the-best-preschool-for-your-child/","https://x3yyntt5tp-staging.wpdns.site/es/2025/12/26/how-to-choose-the-best-preschool-for-your-child/","200","text/html; charset=UTF-8","355","Artículo de Chroma: Cómo elegir el mejor preescolar para tu hijo","64","Cómo elegir el mejor preescolar para tu hijo: Criterios esenciales y guía expertaElegir el preescolar adecuado es una decisión fundamental en la educación temp…","160","max-image-preview:large","https://x3yyntt5tp-staging.wpdns.site/es/2025/12/26/how-to-choose-the-best-preschool-for-your-child/","1","Cómo elegir el mejor preescolar para tu hijo","4316","11","3","3","0","BreadcrumbList|Person|BlogPosting","",""
"https://x3yyntt5tp-staging.wpdns.site/2025/12/26/developing-strong-social-skills-in-preschoolers/","https://x3yyntt5tp-staging.wpdns.site/2025/12/26/developing-strong-social-skills-in-preschoolers/","200","text/html; charset=UTF-8","324","Preschool Social Skills: Chroma's Guide & Activities","52","Developing Strong Social Skills in Preschoolers: Effective Strategies and Activities for Early Childhood Social Emotional Development Social skills in preschoolers are the building blocks for healthy relationships, school success, and...","237","max-image-preview:large","https://x3yyntt5tp-staging.wpdns.site/2025/12/26/developing-strong-social-skills-in-preschoolers/","1","Developing Strong Social Skills in Preschoolers","3076","14","3","3","0","BreadcrumbList|Person|BlogPosting","",""
"https://x3yyntt5tp-staging.wpdns.site/es/2025/12/26/developing-strong-social-skills-in-preschoolers/","https://x3yyntt5tp-staging.wpdns.site/es/2025/12/26/developing-strong-social-skills-in-preschoolers/","200","text/html; charset=UTF-8","343","Artículo de Chroma: Desarrollando Habilidades Sociales Fuertes e…","65","Desarrollando Habilidades Sociales Fuertes en Preescolares: Estrategias y Actividades Efectivas para el Desarrollo Socioemocional en la Primera InfanciaLas hab…","160","max-image-preview:large","https://x3yyntt5tp-staging.wpdns.site/es/2025/12/26/developing-strong-social-skills-in-preschoolers/","1","Desarrollando Habilidades Sociales Fuertes en Preescolares","4158","12","5","3","0","BreadcrumbList|Person|BlogPosting","",""
"https://x3yyntt5tp-staging.wpdns.site/2025/12/26/tips-for-establishing-healthy-sleep-routines-for-kids/","https://x3yyntt5tp-staging.wpdns.site/2025/12/26/tips-for-establishing-healthy-sleep-routines-for-kids/","200","text/html; charset=UTF-8","338","Kids' Sleep Routines: Chroma's Top Tips","39","Tips for Establishing Healthy Sleep Routines for Kids: Child Sleep Habits and Effective Bedtime Strategies Healthy sleep routines for children are predictable daily patterns that combine consistent bedtimes, appropriate total...","228","max-image-preview:large","https://x3yyntt5tp-staging.wpdns.site/2025/12/26/tips-for-establishing-healthy-sleep-routines-for-kids/","1","Tips for Establishing Healthy Sleep Routines for Kids","2790","13","4","3","0","BreadcrumbList|Person|BlogPosting","",""
"https://x3yyntt5tp-staging.wpdns.site/es/2025/12/26/tips-for-establishing-healthy-sleep-routines-for-kids/","https://x3yyntt5tp-staging.wpdns.site/es/2025/12/26/tips-for-establishing-healthy-sleep-routines-for-kids/","200","text/html; charset=UTF-8","341","Artículo de Chroma: Consejos para establecer rutinas de sueño sa…","65","Consejos para establecer rutinas de sueño saludables para niños: hábitos de sueño infantil y estrategias efectivas para la hora de dormirLas rutinas de sueño s…","160","max-image-preview:large","https://x3yyntt5tp-staging.wpdns.site/es/2025/12/26/tips-for-establishing-healthy-sleep-routines-for-kids/","1","Consejos para establecer rutinas de sueño saludables para niños","3798","11","4","3","0","BreadcrumbList|Person|BlogPosting","",""
"https://x3yyntt5tp-staging.wpdns.site/2025/12/26/tips-for-fostering-toddler-independence/","https://x3yyntt5tp-staging.wpdns.site/2025/12/26/tips-for-fostering-toddler-independence/","200","text/html; charset=UTF-8","371","Toddler Independence: Chroma's Guide & Tips","43","Tips for Fostering Toddler Independence: A Parent’s Guide to Encouraging Autonomy and Self-Help Skills Toddlers begin to assert autonomy as a normal and essential part of early childhood development, and...","206","max-image-preview:large","https://x3yyntt5tp-staging.wpdns.site/2025/12/26/tips-for-fostering-toddler-independence/","1","Tips for Fostering Toddler Independence","2633","14","3","3","0","BreadcrumbList|Person|BlogPosting","",""
"https://x3yyntt5tp-staging.wpdns.site/es/2025/12/26/tips-for-fostering-toddler-independence/","https://x3yyntt5tp-staging.wpdns.site/es/2025/12/26/tips-for-fostering-toddler-independence/","200","text/html; charset=UTF-8","383","Artículo de Chroma: Consejos para Fomentar la Independencia en N…","65","Consejos para Fomentar la Independencia en Niños Pequeños: Guía para Padres sobre Cómo Fomentar la Autonomía y Habilidades de AutocuidadoLos niños pequeños com…","160","max-image-preview:large","https://x3yyntt5tp-staging.wpdns.site/es/2025/12/26/tips-for-fostering-toddler-independence/","1","Consejos para Fomentar la Independencia en Niños Pequeños","3471","11","4","3","0","BreadcrumbList|Person|BlogPosting","",""
"https://x3yyntt5tp-staging.wpdns.site/2025/12/26/benefits-of-gamification-in-early-childhood-learning/","https://x3yyntt5tp-staging.wpdns.site/2025/12/26/benefits-of-gamification-in-early-childhood-learning/","200","text/html; charset=UTF-8","372","Gamification in Early Childhood: Chroma's Learning Benefits","59","Benefits of Gamification in Early Childhood Learning: Enhancing Engagement and Development Children learn best when learning feels like play: gamification applies game design principles to early childhood settings to boost...","225","max-image-preview:large","https://x3yyntt5tp-staging.wpdns.site/2025/12/26/benefits-of-gamification-in-early-childhood-learning/","1","Benefits of Gamification in Early Childhood Learning","2651","14","4","3","0","BreadcrumbList|Person|BlogPosting","",""
"https://x3yyntt5tp-staging.wpdns.site/es/2025/12/26/benefits-of-gamification-in-early-childhood-learning/","https://x3yyntt5tp-staging.wpdns.site/es/2025/12/26/benefits-of-gamification-in-early-childhood-learning/","200","text/html; charset=UTF-8","341","Artículo de Chroma: Beneficios de la Gamificación en el Aprendiz…","65","Beneficios de la Gamificación en el Aprendizaje de la Primera Infancia: Mejorando la Participación y el DesarrolloLos niños aprenden mejor cuando el aprendizaj…","160","max-image-preview:large","https://x3yyntt5tp-staging.wpdns.site/es/2025/12/26/benefits-of-gamification-in-early-childhood-learning/","1","Beneficios de la Gamificación en el Aprendizaje de la Primera Infancia","3655","11","3","3","0","BreadcrumbList|Person|BlogPosting","",""
"https://x3yyntt5tp-staging.wpdns.site/2025/12/26/recognizing-supporting-adhd-in-early-childhood/","https://x3yyntt5tp-staging.wpdns.site/2025/12/26/recognizing-supporting-adhd-in-early-childhood/","200","text/html; charset=UTF-8","371","Supporting ADHD in Early Childhood: Chroma Academy's Guide","58","Recognizing and Supporting ADHD in Early Childhood: Early Signs, Behavioral Strategies, and Inclusive Preschool Programs Attention-deficit/hyperactivity disorder (ADHD) is a neurodevelopmental condition that can appear in early childhood and affect...","251","max-image-preview:large","https://x3yyntt5tp-staging.wpdns.site/2025/12/26/recognizing-supporting-adhd-in-early-childhood/","1","Recognizing & Supporting ADHD in Early Childhood","3025","16","4","3","0","BreadcrumbList|Person|BlogPosting","",""
"https://x3yyntt5tp-staging.wpdns.site/es/2025/12/26/recognizing-supporting-adhd-in-early-childhood/","https://x3yyntt5tp-staging.wpdns.site/es/2025/12/26/recognizing-supporting-adhd-in-early-childhood/","200","text/html; charset=UTF-8","431","Artículo de Chroma: Reconocer y Apoyar el TDAH en la Primera Inf…","65","Reconocer y Apoyar el TDAH en la Primera Infancia: Señales Tempranas, Estrategias Conductuales y Programas Preescolares InclusivosEl trastorno por déficit de a…","160","max-image-preview:large","https://x3yyntt5tp-staging.wpdns.site/es/2025/12/26/recognizing-supporting-adhd-in-early-childhood/","1","Reconocer y Apoyar el TDAH en la Primera Infancia","4145","11","3","3","0","BreadcrumbList|Person|BlogPosting","",""
"https://x3yyntt5tp-staging.wpdns.site/2025/12/26/top-rated-preschool-programs-in-decatur-ga/","https://x3yyntt5tp-staging.wpdns.site/2025/12/26/top-rated-preschool-programs-in-decatur-ga/","200","text/html; charset=UTF-8","337","Decatur, GA Preschools: Top Programs at Chroma Academy","54","Preschool Programs in Decatur, GA: Comprehensive Guide for Parents Seeking Quality Early Learning Choosing the right preschool in Decatur, GA is one of the most important early decisions parents make...","202","max-image-preview:large","https://x3yyntt5tp-staging.wpdns.site/2025/12/26/top-rated-preschool-programs-in-decatur-ga/","1","Top-Rated Preschool Programs in Decatur, GA","2822","15","4","3","0","BreadcrumbList|Person|BlogPosting","",""
"https://x3yyntt5tp-staging.wpdns.site/es/2025/12/26/top-rated-preschool-programs-in-decatur-ga/","https://x3yyntt5tp-staging.wpdns.site/es/2025/12/26/top-rated-preschool-programs-in-decatur-ga/","200","text/html; charset=UTF-8","430","Preescolar en Decatur, GA | Chroma Academy","42","Programas preescolares de primera categoría en Decatur, GA: Guía completa para padres que buscan aprendizaje temprano de calidadElegir el preescolar adecuado e…","160","max-image-preview:large","https://x3yyntt5tp-staging.wpdns.site/es/2025/12/26/top-rated-preschool-programs-in-decatur-ga/","1","Programas preescolares de primera categoría en Decatur, GA","3846","11","3","3","0","BreadcrumbList|Person|BlogPosting","",""
"https://x3yyntt5tp-staging.wpdns.site/2025/12/26/key-benefits-of-enrolling-in-georgia-pre-k/","https://x3yyntt5tp-staging.wpdns.site/2025/12/26/key-benefits-of-enrolling-in-georgia-pre-k/","200","text/html; charset=UTF-8","340","Georgia Pre-K Benefits: Enroll at Chroma in 2025","48","Key Benefits of Enrolling in Georgia Pre-K: Comprehensive Advantages for Kindergarten Readiness and Child Development Georgia Pre-K is a state-funded early childhood education program that prepares four-year-olds for successful kindergarten...","243","max-image-preview:large","https://x3yyntt5tp-staging.wpdns.site/2025/12/26/key-benefits-of-enrolling-in-georgia-pre-k/","1","Key Benefits of Enrolling in Georgia Pre-K","2608","12","3","3","0","BreadcrumbList|Person|BlogPosting","",""
"https://x3yyntt5tp-staging.wpdns.site/es/2025/12/26/key-benefits-of-enrolling-in-georgia-pre-k/","https://x3yyntt5tp-staging.wpdns.site/es/2025/12/26/key-benefits-of-enrolling-in-georgia-pre-k/","200","text/html; charset=UTF-8","356","Artículo de Chroma: Beneficios Clave de Inscribirse en Georgia P…","65","Beneficios Clave de Inscribirse en Georgia Pre-K: Ventajas Integrales para la Preparación para el Jardín de Infancia y el Desarrollo InfantilGeorgia Pre-K es u…","160","max-image-preview:large","https://x3yyntt5tp-staging.wpdns.site/es/2025/12/26/key-benefits-of-enrolling-in-georgia-pre-k/","1","Beneficios Clave de Inscribirse en Georgia Pre-K","3491","11","4","3","0","BreadcrumbList|Person|BlogPosting","",""
"https://x3yyntt5tp-staging.wpdns.site/2025/12/26/top-rated-preschool-programs-in-alpharetta-ga/","https://x3yyntt5tp-staging.wpdns.site/2025/12/26/top-rated-preschool-programs-in-alpharetta-ga/","200","text/html; charset=UTF-8","352","Alpharetta, GA Preschools: Top Programs at Chroma Academy","57","Preschool Programs in Alpharetta, GA: Your Guide to Quality Early Learning and Enrollment Choosing the right preschool in Alpharetta is one of the most important decisions families make to support...","199","max-image-preview:large","https://x3yyntt5tp-staging.wpdns.site/2025/12/26/top-rated-preschool-programs-in-alpharetta-ga/","1","Top-Rated Preschool Programs in Alpharetta, GA","2367","14","3","3","0","BreadcrumbList|Person|BlogPosting","",""
"https://x3yyntt5tp-staging.wpdns.site/es/2025/12/26/top-rated-preschool-programs-in-alpharetta-ga/","https://x3yyntt5tp-staging.wpdns.site/es/2025/12/26/top-rated-preschool-programs-in-alpharetta-ga/","200","text/html; charset=UTF-8","320","Preescolar en Alpharetta, GA | Chroma Academy","45","Programas Preescolares de Primera Categoría en Alpharetta, GA: Su Guía para el Aprendizaje Temprano de Calidad y la InscripciónElegir el preescolar adecuado en…","160","max-image-preview:large","https://x3yyntt5tp-staging.wpdns.site/es/2025/12/26/top-rated-preschool-programs-in-alpharetta-ga/","1","Programas Preescolares de Primera Categoría en Alpharetta, GA","3274","11","5","3","0","BreadcrumbList|Person|BlogPosting","",""
"https://x3yyntt5tp-staging.wpdns.site/2025/12/26/after-school-programs-in-johns-creek-ga/","https://x3yyntt5tp-staging.wpdns.site/2025/12/26/after-school-programs-in-johns-creek-ga/","200","text/html; charset=UTF-8","346","Johns Creek, GA After School Programs: A Chroma Guide","53","Top After School Programs in Johns Creek, GA: Find the Best Care and Activities After school programs in Johns Creek, GA combine supervised care, enrichment, and practical logistics to help...","192","max-image-preview:large","https://x3yyntt5tp-staging.wpdns.site/2025/12/26/after-school-programs-in-johns-creek-ga/","1","After School Programs in Johns Creek, GA","2715","11","4","3","0","BreadcrumbList|Person|BlogPosting","",""
"https://x3yyntt5tp-staging.wpdns.site/es/2025/12/26/after-school-programs-in-johns-creek-ga/","https://x3yyntt5tp-staging.wpdns.site/es/2025/12/26/after-school-programs-in-johns-creek-ga/","200","text/html; charset=UTF-8","357","Artículo de Chroma: Programas extraescolares en Johns Creek, GA","63","Los mejores programas extraescolares en Johns Creek, GA: Encuentra el mejor cuidado y actividadesLos programas extraescolares en Johns Creek, GA combinan cuida…","160","max-image-preview:large","https://x3yyntt5tp-staging.wpdns.site/es/2025/12/26/after-school-programs-in-johns-creek-ga/","1","Programas extraescolares en Johns Creek, GA","3574","11","4","3","0","BreadcrumbList|Person|BlogPosting","",""
"https://x3yyntt5tp-staging.wpdns.site/2025/12/26/after-school-programs-in-sandy-springs-ga/","https://x3yyntt5tp-staging.wpdns.site/2025/12/26/after-school-programs-in-sandy-springs-ga/","200","text/html; charset=UTF-8","367","Sandy Springs, GA After School Programs | Chroma Academy","56","After School Programs in Sandy Springs, GA: Comprehensive Care and Enrichment for School-Aged Children After-school programs in Sandy Springs provide supervised, structured time for school-aged children to complete homework, explore...","235","max-image-preview:large","https://x3yyntt5tp-staging.wpdns.site/2025/12/26/after-school-programs-in-sandy-springs-ga/","1","After School Programs in Sandy Springs, GA","2903","13","4","3","0","BreadcrumbList|Person|BlogPosting","",""
"https://x3yyntt5tp-staging.wpdns.site/es/2025/12/26/after-school-programs-in-sandy-springs-ga/","https://x3yyntt5tp-staging.wpdns.site/es/2025/12/26/after-school-programs-in-sandy-springs-ga/","200","text/html; charset=UTF-8","371","Artículo de Chroma: Programas Extracurriculares en Sandy Springs…","65","Programas Extracurriculares en Sandy Springs, GA: Cuidado Integral y Enriquecimiento para Niños en Edad EscolarLos programas extracurriculares en Sandy Springs…","160","max-image-preview:large","https://x3yyntt5tp-staging.wpdns.site/es/2025/12/26/after-school-programs-in-sandy-springs-ga/","1","Programas Extracurriculares en Sandy Springs, GA","3858","11","3","3","0","BreadcrumbList|Person|BlogPosting","",""
"https://x3yyntt5tp-staging.wpdns.site/2025/12/26/strategies-for-coping-with-parental-burnout/","https://x3yyntt5tp-staging.wpdns.site/2025/12/26/strategies-for-coping-with-parental-burnout/","200","text/html; charset=UTF-8","362","Parental Burnout: Strategies & Chroma Childcare Solutions","57","Effective Strategies for Coping with Parental Burnout: Solutions for Managing Parenting Stress and Supporting Mom and Dad Well-being Parental burnout is a state of chronic physical, emotional, and mental exhaustion...","217","max-image-preview:large","https://x3yyntt5tp-staging.wpdns.site/2025/12/26/strategies-for-coping-with-parental-burnout/","1","Strategies for Coping with Parental Burnout","2509","11","4","3","0","BreadcrumbList|Person|BlogPosting","",""
"https://x3yyntt5tp-staging.wpdns.site/es/2025/12/26/strategies-for-coping-with-parental-burnout/","https://x3yyntt5tp-staging.wpdns.site/es/2025/12/26/strategies-for-coping-with-parental-burnout/","200","text/html; charset=UTF-8","386","Artículo de Chroma: Estrategias para lidiar con el agotamiento p…","65","Estrategias efectivas para lidiar con el agotamiento parental: Soluciones para manejar el estrés de la crianza y apoyar el bienestar de mamá y papáEl agotamien…","160","max-image-preview:large","https://x3yyntt5tp-staging.wpdns.site/es/2025/12/26/strategies-for-coping-with-parental-burnout/","1","Estrategias para lidiar con el agotamiento parental","3373","11","5","3","0","BreadcrumbList|Person|BlogPosting","",""
"https://x3yyntt5tp-staging.wpdns.site/2025/12/26/tips-for-preparing-your-child-for-daycare/","https://x3yyntt5tp-staging.wpdns.site/2025/12/26/tips-for-preparing-your-child-for-daycare/","200","text/html; charset=UTF-8","369","Daycare Prep: Tips for a Smooth Transition | Chroma 2025","56","Tips for Preparing Your Child for Daycare: A Comprehensive Guide for Parents Preparing your child for daycare means more than packing a bag — it involves emotionally and practically equipping...","194","max-image-preview:large","https://x3yyntt5tp-staging.wpdns.site/2025/12/26/tips-for-preparing-your-child-for-daycare/","1","Tips for Preparing Your Child for Daycare","2952","13","4","3","0","BreadcrumbList|Person|BlogPosting","",""
"https://x3yyntt5tp-staging.wpdns.site/es/2025/12/26/tips-for-preparing-your-child-for-daycare/","https://x3yyntt5tp-staging.wpdns.site/es/2025/12/26/tips-for-preparing-your-child-for-daycare/","200","text/html; charset=UTF-8","341","Artículo de Chroma: Consejos para preparar a tu hijo para la gua…","65","Consejos para preparar a tu hijo para la guardería: una guía completa para padresPreparar a tu hijo para la guardería significa más que empacar una mochila: im…","160","max-image-preview:large","https://x3yyntt5tp-staging.wpdns.site/es/2025/12/26/tips-for-preparing-your-child-for-daycare/","1","Consejos para preparar a tu hijo para la guardería","3806","11","5","3","0","BreadcrumbList|Person|BlogPosting","",""
"https://x3yyntt5tp-staging.wpdns.site/2025/12/26/strategies-for-managing-sibling-rivalry-effectively/","https://x3yyntt5tp-staging.wpdns.site/2025/12/26/strategies-for-managing-sibling-rivalry-effectively/","200","text/html; charset=UTF-8","348","Sibling Rivalry: Strategies for Parents | Chroma 2025","53","Effective Strategies for Managing Sibling Rivalry: A Comprehensive Guide for Parents Sibling rivalry is the natural competition, conflict, and emotion children show toward brothers or sisters as they jockey for...","213","max-image-preview:large","https://x3yyntt5tp-staging.wpdns.site/2025/12/26/strategies-for-managing-sibling-rivalry-effectively/","1","Strategies for Managing Sibling Rivalry Effectively","2751","13","3","3","0","BreadcrumbList|Person|BlogPosting","",""
"https://x3yyntt5tp-staging.wpdns.site/es/2025/12/26/strategies-for-managing-sibling-rivalry-effectively/","https://x3yyntt5tp-staging.wpdns.site/es/2025/12/26/strategies-for-managing-sibling-rivalry-effectively/","200","text/html; charset=UTF-8","358","Artículo de Chroma: Estrategias para manejar la rivalidad entre…","64","Estrategias efectivas para manejar la rivalidad entre hermanos: una guía completa para padresLa rivalidad entre hermanos es la competencia, el conflicto y la e…","160","max-image-preview:large","https://x3yyntt5tp-staging.wpdns.site/es/2025/12/26/strategies-for-managing-sibling-rivalry-effectively/","1","Estrategias para manejar la rivalidad entre hermanos de manera efectiva","3678","11","3","3","0","BreadcrumbList|Person|BlogPosting","",""
"https://x3yyntt5tp-staging.wpdns.site/2025/12/26/creative-date-night-ideas-for-busy-parents/","https://x3yyntt5tp-staging.wpdns.site/2025/12/26/creative-date-night-ideas-for-busy-parents/","200","text/html; charset=UTF-8","321","Date Night Ideas for Busy Parents: Metro Atlanta Fun | 2025","59","Creative Date Night Ideas for Busy Parents: Practical Ways to Reconnect and Maintain Romance Being a parent means your calendar fills quickly and time for romance can feel rare, but...","184","max-image-preview:large","https://x3yyntt5tp-staging.wpdns.site/2025/12/26/creative-date-night-ideas-for-busy-parents/","1","Creative Date Night Ideas for Busy Parents","2616","16","3","3","0","BreadcrumbList|Person|BlogPosting","",""
"https://x3yyntt5tp-staging.wpdns.site/es/2025/12/26/creative-date-night-ideas-for-busy-parents/","https://x3yyntt5tp-staging.wpdns.site/es/2025/12/26/creative-date-night-ideas-for-busy-parents/","200","text/html; charset=UTF-8","336","Artículo de Chroma: Ideas Creativas para Citas Nocturnas para Pa…","65","Ideas Creativas para Citas Nocturnas para Padres Ocupados: Formas Prácticas de Reconectar y Mantener el RomanceSer padre significa que tu calendario se llena r…","160","max-image-preview:large","https://x3yyntt5tp-staging.wpdns.site/es/2025/12/26/creative-date-night-ideas-for-busy-parents/","1","Ideas Creativas para Citas Nocturnas para Padres Ocupados","3477","11","3","3","0","BreadcrumbList|Person|BlogPosting","",""
"https://x3yyntt5tp-staging.wpdns.site/2025/12/26/chroma-early-learning-academy-mission-core-values/","https://x3yyntt5tp-staging.wpdns.site/2025/12/26/chroma-early-learning-academy-mission-core-values/","200","text/html; charset=UTF-8","409","Chroma Academy: Mission & Values for Early Learning","51","Chroma Early Learning Academy Mission & Core Values: Understanding Our Early Childhood Education Philosophy Chroma Early Learning Academy exists to cultivate confident, curious children by combining intentional caregiving with a...","231","max-image-preview:large","https://x3yyntt5tp-staging.wpdns.site/2025/12/26/chroma-early-learning-academy-mission-core-values/","1","Chroma Early Learning Academy Mission & Core Values","3252","15","3","3","0","BreadcrumbList|Person|BlogPosting","",""
"https://x3yyntt5tp-staging.wpdns.site/es/2025/12/26/chroma-early-learning-academy-mission-core-values/","https://x3yyntt5tp-staging.wpdns.site/es/2025/12/26/chroma-early-learning-academy-mission-core-values/","200","text/html; charset=UTF-8","344","Artículo de Chroma: Misión y Valores Fundamentales de Chroma Ear…","65","Misión y Valores Fundamentales de Chroma Early Learning Academy: Comprendiendo Nuestra Filosofía de Educación InfantilChroma Early Learning Academy existe para…","160","max-image-preview:large","https://x3yyntt5tp-staging.wpdns.site/es/2025/12/26/chroma-early-learning-academy-mission-core-values/","1","Misión y Valores Fundamentales de Chroma Early Learning Academy","4382","11","4","3","0","BreadcrumbList|Person|BlogPosting","",""
"https://x3yyntt5tp-staging.wpdns.site/2025/12/26/developing-infant-fine-gross-motor-skills/","https://x3yyntt5tp-staging.wpdns.site/2025/12/26/developing-infant-fine-gross-motor-skills/","200","text/html; charset=UTF-8","360","Infant Motor Skills: Activities & Milestones | Chroma 2025","58","Developing Infant Fine & Gross Motor Skills: Essential Milestones and Activities for Parents Early development of baby motor skills shapes how infants explore, communicate, and gain independence, so understanding fine...","220","max-image-preview:large","https://x3yyntt5tp-staging.wpdns.site/2025/12/26/developing-infant-fine-gross-motor-skills/","1","Developing Infant Fine & Gross Motor Skills","2926","12","4","3","0","BreadcrumbList|Person|BlogPosting","",""
"https://x3yyntt5tp-staging.wpdns.site/es/2025/12/26/developing-infant-fine-gross-motor-skills/","https://x3yyntt5tp-staging.wpdns.site/es/2025/12/26/developing-infant-fine-gross-motor-skills/","200","text/html; charset=UTF-8","332","Artículo de Chroma: Desarrollo de la motricidad fina y gruesa en…","65","Desarrollo de la motricidad fina y gruesa en bebés: Hitos esenciales y actividades para padresEl desarrollo temprano de las habilidades motoras del bebé moldea…","160","max-image-preview:large","https://x3yyntt5tp-staging.wpdns.site/es/2025/12/26/developing-infant-fine-gross-motor-skills/","1","Desarrollo de la motricidad fina y gruesa en bebés: Hitos esenciales y actividades para padres","3929","11","4","3","0","BreadcrumbList|Person|BlogPosting","",""
"https://x3yyntt5tp-staging.wpdns.site/2025/12/26/fostering-problem-solving-skills-in-preschoolers/","https://x3yyntt5tp-staging.wpdns.site/2025/12/26/fostering-problem-solving-skills-in-preschoolers/","200","text/html; charset=UTF-8","311","Preschool Problem-Solving: Chroma's Guide (2025)","48","Fostering Problem-Solving Skills in Preschoolers: Effective Activities and Critical Thinking Development Problem-solving skills in preschoolers refer to a child’s emerging ability to identify simple problems, generate solutions, test those ideas,...","249","max-image-preview:large","https://x3yyntt5tp-staging.wpdns.site/2025/12/26/fostering-problem-solving-skills-in-preschoolers/","1","Fostering Problem-Solving Skills in Preschoolers","2298","14","4","3","0","BreadcrumbList|Person|BlogPosting","",""
"https://x3yyntt5tp-staging.wpdns.site/es/2025/12/26/fostering-problem-solving-skills-in-preschoolers/","https://x3yyntt5tp-staging.wpdns.site/es/2025/12/26/fostering-problem-solving-skills-in-preschoolers/","200","text/html; charset=UTF-8","356","Artículo de Chroma: Fomentando Habilidades de Resolución de Prob…","65","Fomentando Habilidades de Resolución de Problemas en Preescolares: Actividades Efectivas y Desarrollo del Pensamiento CríticoLas habilidades de resolución de p…","160","max-image-preview:large","https://x3yyntt5tp-staging.wpdns.site/es/2025/12/26/fostering-problem-solving-skills-in-preschoolers/","1","Fomentando Habilidades de Resolución de Problemas en Preescolares","3252","12","5","3","0","BreadcrumbList|Person|BlogPosting","",""
"https://x3yyntt5tp-staging.wpdns.site/2025/12/26/strategies-for-coping-with-separation-anxiety-in-children/","https://x3yyntt5tp-staging.wpdns.site/2025/12/26/strategies-for-coping-with-separation-anxiety-in-children/","200","text/html; charset=UTF-8","309","Separation Anxiety Strategies for Children: A Chroma Guide","58","Effective Strategies for Coping with Separation Anxiety in Children: A Comprehensive Parent’s Guide Separation anxiety is an expected developmental response in young children characterized by distress when a primary caregiver...","228","max-image-preview:large","https://x3yyntt5tp-staging.wpdns.site/2025/12/26/strategies-for-coping-with-separation-anxiety-in-children/","1","Strategies for Coping with Separation Anxiety in Children","2844","13","5","3","0","BreadcrumbList|Person|BlogPosting","",""
"https://x3yyntt5tp-staging.wpdns.site/es/2025/12/26/strategies-for-coping-with-separation-anxiety-in-children/","https://x3yyntt5tp-staging.wpdns.site/es/2025/12/26/strategies-for-coping-with-separation-anxiety-in-children/","200","text/html; charset=UTF-8","328","Artículo de Chroma: Estrategias para lidiar con la ansiedad por…","64","Estrategias efectivas para lidiar con la ansiedad por separación en niños: Una guía completa para padresLa ansiedad por separación es una respuesta de desarrol…","160","max-image-preview:large","https://x3yyntt5tp-staging.wpdns.site/es/2025/12/26/strategies-for-coping-with-separation-anxiety-in-children/","1","Estrategias para lidiar con la ansiedad por separación en niños","3757","11","3","3","0","BreadcrumbList|Person|BlogPosting","",""
"https://x3yyntt5tp-staging.wpdns.site/2025/12/26/benefits-of-inquiry-based-learning-in-early-childhood/","https://x3yyntt5tp-staging.wpdns.site/2025/12/26/benefits-of-inquiry-based-learning-in-early-childhood/","200","text/html; charset=UTF-8","536","Inquiry-Based Learning Benefits: Chroma's Approach in 2025","58","Benefits of Inquiry-Based Learning in Early Childhood: How Chroma Early Learning Academy Fosters Holistic Child Development Inquiry-based learning places children’s questions, curiosities, and active exploration at the center of early...","237","max-image-preview:large","https://x3yyntt5tp-staging.wpdns.site/2025/12/26/benefits-of-inquiry-based-learning-in-early-childhood/","1","Benefits of Inquiry-Based Learning in Early Childhood","2598","15","3","3","0","BreadcrumbList|Person|BlogPosting","",""
"https://x3yyntt5tp-staging.wpdns.site/2025/12/26/understanding-childhood-growth-spurts-development/","https://x3yyntt5tp-staging.wpdns.site/2025/12/26/understanding-childhood-growth-spurts-development/","200","text/html; charset=UTF-8","592","Childhood Growth Spurts: Chroma's Guide for Parents","51","Understanding Childhood Growth Spurts & Development: Key Milestones and Support Strategies for Parents Childhood growth spurts are periods of accelerated physical growth and developmental change when a child’s body and...","221","max-image-preview:large","https://x3yyntt5tp-staging.wpdns.site/2025/12/26/understanding-childhood-growth-spurts-development/","1","Understanding Childhood Growth Spurts & Development","3503","16","3","3","0","BreadcrumbList|Person|BlogPosting","",""
"https://x3yyntt5tp-staging.wpdns.site/es/2025/12/26/understanding-childhood-growth-spurts-development/","https://x3yyntt5tp-staging.wpdns.site/es/2025/12/26/understanding-childhood-growth-spurts-development/","200","text/html; charset=UTF-8","364","Artículo de Chroma: Entendiendo los brotes de crecimiento y desa…","65","Entendiendo los brotes de crecimiento y desarrollo infantil: Hitos clave y estrategias de apoyo para padresLos brotes de crecimiento infantil son períodos de c…","160","max-image-preview:large","https://x3yyntt5tp-staging.wpdns.site/es/2025/12/26/understanding-childhood-growth-spurts-development/","1","Entendiendo los brotes de crecimiento y desarrollo infantil: Hitos clave y estrategias de apoyo para padres","4876","11","5","3","0","BreadcrumbList|Person|BlogPosting","",""
"https://x3yyntt5tp-staging.wpdns.site/2025/12/26/benefits-of-speech-therapy-for-toddlers/","https://x3yyntt5tp-staging.wpdns.site/2025/12/26/benefits-of-speech-therapy-for-toddlers/","200","text/html; charset=UTF-8","386","Speech Therapy Benefits for Toddlers | Chroma","45","Benefits of Speech Therapy for Toddlers: A Comprehensive Guide for Parents Speech therapy for toddlers is targeted support delivered by trained professionals to improve early communication, helping children produce clearer...","225","max-image-preview:large","https://x3yyntt5tp-staging.wpdns.site/2025/12/26/benefits-of-speech-therapy-for-toddlers/","1","Benefits of Speech Therapy for Toddlers","3300","14","4","3","0","BreadcrumbList|Person|BlogPosting","",""
"https://x3yyntt5tp-staging.wpdns.site/es/2025/12/26/benefits-of-speech-therapy-for-toddlers/","https://x3yyntt5tp-staging.wpdns.site/es/2025/12/26/benefits-of-speech-therapy-for-toddlers/","200","text/html; charset=UTF-8","399","Artículo de Chroma: Beneficios de la Terapia del Habla para Niño…","65","Beneficios de la Terapia del Habla para Niños Pequeños: Una Guía Completa para PadresLa terapia del habla para niños pequeños es un apoyo específico ofrecido p…","160","max-image-preview:large","https://x3yyntt5tp-staging.wpdns.site/es/2025/12/26/benefits-of-speech-therapy-for-toddlers/","1","Beneficios de la Terapia del Habla para Niños Pequeños","4396","11","5","3","0","BreadcrumbList|Person|BlogPosting","",""
"https://x3yyntt5tp-staging.wpdns.site/2025/12/26/how-to-build-self-esteem-in-young-children/","https://x3yyntt5tp-staging.wpdns.site/2025/12/26/how-to-build-self-esteem-in-young-children/","200","text/html; charset=UTF-8","371","Boost Your Child's Self-Esteem: Chroma's Guide (2025)","53","How to Build Child Self-Esteem: A Parent’s Guide to Boosting Confidence and Resilience in Young Children Building child self-esteem means helping a young child form a realistic, secure sense of...","196","max-image-preview:large","https://x3yyntt5tp-staging.wpdns.site/2025/12/26/how-to-build-self-esteem-in-young-children/","1","How to Build Self-Esteem in Young Children","2818","15","3","3","0","BreadcrumbList|Person|BlogPosting","",""
"https://x3yyntt5tp-staging.wpdns.site/es/2025/12/26/how-to-build-self-esteem-in-young-children/","https://x3yyntt5tp-staging.wpdns.site/es/2025/12/26/how-to-build-self-esteem-in-young-children/","200","text/html; charset=UTF-8","344","Artículo de Chroma: Cómo desarrollar la autoestima en niños pequ…","65","Cómo desarrollar la autoestima infantil: Guía para padres para aumentar la confianza y la resiliencia en niños pequeñosDesarrollar la autoestima infantil signi…","160","max-image-preview:large","https://x3yyntt5tp-staging.wpdns.site/es/2025/12/26/how-to-build-self-esteem-in-young-children/","1","Cómo desarrollar la autoestima en niños pequeños","3691","11","4","3","0","BreadcrumbList|Person|BlogPosting","",""
"https://x3yyntt5tp-staging.wpdns.site/2025/12/26/georgia-pre-k-lottery-program-in-marietta-ga/","https://x3yyntt5tp-staging.wpdns.site/2025/12/26/georgia-pre-k-lottery-program-in-marietta-ga/","200","text/html; charset=UTF-8","311","Marietta, GA: Georgia Pre-K Lottery at Chroma (2025)","52","Georgia Pre-K Lottery Program in Marietta, GA: How to Enroll and Prepare Your Child The Georgia Pre-K Lottery Program provides state-funded, free pre-kindergarten for qualifying four-year-olds, allocating limited classroom seats...","231","max-image-preview:large","https://x3yyntt5tp-staging.wpdns.site/2025/12/26/georgia-pre-k-lottery-program-in-marietta-ga/","1","Georgia Pre-K Lottery Program in Marietta, GA","3021","12","4","3","0","BreadcrumbList|Person|BlogPosting","",""
"https://x3yyntt5tp-staging.wpdns.site/es/2025/12/26/georgia-pre-k-lottery-program-in-marietta-ga/","https://x3yyntt5tp-staging.wpdns.site/es/2025/12/26/georgia-pre-k-lottery-program-in-marietta-ga/","200","text/html; charset=UTF-8","349","Artículo de Chroma: Programa Pre-K de Georgia Lottery en Mariett…","65","Programa Pre-K de Georgia Lottery en Marietta, GA: Cómo inscribirse y preparar a su hijoEl Programa Pre-K de Georgia Lottery ofrece preescolar gratuito financi…","160","max-image-preview:large","https://x3yyntt5tp-staging.wpdns.site/es/2025/12/26/georgia-pre-k-lottery-program-in-marietta-ga/","1","Programa Pre-K de Georgia Lottery en Marietta, GA","3997","11","3","3","0","BreadcrumbList|Person|BlogPosting","",""
"https://x3yyntt5tp-staging.wpdns.site/2025/12/26/key-toddler-developmental-milestones-how-we-support-them/","https://x3yyntt5tp-staging.wpdns.site/2025/12/26/key-toddler-developmental-milestones-how-we-support-them/","200","text/html; charset=UTF-8","337","Toddler Milestones: Chroma Academy's Support in 2025","52","Key Toddler Developmental Milestones & How Chroma Early Learning Academy Supports Them Toddlers develop rapidly between their first and third birthdays, and recognizing the stages of physical, cognitive, language, social-emotional,...","234","max-image-preview:large","https://x3yyntt5tp-staging.wpdns.site/2025/12/26/key-toddler-developmental-milestones-how-we-support-them/","1","Key Toddler Developmental Milestones & How We Support Them","3130","14","4","3","0","BreadcrumbList|Person|BlogPosting","",""
"https://x3yyntt5tp-staging.wpdns.site/es/2025/12/26/key-toddler-developmental-milestones-how-we-support-them/","https://x3yyntt5tp-staging.wpdns.site/es/2025/12/26/key-toddler-developmental-milestones-how-we-support-them/","200","text/html; charset=UTF-8","350","Artículo de Chroma: Hitos Clave del Desarrollo Infantil y Cómo L…","65","Hitos Clave del Desarrollo Infantil y Cómo Chroma Early Learning Academy Los ApoyaLos niños pequeños se desarrollan rápidamente entre su primer y tercer cumple…","160","max-image-preview:large","https://x3yyntt5tp-staging.wpdns.site/es/2025/12/26/key-toddler-developmental-milestones-how-we-support-them/","1","Hitos Clave del Desarrollo Infantil y Cómo Los Apoyamos","4243","11","3","3","0","BreadcrumbList|Person|BlogPosting","",""
"https://x3yyntt5tp-staging.wpdns.site/2025/12/26/essential-training-for-early-childhood-educators/","https://x3yyntt5tp-staging.wpdns.site/2025/12/26/essential-training-for-early-childhood-educators/","200","text/html; charset=UTF-8","348","Early Childhood Educator Training: Essential Skills | Chroma","60","Essential Training for Early Childhood Educators in Atlanta: Preparing Quality Childcare Professionals Early childhood educator training encompasses the knowledge, skills, and practical routines educators use to promote safe development and...","243","max-image-preview:large","https://x3yyntt5tp-staging.wpdns.site/2025/12/26/essential-training-for-early-childhood-educators/","1","Essential Training for Early Childhood Educators","2966","16","2","3","0","BreadcrumbList|Person|BlogPosting","",""
"https://x3yyntt5tp-staging.wpdns.site/es/2025/12/26/essential-training-for-early-childhood-educators/","https://x3yyntt5tp-staging.wpdns.site/es/2025/12/26/essential-training-for-early-childhood-educators/","200","text/html; charset=UTF-8","333","Artículo de Chroma: Formación Esencial para Educadores de la Pri…","65","Formación Esencial para Educadores de la Primera Infancia en Atlanta: Preparación de Profesionales de Cuidado Infantil de CalidadLa formación de educadores de…","159","max-image-preview:large","https://x3yyntt5tp-staging.wpdns.site/es/2025/12/26/essential-training-for-early-childhood-educators/","1","Formación Esencial para Educadores de la Primera Infancia","4135","11","3","3","0","BreadcrumbList|Person|BlogPosting","",""
"https://x3yyntt5tp-staging.wpdns.site/2025/12/26/kindergarten-readiness-programs-in-duluth-ga/","https://x3yyntt5tp-staging.wpdns.site/2025/12/26/kindergarten-readiness-programs-in-duluth-ga/","200","text/html; charset=UTF-8","286","Chroma's Kindergarten Readiness Programs in Duluth, GA","54","Kindergarten Readiness Programs in Duluth, GA: Comprehensive Guide to Pre-K and Early Learning at Chroma Early Learning Academy Kindergarten readiness means a child has the early academic, social-emotional, motor, and...","220","max-image-preview:large","https://x3yyntt5tp-staging.wpdns.site/2025/12/26/kindergarten-readiness-programs-in-duluth-ga/","1","Kindergarten Readiness Programs in Duluth, GA","2797","13","5","3","0","BreadcrumbList|Person|BlogPosting","",""
"https://x3yyntt5tp-staging.wpdns.site/es/2025/12/26/kindergarten-readiness-programs-in-duluth-ga/","https://x3yyntt5tp-staging.wpdns.site/es/2025/12/26/kindergarten-readiness-programs-in-duluth-ga/","200","text/html; charset=UTF-8","421","Kindergarten en Duluth, GA | Chroma Academy","43","Programas de Preparación para el Jardín de Infancia en Duluth, GA: Guía Integral de Pre-K y Aprendizaje Temprano en Chroma Early Learning AcademyLa preparación…","160","max-image-preview:large","https://x3yyntt5tp-staging.wpdns.site/es/2025/12/26/kindergarten-readiness-programs-in-duluth-ga/","1","Programas de Preparación para el Jardín de Infancia en Duluth, GA","3862","13","4","3","0","BreadcrumbList|Person|BlogPosting","",""
"https://x3yyntt5tp-staging.wpdns.site/2025/12/26/frequently-asked-questions-about-enrollment/","https://x3yyntt5tp-staging.wpdns.site/2025/12/26/frequently-asked-questions-about-enrollment/","200","text/html; charset=UTF-8","380","Chroma Academy: Enrollment FAQs for Childcare (2025)","52","Frequently Asked Questions About Childcare Enrollment Process at Chroma Early Learning Academy Enrollment at Chroma Early Learning Academy means securing a thoughtfully designed early education placement that supports each child’s...","233","max-image-preview:large","https://x3yyntt5tp-staging.wpdns.site/2025/12/26/frequently-asked-questions-about-enrollment/","1","Frequently Asked Questions About Enrollment","2766","17","3","3","0","BreadcrumbList|Person|BlogPosting","",""
"https://x3yyntt5tp-staging.wpdns.site/es/2025/12/26/frequently-asked-questions-about-enrollment/","https://x3yyntt5tp-staging.wpdns.site/es/2025/12/26/frequently-asked-questions-about-enrollment/","200","text/html; charset=UTF-8","377","Artículo de Chroma: Preguntas Frecuentes Sobre la Inscripción","61","Preguntas Frecuentes Sobre el Proceso de Inscripción en Chroma Early Learning AcademyLa inscripción en Chroma Early Learning Academy significa asegurar un luga…","160","max-image-preview:large","https://x3yyntt5tp-staging.wpdns.site/es/2025/12/26/frequently-asked-questions-about-enrollment/","1","Preguntas Frecuentes Sobre la Inscripción","3691","11","3","3","0","BreadcrumbList|Person|BlogPosting","",""
"https://x3yyntt5tp-staging.wpdns.site/2025/12/26/nurturing-toddler-emotional-growth-regulation/","https://x3yyntt5tp-staging.wpdns.site/2025/12/26/nurturing-toddler-emotional-growth-regulation/","200","text/html; charset=UTF-8","392","Toddler Emotional Growth: Chroma Academy's Guide","48","Toddler Emotional Regulation Strategies: Nurturing Emotional Growth and Social-Emotional Learning for Preschoolers Toddlers’ emotional regulation refers to the developing ability to notice, name, and manage feelings so children can interact...","243","max-image-preview:large","https://x3yyntt5tp-staging.wpdns.site/2025/12/26/nurturing-toddler-emotional-growth-regulation/","1","Nurturing Toddler Emotional Growth & Regulation","2762","14","3","3","0","BreadcrumbList|Person|BlogPosting","",""
"https://x3yyntt5tp-staging.wpdns.site/es/2025/12/26/nurturing-toddler-emotional-growth-regulation/","https://x3yyntt5tp-staging.wpdns.site/es/2025/12/26/nurturing-toddler-emotional-growth-regulation/","200","text/html; charset=UTF-8","370","Artículo de Chroma: Fomento del Crecimiento y la Regulación Emoc…","65","Estrategias de Regulación Emocional en Niños Pequeños: Fomento del Crecimiento Emocional y el Aprendizaje Socioemocional para PreescolaresLa regulación emocion…","160","max-image-preview:large","https://x3yyntt5tp-staging.wpdns.site/es/2025/12/26/nurturing-toddler-emotional-growth-regulation/","1","Fomento del Crecimiento y la Regulación Emocional en Niños Pequeños","3765","11","3","3","0","BreadcrumbList|Person|BlogPosting","",""
"https://x3yyntt5tp-staging.wpdns.site/2025/12/26/strategies-for-preventing-teacher-burnout/","https://x3yyntt5tp-staging.wpdns.site/2025/12/26/strategies-for-preventing-teacher-burnout/","200","text/html; charset=UTF-8","387","Strategies for Preventing Teacher Burnout at Chroma in 2025","59","Effective Strategies for Preventing Teacher Burnout: Ensuring Early Childhood Educator Well-Being and Retention Teacher burnout is a chronic state of physical, emotional, and mental exhaustion that arises when workplace demands...","230","max-image-preview:large","https://x3yyntt5tp-staging.wpdns.site/2025/12/26/strategies-for-preventing-teacher-burnout/","1","Strategies for Preventing Teacher Burnout","2878","11","5","3","0","BreadcrumbList|Person|BlogPosting","",""
"https://x3yyntt5tp-staging.wpdns.site/es/2025/12/26/strategies-for-preventing-teacher-burnout/","https://x3yyntt5tp-staging.wpdns.site/es/2025/12/26/strategies-for-preventing-teacher-burnout/","200","text/html; charset=UTF-8","354","Artículo de Chroma: Estrategias para prevenir el agotamiento del…","65","Estrategias efectivas para prevenir el agotamiento del profesorado: Garantizar el bienestar y la retención de los educadores de la primera infanciaEl agotamien…","160","max-image-preview:large","https://x3yyntt5tp-staging.wpdns.site/es/2025/12/26/strategies-for-preventing-teacher-burnout/","1","Estrategias para prevenir el agotamiento del profesorado","3973","11","3","3","0","BreadcrumbList|Person|BlogPosting","",""
"https://x3yyntt5tp-staging.wpdns.site/2025/12/26/best-infant-care-programs-in-atlanta-georgia/","https://x3yyntt5tp-staging.wpdns.site/2025/12/26/best-infant-care-programs-in-atlanta-georgia/","200","text/html; charset=UTF-8","376","Chroma's Best Infant Care in Atlanta, GA (2025)","47","Best Infant Care Programs in Atlanta, Georgia: Comprehensive Guide for Parents Seeking Quality Infant Daycare Finding reliable infant care in Atlanta can feel overwhelming for new and returning parents, but...","209","max-image-preview:large","https://x3yyntt5tp-staging.wpdns.site/2025/12/26/best-infant-care-programs-in-atlanta-georgia/","1","Best Infant Care Programs in Atlanta, Georgia","2956","13","3","3","0","BreadcrumbList|Person|BlogPosting","",""
"https://x3yyntt5tp-staging.wpdns.site/es/2025/12/26/best-infant-care-programs-in-atlanta-georgia/","https://x3yyntt5tp-staging.wpdns.site/es/2025/12/26/best-infant-care-programs-in-atlanta-georgia/","200","text/html; charset=UTF-8","323","Artículo de Chroma: Los Mejores Programas de Cuidado Infantil pa…","65","Los Mejores Programas de Cuidado Infantil para Bebés en Atlanta, Georgia: Guía Completa para Padres que Buscan Guarderías de Calidad para BebésEncontrar cuidad…","160","max-image-preview:large","https://x3yyntt5tp-staging.wpdns.site/es/2025/12/26/best-infant-care-programs-in-atlanta-georgia/","1","Los Mejores Programas de Cuidado Infantil para Bebés en Atlanta, Georgia","3918","11","3","3","0","BreadcrumbList|Person|BlogPosting","",""
"https://x3yyntt5tp-staging.wpdns.site/2025/12/26/meet-our-dedicated-early-learning-academy-team/","https://x3yyntt5tp-staging.wpdns.site/2025/12/26/meet-our-dedicated-early-learning-academy-team/","200","text/html; charset=UTF-8","346","Chroma's Early Learning Team: Meet the Educators","48","Meet Our Dedicated Early Learning Academy Team: Expert Educators Shaping Atlanta’s Future Chroma Early Learning Academy’s educators form a committed team of early childhood professionals who deliver nurturing care and...","220","max-image-preview:large","https://x3yyntt5tp-staging.wpdns.site/2025/12/26/meet-our-dedicated-early-learning-academy-team/","1","Meet Our Dedicated Early Learning Academy Team","2326","16","5","3","0","BreadcrumbList|Person|BlogPosting","",""
"https://x3yyntt5tp-staging.wpdns.site/es/2025/12/26/meet-our-dedicated-early-learning-academy-team/","https://x3yyntt5tp-staging.wpdns.site/es/2025/12/26/meet-our-dedicated-early-learning-academy-team/","200","text/html; charset=UTF-8","310","Artículo de Chroma: Conozca a nuestro dedicado equipo de la Acad…","65","Conozca a nuestro dedicado equipo de la Academia de Aprendizaje Temprano: Educadores expertos que dan forma al futuro de AtlantaLos educadores de Chroma Early…","159","max-image-preview:large","https://x3yyntt5tp-staging.wpdns.site/es/2025/12/26/meet-our-dedicated-early-learning-academy-team/","1","Conozca a nuestro dedicado equipo de la Academia de Aprendizaje Temprano","3213","11","3","3","0","BreadcrumbList|Person|BlogPosting","",""
"https://x3yyntt5tp-staging.wpdns.site/2025/12/26/understanding-individualized-education-plans-ieps/","https://x3yyntt5tp-staging.wpdns.site/2025/12/26/understanding-individualized-education-plans-ieps/","200","text/html; charset=UTF-8","308","IEP Guide for Metro Atlanta Families in 2025","44","Understanding Individualized Education Plans: A Comprehensive Parent’s Guide Parents who suspect their child needs tailored academic or developmental supports often ask, “What is an IEP and how will it help...","209","max-image-preview:large","https://x3yyntt5tp-staging.wpdns.site/2025/12/26/understanding-individualized-education-plans-ieps/","1","Understanding Individualized Education Plans (IEPs)","3043","13","4","3","0","BreadcrumbList|Person|BlogPosting","",""
"https://x3yyntt5tp-staging.wpdns.site/es/2025/12/26/understanding-individualized-education-plans-ieps/","https://x3yyntt5tp-staging.wpdns.site/es/2025/12/26/understanding-individualized-education-plans-ieps/","200","text/html; charset=UTF-8","456","Artículo de Chroma: Entendiendo los Planes de Educación Individu…","65","Entendiendo los Planes de Educación Individualizados: Una guía completa para padresLos padres que sospechan que su hijo necesita apoyos académicos o de desarro…","160","max-image-preview:large","https://x3yyntt5tp-staging.wpdns.site/es/2025/12/26/understanding-individualized-education-plans-ieps/","1","Entendiendo los Planes de Educación Individualizados (IEP)","3937","11","3","3","0","BreadcrumbList|Person|BlogPosting","",""
"https://x3yyntt5tp-staging.wpdns.site/2025/12/26/developing-essential-social-skills-for-kindergarten/","https://x3yyntt5tp-staging.wpdns.site/2025/12/26/developing-essential-social-skills-for-kindergarten/","200","text/html; charset=UTF-8","440","Kindergarten Social Skills: Chroma's Guide & Tips","49","Developing Essential Kindergarten Social Skills for Confident School Readiness Young children enter kindergarten with a range of social skills that shape how they learn, play, and belong; kindergarten social skills...","217","max-image-preview:large","https://x3yyntt5tp-staging.wpdns.site/2025/12/26/developing-essential-social-skills-for-kindergarten/","1","Developing Essential Social Skills for Kindergarten","2756","14","3","3","0","BreadcrumbList|Person|BlogPosting","",""
"https://x3yyntt5tp-staging.wpdns.site/es/2025/12/26/developing-essential-social-skills-for-kindergarten/","https://x3yyntt5tp-staging.wpdns.site/es/2025/12/26/developing-essential-social-skills-for-kindergarten/","200","text/html; charset=UTF-8","453","Artículo de Chroma: Desarrollo de Habilidades Sociales Esenciale…","65","Desarrollo de Habilidades Sociales Esenciales para el Jardín de Infancia para una Preparación Escolar SeguraLos niños pequeños ingresan al jardín de infancia c…","160","max-image-preview:large","https://x3yyntt5tp-staging.wpdns.site/es/2025/12/26/developing-essential-social-skills-for-kindergarten/","1","Desarrollo de Habilidades Sociales Esenciales para el Jardín de Infancia","3794","11","3","3","0","BreadcrumbList|Person|BlogPosting","",""
"https://x3yyntt5tp-staging.wpdns.site/2025/12/26/the-importance-of-outdoor-play-for-child-development/","https://x3yyntt5tp-staging.wpdns.site/2025/12/26/the-importance-of-outdoor-play-for-child-development/","200","text/html; charset=UTF-8","442","Outdoor Play for Child Development: Chroma's Approach","53","The Importance of Outdoor Play for Child Development: Benefits, Activities, and Learning at Chroma Early Learning Academy Outdoor play — unstructured, guided, and nature-centered activity that happens outside the classroom...","225","max-image-preview:large","https://x3yyntt5tp-staging.wpdns.site/2025/12/26/the-importance-of-outdoor-play-for-child-development/","1","The Importance of Outdoor Play for Child Development","2669","14","3","3","0","BreadcrumbList|Person|BlogPosting","",""
"https://x3yyntt5tp-staging.wpdns.site/es/2025/12/26/the-importance-of-outdoor-play-for-child-development/","https://x3yyntt5tp-staging.wpdns.site/es/2025/12/26/the-importance-of-outdoor-play-for-child-development/","200","text/html; charset=UTF-8","458","Artículo de Chroma: La Importancia del Juego al Aire Libre para…","64","La Importancia del Juego al Aire Libre para el Desarrollo Infantil: Beneficios, Actividades y Aprendizaje en Chroma Early Learning AcademyEl juego al aire libr…","160","max-image-preview:large","https://x3yyntt5tp-staging.wpdns.site/es/2025/12/26/the-importance-of-outdoor-play-for-child-development/","1","La Importancia del Juego al Aire Libre para el Desarrollo Infantil","3859","11","5","3","0","BreadcrumbList|Person|BlogPosting","",""
"https://x3yyntt5tp-staging.wpdns.site/2025/12/26/top-rated-preschool-programs-in-johns-creek-ga/","https://x3yyntt5tp-staging.wpdns.site/2025/12/26/top-rated-preschool-programs-in-johns-creek-ga/","200","text/html; charset=UTF-8","433","Johns Creek, GA: Top Preschool Programs at Chroma Academy","57","Preschool Programs in Johns Creek, GA: Your Guide to Quality Early Learning Finding a preschool that balances warm care with measurable early learning outcomes is essential for families in Johns...","197","max-image-preview:large","https://x3yyntt5tp-staging.wpdns.site/2025/12/26/top-rated-preschool-programs-in-johns-creek-ga/","1","Top-Rated Preschool Programs in Johns Creek, GA","2836","16","5","3","0","BreadcrumbList|Person|BlogPosting","",""
"https://x3yyntt5tp-staging.wpdns.site/es/2025/12/26/top-rated-preschool-programs-in-johns-creek-ga/","https://x3yyntt5tp-staging.wpdns.site/es/2025/12/26/top-rated-preschool-programs-in-johns-creek-ga/","200","text/html; charset=UTF-8","431","Preescolar en Johns Creek, GA | Chroma Academy","46","Programas preescolares de primera categoría en Johns Creek, GA: Su guía para el aprendizaje temprano de calidadEncontrar un preescolar que equilibre el cuidado…","160","max-image-preview:large","https://x3yyntt5tp-staging.wpdns.site/es/2025/12/26/top-rated-preschool-programs-in-johns-creek-ga/","1","Programas preescolares de primera categoría en Johns Creek, GA","3920","11","3","3","0","BreadcrumbList|Person|BlogPosting","",""
"https://x3yyntt5tp-staging.wpdns.site/2025/12/26/supporting-toddler-language-development-communication/","https://x3yyntt5tp-staging.wpdns.site/2025/12/26/supporting-toddler-language-development-communication/","200","text/html; charset=UTF-8","407","Toddler Language Development: Chroma's Guide (2025)","51","Supporting Toddler Language Development & Communication: Essential Activities, Milestones, and Signs for Parents Toddler language development is the rapid, interrelated growth of receptive and expressive communication skills that lets young...","243","max-image-preview:large","https://x3yyntt5tp-staging.wpdns.site/2025/12/26/supporting-toddler-language-development-communication/","1","Supporting Toddler Language Development & Communication","3100","12","5","3","0","BreadcrumbList|Person|BlogPosting","",""
"https://x3yyntt5tp-staging.wpdns.site/es/2025/12/26/supporting-toddler-language-development-communication/","https://x3yyntt5tp-staging.wpdns.site/es/2025/12/26/supporting-toddler-language-development-communication/","200","text/html; charset=UTF-8","414","Artículo de Chroma: Apoyando el Desarrollo del Lenguaje y la Com…","65","Apoyando el Desarrollo del Lenguaje y la Comunicación en Niños Pequeños: Actividades Esenciales, Hitos y Señales para PadresEl desarrollo del lenguaje en niños…","160","max-image-preview:large","https://x3yyntt5tp-staging.wpdns.site/es/2025/12/26/supporting-toddler-language-development-communication/","1","Apoyando el Desarrollo del Lenguaje y la Comunicación en Niños Pequeños","4070","11","4","3","0","BreadcrumbList|Person|BlogPosting","",""
"https://x3yyntt5tp-staging.wpdns.site/2025/12/26/engaging-sensory-activities-for-infant-development/","https://x3yyntt5tp-staging.wpdns.site/2025/12/26/engaging-sensory-activities-for-infant-development/","200","text/html; charset=UTF-8","393","Chroma's Infant Sensory Activities for Development","50","Engaging Sensory Activities for Infant Development: Essential Baby Sensory Play Ideas and Infant Stimulation Infant sensory play is the intentional use of touch, sight, sound, movement and taste to help...","205","max-image-preview:large","https://x3yyntt5tp-staging.wpdns.site/2025/12/26/engaging-sensory-activities-for-infant-development/","1","Engaging Sensory Activities for Infant Development","3087","12","5","3","0","BreadcrumbList|Person|BlogPosting","",""
"https://x3yyntt5tp-staging.wpdns.site/es/2025/12/26/engaging-sensory-activities-for-infant-development/","https://x3yyntt5tp-staging.wpdns.site/es/2025/12/26/engaging-sensory-activities-for-infant-development/","200","text/html; charset=UTF-8","390","Artículo de Chroma: Actividades Sensoriales Atractivas para el D…","65","Actividades Sensoriales Atractivas para el Desarrollo Infantil: Ideas Esenciales de Juego Sensorial para Bebés y Estimulación InfantilEl juego sensorial para b…","160","max-image-preview:large","https://x3yyntt5tp-staging.wpdns.site/es/2025/12/26/engaging-sensory-activities-for-infant-development/","1","Actividades Sensoriales Atractivas para el Desarrollo Infantil: Ideas Esenciales de Juego Sensorial para Bebés y Estimulación Infantil","4084","11","4","3","0","BreadcrumbList|Person|BlogPosting","",""
"https://x3yyntt5tp-staging.wpdns.site/2025/12/26/fostering-strong-parent-teacher-relationships/","https://x3yyntt5tp-staging.wpdns.site/2025/12/26/fostering-strong-parent-teacher-relationships/","200","text/html; charset=UTF-8","417","Chroma: Strengthening Parent-Teacher Relationships in 2025","58","Parent Teacher Communication Strategies for Fostering Strong Parent-Teacher Relationships Strong parent-teacher relationships in early childhood are partnerships where educators and families share goals, information, and consistent strategies to support a...","258","max-image-preview:large","https://x3yyntt5tp-staging.wpdns.site/2025/12/26/fostering-strong-parent-teacher-relationships/","1","Fostering Strong Parent-Teacher Relationships","2828","14","3","3","0","BreadcrumbList|Person|BlogPosting","",""
"https://x3yyntt5tp-staging.wpdns.site/es/2025/12/26/fostering-strong-parent-teacher-relationships/","https://x3yyntt5tp-staging.wpdns.site/es/2025/12/26/fostering-strong-parent-teacher-relationships/","200","text/html; charset=UTF-8","347","Artículo de Chroma: Fomentando relaciones sólidas entre padres y…","65","Estrategias de comunicación entre padres y maestros para fomentar relaciones sólidas entre padres y maestrosLas relaciones sólidas entre padres y maestros en l…","160","max-image-preview:large","https://x3yyntt5tp-staging.wpdns.site/es/2025/12/26/fostering-strong-parent-teacher-relationships/","1","Fomentando relaciones sólidas entre padres y maestros","3808","11","2","3","0","BreadcrumbList|Person|BlogPosting","",""
"https://x3yyntt5tp-staging.wpdns.site/2025/12/26/easy-science-experiments-for-kids-at-home/","https://x3yyntt5tp-staging.wpdns.site/2025/12/26/easy-science-experiments-for-kids-at-home/","200","text/html; charset=UTF-8","333","Easy Science Experiments for Kids: Fun at Home (2025)","53","Easy Science Experiments for Kids at Home: Simple DIY Projects to Spark Curiosity and Learning Hands-on, low-cost science experiments give kids a direct way to explore scientific ideas like density,...","201","max-image-preview:large","https://x3yyntt5tp-staging.wpdns.site/2025/12/26/easy-science-experiments-for-kids-at-home/","1","Easy Science Experiments for Kids at Home","3407","15","5","3","0","BreadcrumbList|Person|BlogPosting","",""
"https://x3yyntt5tp-staging.wpdns.site/es/2025/12/26/easy-science-experiments-for-kids-at-home/","https://x3yyntt5tp-staging.wpdns.site/es/2025/12/26/easy-science-experiments-for-kids-at-home/","200","text/html; charset=UTF-8","316","Artículo de Chroma: Experimentos científicos fáciles para niños…","64","Experimentos científicos fáciles para niños en casa: Proyectos sencillos de bricolaje para despertar la curiosidad y el aprendizajeLos experimentos científicos…","160","max-image-preview:large","https://x3yyntt5tp-staging.wpdns.site/es/2025/12/26/easy-science-experiments-for-kids-at-home/","1","Experimentos científicos fáciles para niños en casa","4387","12","4","3","0","BreadcrumbList|Person|BlogPosting","",""
"https://x3yyntt5tp-staging.wpdns.site/2025/12/26/preschool-vs-daycare-which-is-right-for-your-child/","https://x3yyntt5tp-staging.wpdns.site/2025/12/26/preschool-vs-daycare-which-is-right-for-your-child/","200","text/html; charset=UTF-8","569","Preschool vs. Daycare: Which is Best for Your Child? [2025]","59","Preschool vs. Daycare: Understanding Key Differences to Choose the Best Option for Your Child Choosing between preschool and daycare is one of the first major decisions parents make about early...","196","max-image-preview:large","https://x3yyntt5tp-staging.wpdns.site/2025/12/26/preschool-vs-daycare-which-is-right-for-your-child/","1","Preschool vs. Daycare: Which is Right for Your Child?","2656","14","4","3","0","BreadcrumbList|Person|BlogPosting","",""
"https://x3yyntt5tp-staging.wpdns.site/es/2025/12/26/preschool-vs-daycare-which-is-right-for-your-child/","https://x3yyntt5tp-staging.wpdns.site/es/2025/12/26/preschool-vs-daycare-which-is-right-for-your-child/","200","text/html; charset=UTF-8","589","Artículo de Chroma: Preescolar vs. Guardería: ¿Cuál es la opción…","65","Preescolar vs. Guardería: Comprendiendo las diferencias clave para elegir la mejor opción para tu hijoElegir entre preescolar y guardería es una de las primera…","160","max-image-preview:large","https://x3yyntt5tp-staging.wpdns.site/es/2025/12/26/preschool-vs-daycare-which-is-right-for-your-child/","1","Preescolar vs. Guardería: ¿Cuál es la opción adecuada para tu hijo?","3624","11","4","3","0","BreadcrumbList|Person|BlogPosting","",""
"https://x3yyntt5tp-staging.wpdns.site/2025/12/26/top-benefits-of-professional-infant-care-for-early-development/","https://x3yyntt5tp-staging.wpdns.site/2025/12/26/top-benefits-of-professional-infant-care-for-early-development/","200","text/html; charset=UTF-8","577","Top Benefits of Professional Infant Care at Chroma in 2025","58","Top Benefits of Professional Infant Care for Early Development at Chroma Early Learning Academy Professional infant care refers to licensed, structured programs where trained caregivers provide responsive, developmentally informed routines...","242","max-image-preview:large","https://x3yyntt5tp-staging.wpdns.site/2025/12/26/top-benefits-of-professional-infant-care-for-early-development/","1","Top Benefits of Professional Infant Care for Early Development","3008","14","3","3","0","BreadcrumbList|Person|BlogPosting","",""
"https://x3yyntt5tp-staging.wpdns.site/es/2025/12/26/top-benefits-of-professional-infant-care-for-early-development/","https://x3yyntt5tp-staging.wpdns.site/es/2025/12/26/top-benefits-of-professional-infant-care-for-early-development/","200","text/html; charset=UTF-8","488","Artículo de Chroma: Principales Beneficios del Cuidado Profesion…","65","Principales Beneficios del Cuidado Profesional de Bebés para el Desarrollo Temprano en Chroma Early Learning AcademyEl cuidado profesional de bebés se refiere…","159","max-image-preview:large","https://x3yyntt5tp-staging.wpdns.site/es/2025/12/26/top-benefits-of-professional-infant-care-for-early-development/","1","Principales Beneficios del Cuidado Profesional de Bebés para el Desarrollo Temprano","4068","11","3","3","0","BreadcrumbList|Person|BlogPosting","",""
"https://x3yyntt5tp-staging.wpdns.site/2025/12/26/foods-to-boost-your-childs-immunity/","https://x3yyntt5tp-staging.wpdns.site/2025/12/26/foods-to-boost-your-childs-immunity/","200","text/html; charset=UTF-8","471","Foods to Boost Child Immunity: Chroma Academy's Guide (2025)","60","Foods to Boost Your Child’s Immunity: Essential Nutrients and Practical Tips for Parents Early childhood is a formative window when nutrition directly supports immune development, resilience to common infections, and...","219","max-image-preview:large","https://x3yyntt5tp-staging.wpdns.site/2025/12/26/foods-to-boost-your-childs-immunity/","1","Foods to Boost Your Child’s Immunity","2927","12","4","3","0","BreadcrumbList|Person|BlogPosting","",""
"https://x3yyntt5tp-staging.wpdns.site/es/2025/12/26/foods-to-boost-your-childs-immunity/","https://x3yyntt5tp-staging.wpdns.site/es/2025/12/26/foods-to-boost-your-childs-immunity/","200","text/html; charset=UTF-8","392","Artículo de Chroma: Alimentos para potenciar la inmunidad de tu…","64","Alimentos para potenciar la inmunidad de tu hijo: Nutrientes esenciales y consejos prácticos para padresLa primera infancia es una etapa formativa en la que la…","160","max-image-preview:large","https://x3yyntt5tp-staging.wpdns.site/es/2025/12/26/foods-to-boost-your-childs-immunity/","1","Alimentos para potenciar la inmunidad de tu hijo","3793","11","4","3","0","BreadcrumbList|Person|BlogPosting","",""
"https://x3yyntt5tp-staging.wpdns.site/2025/12/26/after-school-programs-in-peachtree-corners-ga/","https://x3yyntt5tp-staging.wpdns.site/2025/12/26/after-school-programs-in-peachtree-corners-ga/","200","text/html; charset=UTF-8","313","Peachtree Corners After School Programs | Chroma","48","After School Programs in Peachtree Corners, GA: Comprehensive Care and Enrichment for School Age Children After-school programs in Peachtree Corners provide safe, supervised care that supports academic growth, social development,...","232","max-image-preview:large","https://x3yyntt5tp-staging.wpdns.site/2025/12/26/after-school-programs-in-peachtree-corners-ga/","1","After School Programs in Peachtree Corners, GA","2690","12","4","3","0","BreadcrumbList|Person|BlogPosting","",""
"https://x3yyntt5tp-staging.wpdns.site/es/2025/12/26/after-school-programs-in-peachtree-corners-ga/","https://x3yyntt5tp-staging.wpdns.site/es/2025/12/26/after-school-programs-in-peachtree-corners-ga/","200","text/html; charset=UTF-8","344","Artículo de Chroma: Programas después de la escuela en Peachtree…","65","Programas después de la escuela en Peachtree Corners, GA: Cuidado integral y enriquecimiento para niños en edad escolarLos programas después de la escuela en P…","160","max-image-preview:large","https://x3yyntt5tp-staging.wpdns.site/es/2025/12/26/after-school-programs-in-peachtree-corners-ga/","1","Programas después de la escuela en Peachtree Corners, GA","3712","12","4","3","0","BreadcrumbList|Person|BlogPosting","",""
"https://x3yyntt5tp-staging.wpdns.site/2025/12/26/creative-family-bonding-activities-for-all-ages/","https://x3yyntt5tp-staging.wpdns.site/2025/12/26/creative-family-bonding-activities-for-all-ages/","200","text/html; charset=UTF-8","417","Creative Family Fun: Bonding Activities for All Ages","52","Creative Family Bonding Activities for All Ages: Engaging Ideas to Strengthen Family Connections Family bonding activities are intentional moments—simple, creative, and repeatable—that strengthen emotional ties, build communication skills, and support...","254","max-image-preview:large","https://x3yyntt5tp-staging.wpdns.site/2025/12/26/creative-family-bonding-activities-for-all-ages/","1","Creative Family Bonding Activities for All Ages","2614","16","3","3","0","BreadcrumbList|Person|BlogPosting","",""
"https://x3yyntt5tp-staging.wpdns.site/es/2025/12/26/creative-family-bonding-activities-for-all-ages/","https://x3yyntt5tp-staging.wpdns.site/es/2025/12/26/creative-family-bonding-activities-for-all-ages/","200","text/html; charset=UTF-8","344","Artículo de Chroma: Actividades Creativas de Conexión Familiar p…","65","Actividades Creativas de Conexión Familiar para Todas las Edades: Ideas para Fortalecer los Lazos FamiliaresLas actividades de conexión familiar son momentos i…","160","max-image-preview:large","https://x3yyntt5tp-staging.wpdns.site/es/2025/12/26/creative-family-bonding-activities-for-all-ages/","1","Actividades Creativas de Conexión Familiar para Todas las Edades","3502","11","3","3","0","BreadcrumbList|Person|BlogPosting","",""
"https://x3yyntt5tp-staging.wpdns.site/2025/12/26/boosting-infant-cognitive-development-activities/","https://x3yyntt5tp-staging.wpdns.site/2025/12/26/boosting-infant-cognitive-development-activities/","200","text/html; charset=UTF-8","348","Chroma's Infant Cognitive Activities (2025)","43","Boosting Infant Cognitive Development Activities: Effective Brain Stimulation and Early Learning Strategies Infant cognitive development describes the rapid maturation of a baby’s ability to perceive, remember, solve simple problems, and...","240","max-image-preview:large","https://x3yyntt5tp-staging.wpdns.site/2025/12/26/boosting-infant-cognitive-development-activities/","1","Boosting Infant Cognitive Development Activities","3256","14","4","3","0","BreadcrumbList|Person|BlogPosting","",""
"https://x3yyntt5tp-staging.wpdns.site/es/2025/12/26/boosting-infant-cognitive-development-activities/","https://x3yyntt5tp-staging.wpdns.site/es/2025/12/26/boosting-infant-cognitive-development-activities/","200","text/html; charset=UTF-8","351","Artículo de Chroma: Potenciando Actividades para el Desarrollo C…","65","Potenciando Actividades para el Desarrollo Cognitivo Infantil: Estrategias Efectivas de Estimulación Cerebral y Aprendizaje TempranoEl desarrollo cognitivo inf…","160","max-image-preview:large","https://x3yyntt5tp-staging.wpdns.site/es/2025/12/26/boosting-infant-cognitive-development-activities/","1","Potenciando Actividades para el Desarrollo Cognitivo Infantil","4323","11","3","3","0","BreadcrumbList|Person|BlogPosting","",""
"https://x3yyntt5tp-staging.wpdns.site/2025/12/26/diverse-enrichment-activities-in-after-school-programs/","https://x3yyntt5tp-staging.wpdns.site/2025/12/26/diverse-enrichment-activities-in-after-school-programs/","200","text/html; charset=UTF-8","314","Chroma: Enrichment Activities for After School Programs","55","Enriching After School Activities in Atlanta After school enrichment in Metro Atlanta offers structured, supervised activities that extend learning beyond the classroom and support school-age children’s cognitive, social, emotional, physical,...","245","max-image-preview:large","https://x3yyntt5tp-staging.wpdns.site/2025/12/26/diverse-enrichment-activities-in-after-school-programs/","1","Diverse Enrichment Activities in After School Programs","2965","41","4","3","0","BreadcrumbList|Person|BlogPosting","",""
"https://x3yyntt5tp-staging.wpdns.site/es/2025/12/26/diverse-enrichment-activities-in-after-school-programs/","https://x3yyntt5tp-staging.wpdns.site/es/2025/12/26/diverse-enrichment-activities-in-after-school-programs/","200","text/html; charset=UTF-8","375","Artículo de Chroma: Actividades de enriquecimiento diversas en p…","65","Actividades de enriquecimiento en programas extraescolares en AtlantaEl enriquecimiento extraescolar en Metro Atlanta ofrece actividades estructuradas y superv…","160","max-image-preview:large","https://x3yyntt5tp-staging.wpdns.site/es/2025/12/26/diverse-enrichment-activities-in-after-school-programs/","1","Actividades de enriquecimiento diversas en programas extraescolares","4026","41","6","3","0","BreadcrumbList|Person|BlogPosting","",""
"https://x3yyntt5tp-staging.wpdns.site/2025/12/26/building-early-math-skills-in-preschool-programs/","https://x3yyntt5tp-staging.wpdns.site/2025/12/26/building-early-math-skills-in-preschool-programs/","200","text/html; charset=UTF-8","627","Early Math Skills in Preschool: Chroma's Program Guide","54","Mastering Early Math for Kindergarten Early math skills are the foundational abilities young children use to notice quantities, compare objects, and reason about patterns; these skills set the stage for...","205","max-image-preview:large","https://x3yyntt5tp-staging.wpdns.site/2025/12/26/building-early-math-skills-in-preschool-programs/","1","Building Early Math Skills in Preschool Programs","3044","35","7","3","0","BreadcrumbList|Person|BlogPosting","",""
"https://x3yyntt5tp-staging.wpdns.site/es/2025/12/26/building-early-math-skills-in-preschool-programs/","https://x3yyntt5tp-staging.wpdns.site/es/2025/12/26/building-early-math-skills-in-preschool-programs/","200","text/html; charset=UTF-8","349","Artículo de Chroma: Desarrollando habilidades matemáticas tempra…","65","Dominando las matemáticas tempranas para el kínderLas habilidades matemáticas tempranas son las capacidades fundamentales que los niños pequeños utilizan para…","159","max-image-preview:large","https://x3yyntt5tp-staging.wpdns.site/es/2025/12/26/building-early-math-skills-in-preschool-programs/","1","Desarrollando habilidades matemáticas tempranas en programas preescolares","3972","33","6","3","0","BreadcrumbList|Person|BlogPosting","",""
"https://x3yyntt5tp-staging.wpdns.site/2025/12/26/guide-to-choosing-the-right-infant-daycare/","https://x3yyntt5tp-staging.wpdns.site/2025/12/26/guide-to-choosing-the-right-infant-daycare/","200","text/html; charset=UTF-8","348","Choosing the Right Infant Daycare: A Guide by Chroma (2025)","59","Choosing Quality Infant Daycare Selecting the right infant daycare is one of the most consequential decisions new parents make, because early caregiving environments directly influence safety, attachment, and early developmental...","231","max-image-preview:large","https://x3yyntt5tp-staging.wpdns.site/2025/12/26/guide-to-choosing-the-right-infant-daycare/","1","Guide to Choosing the Right Infant Daycare","3411","59","4","3","0","BreadcrumbList|Person|BlogPosting","",""
"https://x3yyntt5tp-staging.wpdns.site/es/2025/12/26/guide-to-choosing-the-right-infant-daycare/","https://x3yyntt5tp-staging.wpdns.site/es/2025/12/26/guide-to-choosing-the-right-infant-daycare/","200","text/html; charset=UTF-8","375","Artículo de Chroma: Guía para elegir la guardería infantil adecu…","65","Elegir una guardería infantil de calidadSeleccionar la guardería infantil adecuada es una de las decisiones más importantes que toman los nuevos padres, ya que…","160","max-image-preview:large","https://x3yyntt5tp-staging.wpdns.site/es/2025/12/26/guide-to-choosing-the-right-infant-daycare/","1","Guía para elegir la guardería infantil adecuada","4595","57","6","3","0","BreadcrumbList|Person|BlogPosting","",""
"https://x3yyntt5tp-staging.wpdns.site/2025/12/26/early-literacy-development-in-our-programs/","https://x3yyntt5tp-staging.wpdns.site/2025/12/26/early-literacy-development-in-our-programs/","200","text/html; charset=UTF-8","259","Early Literacy at Chroma: Programs for Reading Success","54","Empower your child's learning journey with our preschool phonics programs. Foster early literacy skills and boost reading readiness for lifelong success!","153","max-image-preview:large","https://x3yyntt5tp-staging.wpdns.site/2025/12/26/early-literacy-development-in-our-programs/","1","Unlock Reading Readiness with Our Preschool Phonics Programs","2829","45","6","3","0","BreadcrumbList|Person|BlogPosting","",""
"https://x3yyntt5tp-staging.wpdns.site/es/2025/12/26/early-literacy-development-in-our-programs/","https://x3yyntt5tp-staging.wpdns.site/es/2025/12/26/early-literacy-development-in-our-programs/","200","text/html; charset=UTF-8","341","Artículo de Chroma: Desbloquea la preparación para la lectura co…","65","Fomentando la alfabetización temprana en AtlantaLa alfabetización temprana se refiere al conjunto de habilidades y experiencias que permiten a los niños pequeñ…","160","max-image-preview:large","https://x3yyntt5tp-staging.wpdns.site/es/2025/12/26/early-literacy-development-in-our-programs/","1","Desbloquea la preparación para la lectura con nuestros programas de fonética preescolar","3914","42","5","3","0","BreadcrumbList|Person|BlogPosting","",""
"https://x3yyntt5tp-staging.wpdns.site/2025/12/26/georgia-pre-k-lottery-program-in-smyrna-ga/","https://x3yyntt5tp-staging.wpdns.site/2025/12/26/georgia-pre-k-lottery-program-in-smyrna-ga/","200","text/html; charset=UTF-8","327","Smyrna, GA Pre-K Lottery: Enroll at Chroma Academy","50","Unlock your child's potential with Smyrna's free Pre-K lottery! Secure a spot for quality education and foster a brighter future. Join now for success!","151","max-image-preview:large","https://x3yyntt5tp-staging.wpdns.site/2025/12/26/georgia-pre-k-lottery-program-in-smyrna-ga/","1","Join Smyrna’s Lottery for Free Pre-K: A Path to Success","3709","13","6","3","0","BreadcrumbList|Person|BlogPosting","",""
"https://x3yyntt5tp-staging.wpdns.site/es/2025/12/26/georgia-pre-k-lottery-program-in-smyrna-ga/","https://x3yyntt5tp-staging.wpdns.site/es/2025/12/26/georgia-pre-k-lottery-program-in-smyrna-ga/","200","text/html; charset=UTF-8","357","Artículo de Chroma: Únete a la Lotería de Smyrna para Pre-K Grat…","65","Inscribe a tu hijo en Pre-K GratuitoGeorgia Pre-K es un programa de educación infantil financiado por el estado que ofrece instrucción gratuita a tiempo comple…","160","max-image-preview:large","https://x3yyntt5tp-staging.wpdns.site/es/2025/12/26/georgia-pre-k-lottery-program-in-smyrna-ga/","1","Únete a la Lotería de Smyrna para Pre-K Gratuito: Un Camino al Éxito","4927","12","5","3","0","BreadcrumbList|Person|BlogPosting","",""
"https://x3yyntt5tp-staging.wpdns.site/2025/12/26/schedule-a-tour-of-our-early-learning-academy/","https://x3yyntt5tp-staging.wpdns.site/2025/12/26/schedule-a-tour-of-our-early-learning-academy/","200","text/html; charset=UTF-8","394","Tour Chroma Academy: Schedule Your Visit Now!","45","Discover Our Atlanta Learning Academy Scheduling a childcare tour is the most direct way to evaluate a preschool environment, meet educators, and confirm program fit for your child. This article...","197","max-image-preview:large","https://x3yyntt5tp-staging.wpdns.site/2025/12/26/schedule-a-tour-of-our-early-learning-academy/","1","Schedule a Tour of Our Early Learning Academy","3546","56","5","3","0","BreadcrumbList|Person|BlogPosting","",""
"https://x3yyntt5tp-staging.wpdns.site/es/2025/12/26/schedule-a-tour-of-our-early-learning-academy/","https://x3yyntt5tp-staging.wpdns.site/es/2025/12/26/schedule-a-tour-of-our-early-learning-academy/","200","text/html; charset=UTF-8","404","Artículo de Chroma: Programa un recorrido por nuestra academia d…","65","Descubre nuestra Academia de Aprendizaje en AtlantaProgramar un recorrido por el cuidado infantil es la forma más directa de evaluar un entorno preescolar, con…","160","max-image-preview:large","https://x3yyntt5tp-staging.wpdns.site/es/2025/12/26/schedule-a-tour-of-our-early-learning-academy/","1","Programa un recorrido por nuestra academia de aprendizaje temprano","4599","51","7","3","0","BreadcrumbList|Person|BlogPosting","",""
"https://x3yyntt5tp-staging.wpdns.site/2025/12/26/how-to-talk-to-kids-about-difficult-topics/","https://x3yyntt5tp-staging.wpdns.site/2025/12/26/how-to-talk-to-kids-about-difficult-topics/","200","text/html; charset=UTF-8","365","How to Talk to Kids About Difficult Topics: A Chroma Guide","58","How to Talk to Kids About Difficult Topics: A Parent’s Guide to Support and Emotional Resilience Difficult topics are conversations that touch on loss, change, safety, or fear and can...","186","max-image-preview:large","https://x3yyntt5tp-staging.wpdns.site/2025/12/26/how-to-talk-to-kids-about-difficult-topics/","1","How to Talk to Kids About Difficult Topics","2812","13","4","3","0","BreadcrumbList|Person|BlogPosting","",""
"https://x3yyntt5tp-staging.wpdns.site/es/2025/12/26/how-to-talk-to-kids-about-difficult-topics/","https://x3yyntt5tp-staging.wpdns.site/es/2025/12/26/how-to-talk-to-kids-about-difficult-topics/","200","text/html; charset=UTF-8","419","Artículo de Chroma: Cómo hablar con los niños sobre temas difíci…","65","Cómo hablar con los niños sobre temas difíciles: Una guía para padres sobre apoyo y resiliencia emocionalLos temas difíciles son conversaciones que abordan la…","159","max-image-preview:large","https://x3yyntt5tp-staging.wpdns.site/es/2025/12/26/how-to-talk-to-kids-about-difficult-topics/","1","Cómo hablar con los niños sobre temas difíciles","3614","11","4","3","0","BreadcrumbList|Person|BlogPosting","",""
"https://x3yyntt5tp-staging.wpdns.site/2025/12/26/georgia-pre-k-lottery-program-in-duluth-ga/","https://x3yyntt5tp-staging.wpdns.site/2025/12/26/georgia-pre-k-lottery-program-in-duluth-ga/","200","text/html; charset=UTF-8","346","Chroma: Georgia Pre-K Lottery in Duluth, GA (2025)","50","Georgia Pre-K Lottery Program in Duluth, GA: Eligibility, Application, and Benefits at Chroma Early Learning Academy The Georgia Pre-K Lottery Program is a state-funded preschool initiative that offers free, full-day...","219","max-image-preview:large","https://x3yyntt5tp-staging.wpdns.site/2025/12/26/georgia-pre-k-lottery-program-in-duluth-ga/","1","Georgia Pre-K Lottery Program in Duluth, GA","2968","13","5","3","0","BreadcrumbList|Person|BlogPosting","",""
"https://x3yyntt5tp-staging.wpdns.site/es/2025/12/26/georgia-pre-k-lottery-program-in-duluth-ga/","https://x3yyntt5tp-staging.wpdns.site/es/2025/12/26/georgia-pre-k-lottery-program-in-duluth-ga/","200","text/html; charset=UTF-8","358","Artículo de Chroma: Programa Pre-K de la Lotería de Georgia en D…","65","Programa Pre-K de la Lotería de Georgia en Duluth, GA: Elegibilidad, Solicitud y Beneficios en Chroma Early Learning AcademyEl Programa Pre-K de la Lotería de…","159","max-image-preview:large","https://x3yyntt5tp-staging.wpdns.site/es/2025/12/26/georgia-pre-k-lottery-program-in-duluth-ga/","1","Programa Pre-K de la Lotería de Georgia en Duluth, GA","4013","11","5","3","0","BreadcrumbList|Person|BlogPosting","",""
"https://x3yyntt5tp-staging.wpdns.site/2025/12/26/implementing-personalized-learning-in-preschool/","https://x3yyntt5tp-staging.wpdns.site/2025/12/26/implementing-personalized-learning-in-preschool/","200","text/html; charset=UTF-8","356","Personalized Learning in Preschool: Chroma's Approach","53","Implementing Personalized Learning in Preschool: A Comprehensive Guide to Child-Centered Early Education Personalized learning in preschool places each child’s pace, interests, and developmental needs at the center of instruction, using...","239","max-image-preview:large","https://x3yyntt5tp-staging.wpdns.site/2025/12/26/implementing-personalized-learning-in-preschool/","1","Implementing Personalized Learning in Preschool","3321","14","4","3","0","BreadcrumbList|Person|BlogPosting","",""
"https://x3yyntt5tp-staging.wpdns.site/es/2025/12/26/implementing-personalized-learning-in-preschool/","https://x3yyntt5tp-staging.wpdns.site/es/2025/12/26/implementing-personalized-learning-in-preschool/","200","text/html; charset=UTF-8","344","Artículo de Chroma: Implementando el Aprendizaje Personalizado e…","65","Implementando el Aprendizaje Personalizado en Preescolar: Una Guía Integral para la Educación Temprana Centrada en el NiñoEl aprendizaje personalizado en prees…","160","max-image-preview:large","https://x3yyntt5tp-staging.wpdns.site/es/2025/12/26/implementing-personalized-learning-in-preschool/","1","Implementando el Aprendizaje Personalizado en Preescolar","4437","11","3","3","0","BreadcrumbList|Person|BlogPosting","",""
"https://x3yyntt5tp-staging.wpdns.site/2025/12/26/essential-kindergarten-readiness-checklist-for-parents/","https://x3yyntt5tp-staging.wpdns.site/2025/12/26/essential-kindergarten-readiness-checklist-for-parents/","200","text/html; charset=UTF-8","334","Kindergarten Readiness: Chroma's Checklist for 2025","51","Chroma programs Kindergarten Readiness Made Easy Getting a child ready for kindergarten means more than knowing letters and numbers; it’s about building the whole child so they can thrive socially,...","200","max-image-preview:large","https://x3yyntt5tp-staging.wpdns.site/2025/12/26/essential-kindergarten-readiness-checklist-for-parents/","1","Essential Kindergarten Readiness Checklist for Parents","3303","43","5","3","0","BreadcrumbList|Person|BlogPosting","",""
"https://x3yyntt5tp-staging.wpdns.site/es/2025/12/26/essential-kindergarten-readiness-checklist-for-parents/","https://x3yyntt5tp-staging.wpdns.site/es/2025/12/26/essential-kindergarten-readiness-checklist-for-parents/","200","text/html; charset=UTF-8","413","Artículo de Chroma: Lista de verificación esencial para la prepa…","65","Programas de ChromaPreparación para el jardín de infantes hecha fácilPreparar a un niño para el jardín de infantes significa más que saber letras y números; se…","160","max-image-preview:large","https://x3yyntt5tp-staging.wpdns.site/es/2025/12/26/essential-kindergarten-readiness-checklist-for-parents/","1","Lista de verificación esencial para la preparación al jardín de infantes para padres","4545","41","5","3","0","BreadcrumbList|Person|BlogPosting","",""
"https://x3yyntt5tp-staging.wpdns.site/2025/12/26/daycare-vs-nanny-which-is-right-for-your-family/","https://x3yyntt5tp-staging.wpdns.site/2025/12/26/daycare-vs-nanny-which-is-right-for-your-family/","200","text/html; charset=UTF-8","358","Daycare vs. Nanny in 2025: Which Childcare Option Is Best?","58","Daycare vs. Nanny: Which Childcare Option Best Fits Your Family’s Needs? Choosing between daycare and a nanny is a foundational decision that shapes your child’s early learning, social experiences, and...","204","max-image-preview:large","https://x3yyntt5tp-staging.wpdns.site/2025/12/26/daycare-vs-nanny-which-is-right-for-your-family/","1","Daycare vs. Nanny: Which is Right for Your Family?","3597","22","4","4","0","BreadcrumbList|Person|BlogPosting|FAQPage","",""
"https://x3yyntt5tp-staging.wpdns.site/es/2025/12/26/daycare-vs-nanny-which-is-right-for-your-family/","https://x3yyntt5tp-staging.wpdns.site/es/2025/12/26/daycare-vs-nanny-which-is-right-for-your-family/","200","text/html; charset=UTF-8","433","Artículo de Chroma: Guardería vs. Niñera: ¿Cuál es la opción ade…","65","Guardería vs. Niñera: ¿Qué opción de cuidado infantil se adapta mejor a las necesidades de tu familia?Elegir entre una guardería y una niñera es una decisión f…","160","max-image-preview:large","https://x3yyntt5tp-staging.wpdns.site/es/2025/12/26/daycare-vs-nanny-which-is-right-for-your-family/","1","Guardería vs. Niñera: ¿Cuál es la opción adecuada para tu familia?","4428","11","3","4","0","BreadcrumbList|Person|BlogPosting|FAQPage","",""
"https://x3yyntt5tp-staging.wpdns.site/2025/12/26/after-school-programs-in-decatur-ga/","https://x3yyntt5tp-staging.wpdns.site/2025/12/26/after-school-programs-in-decatur-ga/","200","text/html; charset=UTF-8","357","Decatur, GA After School Programs: Discover Chroma's Options","60","Quality After School Care in Decatur After-school programs in Decatur, GA provide structured care, academic support, and enrichment that bridge the school day and family schedules while promoting social-emotional growth...","222","max-image-preview:large","https://x3yyntt5tp-staging.wpdns.site/2025/12/26/after-school-programs-in-decatur-ga/","1","After School Programs in Decatur, GA","2768","35","7","3","0","BreadcrumbList|Person|BlogPosting","",""
"https://x3yyntt5tp-staging.wpdns.site/es/2025/12/26/after-school-programs-in-decatur-ga/","https://x3yyntt5tp-staging.wpdns.site/es/2025/12/26/after-school-programs-in-decatur-ga/","200","text/html; charset=UTF-8","340","Artículo de Chroma: Programas Extraescolares en Decatur, GA","59","Atención de Calidad Después de la Escuela en DecaturLos programas extraescolares en Decatur, GA, brindan cuidado estructurado, apoyo académico y enriquecimient…","160","max-image-preview:large","https://x3yyntt5tp-staging.wpdns.site/es/2025/12/26/after-school-programs-in-decatur-ga/","1","Programas Extraescolares en Decatur, GA","3648","34","6","3","0","BreadcrumbList|Person|BlogPosting","",""
"https://x3yyntt5tp-staging.wpdns.site/2025/12/26/the-importance-of-reading-aloud-to-young-children/","https://x3yyntt5tp-staging.wpdns.site/2025/12/26/the-importance-of-reading-aloud-to-young-children/","200","text/html; charset=UTF-8","373","Reading Aloud: Benefits for Young Children | Chroma 2025","56","The Importance and Benefits of Reading Aloud to Young Children for Early Literacy Development Reading aloud to young children is the simple, evidence-based practice of an adult or older child...","194","max-image-preview:large","https://x3yyntt5tp-staging.wpdns.site/2025/12/26/the-importance-of-reading-aloud-to-young-children/","1","The Importance of Reading Aloud to Young Children","3240","14","5","3","0","BreadcrumbList|Person|BlogPosting","",""
"https://x3yyntt5tp-staging.wpdns.site/es/2025/12/26/the-importance-of-reading-aloud-to-young-children/","https://x3yyntt5tp-staging.wpdns.site/es/2025/12/26/the-importance-of-reading-aloud-to-young-children/","200","text/html; charset=UTF-8","424","Artículo de Chroma: La importancia de leer en voz alta a niños p…","65","La importancia y los beneficios de leer en voz alta a niños pequeños para el desarrollo de la lectoescritura tempranaLeer en voz alta a niños pequeños es la…","157","max-image-preview:large","https://x3yyntt5tp-staging.wpdns.site/es/2025/12/26/the-importance-of-reading-aloud-to-young-children/","1","La importancia de leer en voz alta a niños pequeños","4496","12","4","3","0","BreadcrumbList|Person|BlogPosting","",""
"https://x3yyntt5tp-staging.wpdns.site/2025/12/26/engaging-math-games-for-preschoolers-at-home/","https://x3yyntt5tp-staging.wpdns.site/2025/12/26/engaging-math-games-for-preschoolers-at-home/","200","text/html; charset=UTF-8","310","Math Games for Preschoolers: Fun at Home with Chroma","52","Engage your child with fun preschool math games that enhance early numeracy skills. Discover exciting counting activities at home for effective learning!","153","max-image-preview:large","https://x3yyntt5tp-staging.wpdns.site/2025/12/26/engaging-math-games-for-preschoolers-at-home/","1","Engaging Math Games for Preschoolers at Home","3266","38","7","3","0","BreadcrumbList|Person|BlogPosting","",""
"https://x3yyntt5tp-staging.wpdns.site/es/2025/12/26/engaging-math-games-for-preschoolers-at-home/","https://x3yyntt5tp-staging.wpdns.site/es/2025/12/26/engaging-math-games-for-preschoolers-at-home/","200","text/html; charset=UTF-8","407","Artículo de Chroma: Juegos Matemáticos Divertidos para Preescola…","65","Juegos Divertidos de Matemáticas para PreescolaresLas matemáticas en casa se parecen al juego: actividades prácticas que enseñan el sentido numérico, el pensam…","160","max-image-preview:large","https://x3yyntt5tp-staging.wpdns.site/es/2025/12/26/engaging-math-games-for-preschoolers-at-home/","1","Juegos Matemáticos Divertidos para Preescolares en Casa","3966","36","9","3","0","BreadcrumbList|Person|BlogPosting","",""
"https://x3yyntt5tp-staging.wpdns.site/2025/12/26/montessori-vs-reggio-emilia-which-is-best/","https://x3yyntt5tp-staging.wpdns.site/2025/12/26/montessori-vs-reggio-emilia-which-is-best/","200","text/html; charset=UTF-8","347","Montessori vs. Reggio Emilia: Which Early Learning is Best?","59","Montessori vs. Reggio Emilia: Which Early Learning Philosophy is Best for Your Child? Deciding between Montessori and the Reggio Emilia approach starts with understanding how each philosophy organizes learning, the...","217","max-image-preview:large","https://x3yyntt5tp-staging.wpdns.site/2025/12/26/montessori-vs-reggio-emilia-which-is-best/","1","Montessori vs. Reggio Emilia: Which is Best?","3475","18","4","3","0","BreadcrumbList|Person|BlogPosting","",""
"https://x3yyntt5tp-staging.wpdns.site/es/2025/12/26/montessori-vs-reggio-emilia-which-is-best/","https://x3yyntt5tp-staging.wpdns.site/es/2025/12/26/montessori-vs-reggio-emilia-which-is-best/","200","text/html; charset=UTF-8","363","Artículo de Chroma: Montessori vs. Reggio Emilia: ¿Cuál es el me…","65","Montessori vs. Reggio Emilia: ¿Cuál es la mejor filosofía de aprendizaje temprano para tu hijo?Decidir entre el enfoque Montessori y Reggio Emilia comienza por…","160","max-image-preview:large","https://x3yyntt5tp-staging.wpdns.site/es/2025/12/26/montessori-vs-reggio-emilia-which-is-best/","1","Montessori vs. Reggio Emilia: ¿Cuál es el mejor?","4511","12","3","3","0","BreadcrumbList|Person|BlogPosting","",""
"https://x3yyntt5tp-staging.wpdns.site/2025/12/26/kindergarten-readiness-programs-in-smyrna-ga/","https://x3yyntt5tp-staging.wpdns.site/2025/12/26/kindergarten-readiness-programs-in-smyrna-ga/","200","text/html; charset=UTF-8","357","Smyrna, GA: Kindergarten Readiness at Chroma Academy","52","Kindergarten Readiness Programs in Smyrna, GA: Preparing Your Child for a Successful School Start Kindergarten readiness means that a child has the foundational skills, behaviors, and routines needed to engage...","212","max-image-preview:large","https://x3yyntt5tp-staging.wpdns.site/2025/12/26/kindergarten-readiness-programs-in-smyrna-ga/","1","Kindergarten Readiness Programs in Smyrna, GA","3374","13","2","3","0","BreadcrumbList|Person|BlogPosting","",""
"https://x3yyntt5tp-staging.wpdns.site/es/2025/12/26/kindergarten-readiness-programs-in-smyrna-ga/","https://x3yyntt5tp-staging.wpdns.site/es/2025/12/26/kindergarten-readiness-programs-in-smyrna-ga/","200","text/html; charset=UTF-8","383","Kindergarten en Smyrna, GA | Chroma Academy","43","Programas de preparación para el jardín de infantes en Smyrna, GA: ¡Preparando a su hijo para un comienzo escolar exitoso!La preparación para el jardín de infa…","160","max-image-preview:large","https://x3yyntt5tp-staging.wpdns.site/es/2025/12/26/kindergarten-readiness-programs-in-smyrna-ga/","1","Programas de preparación para el jardín de infantes en Smyrna, GA","4652","11","3","3","0","BreadcrumbList|Person|BlogPosting","",""
"https://x3yyntt5tp-staging.wpdns.site/2025/12/26/top-rated-preschool-programs-in-sandy-springs-ga/","https://x3yyntt5tp-staging.wpdns.site/2025/12/26/top-rated-preschool-programs-in-sandy-springs-ga/","200","text/html; charset=UTF-8","308","Sandy Springs Preschools: Top Programs at Chroma Academy","56","Preschool Programs in Sandy Springs, GA: Your Guide to Quality Early Learning Choosing a preschool in Sandy Springs means balancing safety, developmentally appropriate learning, and reliable family communication. This guide...","226","max-image-preview:large","https://x3yyntt5tp-staging.wpdns.site/2025/12/26/top-rated-preschool-programs-in-sandy-springs-ga/","1","Top-Rated Preschool Programs in Sandy Springs, GA","2269","16","4","3","0","BreadcrumbList|Person|BlogPosting","",""
"https://x3yyntt5tp-staging.wpdns.site/es/2025/12/26/top-rated-preschool-programs-in-sandy-springs-ga/","https://x3yyntt5tp-staging.wpdns.site/es/2025/12/26/top-rated-preschool-programs-in-sandy-springs-ga/","200","text/html; charset=UTF-8","338","Preescolar en Sandy Springs, GA | Chroma Academy","48","Programas preescolares de primera categoría en Sandy Springs, GA: Tu guía para el aprendizaje temprano de calidadElegir un preescolar en Sandy Springs signific…","160","max-image-preview:large","https://x3yyntt5tp-staging.wpdns.site/es/2025/12/26/top-rated-preschool-programs-in-sandy-springs-ga/","1","Programas preescolares de primera categoría en Sandy Springs, GA","3185","11","4","3","0","BreadcrumbList|Person|BlogPosting","",""
"https://x3yyntt5tp-staging.wpdns.site/2025/12/26/georgia-pre-k-lottery-program-in-roswell-ga/","https://x3yyntt5tp-staging.wpdns.site/2025/12/26/georgia-pre-k-lottery-program-in-roswell-ga/","200","text/html; charset=UTF-8","340","Roswell, GA: Georgia Pre-K Lottery at Chroma (2025)","51","Georgia Pre-K Lottery Program in Roswell, GA: How to Apply and Prepare Your Child for Free Preschool The Georgia Pre-K Lottery Program provides free, state-funded preschool for eligible four-year-olds, giving...","211","max-image-preview:large","https://x3yyntt5tp-staging.wpdns.site/2025/12/26/georgia-pre-k-lottery-program-in-roswell-ga/","1","Georgia Pre-K Lottery Program in Roswell, GA","3198","13","4","3","0","BreadcrumbList|Person|BlogPosting","",""
"https://x3yyntt5tp-staging.wpdns.site/es/2025/12/26/georgia-pre-k-lottery-program-in-roswell-ga/","https://x3yyntt5tp-staging.wpdns.site/es/2025/12/26/georgia-pre-k-lottery-program-in-roswell-ga/","200","text/html; charset=UTF-8","320","Artículo de Chroma: Programa de Lotería Pre-K de Georgia en Rosw…","65","Programa de Lotería Pre-K de Georgia en Roswell, GA: Cómo solicitar y preparar a su hijo para preescolar gratuitoEl Programa de Lotería Pre-K de Georgia ofrece…","160","max-image-preview:large","https://x3yyntt5tp-staging.wpdns.site/es/2025/12/26/georgia-pre-k-lottery-program-in-roswell-ga/","1","Programa de Lotería Pre-K de Georgia en Roswell, GA","4290","11","3","3","0","BreadcrumbList|Person|BlogPosting","",""
"https://x3yyntt5tp-staging.wpdns.site/2025/12/26/creative-art-projects-for-kids-at-home/","https://x3yyntt5tp-staging.wpdns.site/2025/12/26/creative-art-projects-for-kids-at-home/","200","text/html; charset=UTF-8","310","Creative Art Projects for Kids at Home: Easy & Fun Ideas","56","Creative Art Projects for Kids at Home: Easy and Fun Ideas for Toddlers and Preschoolers Introduction Hands-on creative art projects for kids at home turn everyday moments into opportunities for...","197","max-image-preview:large","https://x3yyntt5tp-staging.wpdns.site/2025/12/26/creative-art-projects-for-kids-at-home/","1","Creative Art Projects for Kids at Home","2927","13","5","3","0","BreadcrumbList|Person|BlogPosting","",""
"https://x3yyntt5tp-staging.wpdns.site/es/2025/12/26/creative-art-projects-for-kids-at-home/","https://x3yyntt5tp-staging.wpdns.site/es/2025/12/26/creative-art-projects-for-kids-at-home/","200","text/html; charset=UTF-8","361","Artículo de Chroma: Proyectos de Arte Creativo para Niños en Casa","65","Proyectos de Arte Creativo para Niños en Casa: Ideas Fáciles y Divertidas para Niños Pequeños y PreescolaresIntroducciónLos proyectos de arte creativo práctico…","160","max-image-preview:large","https://x3yyntt5tp-staging.wpdns.site/es/2025/12/26/creative-art-projects-for-kids-at-home/","1","Proyectos de Arte Creativo para Niños en Casa","3765","11","5","3","0","BreadcrumbList|Person|BlogPosting","",""
"https://x3yyntt5tp-staging.wpdns.site/2025/12/26/fun-summer-learning-activities-for-children/","https://x3yyntt5tp-staging.wpdns.site/2025/12/26/fun-summer-learning-activities-for-children/","200","text/html; charset=UTF-8","311","Summer Learning Fun: Chroma Academy's Activities in 2025","56","Enrich your child’s summer with exciting and educational activities. Boost creativity and learning through engaging fun experiences designed for kids!","150","max-image-preview:large","https://x3yyntt5tp-staging.wpdns.site/2025/12/26/fun-summer-learning-activities-for-children/","1","Enrich Your Child’s Summer with Fun Learning Activities","2941","52","5","3","0","BreadcrumbList|Person|BlogPosting","",""
"https://x3yyntt5tp-staging.wpdns.site/es/2025/12/26/fun-summer-learning-activities-for-children/","https://x3yyntt5tp-staging.wpdns.site/es/2025/12/26/fun-summer-learning-activities-for-children/","200","text/html; charset=UTF-8","345","Artículo de Chroma: Enriquece el verano de tu hijo con divertida…","65","Campamentos de verano de aprendizaje interactivoLos programas de verano pueden combinar juego e instrucción estructurada para mantener a los niños intelectualm…","160","max-image-preview:large","https://x3yyntt5tp-staging.wpdns.site/es/2025/12/26/fun-summer-learning-activities-for-children/","1","Enriquece el verano de tu hijo con divertidas actividades de aprendizaje","3937","49","7","3","0","BreadcrumbList|Person|BlogPosting","",""
"https://x3yyntt5tp-staging.wpdns.site/2025/12/26/benefits-of-music-and-movement-in-early-childhood/","https://x3yyntt5tp-staging.wpdns.site/2025/12/26/benefits-of-music-and-movement-in-early-childhood/","200","text/html; charset=UTF-8","377","Music & Movement Benefits: Early Childhood at Chroma","52","Unlocking Growth Through Music & Movement Music and movement in early childhood combine sound, rhythm, and physical activity to create multisensory learning experiences that accelerate development across cognitive, physical, social-emotional,...","245","max-image-preview:large","https://x3yyntt5tp-staging.wpdns.site/2025/12/26/benefits-of-music-and-movement-in-early-childhood/","1","Benefits of Music and Movement in Early Childhood","3059","42","5","3","0","BreadcrumbList|Person|BlogPosting","",""
"https://x3yyntt5tp-staging.wpdns.site/es/2025/12/26/benefits-of-music-and-movement-in-early-childhood/","https://x3yyntt5tp-staging.wpdns.site/es/2025/12/26/benefits-of-music-and-movement-in-early-childhood/","200","text/html; charset=UTF-8","342","Artículo de Chroma: Beneficios de la Música y el Movimiento en l…","65","Desbloqueando el Crecimiento a Través de la Música y el MovimientoLa música y el movimiento en la primera infancia combinan sonido, ritmo y actividad física pa…","160","max-image-preview:large","https://x3yyntt5tp-staging.wpdns.site/es/2025/12/26/benefits-of-music-and-movement-in-early-childhood/","1","Beneficios de la Música y el Movimiento en la Primera Infancia","4129","39","5","3","0","BreadcrumbList|Person|BlogPosting","",""
"https://x3yyntt5tp-staging.wpdns.site/2025/12/26/kindergarten-readiness-programs-in-roswell-ga/","https://x3yyntt5tp-staging.wpdns.site/2025/12/26/kindergarten-readiness-programs-in-roswell-ga/","200","text/html; charset=UTF-8","327","Chroma Academy: Kindergarten Readiness in Roswell, GA","53","Kindergarten Readiness Programs in Roswell, GA: Comprehensive Guide for Parents and Guardians Kindergarten readiness describes a child’s preparedness across academic, social-emotional, and physical domains to succeed on day one of...","233","max-image-preview:large","https://x3yyntt5tp-staging.wpdns.site/2025/12/26/kindergarten-readiness-programs-in-roswell-ga/","1","Kindergarten Readiness Programs in Roswell, GA","2680","12","5","3","0","BreadcrumbList|Person|BlogPosting","",""
"https://x3yyntt5tp-staging.wpdns.site/es/2025/12/26/kindergarten-readiness-programs-in-roswell-ga/","https://x3yyntt5tp-staging.wpdns.site/es/2025/12/26/kindergarten-readiness-programs-in-roswell-ga/","200","text/html; charset=UTF-8","339","Kindergarten en Roswell, GA | Chroma Academy","44","Programas de Preparación para el Jardín de Infancia en Roswell, GA: Guía completa para padres y tutoresLa preparación para el jardín de infancia describe la di…","160","max-image-preview:large","https://x3yyntt5tp-staging.wpdns.site/es/2025/12/26/kindergarten-readiness-programs-in-roswell-ga/","1","Programas de Preparación para el Jardín de Infancia en Roswell, GA","3687","11","4","3","0","BreadcrumbList|Person|BlogPosting","",""
"https://x3yyntt5tp-staging.wpdns.site/2025/12/26/kindergarten-readiness-programs-in-marietta-ga/","https://x3yyntt5tp-staging.wpdns.site/2025/12/26/kindergarten-readiness-programs-in-marietta-ga/","200","text/html; charset=UTF-8","371","Marietta, GA Kindergarten Readiness at Chroma Academy","53","Prepare Your Child for School Success Kindergarten readiness means a child has the building-block skills—social, emotional, cognitive, language, and motor—that let them join classroom routines, make friends, and learn with...","225","max-image-preview:large","https://x3yyntt5tp-staging.wpdns.site/2025/12/26/kindergarten-readiness-programs-in-marietta-ga/","1","Kindergarten Readiness Programs in Marietta, GA","2798","38","7","3","0","BreadcrumbList|Person|BlogPosting","",""
"https://x3yyntt5tp-staging.wpdns.site/2025/12/26/fostering-creativity-with-arts-crafts-for-toddlers/","https://x3yyntt5tp-staging.wpdns.site/2025/12/26/fostering-creativity-with-arts-crafts-for-toddlers/","200","text/html; charset=UTF-8","352","Toddler Arts & Crafts: Fostering Creativity at Chroma","53","Fostering Creativity with Arts & Crafts for Toddlers: Engaging Activities and Developmental Benefits Arts and crafts offer toddlers a powerful, hands-on way to explore, experiment, and express while supporting multiple...","221","max-image-preview:large","https://x3yyntt5tp-staging.wpdns.site/2025/12/26/fostering-creativity-with-arts-crafts-for-toddlers/","1","Fostering Creativity with Arts & Crafts for Toddlers","2736","13","4","3","0","BreadcrumbList|Person|BlogPosting","",""
"https://x3yyntt5tp-staging.wpdns.site/es/2025/12/26/fostering-creativity-with-arts-crafts-for-toddlers/","https://x3yyntt5tp-staging.wpdns.site/es/2025/12/26/fostering-creativity-with-arts-crafts-for-toddlers/","200","text/html; charset=UTF-8","337","Artículo de Chroma: Fomentando la creatividad con artes y manual…","65","Fomentando la creatividad con artes y manualidades para niños pequeños: actividades atractivas y beneficios para el desarrolloLas artes y manualidades ofrecen…","159","max-image-preview:large","https://x3yyntt5tp-staging.wpdns.site/es/2025/12/26/fostering-creativity-with-arts-crafts-for-toddlers/","1","Fomentando la creatividad con artes y manualidades para niños pequeños","3709","11","4","3","0","BreadcrumbList|Person|BlogPosting","",""
"https://x3yyntt5tp-staging.wpdns.site/2025/12/26/top-rated-preschool-programs-in-peachtree-corners-ga/","https://x3yyntt5tp-staging.wpdns.site/2025/12/26/top-rated-preschool-programs-in-peachtree-corners-ga/","200","text/html; charset=UTF-8","307","Peachtree Corners Preschool: Chroma Academy's Top Programs","58","program types Premier Preschool Programs in Peachtree Corners Chroma Early Learning Academy in Peachtree Corners is presented here as a local option focused on expert early care and purposeful kindergarten...","208","max-image-preview:large","https://x3yyntt5tp-staging.wpdns.site/2025/12/26/top-rated-preschool-programs-in-peachtree-corners-ga/","1","Top-Rated Preschool Programs in Peachtree Corners, GA","2616","39","5","3","0","BreadcrumbList|Person|BlogPosting","",""
"https://x3yyntt5tp-staging.wpdns.site/es/2025/12/26/top-rated-preschool-programs-in-peachtree-corners-ga/","https://x3yyntt5tp-staging.wpdns.site/es/2025/12/26/top-rated-preschool-programs-in-peachtree-corners-ga/","200","text/html; charset=UTF-8","316","Preescolar en Peachtree Corners, GA | Chroma Academy","52","tipos de programasProgramas Preescolares Premier en Peachtree CornersChroma Early Learning Academy en Peachtree Corners se presenta aquí como una opción local…","159","max-image-preview:large","https://x3yyntt5tp-staging.wpdns.site/es/2025/12/26/top-rated-preschool-programs-in-peachtree-corners-ga/","1","Programas Preescolares de Primera Categoría en Peachtree Corners, GA","3592","36","4","3","0","BreadcrumbList|Person|BlogPosting","",""
"https://x3yyntt5tp-staging.wpdns.site/2025/12/26/after-school-programs-in-alpharetta-ga/","https://x3yyntt5tp-staging.wpdns.site/2025/12/26/after-school-programs-in-alpharetta-ga/","200","text/html; charset=UTF-8","342","Chroma After School in Alpharetta: Programs for Kids","52","Top After School Programs in Alpharetta After-school programs provide structured care, academic support, and enrichment for school-aged children while families juggle work and life, and outstanding local options combine supervision...","234","max-image-preview:large","https://x3yyntt5tp-staging.wpdns.site/2025/12/26/after-school-programs-in-alpharetta-ga/","1","After School Programs in Alpharetta, GA","2885","42","7","3","0","BreadcrumbList|Person|BlogPosting","",""
"https://x3yyntt5tp-staging.wpdns.site/es/2025/12/26/after-school-programs-in-alpharetta-ga/","https://x3yyntt5tp-staging.wpdns.site/es/2025/12/26/after-school-programs-in-alpharetta-ga/","200","text/html; charset=UTF-8","346","Artículo de Chroma: Programas Extracurriculares en Alpharetta, GA","65","Los Mejores Programas Extracurriculares en AlpharettaLos programas extracurriculares brindan cuidado estructurado, apoyo académico y enriquecimiento para niños…","160","max-image-preview:large","https://x3yyntt5tp-staging.wpdns.site/es/2025/12/26/after-school-programs-in-alpharetta-ga/","1","Programas Extracurriculares en Alpharetta, GA","3772","41","7","3","0","BreadcrumbList|Person|BlogPosting","",""
"https://x3yyntt5tp-staging.wpdns.site/2025/12/26/the-role-of-ai-in-early-childhood-education/","https://x3yyntt5tp-staging.wpdns.site/2025/12/26/the-role-of-ai-in-early-childhood-education/","200","text/html; charset=UTF-8","324","AI in Early Childhood Education: Trends & Benefits","50","The Role of AI in Early Childhood Education: Benefits, Tools, Ethics, and Future Insights Artificial intelligence in early childhood education refers to software and smart systems that adapt activities, analyze...","213","max-image-preview:large","https://x3yyntt5tp-staging.wpdns.site/2025/12/26/the-role-of-ai-in-early-childhood-education/","1","The Role of AI in Early Childhood Education","2845","12","4","3","0","BreadcrumbList|Person|BlogPosting","",""
"https://x3yyntt5tp-staging.wpdns.site/es/2025/12/26/the-role-of-ai-in-early-childhood-education/","https://x3yyntt5tp-staging.wpdns.site/es/2025/12/26/the-role-of-ai-in-early-childhood-education/","200","text/html; charset=UTF-8","340","Artículo de Chroma: El Rol de la IA en la Educación Infantil","60","El Rol de la IA en la Educación Infantil: Beneficios, Herramientas, Ética y Perspectivas FuturasLa inteligencia artificial en la educación infantil se refiere…","159","max-image-preview:large","https://x3yyntt5tp-staging.wpdns.site/es/2025/12/26/the-role-of-ai-in-early-childhood-education/","1","El Rol de la IA en la Educación Infantil","3984","11","3","3","0","BreadcrumbList|Person|BlogPosting","",""
"https://x3yyntt5tp-staging.wpdns.site/2025/12/26/essential-dental-health-tips-for-young-children/","https://x3yyntt5tp-staging.wpdns.site/2025/12/26/essential-dental-health-tips-for-young-children/","200","text/html; charset=UTF-8","267","Dental Health Tips for Young Kids: Chroma Academy's Guide","57","Keep your toddler's teeth healthy with essential dental tips for kids. Learn effective child oral hygiene practices to promote strong, cavity-free smiles!","154","max-image-preview:large","https://x3yyntt5tp-staging.wpdns.site/2025/12/26/essential-dental-health-tips-for-young-children/","1","Essential Dental Health Tips for Young Children","2846","16","5","3","0","BreadcrumbList|Person|BlogPosting","",""
"https://x3yyntt5tp-staging.wpdns.site/es/2025/12/26/essential-dental-health-tips-for-young-children/","https://x3yyntt5tp-staging.wpdns.site/es/2025/12/26/essential-dental-health-tips-for-young-children/","200","text/html; charset=UTF-8","293","Artículo de Chroma: Consejos Esenciales de Salud Dental para Niñ…","65","Consejos Esenciales de Salud Dental para Niños Pequeños: Una Guía para Padres sobre Sonrisas SaludablesLos buenos hábitos dentales en la primera infancia sient…","160","max-image-preview:large","https://x3yyntt5tp-staging.wpdns.site/es/2025/12/26/essential-dental-health-tips-for-young-children/","1","Consejos Esenciales de Salud Dental para Niños Pequeños","3723","11","3","3","0","BreadcrumbList|Person|BlogPosting","",""
"https://x3yyntt5tp-staging.wpdns.site/2025/12/26/ensure-childcare-safety-our-commitment-to-health-policies/","https://x3yyntt5tp-staging.wpdns.site/2025/12/26/ensure-childcare-safety-our-commitment-to-health-policies/","200","text/html; charset=UTF-8","285","Chroma Childcare: Safety & Health Policies for Your Child","57","Your child's safety is our priority. Learn how our academy health policies create a secure and nurturing environment, ensuring the childcare experience.","152","max-image-preview:large","https://x3yyntt5tp-staging.wpdns.site/2025/12/26/ensure-childcare-safety-our-commitment-to-health-policies/","1","Ensure Childcare Safety: Our Commitment to Health Policies","2736","11","2","3","0","BreadcrumbList|Person|BlogPosting","",""
"https://x3yyntt5tp-staging.wpdns.site/es/2025/12/26/ensure-childcare-safety-our-commitment-to-health-policies/","https://x3yyntt5tp-staging.wpdns.site/es/2025/12/26/ensure-childcare-safety-our-commitment-to-health-policies/","200","text/html; charset=UTF-8","311","Artículo de Chroma: Garantizar la seguridad infantil: Nuestro co…","65","Nuestro Compromiso con los Protocolos de Seguridad para el Cuidado Infantil: Garantizando un Aprendizaje Temprano Seguro y Confiable en GeorgiaChroma Early Lea…","160","max-image-preview:large","https://x3yyntt5tp-staging.wpdns.site/es/2025/12/26/ensure-childcare-safety-our-commitment-to-health-policies/","1","Garantizar la seguridad infantil: Nuestro compromiso con las políticas de salud","3726","11","4","3","0","BreadcrumbList|Person|BlogPosting","",""
"https://x3yyntt5tp-staging.wpdns.site/2025/12/26/loving-infant-care-programs-nurturing-your-babys-growth/","https://x3yyntt5tp-staging.wpdns.site/2025/12/26/loving-infant-care-programs-nurturing-your-babys-growth/","200","text/html; charset=UTF-8","287","Chroma's Infant Care: Nurturing Growth in 2025","46","Nurture your baby's growth with our loving infant care programs. Provide a safe and enriching daycare experience tailored for your little one’s development.","156","max-image-preview:large","https://x3yyntt5tp-staging.wpdns.site/2025/12/26/loving-infant-care-programs-nurturing-your-babys-growth/","1","Loving Infant Care Programs: Nurturing Your Baby’s Growth","3982","15","6","3","0","BreadcrumbList|Person|BlogPosting","",""
"https://x3yyntt5tp-staging.wpdns.site/es/2025/12/26/loving-infant-care-programs-nurturing-your-babys-growth/","https://x3yyntt5tp-staging.wpdns.site/es/2025/12/26/loving-infant-care-programs-nurturing-your-babys-growth/","200","text/html; charset=UTF-8","353","Artículo de Chroma: Programas de Cuidado Cariñoso para Bebés: Nu…","65","```htmlCuidado Compasivo para Bebés en AtlantaNuestro centro de día para bebés prioriza las relaciones afectuosas, el aprendizaje para el desarrollo y las ruti…","160","max-image-preview:large","https://x3yyntt5tp-staging.wpdns.site/es/2025/12/26/loving-infant-care-programs-nurturing-your-babys-growth/","1","Programas de Cuidado Cariñoso para Bebés: Nutriendo el Crecimiento de Tu Pequeño","5291","11","5","3","0","BreadcrumbList|Person|BlogPosting","",""
"https://x3yyntt5tp-staging.wpdns.site/schedule-a-tour/","https://x3yyntt5tp-staging.wpdns.site/schedule-a-tour/","200","text/html; charset=UTF-8","284","Schedule a Tour | Chroma Early Learning Academy","47","Schedule a tour at Chroma Early Learning Academy to explore our classrooms, curriculum, and enrollment options for your family.","127","max-image-preview:large","https://x3yyntt5tp-staging.wpdns.site/schedule-a-tour/","1","Come see the magic.","392","72","30","8","0","BreadcrumbList|Person|Organization|FAQPage|ChildCare|SpecialAnnouncement|Speakable|LocalBusiness","",""
"https://x3yyntt5tp-staging.wpdns.site/es/schedule-a-tour/","https://x3yyntt5tp-staging.wpdns.site/es/schedule-a-tour/","200","text/html; charset=UTF-8","259","Programa un recorrido | Chroma Early Learning Academy","53","Programa un recorrido en Chroma Early Learning Academy para conocer nuestros salones, currículo y opciones de inscripción para tu familia.","138","max-image-preview:large","https://x3yyntt5tp-staging.wpdns.site/es/schedule-a-tour/","1","Ven a conocer la magia.","390","72","30","8","0","BreadcrumbList|Person|Organization|FAQPage|ChildCare|SpecialAnnouncement|Speakable|LocalBusiness","",""
"https://x3yyntt5tp-staging.wpdns.site/2025/12/16/early-education-trends-us-2025-key-insights-and-best-practices-for-future-learning/","https://x3yyntt5tp-staging.wpdns.site/2025/12/16/early-education-trends-us-2025-key-insights-and-best-practices-for-future-learning/","200","text/html; charset=UTF-8","321","Early Education Trends 2025: Insights & Best Practices","54","Explore early education trends in the US for 2025, including key insights and best practices shaping future learning and child development.","139","max-image-preview:large","https://x3yyntt5tp-staging.wpdns.site/2025/12/16/early-education-trends-us-2025-key-insights-and-best-practices-for-future-learning/","1","Early Education Trends US 2025: Key Insights and Best Practices for Future Learning","3760","14","7","3","0","BreadcrumbList|Person|BlogPosting","",""
"https://x3yyntt5tp-staging.wpdns.site/es/2025/12/16/early-education-trends-us-2025-key-insights-and-best-practices-for-future-learning/","https://x3yyntt5tp-staging.wpdns.site/es/2025/12/16/early-education-trends-us-2025-key-insights-and-best-practices-for-future-learning/","200","text/html; charset=UTF-8","352","Artículo de Chroma: Tendencias de Educación Temprana en EE. UU.…","64","Los primeros años de los niños sientan las bases para el aprendizaje de por vida, y comprender las tendencias actuales en educación temprana ayuda a padres y e…","160","max-image-preview:large","https://x3yyntt5tp-staging.wpdns.site/es/2025/12/16/early-education-trends-us-2025-key-insights-and-best-practices-for-future-learning/","1","Tendencias de Educación Temprana en EE. UU. 2025: Perspectivas Clave y Mejores Prácticas para el Aprendizaje Futuro","5140","11","8","3","0","BreadcrumbList|Person|BlogPosting","",""
"https://x3yyntt5tp-staging.wpdns.site/2025/12/16/how-to-strengthen-home-school-connections-for-early-learners-to-boost-family-engagement-and-child-development/","https://x3yyntt5tp-staging.wpdns.site/2025/12/16/how-to-strengthen-home-school-connections-for-early-learners-to-boost-family-engagement-and-child-development/","200","text/html; charset=UTF-8","334","Boost Early Learning: Home-School Connections for Families","58","Learn practical ways to strengthen home-school connections that boost family engagement, support early learners, and enhance child development outcomes.","152","max-image-preview:large","https://x3yyntt5tp-staging.wpdns.site/2025/12/16/how-to-strengthen-home-school-connections-for-early-learners-to-boost-family-engagement-and-child-development/","1","How to Strengthen Home-School Connections for Early Learners to Boost Family Engagement and Child Development","4693","15","7","3","0","BreadcrumbList|Person|BlogPosting","",""
"https://x3yyntt5tp-staging.wpdns.site/es/2025/12/16/how-to-strengthen-home-school-connections-for-early-learners-to-boost-family-engagement-and-child-development/","https://x3yyntt5tp-staging.wpdns.site/es/2025/12/16/how-to-strengthen-home-school-connections-for-early-learners-to-boost-family-engagement-and-child-development/","200","text/html; charset=UTF-8","458","Artículo de Chroma: Cómo fortalecer las conexiones hogar-escuela…","65","Una conexión sólida entre el hogar y la escuela significa que las familias y los programas de aprendizaje temprano trabajan juntos con objetivos compartidos, r…","160","max-image-preview:large","https://x3yyntt5tp-staging.wpdns.site/es/2025/12/16/how-to-strengthen-home-school-connections-for-early-learners-to-boost-family-engagement-and-child-development/","1","Cómo fortalecer las conexiones hogar-escuela para los primeros estudiantes para fomentar la participación familiar y el desarrollo infantil","6423","11","8","3","0","BreadcrumbList|Person|BlogPosting","",""
"https://x3yyntt5tp-staging.wpdns.site/2025/12/16/chroma-academy-parent-involvement-tactics-for-effective-family-engagement-in-early-learning/","https://x3yyntt5tp-staging.wpdns.site/2025/12/16/chroma-academy-parent-involvement-tactics-for-effective-family-engagement-in-early-learning/","200","text/html; charset=UTF-8","324","Chroma Academy: Parent Involvement in Early Learning (2025)","59","Discover how Chroma Academy strengthens early learning through effective parent involvement tactics that build family engagement and support child development.","159","max-image-preview:large","https://x3yyntt5tp-staging.wpdns.site/2025/12/16/chroma-academy-parent-involvement-tactics-for-effective-family-engagement-in-early-learning/","1","Chroma Academy Parent Involvement Tactics for Effective Family Engagement in Early Learning","4907","15","6","3","0","BreadcrumbList|Person|BlogPosting","",""
"https://x3yyntt5tp-staging.wpdns.site/es/2025/12/16/chroma-academy-parent-involvement-tactics-for-effective-family-engagement-in-early-learning/","https://x3yyntt5tp-staging.wpdns.site/es/2025/12/16/chroma-academy-parent-involvement-tactics-for-effective-family-engagement-in-early-learning/","200","text/html; charset=UTF-8","412","Artículo de Chroma: Tácticas de Participación de Padres de Chrom…","65","Chroma Early Learning Academy considera la participación de los padres como una asociación esencial que fortalece el desarrollo infantil temprano, apoya la pre…","160","max-image-preview:large","https://x3yyntt5tp-staging.wpdns.site/es/2025/12/16/chroma-academy-parent-involvement-tactics-for-effective-family-engagement-in-early-learning/","1","Tácticas de Participación de Padres de Chroma Academy para un Compromiso Familiar Efectivo en el Aprendizaje Temprano","6589","11","7","3","0","BreadcrumbList|Person|BlogPosting","",""
"https://x3yyntt5tp-staging.wpdns.site/2025/12/16/loving-infant-care-programs-nurturing-your-babys-needs/","https://x3yyntt5tp-staging.wpdns.site/2025/12/16/loving-infant-care-programs-nurturing-your-babys-needs/","200","text/html; charset=UTF-8","296","Chroma's Infant Care: Nurturing Babies in 2025","46","Explore loving infant care programs designed to nurture your baby’s needs through safe environments, responsive caregiving, and early learning support.","151","max-image-preview:large","https://x3yyntt5tp-staging.wpdns.site/2025/12/16/loving-infant-care-programs-nurturing-your-babys-needs/","1","Loving Infant Care Programs: Nurturing Your Baby’s Needs","4433","14","10","3","0","BreadcrumbList|Person|BlogPosting","",""
"https://x3yyntt5tp-staging.wpdns.site/es/2025/12/16/loving-infant-care-programs-nurturing-your-babys-needs/","https://x3yyntt5tp-staging.wpdns.site/es/2025/12/16/loving-infant-care-programs-nurturing-your-babys-needs/","200","text/html; charset=UTF-8","321","Artículo de Chroma: Programas de Cuidado Infantil Amoroso: Nutri…","65","Programas de Cuidado Infantil Amoroso: Cuidado Infantil de Calidad y Aprendizaje Temprano para BebésEl cuidado infantil amoroso describe un enfoque centrado en…","160","max-image-preview:large","https://x3yyntt5tp-staging.wpdns.site/es/2025/12/16/loving-infant-care-programs-nurturing-your-babys-needs/","1","Programas de Cuidado Infantil Amoroso: Nutriendo las Necesidades de tu Bebé","5992","12","8","3","0","BreadcrumbList|Person|BlogPosting","",""
"https://x3yyntt5tp-staging.wpdns.site/2025/12/16/essential-curriculum-assessment-tools-for-early-learners/","https://x3yyntt5tp-staging.wpdns.site/2025/12/16/essential-curriculum-assessment-tools-for-early-learners/","200","text/html; charset=UTF-8","268","Chroma's Early Learner Assessment Tools & Activities (2025)","59","Discover essential curriculum assessment tools for early learners that support skill development, track progress, and enhance early childhood education.","152","max-image-preview:large","https://x3yyntt5tp-staging.wpdns.site/2025/12/16/essential-curriculum-assessment-tools-for-early-learners/","1","Essential Curriculum Assessment Tools for Early Learners","456","12","7","3","0","BreadcrumbList|Person|BlogPosting","",""
"https://x3yyntt5tp-staging.wpdns.site/es/2025/12/16/essential-curriculum-assessment-tools-for-early-learners/","https://x3yyntt5tp-staging.wpdns.site/es/2025/12/16/essential-curriculum-assessment-tools-for-early-learners/","200","text/html; charset=UTF-8","324","Artículo de Chroma: Herramientas Esenciales de Evaluación Curric…","65","Actividad de Aprendizaje Práctico: Desafío del Avión de Papel Las actividades prácticas son herramientas de evaluación curricular poderosas para los niños pequ…","160","max-image-preview:large","https://x3yyntt5tp-staging.wpdns.site/es/2025/12/16/essential-curriculum-assessment-tools-for-early-learners/","1","Herramientas Esenciales de Evaluación Curricular para Niños Pequeños","525","12","7","3","0","BreadcrumbList|Person|BlogPosting","",""
"https://x3yyntt5tp-staging.wpdns.site/programs/","https://x3yyntt5tp-staging.wpdns.site/programs/","200","text/html; charset=UTF-8","337","Programs | Chroma Early Learning Academy","40","Explore Chroma early learning programs for every age, from infant care and toddlers to preschool, GA Pre-K, Kindergarten, and school-age care.","142","","https://x3yyntt5tp-staging.wpdns.site/programs/","1","Programs that grow with them.","673","57","16","2","0","BreadcrumbList|CollectionPage","",""
"https://x3yyntt5tp-staging.wpdns.site/es/programs/","https://x3yyntt5tp-staging.wpdns.site/es/programs/","200","text/html; charset=UTF-8","289","Programas | Chroma Early Learning Academy","41","Explora los programas de aprendizaje temprano de Chroma para cada edad, desde bebes y ninos pequenos hasta preescolar, GA Pre-K, Kindergarten y cuidado para es…","160","","https://x3yyntt5tp-staging.wpdns.site/es/programs/","1","Programs that grow with them.","708","57","16","2","0","BreadcrumbList|CollectionPage","",""
"https://x3yyntt5tp-staging.wpdns.site/2025/12/11/how-to-choose-a-preschool-or-daycare-centre-essential-questions-to-ask-for-parents/","https://x3yyntt5tp-staging.wpdns.site/2025/12/11/how-to-choose-a-preschool-or-daycare-centre-essential-questions-to-ask-for-parents/","200","text/html; charset=UTF-8","305","Preschool Guide: Questions to Ask for Parents (2025)","52","Choosing a preschool or daycare? Discover the essential questions parents should ask to find a safe, nurturing, and high-quality early learning environment.","156","max-image-preview:large","https://x3yyntt5tp-staging.wpdns.site/2025/12/11/how-to-choose-a-preschool-or-daycare-centre-essential-questions-to-ask-for-parents/","1","How to Choose a Preschool or Daycare Centre: Essential Questions to Ask for Parents","3549","15","6","5","0","BreadcrumbList|Person|BlogPosting|Article|HowTo","",""
"https://x3yyntt5tp-staging.wpdns.site/es/2025/12/11/how-to-choose-a-preschool-or-daycare-centre-essential-questions-to-ask-for-parents/","https://x3yyntt5tp-staging.wpdns.site/es/2025/12/11/how-to-choose-a-preschool-or-daycare-centre-essential-questions-to-ask-for-parents/","200","text/html; charset=UTF-8","363","Artículo de Chroma: Cómo elegir un centro preescolar o guardería…","65","Elegir un centro preescolar o guardería implica hacer coincidir las necesidades de desarrollo de su hijo, los requisitos de seguridad y las limitaciones prácti…","160","max-image-preview:large","https://x3yyntt5tp-staging.wpdns.site/es/2025/12/11/how-to-choose-a-preschool-or-daycare-centre-essential-questions-to-ask-for-parents/","1","Cómo elegir un centro preescolar o guardería: preguntas esenciales para padres","4750","11","7","5","0","BreadcrumbList|Person|BlogPosting|Article|HowTo","",""
"https://x3yyntt5tp-staging.wpdns.site/2025/12/11/why-sleep-is-the-secret-ingredient-to-better-behavior-understanding-the-child-sleep-behavior-connection-for-parents-and-caregivers/","https://x3yyntt5tp-staging.wpdns.site/2025/12/11/why-sleep-is-the-secret-ingredient-to-better-behavior-understanding-the-child-sleep-behavior-connection-for-parents-and-caregivers/","200","text/html; charset=UTF-8","361","Sleep & Behavior: A Parent's Guide | Chroma 2025","48","Discover how sleep directly impacts your child’s mood, focus, and behavior. Learn why better sleep routines lead to calmer, happier kids and easier parenting.","158","max-image-preview:large","https://x3yyntt5tp-staging.wpdns.site/2025/12/11/why-sleep-is-the-secret-ingredient-to-better-behavior-understanding-the-child-sleep-behavior-connection-for-parents-and-caregivers/","1","Why Sleep Is the Secret Ingredient to Better Behavior: Understanding the Child Sleep Behavior Connection for Parents and Caregivers","3960","13","6","5","0","BreadcrumbList|Person|BlogPosting|Article|HowTo","",""
"https://x3yyntt5tp-staging.wpdns.site/es/2025/12/11/why-sleep-is-the-secret-ingredient-to-better-behavior-understanding-the-child-sleep-behavior-connection-for-parents-and-caregivers/","https://x3yyntt5tp-staging.wpdns.site/es/2025/12/11/why-sleep-is-the-secret-ingredient-to-better-behavior-understanding-the-child-sleep-behavior-connection-for-parents-and-caregivers/","200","text/html; charset=UTF-8","393","Artículo de Chroma: ¿Por qué el sueño es el ingrediente secreto…","64","El sueño es un proceso biológico esencial para la regulación emocional, la atención y el aprendizaje, y esas funciones juntas dan forma a cómo se comportan los…","160","max-image-preview:large","https://x3yyntt5tp-staging.wpdns.site/es/2025/12/11/why-sleep-is-the-secret-ingredient-to-better-behavior-understanding-the-child-sleep-behavior-connection-for-parents-and-caregivers/","1","¿Por qué el sueño es el ingrediente secreto para un mejor comportamiento? Comprendiendo la conexión entre el sueño y el comportamiento infantil para padres y cuidadores","5431","12","7","5","0","BreadcrumbList|Person|BlogPosting|Article|HowTo","",""
"https://x3yyntt5tp-staging.wpdns.site/2025/12/11/4-things-to-say-when-your-child-isnt-listening-that-actually-work/","https://x3yyntt5tp-staging.wpdns.site/2025/12/11/4-things-to-say-when-your-child-isnt-listening-that-actually-work/","200","text/html; charset=UTF-8","284","Improve Child's Listening: 4 Phrases That Work (2025)","53","Struggling when your child won’t listen? Discover 4 simple phrases that actually work to improve communication, reduce stress, and build positive behavior.","155","max-image-preview:large","https://x3yyntt5tp-staging.wpdns.site/2025/12/11/4-things-to-say-when-your-child-isnt-listening-that-actually-work/","1","4 Things to Say When Your Child Isn’t Listening (That Actually Work)","663","15","5","5","0","BreadcrumbList|Person|BlogPosting|Article|HowTo","",""
"https://x3yyntt5tp-staging.wpdns.site/es/2025/12/11/4-things-to-say-when-your-child-isnt-listening-that-actually-work/","https://x3yyntt5tp-staging.wpdns.site/es/2025/12/11/4-things-to-say-when-your-child-isnt-listening-that-actually-work/","200","text/html; charset=UTF-8","304","Artículo de Chroma: 4 cosas que decir cuando tu hijo no te escuc…","65","Todos los padres conocen esa sensación: le pides algo simple a tu hijo… y actúa como si de repente se hubiera quedado sordo. Es uno de los desafíos…","148","max-image-preview:large","https://x3yyntt5tp-staging.wpdns.site/es/2025/12/11/4-things-to-say-when-your-child-isnt-listening-that-actually-work/","1","4 cosas que decir cuando tu hijo no te escucha (y que funcionan de verdad)","763","15","4","5","0","BreadcrumbList|Person|BlogPosting|Article|HowTo","",""
"https://x3yyntt5tp-staging.wpdns.site/2025/12/10/5-things-to-say-instead-of-stop-crying/","https://x3yyntt5tp-staging.wpdns.site/2025/12/10/5-things-to-say-instead-of-stop-crying/","200","text/html; charset=UTF-8","246","Chroma: 5 Phrases to Use Instead of ""Stop Crying""","49","Learn five positive, calming phrases to use instead of “stop crying.” Help children feel understood, supported, and emotionally safe during tough moments.","154","max-image-preview:large","https://x3yyntt5tp-staging.wpdns.site/2025/12/10/5-things-to-say-instead-of-stop-crying/","1","5 Things to Say Instead of “Stop Crying”","686","11","5","5","0","BreadcrumbList|Person|BlogPosting|Article|HowTo","",""
"https://x3yyntt5tp-staging.wpdns.site/es/2025/12/10/5-things-to-say-instead-of-stop-crying/","https://x3yyntt5tp-staging.wpdns.site/es/2025/12/10/5-things-to-say-instead-of-stop-crying/","200","text/html; charset=UTF-8","300","Artículo de Chroma: 5 cosas que decir en lugar de “Deja de llora…","65","Llorar es una de las primeras formas en que los niños se comunican. Es cómo expresan frustración, miedo, tristeza, agobio o incluso gran alegría. Pero cuando l…","160","max-image-preview:large","https://x3yyntt5tp-staging.wpdns.site/es/2025/12/10/5-things-to-say-instead-of-stop-crying/","1","5 cosas que decir en lugar de “Deja de llorar”","774","11","4","5","0","BreadcrumbList|Person|BlogPosting|Article|HowTo","",""
"https://x3yyntt5tp-staging.wpdns.site/2025/12/10/signs-your-child-is-ready-for-preschool-the-ultimate-preschool-readiness-checklist-and-guide/","https://x3yyntt5tp-staging.wpdns.site/2025/12/10/signs-your-child-is-ready-for-preschool-the-ultimate-preschool-readiness-checklist-and-guide/","200","text/html; charset=UTF-8","297","Chroma's Guide: Is Your Child Ready for Preschool?","50","Discover the key signs your child is ready for preschool. This ultimate readiness checklist and guide helps parents understand social, emotional, and learning milestones.","170","max-image-preview:large","https://x3yyntt5tp-staging.wpdns.site/2025/12/10/signs-your-child-is-ready-for-preschool-the-ultimate-preschool-readiness-checklist-and-guide/","1","Signs Your Child Is Ready for Preschool: The Ultimate Preschool Readiness Checklist and Guide","2803","13","5","5","0","BreadcrumbList|Person|BlogPosting|Article|HowTo","",""
"https://x3yyntt5tp-staging.wpdns.site/es/2025/12/10/signs-your-child-is-ready-for-preschool-the-ultimate-preschool-readiness-checklist-and-guide/","https://x3yyntt5tp-staging.wpdns.site/es/2025/12/10/signs-your-child-is-ready-for-preschool-the-ultimate-preschool-readiness-checklist-and-guide/","200","text/html; charset=UTF-8","355","Artículo de Chroma: Signos de que tu hijo está listo para el pre…","65","La preparación para el preescolar es una combinación práctica y observable de habilidades emocionales, sociales, cognitivas y físicas que ayudan a un niño a ha…","160","max-image-preview:large","https://x3yyntt5tp-staging.wpdns.site/es/2025/12/10/signs-your-child-is-ready-for-preschool-the-ultimate-preschool-readiness-checklist-and-guide/","1","Signos de que tu hijo está listo para el preescolar: La guía y lista de verificación definitiva para la preparación preescolar","3710","11","7","5","0","BreadcrumbList|Person|BlogPosting|Article|HowTo","",""
"https://x3yyntt5tp-staging.wpdns.site/2025/12/10/why-children-need-movement-every-day/","https://x3yyntt5tp-staging.wpdns.site/2025/12/10/why-children-need-movement-every-day/","200","text/html; charset=UTF-8","287","Daily Movement for Kids: Benefits at Chroma Academy","51","Discover why daily movement is essential for children’s physical, mental, and emotional development. Learn the benefits of active play and healthy habits.","154","max-image-preview:large","https://x3yyntt5tp-staging.wpdns.site/2025/12/10/why-children-need-movement-every-day/","1","Why Children Need Movement Every Day","678","11","5","5","0","BreadcrumbList|Person|BlogPosting|Article|HowTo","",""
"https://x3yyntt5tp-staging.wpdns.site/es/2025/12/10/why-children-need-movement-every-day/","https://x3yyntt5tp-staging.wpdns.site/es/2025/12/10/why-children-need-movement-every-day/","200","text/html; charset=UTF-8","283","Artículo de Chroma: Por qué los niños necesitan movimiento todos…","65","El movimiento no es solo una forma para que los niños “quemen energía”. Es una parte vital de su desarrollo físico, emocional, social y cognitivo. Desde el mom…","160","max-image-preview:large","https://x3yyntt5tp-staging.wpdns.site/es/2025/12/10/why-children-need-movement-every-day/","1","Por qué los niños necesitan movimiento todos los días","851","11","5","5","0","BreadcrumbList|Person|BlogPosting|Article|HowTo","",""
"https://x3yyntt5tp-staging.wpdns.site/2025/12/10/enroll-at-chroma-academy-mcdonough-preschool-childcare-for-quality-early-learning/","https://x3yyntt5tp-staging.wpdns.site/2025/12/10/enroll-at-chroma-academy-mcdonough-preschool-childcare-for-quality-early-learning/","200","text/html; charset=UTF-8","455","Chroma Academy: McDonough Preschool Enrollment in 2025","54","Enroll your child at Chroma Academy in McDonough for top-quality preschool and childcare. Providing a safe, nurturing, and engaging early learning environment.","159","max-image-preview:large","https://x3yyntt5tp-staging.wpdns.site/2025/12/10/enroll-at-chroma-academy-mcdonough-preschool-childcare-for-quality-early-learning/","1","Enroll at Chroma Academy: McDonough Preschool & Childcare for Quality Early Learning","3551","15","6","5","0","BreadcrumbList|Person|BlogPosting|Article|HowTo","",""
"https://x3yyntt5tp-staging.wpdns.site/es/2025/12/10/enroll-at-chroma-academy-mcdonough-preschool-childcare-for-quality-early-learning/","https://x3yyntt5tp-staging.wpdns.site/es/2025/12/10/enroll-at-chroma-academy-mcdonough-preschool-childcare-for-quality-early-learning/","200","text/html; charset=UTF-8","454","Artículo de Chroma: Inscríbete en Chroma Academy: Preescolar y G…","65","Chroma Academy en McDonough, GA, ofrece un entorno estructurado de aprendizaje temprano enfocado en la preparación escolar, el crecimiento socioemocional y el…","159","max-image-preview:large","https://x3yyntt5tp-staging.wpdns.site/es/2025/12/10/enroll-at-chroma-academy-mcdonough-preschool-childcare-for-quality-early-learning/","1","Inscríbete en Chroma Academy: Preescolar y Guardería en McDonough para una Educación Temprana de Calidad","4736","12","6","5","0","BreadcrumbList|Person|BlogPosting|Article|HowTo","",""
"https://x3yyntt5tp-staging.wpdns.site/2025/12/10/chroma-early-learning-academy-announces-12th-metro-atlanta-location-in-canton-ga/","https://x3yyntt5tp-staging.wpdns.site/2025/12/10/chroma-early-learning-academy-announces-12th-metro-atlanta-location-in-canton-ga/","200","text/html; charset=UTF-8","354","Chroma Academy Canton, GA Location Now Open: Enroll Today","57","News provided by Chroma Early Learning Academy Feb 12, 2025, 19:24 ET ALPHARETTA, Ga., Feb. 12, 2025 /PRNewswire/ — Chroma Early Learning Academy, a leading provider of high-quality early childhood education, is...","214","max-image-preview:large","https://x3yyntt5tp-staging.wpdns.site/2025/12/10/chroma-early-learning-academy-announces-12th-metro-atlanta-location-in-canton-ga/","1","Chroma Early Learning Academy Announces 12th Metro Atlanta Location in Canton, GA","631","37","10","5","0","BreadcrumbList|Person|BlogPosting|Article|HowTo","",""
"https://x3yyntt5tp-staging.wpdns.site/es/2025/12/10/chroma-early-learning-academy-announces-12th-metro-atlanta-location-in-canton-ga/","https://x3yyntt5tp-staging.wpdns.site/es/2025/12/10/chroma-early-learning-academy-announces-12th-metro-atlanta-location-in-canton-ga/","200","text/html; charset=UTF-8","351","Artículo de Chroma: Chroma Early Learning Academy Anuncia la 12ª…","65","Noticias proporcionadas por Chroma Early Learning Academy 12 de febrero de 2025, 19:24 ET ALPHARETTA, Ga., 12 de febrero de 2025 /PRNewswire/ -- Chroma Early L…","160","max-image-preview:large","https://x3yyntt5tp-staging.wpdns.site/es/2025/12/10/chroma-early-learning-academy-announces-12th-metro-atlanta-location-in-canton-ga/","1","Chroma Early Learning Academy Anuncia la 12ª Ubicación en el Área Metropolitana de Atlanta en Canton, GA","764","35","10","5","0","BreadcrumbList|Person|BlogPosting|Article|HowTo","",""
"https://x3yyntt5tp-staging.wpdns.site/2025/12/10/learn-how-play-based-learning-transforms-early-childhood-education-for-holistic-child-development/","https://x3yyntt5tp-staging.wpdns.site/2025/12/10/learn-how-play-based-learning-transforms-early-childhood-education-for-holistic-child-development/","200","text/html; charset=UTF-8","356","Play-Based Learning at Chroma: Early Education Transformed","58","Discover how play-based learning transforms early childhood education by boosting cognitive, emotional, social, and physical development through engaging activities.","165","max-image-preview:large","https://x3yyntt5tp-staging.wpdns.site/2025/12/10/learn-how-play-based-learning-transforms-early-childhood-education-for-holistic-child-development/","1","Learn How Play-Based Learning Transforms Early Childhood Education for Holistic Child Development","4746","14","6","5","0","BreadcrumbList|Person|BlogPosting|Article|HowTo","",""
"https://x3yyntt5tp-staging.wpdns.site/es/2025/12/10/learn-how-play-based-learning-transforms-early-childhood-education-for-holistic-child-development/","https://x3yyntt5tp-staging.wpdns.site/es/2025/12/10/learn-how-play-based-learning-transforms-early-childhood-education-for-holistic-child-development/","200","text/html; charset=UTF-8","416","Artículo de Chroma: Aprende Cómo el Aprendizaje Basado en el Jue…","65","El aprendizaje basado en el juego sitúa el juego intencional y dirigido por el niño en el centro de la educación infantil, aprovechando la curiosidad natural c…","160","max-image-preview:large","https://x3yyntt5tp-staging.wpdns.site/es/2025/12/10/learn-how-play-based-learning-transforms-early-childhood-education-for-holistic-child-development/","1","Aprende Cómo el Aprendizaje Basado en el Juego Transforma la Educación Infantil para el Desarrollo Integral del Niño","6597","11","8","5","0","BreadcrumbList|Person|BlogPosting|Article|HowTo","",""
"https://x3yyntt5tp-staging.wpdns.site/2025/12/10/top-strategies-to-boost-employee-retention-and-build-long-term-organizational-loyalty/","https://x3yyntt5tp-staging.wpdns.site/2025/12/10/top-strategies-to-boost-employee-retention-and-build-long-term-organizational-loyalty/","200","text/html; charset=UTF-8","331","Employee Retention Strategies: Build Loyalty | Chroma 2025","58","Discover top strategies to improve employee retention and build long-term organizational loyalty through engagement, recognition, career growth, and a positive culture.","168","max-image-preview:large","https://x3yyntt5tp-staging.wpdns.site/2025/12/10/top-strategies-to-boost-employee-retention-and-build-long-term-organizational-loyalty/","1","Top strategies to boost employee retention and build long-term organizational loyalty","3022","11","8","5","0","BreadcrumbList|Person|BlogPosting|Article|HowTo","",""
"https://x3yyntt5tp-staging.wpdns.site/es/2025/12/10/top-strategies-to-boost-employee-retention-and-build-long-term-organizational-loyalty/","https://x3yyntt5tp-staging.wpdns.site/es/2025/12/10/top-strategies-to-boost-employee-retention-and-build-long-term-organizational-loyalty/","200","text/html; charset=UTF-8","355","Artículo de Chroma: Estrategias clave para aumentar la retención…","65","La retención de empleados mide cuántas personas permanecen en tu organización a lo largo del tiempo. Fomentar la lealtad duradera requiere una inversión delibe…","160","max-image-preview:large","https://x3yyntt5tp-staging.wpdns.site/es/2025/12/10/top-strategies-to-boost-employee-retention-and-build-long-term-organizational-loyalty/","1","Estrategias clave para aumentar la retención de empleados y fomentar la lealtad organizacional a largo plazo","4057","11","5","5","0","BreadcrumbList|Person|BlogPosting|Article|HowTo","",""
"https://x3yyntt5tp-staging.wpdns.site/2025/12/10/how-workplace-culture-shapes-employee-retention-key-factors-and-practical-strategies/","https://x3yyntt5tp-staging.wpdns.site/2025/12/10/how-workplace-culture-shapes-employee-retention-key-factors-and-practical-strategies/","200","text/html; charset=UTF-8","368","Employee Retention: Workplace Culture Strategies by Chroma","58","Explore how workplace culture influences employee retention and discover key factors and practical strategies to build a positive, engaging, and loyal workforce.","161","max-image-preview:large","https://x3yyntt5tp-staging.wpdns.site/2025/12/10/how-workplace-culture-shapes-employee-retention-key-factors-and-practical-strategies/","1","How Workplace Culture Shapes Employee Retention: Key Factors and Practical Strategies","2926","12","6","5","0","BreadcrumbList|Person|BlogPosting|Article|HowTo","",""
"https://x3yyntt5tp-staging.wpdns.site/es/2025/12/10/how-workplace-culture-shapes-employee-retention-key-factors-and-practical-strategies/","https://x3yyntt5tp-staging.wpdns.site/es/2025/12/10/how-workplace-culture-shapes-employee-retention-key-factors-and-practical-strategies/","200","text/html; charset=UTF-8","375","Artículo de Chroma: Cómo la cultura laboral moldea la retención…","64","La cultura laboral es el conjunto de valores, comportamientos y normas compartidas que dan forma a cómo se realiza el trabajo y cómo se sienten las personas en…","160","max-image-preview:large","https://x3yyntt5tp-staging.wpdns.site/es/2025/12/10/how-workplace-culture-shapes-employee-retention-key-factors-and-practical-strategies/","1","Cómo la cultura laboral moldea la retención de empleados: factores clave y estrategias prácticas","3931","12","7","5","0","BreadcrumbList|Person|BlogPosting|Article|HowTo","",""
"https://x3yyntt5tp-staging.wpdns.site/2025/12/10/how-employee-benefits-surveys-boost-retention-and-support-business-growth/","https://x3yyntt5tp-staging.wpdns.site/2025/12/10/how-employee-benefits-surveys-boost-retention-and-support-business-growth/","200","text/html; charset=UTF-8","291","Benefits Surveys: Boost Retention & Business Growth (2025)","58","Learn how employee benefits surveys improve retention, enhance job satisfaction, and support business growth by aligning benefits with workforce needs.","151","max-image-preview:large","https://x3yyntt5tp-staging.wpdns.site/2025/12/10/how-employee-benefits-surveys-boost-retention-and-support-business-growth/","1","How Employee Benefits Surveys Boost Retention and Support Business Growth","2919","11","6","5","0","BreadcrumbList|Person|BlogPosting|Article|HowTo","",""
"https://x3yyntt5tp-staging.wpdns.site/es/2025/12/10/how-employee-benefits-surveys-boost-retention-and-support-business-growth/","https://x3yyntt5tp-staging.wpdns.site/es/2025/12/10/how-employee-benefits-surveys-boost-retention-and-support-business-growth/","200","text/html; charset=UTF-8","322","Artículo de Chroma: Cómo las encuestas de beneficios para emplea…","65","Las encuestas de beneficios para empleados convierten las preferencias, los niveles de satisfacción y los patrones de uso de los empleados en datos claros y pr…","160","max-image-preview:large","https://x3yyntt5tp-staging.wpdns.site/es/2025/12/10/how-employee-benefits-surveys-boost-retention-and-support-business-growth/","1","Cómo las encuestas de beneficios para empleados impulsan la retención y apoyan el crecimiento empresarial","4167","11","5","5","0","BreadcrumbList|Person|BlogPosting|Article|HowTo","",""
"https://x3yyntt5tp-staging.wpdns.site/2025/12/10/top-10-employee-retention-strategies-that-boost-job-satisfaction-and-cut-turnover/","https://x3yyntt5tp-staging.wpdns.site/2025/12/10/top-10-employee-retention-strategies-that-boost-job-satisfaction-and-cut-turnover/","200","text/html; charset=UTF-8","346","Employee Retention: Top Strategies for Job Satisfaction","55","Discover the top 10 employee retention strategies that boost job satisfaction, reduce turnover, build loyalty, and create a positive workplace culture.","151","max-image-preview:large","https://x3yyntt5tp-staging.wpdns.site/2025/12/10/top-10-employee-retention-strategies-that-boost-job-satisfaction-and-cut-turnover/","1","Top 10 Employee Retention Strategies That Boost Job Satisfaction and Cut Turnover","3284","11","9","5","0","BreadcrumbList|Person|BlogPosting|Article|HowTo","",""
"https://x3yyntt5tp-staging.wpdns.site/es/2025/12/10/top-10-employee-retention-strategies-that-boost-job-satisfaction-and-cut-turnover/","https://x3yyntt5tp-staging.wpdns.site/es/2025/12/10/top-10-employee-retention-strategies-that-boost-job-satisfaction-and-cut-turnover/","200","text/html; charset=UTF-8","364","Artículo de Chroma: Las 10 principales estrategias de retención…","64","La retención de empleados significa mantener a las mejores personas comprometidas, productivas y dispuestas a quedarse, y eso es importante. Una alta retención…","160","max-image-preview:large","https://x3yyntt5tp-staging.wpdns.site/es/2025/12/10/top-10-employee-retention-strategies-that-boost-job-satisfaction-and-cut-turnover/","1","Las 10 principales estrategias de retención de empleados que aumentan la satisfacción laboral y reducen la rotación","4629","11","9","5","0","BreadcrumbList|Person|BlogPosting|Article|HowTo","",""
"https://x3yyntt5tp-staging.wpdns.site/2025/12/10/chroma-early-learning-academy-opens-registration-for-2025-summer-camp-and-georgia-pre-k-programs/","https://x3yyntt5tp-staging.wpdns.site/2025/12/10/chroma-early-learning-academy-opens-registration-for-2025-summer-camp-and-georgia-pre-k-programs/","200","text/html; charset=UTF-8","327","Chroma Academy: 2025 Summer Camp & Pre-K Registration","53","News provided by Chroma Early Learning Academy Apr 22, 2025, 08:00 ET ATLANTA, April 22, 2025 /PRNewswire/ — Chroma Early Learning Academy is excited to announce that registration is now open for...","198","max-image-preview:large","https://x3yyntt5tp-staging.wpdns.site/2025/12/10/chroma-early-learning-academy-opens-registration-for-2025-summer-camp-and-georgia-pre-k-programs/","1","Chroma Early Learning Academy Opens Registration for 2025 Summer Camp and Georgia Pre-K Programs","521","40","11","5","0","BreadcrumbList|Person|BlogPosting|Article|HowTo","",""
"https://x3yyntt5tp-staging.wpdns.site/es/2025/12/10/chroma-early-learning-academy-opens-registration-for-2025-summer-camp-and-georgia-pre-k-programs/","https://x3yyntt5tp-staging.wpdns.site/es/2025/12/10/chroma-early-learning-academy-opens-registration-for-2025-summer-camp-and-georgia-pre-k-programs/","200","text/html; charset=UTF-8","340","Artículo de Chroma: Chroma Early Learning Academy abre inscripci…","65","Noticias proporcionadas por Chroma Early Learning Academy 22 de abril de 2025, 08:00 ET ATLANTA, 22 de abril de 2025 /PRNewswire/ -- Chroma Early Learning Acad…","160","max-image-preview:large","https://x3yyntt5tp-staging.wpdns.site/es/2025/12/10/chroma-early-learning-academy-opens-registration-for-2025-summer-camp-and-georgia-pre-k-programs/","1","Chroma Early Learning Academy abre inscripciones para el Campamento de Verano 2025 y los Programas Pre-K de Georgia","641","39","11","5","0","BreadcrumbList|Person|BlogPosting|Article|HowTo","",""
"https://x3yyntt5tp-staging.wpdns.site/communities/","https://x3yyntt5tp-staging.wpdns.site/communities/","200","text/html; charset=UTF-8","314","Communities | Chroma Early Learning Academy","43","Explore Chroma communities across Georgia and find nearby campuses, programs, and tour information for your family.","115","","https://x3yyntt5tp-staging.wpdns.site/communities/","1","Our Communities","430","94","55","2","0","BreadcrumbList|CollectionPage","",""
"https://x3yyntt5tp-staging.wpdns.site/es/communities/","https://x3yyntt5tp-staging.wpdns.site/es/communities/","200","text/html; charset=UTF-8","282","Comunidades | Chroma Early Learning Academy","43","Explora las comunidades de Chroma en Georgia y encuentra campus cercanos, programas e información para recorridos.","114","","https://x3yyntt5tp-staging.wpdns.site/es/communities/","1","Nuestras Comunidades","432","94","55","2","0","BreadcrumbList|CollectionPage","",""
"https://x3yyntt5tp-staging.wpdns.site/2025/12/09/chroma-early-learning-academy-design-principles-explained-understanding-the-chroma-spectrum-early-learning-framework/","https://x3yyntt5tp-staging.wpdns.site/2025/12/09/chroma-early-learning-academy-design-principles-explained-understanding-the-chroma-spectrum-early-learning-framework/","200","text/html; charset=UTF-8","334","Chroma Academy: Understanding the Chroma Learning Framework","59","Explore the Chroma Spectrum™ Early Learning Framework and discover how Chroma Early Learning Academy’s design principles support holistic child development and learning.","169","max-image-preview:large","https://x3yyntt5tp-staging.wpdns.site/2025/12/09/chroma-early-learning-academy-design-principles-explained-understanding-the-chroma-spectrum-early-learning-framework/","1","Chroma Early Learning Academy Design Principles Explained: Understanding the Chroma Spectrum™ Early Learning Framework","4679","15","6","5","0","BreadcrumbList|Person|BlogPosting|Article|HowTo","",""
"https://x3yyntt5tp-staging.wpdns.site/es/2025/12/09/chroma-early-learning-academy-design-principles-explained-understanding-the-chroma-spectrum-early-learning-framework/","https://x3yyntt5tp-staging.wpdns.site/es/2025/12/09/chroma-early-learning-academy-design-principles-explained-understanding-the-chroma-spectrum-early-learning-framework/","200","text/html; charset=UTF-8","409","Artículo de Chroma: Principios de Diseño de Chroma Early Learnin…","65","El Marco de Aprendizaje Temprano Chroma Spectrum™ define un enfoque cohesivo y centrado en el niño para la educación infantil que combina intencionalmente el j…","160","max-image-preview:large","https://x3yyntt5tp-staging.wpdns.site/es/2025/12/09/chroma-early-learning-academy-design-principles-explained-understanding-the-chroma-spectrum-early-learning-framework/","1","Principios de Diseño de Chroma Early Learning Academy Explicados: Comprendiendo el Marco de Aprendizaje Temprano Chroma Spectrum™","6296","11","7","5","0","BreadcrumbList|Person|BlogPosting|Article|HowTo","",""
"https://x3yyntt5tp-staging.wpdns.site/2025/12/09/integrating-technology-in-early-childhood-education-for-better-outcomes-benefits-tools-and-parental-guidance/","https://x3yyntt5tp-staging.wpdns.site/2025/12/09/integrating-technology-in-early-childhood-education-for-better-outcomes-benefits-tools-and-parental-guidance/","200","text/html; charset=UTF-8","337","Tech in Early Childhood: Benefits and Guidance","46","Discover how integrating technology in early childhood education enhances learning. Explore benefits, essential tools, and parental guidance for better outcomes.","161","max-image-preview:large","https://x3yyntt5tp-staging.wpdns.site/2025/12/09/integrating-technology-in-early-childhood-education-for-better-outcomes-benefits-tools-and-parental-guidance/","1","Integrating Technology in Early Childhood Education for Better Outcomes: Benefits, Tools, and Parental Guidance","4626","14","7","5","0","BreadcrumbList|Person|BlogPosting|Article|HowTo","",""
"https://x3yyntt5tp-staging.wpdns.site/es/2025/12/09/integrating-technology-in-early-childhood-education-for-better-outcomes-benefits-tools-and-parental-guidance/","https://x3yyntt5tp-staging.wpdns.site/es/2025/12/09/integrating-technology-in-early-childhood-education-for-better-outcomes-benefits-tools-and-parental-guidance/","200","text/html; charset=UTF-8","400","Artículo de Chroma: Integración de la tecnología en la educación…","65","La tecnología en la educación de la primera infancia se refiere a herramientas y prácticas digitales intencionales y apropiadas para el desarrollo que se utili…","160","max-image-preview:large","https://x3yyntt5tp-staging.wpdns.site/es/2025/12/09/integrating-technology-in-early-childhood-education-for-better-outcomes-benefits-tools-and-parental-guidance/","1","Integración de la tecnología en la educación infantil para mejores resultados: Beneficios, herramientas y orientación para padres","6307","11","6","5","0","BreadcrumbList|Person|BlogPosting|Article|HowTo","",""
"https://x3yyntt5tp-staging.wpdns.site/locations/","https://x3yyntt5tp-staging.wpdns.site/locations/","200","text/html; charset=UTF-8","272","Locations | Chroma Early Learning Academy","41","Explore Chroma locations across Metro Atlanta and find the campus, programs, and tour options that fit your family.","115","","https://x3yyntt5tp-staging.wpdns.site/locations/","1","A Chroma near you.","685","142","5","2","0","BreadcrumbList|CollectionPage","",""
"https://x3yyntt5tp-staging.wpdns.site/es/locations/","https://x3yyntt5tp-staging.wpdns.site/es/locations/","200","text/html; charset=UTF-8","294","Ubicaciones | Chroma Early Learning Academy","43","Explora las ubicaciones de Chroma en Metro Atlanta y encuentra el campus, los programas y los recorridos ideales para tu familia.","129","","https://x3yyntt5tp-staging.wpdns.site/es/locations/","1","Un Chroma cerca de ti.","685","142","5","2","0","BreadcrumbList|CollectionPage","",""
"https://x3yyntt5tp-staging.wpdns.site/2025/12/04/the-importance-of-play-in-early-childhood-development-benefits-activities-and-learning-outcomes/","https://x3yyntt5tp-staging.wpdns.site/2025/12/04/the-importance-of-play-in-early-childhood-development-benefits-activities-and-learning-outcomes/","200","text/html; charset=UTF-8","368","Play in Early Childhood: Benefits & Activities (2025)","53","Play is essential for early childhood development. Discover the benefits, learning outcomes, and effective play-based activities that support your child’s growth.","162","max-image-preview:large","https://x3yyntt5tp-staging.wpdns.site/2025/12/04/the-importance-of-play-in-early-childhood-development-benefits-activities-and-learning-outcomes/","1","The Importance of Play in Early Childhood Development: Benefits, Activities, and Learning Outcomes","5103","15","7","5","0","BreadcrumbList|Person|BlogPosting|Article|HowTo","",""
"https://x3yyntt5tp-staging.wpdns.site/es/2025/12/04/the-importance-of-play-in-early-childhood-development-benefits-activities-and-learning-outcomes/","https://x3yyntt5tp-staging.wpdns.site/es/2025/12/04/the-importance-of-play-in-early-childhood-development-benefits-activities-and-learning-outcomes/","200","text/html; charset=UTF-8","442","Artículo de Chroma: La Importancia del Juego en el Desarrollo In…","65","El juego es el mecanismo de aprendizaje esencial de los niños, que dirige la exploración, la repetición y la interacción social que juntos construyen vías neur…","160","max-image-preview:large","https://x3yyntt5tp-staging.wpdns.site/es/2025/12/04/the-importance-of-play-in-early-childhood-development-benefits-activities-and-learning-outcomes/","1","La Importancia del Juego en el Desarrollo Infantil Temprano: Beneficios, Actividades y Resultados de Aprendizaje","6998","11","8","5","0","BreadcrumbList|Person|BlogPosting|Article|HowTo","",""
"https://x3yyntt5tp-staging.wpdns.site/2025/12/04/essential-technology-tools-for-early-childhood-learning-benefits-applications-and-parent-guidance/","https://x3yyntt5tp-staging.wpdns.site/2025/12/04/essential-technology-tools-for-early-childhood-learning-benefits-applications-and-parent-guidance/","200","text/html; charset=UTF-8","374","Tech Tools for Early Learning: Chroma's Parent Guide (2025)","59","Discover the most essential technology tools for early childhood learning, including digital apps, interactive devices, and classroom tools that boost cognitive development, early literacy, and problem-solving skills. Learn how parents...","238","max-image-preview:large","https://x3yyntt5tp-staging.wpdns.site/2025/12/04/essential-technology-tools-for-early-childhood-learning-benefits-applications-and-parent-guidance/","1","Essential Technology Tools for Early Childhood Learning: Benefits, Applications, and Parent Guidance","5003","15","8","5","0","BreadcrumbList|Person|BlogPosting|Article|HowTo","",""
"https://x3yyntt5tp-staging.wpdns.site/es/2025/12/04/essential-technology-tools-for-early-childhood-learning-benefits-applications-and-parent-guidance/","https://x3yyntt5tp-staging.wpdns.site/es/2025/12/04/essential-technology-tools-for-early-childhood-learning-benefits-applications-and-parent-guidance/","200","text/html; charset=UTF-8","444","Artículo de Chroma: Herramientas Tecnológicas Esenciales para el…","65","La tecnología educativa en la primera infancia se refiere a herramientas digitales y dispositivos interactivos diseñados intencionalmente para apoyar el aprend…","160","max-image-preview:large","https://x3yyntt5tp-staging.wpdns.site/es/2025/12/04/essential-technology-tools-for-early-childhood-learning-benefits-applications-and-parent-guidance/","1","Herramientas Tecnológicas Esenciales para el Aprendizaje en la Primera Infancia: Beneficios, Aplicaciones y Guía para Padres","6841","12","8","5","0","BreadcrumbList|Person|BlogPosting|Article|HowTo","",""
"https://x3yyntt5tp-staging.wpdns.site/2025/12/04/why-early-childhood-education-matters-for-development-key-benefits-and-parental-guidance/","https://x3yyntt5tp-staging.wpdns.site/2025/12/04/why-early-childhood-education-matters-for-development-key-benefits-and-parental-guidance/","200","text/html; charset=UTF-8","345","ECE Matters: Benefits & Guidance for Parents","44","Early childhood education builds strong cognitive, social, and emotional skills. Discover key benefits, developmental impact, and expert guidance for parents.","158","max-image-preview:large","https://x3yyntt5tp-staging.wpdns.site/2025/12/04/why-early-childhood-education-matters-for-development-key-benefits-and-parental-guidance/","1","Why Early Childhood Education Matters for Development: Key Benefits and Parental Guidance","4926","14","7","5","0","BreadcrumbList|Person|BlogPosting|Article|HowTo","",""
"https://x3yyntt5tp-staging.wpdns.site/es/2025/12/04/why-early-childhood-education-matters-for-development-key-benefits-and-parental-guidance/","https://x3yyntt5tp-staging.wpdns.site/es/2025/12/04/why-early-childhood-education-matters-for-development-key-benefits-and-parental-guidance/","200","text/html; charset=UTF-8","459","Artículo de Chroma: Por qué la Educación Infantil Temprana Impor…","65","La educación infantil temprana (EIT) es la provisión estructurada de aprendizaje, cuidado e interacciones de apoyo para los niños en sus primeros años, y molde…","160","max-image-preview:large","https://x3yyntt5tp-staging.wpdns.site/es/2025/12/04/why-early-childhood-education-matters-for-development-key-benefits-and-parental-guidance/","1","Por qué la Educación Infantil Temprana Importa para el Desarrollo: Beneficios Clave y Guía para Padres","6707","11","5","5","0","BreadcrumbList|Person|BlogPosting|Article|HowTo","",""
"https://x3yyntt5tp-staging.wpdns.site/2025/12/04/chroma-early-learning-academy-enrollment-faqs-you-need-to-know-complete-guide-to-programs-process-and-parent-resources/","https://x3yyntt5tp-staging.wpdns.site/2025/12/04/chroma-early-learning-academy-enrollment-faqs-you-need-to-know-complete-guide-to-programs-process-and-parent-resources/","200","text/html; charset=UTF-8","348","Chroma Academy Enrollment: Programs & Process Guide","51","Get answers to all Chroma Early Learning Academy enrollment FAQs. Learn about programs, admission steps, age requirements, tuition, and parent resources in one guide.","166","max-image-preview:large","https://x3yyntt5tp-staging.wpdns.site/2025/12/04/chroma-early-learning-academy-enrollment-faqs-you-need-to-know-complete-guide-to-programs-process-and-parent-resources/","1","Chroma Early Learning Academy Enrollment FAQs You Need to Know: Complete Guide to Programs, Process, and Parent Resources","4916","15","7","5","0","BreadcrumbList|Person|BlogPosting|Article|HowTo","",""
"https://x3yyntt5tp-staging.wpdns.site/es/2025/12/04/chroma-early-learning-academy-enrollment-faqs-you-need-to-know-complete-guide-to-programs-process-and-parent-resources/","https://x3yyntt5tp-staging.wpdns.site/es/2025/12/04/chroma-early-learning-academy-enrollment-faqs-you-need-to-know-complete-guide-to-programs-process-and-parent-resources/","200","text/html; charset=UTF-8","402","Artículo de Chroma: Preguntas Frecuentes sobre la Inscripción en…","65","Esta guía responde a las preguntas más comunes de los padres sobre la inscripción en Chroma Early Learning Academy y explica los programas, los pasos, las tari…","160","max-image-preview:large","https://x3yyntt5tp-staging.wpdns.site/es/2025/12/04/chroma-early-learning-academy-enrollment-faqs-you-need-to-know-complete-guide-to-programs-process-and-parent-resources/","1","Preguntas Frecuentes sobre la Inscripción en Chroma Early Learning Academy que Necesitas Saber: Guía Completa de Programas, Proceso y Recursos para Padres","6871","11","7","5","0","BreadcrumbList|Person|BlogPosting|Article|HowTo","",""
"https://x3yyntt5tp-staging.wpdns.site/2025/12/04/comparing-chroma-early-learning-academys-quality-to-other-local-preschools-a-detailed-analysis-of-early-childhood-education-standards-and-programs/","https://x3yyntt5tp-staging.wpdns.site/2025/12/04/comparing-chroma-early-learning-academys-quality-to-other-local-preschools-a-detailed-analysis-of-early-childhood-education-standards-and-programs/","200","text/html; charset=UTF-8","309","Chroma Academy: Preschool Quality Comparison in 2025","52","Compare Chroma Early Learning Academy to other local preschools with a detailed analysis of curriculum quality, teacher qualifications, safety standards, and program outcomes—so parents can choose the best early education...","224","max-image-preview:large","https://x3yyntt5tp-staging.wpdns.site/2025/12/04/comparing-chroma-early-learning-academys-quality-to-other-local-preschools-a-detailed-analysis-of-early-childhood-education-standards-and-programs/","1","Comparing Chroma Early Learning Academy’s Quality to Other Local Preschools: A Detailed Analysis of Early Childhood Education Standards and Programs","4922","15","7","5","0","BreadcrumbList|Person|BlogPosting|Article|HowTo","",""
"https://x3yyntt5tp-staging.wpdns.site/es/2025/12/04/comparing-chroma-early-learning-academys-quality-to-other-local-preschools-a-detailed-analysis-of-early-childhood-education-standards-and-programs/","https://x3yyntt5tp-staging.wpdns.site/es/2025/12/04/comparing-chroma-early-learning-academys-quality-to-other-local-preschools-a-detailed-analysis-of-early-childhood-education-standards-and-programs/","200","text/html; charset=UTF-8","411","Artículo de Chroma: Comparación de la Calidad de Chroma Early Le…","65","La educación preescolar de alta calidad combina estándares claros del programa, educadores capacitados, entornos seguros y planes de estudio que producen ganan…","160","max-image-preview:large","https://x3yyntt5tp-staging.wpdns.site/es/2025/12/04/comparing-chroma-early-learning-academys-quality-to-other-local-preschools-a-detailed-analysis-of-early-childhood-education-standards-and-programs/","1","Comparación de la Calidad de Chroma Early Learning Academy con Otras Guarderías Locales: Un Análisis Detallado de los Estándares y Programas de Educación Infantil Temprana","6804","11","7","5","0","BreadcrumbList|Person|BlogPosting|Article|HowTo","",""
"https://x3yyntt5tp-staging.wpdns.site/2025/12/04/flexible-learning-areas-for-toddlers-explained-benefits-design-and-adaptable-classroom-ideas/","https://x3yyntt5tp-staging.wpdns.site/2025/12/04/flexible-learning-areas-for-toddlers-explained-benefits-design-and-adaptable-classroom-ideas/","200","text/html; charset=UTF-8","325","Toddler Learning Areas: Design & Classroom Ideas | 2025","55","Flexible learning areas help toddlers explore, play, and learn with ease. Discover benefits, classroom design tips, and adaptable ideas that boost early development.","165","max-image-preview:large","https://x3yyntt5tp-staging.wpdns.site/2025/12/04/flexible-learning-areas-for-toddlers-explained-benefits-design-and-adaptable-classroom-ideas/","1","Flexible Learning Areas for Toddlers Explained: Benefits, Design, and Adaptable Classroom Ideas","5094","14","7","5","0","BreadcrumbList|Person|BlogPosting|Article|HowTo","",""
"https://x3yyntt5tp-staging.wpdns.site/es/2025/12/04/flexible-learning-areas-for-toddlers-explained-benefits-design-and-adaptable-classroom-ideas/","https://x3yyntt5tp-staging.wpdns.site/es/2025/12/04/flexible-learning-areas-for-toddlers-explained-benefits-design-and-adaptable-classroom-ideas/","200","text/html; charset=UTF-8","352","Artículo de Chroma: Áreas de aprendizaje flexibles para niños pe…","65","Las áreas de aprendizaje flexibles para niños pequeños son espacios organizados intencionalmente que se adaptan a las necesidades cambiantes de un niño, permit…","160","max-image-preview:large","https://x3yyntt5tp-staging.wpdns.site/es/2025/12/04/flexible-learning-areas-for-toddlers-explained-benefits-design-and-adaptable-classroom-ideas/","1","Áreas de aprendizaje flexibles para niños pequeños explicadas: beneficios, diseño e ideas de aulas adaptables","6829","11","6","5","0","BreadcrumbList|Person|BlogPosting|Article|HowTo","",""
"https://x3yyntt5tp-staging.wpdns.site/2025/12/04/safe-and-stimulating-learning-environments-for-early-learners-ensuring-childcare-safety-and-engaging-developmental-activities/","https://x3yyntt5tp-staging.wpdns.site/2025/12/04/safe-and-stimulating-learning-environments-for-early-learners-ensuring-childcare-safety-and-engaging-developmental-activities/","200","text/html; charset=UTF-8","287","Chroma Academy: Safe & Engaging Early Learning in 2025","54","Create a safe, stimulating learning environment for early learners with effective childcare safety practices, engaging developmental activities, and structured classroom design. Learn how quality preschool settings support healthy growth, confidence,...","253","max-image-preview:large","https://x3yyntt5tp-staging.wpdns.site/2025/12/04/safe-and-stimulating-learning-environments-for-early-learners-ensuring-childcare-safety-and-engaging-developmental-activities/","1","Safe and Stimulating Learning Environments for Early Learners: Ensuring Childcare Safety and Engaging Developmental Activities","4661","15","8","5","0","BreadcrumbList|Person|BlogPosting|Article|HowTo","",""
"https://x3yyntt5tp-staging.wpdns.site/es/2025/12/04/safe-and-stimulating-learning-environments-for-early-learners-ensuring-childcare-safety-and-engaging-developmental-activities/","https://x3yyntt5tp-staging.wpdns.site/es/2025/12/04/safe-and-stimulating-learning-environments-for-early-learners-ensuring-childcare-safety-and-engaging-developmental-activities/","200","text/html; charset=UTF-8","445","Artículo de Chroma: Entornos de aprendizaje seguros y estimulant…","65","Los entornos de aprendizaje seguros y estimulantes combinan prácticas rigurosas de seguridad con oportunidades de aprendizaje apropiadas para el desarrollo par…","160","max-image-preview:large","https://x3yyntt5tp-staging.wpdns.site/es/2025/12/04/safe-and-stimulating-learning-environments-for-early-learners-ensuring-childcare-safety-and-engaging-developmental-activities/","1","Entornos de aprendizaje seguros y estimulantes para niños pequeños: Garantía de seguridad en el cuidado infantil y actividades de desarrollo atractivas","6616","11","6","5","0","BreadcrumbList|Person|BlogPosting|Article|HowTo","",""
"https://x3yyntt5tp-staging.wpdns.site/2025/12/04/how-integrating-technology-in-early-childhood-curriculum-boosts-learning-and-prepares-children-for-the-future/","https://x3yyntt5tp-staging.wpdns.site/2025/12/04/how-integrating-technology-in-early-childhood-curriculum-boosts-learning-and-prepares-children-for-the-future/","200","text/html; charset=UTF-8","278","Technology in Early Childhood: Boost Learning at Chroma","55","Discover how integrating technology in early childhood curriculum boosts cognitive development, digital literacy, problem-solving skills, and classroom engagement—helping young children prepare for future academic success.","222","max-image-preview:large","https://x3yyntt5tp-staging.wpdns.site/2025/12/04/how-integrating-technology-in-early-childhood-curriculum-boosts-learning-and-prepares-children-for-the-future/","1","How Integrating Technology in Early Childhood Curriculum Boosts Learning and Prepares Children for the Future","5069","17","6","5","0","BreadcrumbList|Person|BlogPosting|Article|HowTo","",""
"https://x3yyntt5tp-staging.wpdns.site/es/2025/12/04/how-integrating-technology-in-early-childhood-curriculum-boosts-learning-and-prepares-children-for-the-future/","https://x3yyntt5tp-staging.wpdns.site/es/2025/12/04/how-integrating-technology-in-early-childhood-curriculum-boosts-learning-and-prepares-children-for-the-future/","200","text/html; charset=UTF-8","384","Artículo de Chroma: Cómo la Integración de la Tecnología en el C…","65","La integración de la tecnología en el currículo de la primera infancia se refiere al uso intencionado de herramientas digitales y multimedia para apoyar objeti…","160","max-image-preview:large","https://x3yyntt5tp-staging.wpdns.site/es/2025/12/04/how-integrating-technology-in-early-childhood-curriculum-boosts-learning-and-prepares-children-for-the-future/","1","Cómo la Integración de la Tecnología en el Currículo de la Primera Infancia Impulsa el Aprendizaje y Prepara a los Niños para el Futuro","7032","13","6","5","0","BreadcrumbList|Person|BlogPosting|Article|HowTo","",""
"https://x3yyntt5tp-staging.wpdns.site/2025/12/03/how-preschool-prepares-children-for-kindergarten-success-benefits-skills-and-readiness-strategies/","https://x3yyntt5tp-staging.wpdns.site/2025/12/03/how-preschool-prepares-children-for-kindergarten-success-benefits-skills-and-readiness-strategies/","200","text/html; charset=UTF-8","284","Kindergarten Readiness: Essential Skills for Success","52","Discover how preschool prepares children for kindergarten success through early learning skills, social development, routines, and readiness strategies for parents.","164","max-image-preview:large","https://x3yyntt5tp-staging.wpdns.site/2025/12/03/how-preschool-prepares-children-for-kindergarten-success-benefits-skills-and-readiness-strategies/","1","Kindergarten Readiness: Essential Skills for Success","5154","19","8","5","0","BreadcrumbList|Person|BlogPosting|Article|HowTo","",""
"https://x3yyntt5tp-staging.wpdns.site/es/2025/12/03/how-preschool-prepares-children-for-kindergarten-success-benefits-skills-and-readiness-strategies/","https://x3yyntt5tp-staging.wpdns.site/es/2025/12/03/how-preschool-prepares-children-for-kindergarten-success-benefits-skills-and-readiness-strategies/","200","text/html; charset=UTF-8","394","Artículo de Chroma: Cómo la educación preescolar prepara a los n…","65","La preparación para el jardín de infantes es la combinación de habilidades socioemocionales, académicas y de autocuidado que permiten a un niño participar con…","159","max-image-preview:large","https://x3yyntt5tp-staging.wpdns.site/es/2025/12/03/how-preschool-prepares-children-for-kindergarten-success-benefits-skills-and-readiness-strategies/","1","Cómo la educación preescolar prepara a los niños para el éxito en el jardín de infantes: beneficios, habilidades y estrategias de preparación","7102","11","6","5","0","BreadcrumbList|Person|BlogPosting|Article|HowTo","",""
"https://x3yyntt5tp-staging.wpdns.site/2025/12/03/key-signs-your-child-is-ready-for-kindergarten-academic-and-social-readiness-indicators-for-parents/","https://x3yyntt5tp-staging.wpdns.site/2025/12/03/key-signs-your-child-is-ready-for-kindergarten-academic-and-social-readiness-indicators-for-parents/","200","text/html; charset=UTF-8","340","Kindergarten Readiness Guide: Signs & Skills (2025)","51","Discover the key academic, social, emotional, and behavioral signs that show your child is ready for kindergarten. Learn how to assess early readiness and support a smooth transition to school.","193","max-image-preview:large","https://x3yyntt5tp-staging.wpdns.site/2025/12/03/key-signs-your-child-is-ready-for-kindergarten-academic-and-social-readiness-indicators-for-parents/","1","Key Signs Your Child Is Ready for Kindergarten: Academic and Social Readiness Indicators for Parents","5215","12","6","5","0","BreadcrumbList|Person|BlogPosting|Article|HowTo","",""
"https://x3yyntt5tp-staging.wpdns.site/es/2025/12/03/key-signs-your-child-is-ready-for-kindergarten-academic-and-social-readiness-indicators-for-parents/","https://x3yyntt5tp-staging.wpdns.site/es/2025/12/03/key-signs-your-child-is-ready-for-kindergarten-academic-and-social-readiness-indicators-for-parents/","200","text/html; charset=UTF-8","407","Artículo de Chroma: Señales Clave de que tu Hijo está Listo para…","65","La preparación para el Jardín de Infancia es un conjunto integral de habilidades académicas, socioemocionales, físicas y de independencia que juntas predicen u…","160","max-image-preview:large","https://x3yyntt5tp-staging.wpdns.site/es/2025/12/03/key-signs-your-child-is-ready-for-kindergarten-academic-and-social-readiness-indicators-for-parents/","1","Señales Clave de que tu Hijo está Listo para el Jardín de Infancia: Indicadores de Preparación Académica y Social para Padres","7155","11","8","5","0","BreadcrumbList|Person|BlogPosting|Article|HowTo","",""
"https://x3yyntt5tp-staging.wpdns.site/2025/12/03/the-critical-role-of-a-structured-curriculum-in-early-childhood-education-success-benefits-impact-and-kindergarten-readiness/","https://x3yyntt5tp-staging.wpdns.site/2025/12/03/the-critical-role-of-a-structured-curriculum-in-early-childhood-education-success-benefits-impact-and-kindergarten-readiness/","200","text/html; charset=UTF-8","312","Early Childhood Curriculum: Benefits & Readiness","48","Discover why a structured curriculum is essential in early childhood education. Learn how organized learning frameworks improve developmental outcomes, support cognitive growth, and prepare children for kindergarten success.","224","max-image-preview:large","https://x3yyntt5tp-staging.wpdns.site/2025/12/03/the-critical-role-of-a-structured-curriculum-in-early-childhood-education-success-benefits-impact-and-kindergarten-readiness/","1","The Critical Role of a Structured Curriculum in Early Childhood Education Success: Benefits, Impact, and Kindergarten Readiness","4581","15","6","5","0","BreadcrumbList|Person|BlogPosting|Article|HowTo","",""
"https://x3yyntt5tp-staging.wpdns.site/es/2025/12/03/the-critical-role-of-a-structured-curriculum-in-early-childhood-education-success-benefits-impact-and-kindergarten-readiness/","https://x3yyntt5tp-staging.wpdns.site/es/2025/12/03/the-critical-role-of-a-structured-curriculum-in-early-childhood-education-success-benefits-impact-and-kindergarten-readiness/","200","text/html; charset=UTF-8","418","Artículo de Chroma: El Rol Crítico de un Currículo Estructurado…","64","Un currículo estructurado en la educación infantil es un marco intencional y secuencial de metas de aprendizaje, rutinas, evaluaciones y experiencias guiadas p…","160","max-image-preview:large","https://x3yyntt5tp-staging.wpdns.site/es/2025/12/03/the-critical-role-of-a-structured-curriculum-in-early-childhood-education-success-benefits-impact-and-kindergarten-readiness/","1","El Rol Crítico de un Currículo Estructurado en el Éxito de la Educación Infantil Temprana: Beneficios, Impacto y Preparación para el Jardín de Infancia","6355","11","8","5","0","BreadcrumbList|Person|BlogPosting|Article|HowTo","",""
"https://x3yyntt5tp-staging.wpdns.site/2025/12/03/early-childhood-assessment-methods-explained-comprehensive-guide-to-child-development-and-kindergarten-readiness/","https://x3yyntt5tp-staging.wpdns.site/2025/12/03/early-childhood-assessment-methods-explained-comprehensive-guide-to-child-development-and-kindergarten-readiness/","200","text/html; charset=UTF-8","319","Childhood Assessment: Kindergarten Readiness Guide (2025)","57","A complete guide to early childhood assessment methods, including developmental evaluations, observation techniques, and school readiness tools. Learn how assessments support child development and kindergarten readiness.","220","max-image-preview:large","https://x3yyntt5tp-staging.wpdns.site/2025/12/03/early-childhood-assessment-methods-explained-comprehensive-guide-to-child-development-and-kindergarten-readiness/","1","Early Childhood Assessment Methods Explained: Comprehensive Guide to Child Development and Kindergarten Readiness","5204","15","7","5","0","BreadcrumbList|Person|BlogPosting|Article|HowTo","",""
"https://x3yyntt5tp-staging.wpdns.site/es/2025/12/03/early-childhood-assessment-methods-explained-comprehensive-guide-to-child-development-and-kindergarten-readiness/","https://x3yyntt5tp-staging.wpdns.site/es/2025/12/03/early-childhood-assessment-methods-explained-comprehensive-guide-to-child-development-and-kindergarten-readiness/","200","text/html; charset=UTF-8","378","Artículo de Chroma: Métodos de Evaluación de la Primera Infancia…","65","Los métodos de evaluación de la primera infancia son herramientas prácticas que los educadores y cuidadores utilizan para observar, documentar y apoyar el prog…","160","max-image-preview:large","https://x3yyntt5tp-staging.wpdns.site/es/2025/12/03/early-childhood-assessment-methods-explained-comprehensive-guide-to-child-development-and-kindergarten-readiness/","1","Métodos de Evaluación de la Primera Infancia Explicados: Guía Exhaustiva sobre el Desarrollo Infantil y la Preparación para el Jardín de Infancia","7080","11","6","5","0","BreadcrumbList|Person|BlogPosting|Article|HowTo","",""
"https://x3yyntt5tp-staging.wpdns.site/2025/12/03/how-parent-involvement-shapes-curriculum-success-in-early-learning/","https://x3yyntt5tp-staging.wpdns.site/2025/12/03/how-parent-involvement-shapes-curriculum-success-in-early-learning/","200","text/html; charset=UTF-8","279","Parent Involvement: Shaping Early Learning Success","50","Discover how parent involvement strengthens curriculum success in early learning. Learn why family engagement boosts academic outcomes, supports child development, and improves classroom effectiveness.","201","max-image-preview:large","https://x3yyntt5tp-staging.wpdns.site/2025/12/03/how-parent-involvement-shapes-curriculum-success-in-early-learning/","1","How Parent Involvement Shapes Curriculum Success in Early Learning","4488","15","6","5","0","BreadcrumbList|Person|BlogPosting|Article|HowTo","",""
"https://x3yyntt5tp-staging.wpdns.site/es/2025/12/03/how-parent-involvement-shapes-curriculum-success-in-early-learning/","https://x3yyntt5tp-staging.wpdns.site/es/2025/12/03/how-parent-involvement-shapes-curriculum-success-in-early-learning/","200","text/html; charset=UTF-8","377","Artículo de Chroma: Cómo la participación de los padres moldea e…","65","La participación de los padres en el aprendizaje temprano describe la asociación activa entre familias y educadores para apoyar el currículo, el desarrollo y l…","160","max-image-preview:large","https://x3yyntt5tp-staging.wpdns.site/es/2025/12/03/how-parent-involvement-shapes-curriculum-success-in-early-learning/","1","Cómo la participación de los padres moldea el éxito del currículo en el aprendizaje temprano","6269","11","8","5","0","BreadcrumbList|Person|BlogPosting|Article|HowTo","",""
"https://x3yyntt5tp-staging.wpdns.site/2025/12/03/10-practical-steps-to-budget-for-your-childs-early-education-expenses-year-round/","https://x3yyntt5tp-staging.wpdns.site/2025/12/03/10-practical-steps-to-budget-for-your-childs-early-education-expenses-year-round/","200","text/html; charset=UTF-8","287","Budgeting Childcare: 10 Steps for Families | Chroma Academy","59","Discover 10 practical steps to budget for your child’s early education expenses year-round. Learn how to plan, save, and manage preschool or daycare costs effectively with smart financial strategies.","199","max-image-preview:large","https://x3yyntt5tp-staging.wpdns.site/2025/12/03/10-practical-steps-to-budget-for-your-childs-early-education-expenses-year-round/","1","10 Practical Steps to Budget for Your Child’s Early Education Expenses Year-Round","5371","14","6","5","0","BreadcrumbList|Person|BlogPosting|Article|HowTo","",""
"https://x3yyntt5tp-staging.wpdns.site/es/2025/12/03/10-practical-steps-to-budget-for-your-childs-early-education-expenses-year-round/","https://x3yyntt5tp-staging.wpdns.site/es/2025/12/03/10-practical-steps-to-budget-for-your-childs-early-education-expenses-year-round/","200","text/html; charset=UTF-8","395","Artículo de Chroma: 10 Pasos Prácticos para Presupuestar los Gas…","65","Equilibrar las finanzas familiares mientras se invierte en educación de primera infancia requiere un plan claro y anual que contemple la matrícula, las tarifas…","160","max-image-preview:large","https://x3yyntt5tp-staging.wpdns.site/es/2025/12/03/10-practical-steps-to-budget-for-your-childs-early-education-expenses-year-round/","1","10 Pasos Prácticos para Presupuestar los Gastos de Educación Temprana de su Hijo Durante Todo el Año","7334","11","7","5","0","BreadcrumbList|Person|BlogPosting|Article|HowTo","",""
"https://x3yyntt5tp-staging.wpdns.site/2025/12/03/chroma-academy-teaching-staff-who-educates-your-child-and-how-their-qualifications-ensure-quality-early-childhood-education/","https://x3yyntt5tp-staging.wpdns.site/2025/12/03/chroma-academy-teaching-staff-who-educates-your-child-and-how-their-qualifications-ensure-quality-early-childhood-education/","200","text/html; charset=UTF-8","307","Chroma Academy: Quality Early Childhood Education & Teachers","60","Learn how Chroma Academy’s highly qualified teaching staff supports your child’s growth. Explore their certifications, training, experience, and commitment to delivering exceptional early childhood education.","208","max-image-preview:large","https://x3yyntt5tp-staging.wpdns.site/2025/12/03/chroma-academy-teaching-staff-who-educates-your-child-and-how-their-qualifications-ensure-quality-early-childhood-education/","1","Chroma Academy Teaching Staff: Who Educates Your Child and How Their Qualifications Ensure Quality Early Childhood Education","3439","14","6","5","0","BreadcrumbList|Person|BlogPosting|Article|HowTo","",""
"https://x3yyntt5tp-staging.wpdns.site/es/2025/12/03/chroma-academy-teaching-staff-who-educates-your-child-and-how-their-qualifications-ensure-quality-early-childhood-education/","https://x3yyntt5tp-staging.wpdns.site/es/2025/12/03/chroma-academy-teaching-staff-who-educates-your-child-and-how-their-qualifications-ensure-quality-early-childhood-education/","200","text/html; charset=UTF-8","352","Artículo de Chroma: Personal Docente de Chroma Academy: Quién ed…","65","El personal docente de Chroma Academy son los profesionales que diseñan y ofrecen experiencias de aprendizaje temprano que apoyan el desarrollo infantil, y sus…","160","max-image-preview:large","https://x3yyntt5tp-staging.wpdns.site/es/2025/12/03/chroma-academy-teaching-staff-who-educates-your-child-and-how-their-qualifications-ensure-quality-early-childhood-education/","1","Personal Docente de Chroma Academy: Quién educa a su hijo y cómo sus cualificaciones garantizan una educación infantil de calidad","4648","11","5","5","0","BreadcrumbList|Person|BlogPosting|Article|HowTo","",""
"https://x3yyntt5tp-staging.wpdns.site/2025/12/03/why-preschool-education-is-crucial-for-early-development-key-benefits-and-preparation-for-lifelong-success/","https://x3yyntt5tp-staging.wpdns.site/2025/12/03/why-preschool-education-is-crucial-for-early-development-key-benefits-and-preparation-for-lifelong-success/","200","text/html; charset=UTF-8","312","Preschool Benefits: Prepare for Lifelong Success | Chroma","57","Discover why preschool education is crucial for early childhood development. Learn the key cognitive, social, emotional, and academic benefits that help prepare your child for lifelong success.","193","max-image-preview:large","https://x3yyntt5tp-staging.wpdns.site/2025/12/03/why-preschool-education-is-crucial-for-early-development-key-benefits-and-preparation-for-lifelong-success/","1","Why Preschool Education Is Crucial for Early Development: Key Benefits and Preparation for Lifelong Success","4811","14","7","5","0","BreadcrumbList|Person|BlogPosting|Article|HowTo","",""
"https://x3yyntt5tp-staging.wpdns.site/es/2025/12/03/why-preschool-education-is-crucial-for-early-development-key-benefits-and-preparation-for-lifelong-success/","https://x3yyntt5tp-staging.wpdns.site/es/2025/12/03/why-preschool-education-is-crucial-for-early-development-key-benefits-and-preparation-for-lifelong-success/","200","text/html; charset=UTF-8","382","Artículo de Chroma: Por qué la educación preescolar es crucial p…","65","La educación preescolar establece una base deliberada para el desarrollo social, emocional, cognitivo y físico al combinar rutinas estructuradas, juego guiado…","159","max-image-preview:large","https://x3yyntt5tp-staging.wpdns.site/es/2025/12/03/why-preschool-education-is-crucial-for-early-development-key-benefits-and-preparation-for-lifelong-success/","1","Por qué la educación preescolar es crucial para el desarrollo temprano: beneficios clave y preparación para el éxito a lo largo de la vida","6534","11","7","5","0","BreadcrumbList|Person|BlogPosting|Article|HowTo","",""
"https://x3yyntt5tp-staging.wpdns.site/2025/12/03/how-quality-of-care-influences-pricing-in-early-childhood-education-services/","https://x3yyntt5tp-staging.wpdns.site/2025/12/03/how-quality-of-care-influences-pricing-in-early-childhood-education-services/","200","text/html; charset=UTF-8","301","Chroma: Quality of Care & Early Education Pricing","49","Discover how the quality of care influences pricing in early childhood education services. Learn what factors drive costs, why high-quality programs charge more, and how better care benefits children’s development...","216","max-image-preview:large","https://x3yyntt5tp-staging.wpdns.site/2025/12/03/how-quality-of-care-influences-pricing-in-early-childhood-education-services/","1","How Quality of Care Influences Pricing in Early Childhood Education Services","5304","13","7","5","0","BreadcrumbList|Person|BlogPosting|Article|HowTo","",""
"https://x3yyntt5tp-staging.wpdns.site/es/2025/12/03/how-quality-of-care-influences-pricing-in-early-childhood-education-services/","https://x3yyntt5tp-staging.wpdns.site/es/2025/12/03/how-quality-of-care-influences-pricing-in-early-childhood-education-services/","200","text/html; charset=UTF-8","409","Artículo de Chroma: ¿Cómo influye la calidad de la atención en l…","65","La atención de alta calidad en la educación infantil temprana se refiere a características estructurales (cualificaciones del personal, bajas ratios de persona…","160","max-image-preview:large","https://x3yyntt5tp-staging.wpdns.site/es/2025/12/03/how-quality-of-care-influences-pricing-in-early-childhood-education-services/","1","¿Cómo influye la calidad de la atención en los precios de los servicios de educación infantil temprana?","7147","11","7","5","0","BreadcrumbList|Person|BlogPosting|Article|HowTo","",""
"https://x3yyntt5tp-staging.wpdns.site/2025/12/03/why-early-learning-assessments-are-essential-for-your-childs-success-at-chroma-academy/","https://x3yyntt5tp-staging.wpdns.site/2025/12/03/why-early-learning-assessments-are-essential-for-your-childs-success-at-chroma-academy/","200","text/html; charset=UTF-8","357","Chroma Academy: Why Early Assessments Matter for Your Child","59","Learn why early learning assessments are essential for your child’s success at Chroma Academy. Discover how assessments support personalized learning, track developmental milestones, and help build a strong academic and...","222","max-image-preview:large","https://x3yyntt5tp-staging.wpdns.site/2025/12/03/why-early-learning-assessments-are-essential-for-your-childs-success-at-chroma-academy/","1","Why Early Learning Assessments Are Essential for Your Child’s Success at Chroma Academy","4923","15","6","5","0","BreadcrumbList|Person|BlogPosting|Article|HowTo","",""
"https://x3yyntt5tp-staging.wpdns.site/es/2025/12/03/why-early-learning-assessments-are-essential-for-your-childs-success-at-chroma-academy/","https://x3yyntt5tp-staging.wpdns.site/es/2025/12/03/why-early-learning-assessments-are-essential-for-your-childs-success-at-chroma-academy/","200","text/html; charset=UTF-8","404","Artículo de Chroma: Por qué las evaluaciones de aprendizaje temp…","65","Las evaluaciones de aprendizaje temprano son observaciones y mediciones estructuradas del desarrollo de un niño que identifican fortalezas, necesidades y progr…","160","max-image-preview:large","https://x3yyntt5tp-staging.wpdns.site/es/2025/12/03/why-early-learning-assessments-are-essential-for-your-childs-success-at-chroma-academy/","1","Por qué las evaluaciones de aprendizaje temprano son esenciales para el éxito de su hijo en Chroma Academy","6698","11","6","5","0","BreadcrumbList|Person|BlogPosting|Article|HowTo","",""
"https://x3yyntt5tp-staging.wpdns.site/2025/12/03/play-based-learning-curriculum-examples-for-early-childhood-effective-activities-and-benefits/","https://x3yyntt5tp-staging.wpdns.site/2025/12/03/play-based-learning-curriculum-examples-for-early-childhood-effective-activities-and-benefits/","200","text/html; charset=UTF-8","270","Play-Based Learning: Activities & Benefits at Chroma Academy","60","Discover powerful play-based learning curriculum examples for early childhood. Explore effective activities, hands-on learning strategies, and key benefits that boost cognitive, social, emotional, and motor development in young children.","237","max-image-preview:large","https://x3yyntt5tp-staging.wpdns.site/2025/12/03/play-based-learning-curriculum-examples-for-early-childhood-effective-activities-and-benefits/","1","Play-Based Learning Curriculum Examples for Early Childhood: Effective Activities and Benefits","460","14","5","4","0","BreadcrumbList|Person|BlogPosting|FAQPage","",""
"https://x3yyntt5tp-staging.wpdns.site/es/2025/12/03/play-based-learning-curriculum-examples-for-early-childhood-effective-activities-and-benefits/","https://x3yyntt5tp-staging.wpdns.site/es/2025/12/03/play-based-learning-curriculum-examples-for-early-childhood-effective-activities-and-benefits/","200","text/html; charset=UTF-8","364","Artículo de Chroma: Ejemplos de currículo de aprendizaje basado…","64","El aprendizaje basado en el juego coloca la exploración espontánea de los niños en el centro del diseño curricular, utilizando el juego guiado, los centros de…","159","max-image-preview:large","https://x3yyntt5tp-staging.wpdns.site/es/2025/12/03/play-based-learning-curriculum-examples-for-early-childhood-effective-activities-and-benefits/","1","Ejemplos de currículo de aprendizaje basado en el juego para la primera infancia: actividades efectivas y beneficios","7275","11","5","4","0","BreadcrumbList|Person|BlogPosting|FAQPage","",""
"https://x3yyntt5tp-staging.wpdns.site/2025/12/03/the-wrong-way-to-raise-confidence/","https://x3yyntt5tp-staging.wpdns.site/2025/12/03/the-wrong-way-to-raise-confidence/","200","text/html; charset=UTF-8","282","Chroma: Raising Confident Kids the Right Way","44","Discover the common mistakes parents make when trying to build a child’s confidence. Learn the right ways to encourage healthy self-esteem, emotional resilience, and long-term confidence in kids","194","max-image-preview:large","https://x3yyntt5tp-staging.wpdns.site/2025/12/03/the-wrong-way-to-raise-confidence/","1","The Wrong Way to Raise Confidence","758","13","5","5","0","BreadcrumbList|Person|BlogPosting|Article|HowTo","",""
"https://x3yyntt5tp-staging.wpdns.site/es/2025/12/03/the-wrong-way-to-raise-confidence/","https://x3yyntt5tp-staging.wpdns.site/es/2025/12/03/the-wrong-way-to-raise-confidence/","200","text/html; charset=UTF-8","299","Artículo de Chroma: La forma incorrecta de fomentar la confianza","64","La confianza es uno de los mayores regalos que podemos dar a nuestros hijos. Les ayuda a asumir riesgos saludables, a probar cosas nuevas y a recuperarse cuand…","160","max-image-preview:large","https://x3yyntt5tp-staging.wpdns.site/es/2025/12/03/the-wrong-way-to-raise-confidence/","1","La forma incorrecta de fomentar la confianza","839","13","4","5","0","BreadcrumbList|Person|BlogPosting|Article|HowTo","",""
"https://x3yyntt5tp-staging.wpdns.site/2025/12/02/the-surprising-benefits-of-early-childhood-education-why-it-matters-for-your-childs-development-and-future-success/","https://x3yyntt5tp-staging.wpdns.site/2025/12/02/the-surprising-benefits-of-early-childhood-education-why-it-matters-for-your-childs-development-and-future-success/","200","text/html; charset=UTF-8","340","Early Childhood Education: Why It Matters | Chroma","50","Discover the surprising benefits of early childhood education and why it plays a crucial role in your child’s cognitive, emotional, and social development. Learn how quality preschool programs build lifelong...","210","max-image-preview:large","https://x3yyntt5tp-staging.wpdns.site/2025/12/02/the-surprising-benefits-of-early-childhood-education-why-it-matters-for-your-childs-development-and-future-success/","1","The Surprising Benefits of Early Childhood Education: Why It Matters for Your Child’s Development and Future Success","5429","17","8","5","0","BreadcrumbList|Person|BlogPosting|Article|HowTo","",""
"https://x3yyntt5tp-staging.wpdns.site/es/2025/12/02/the-surprising-benefits-of-early-childhood-education-why-it-matters-for-your-childs-development-and-future-success/","https://x3yyntt5tp-staging.wpdns.site/es/2025/12/02/the-surprising-benefits-of-early-childhood-education-why-it-matters-for-your-childs-development-and-future-success/","200","text/html; charset=UTF-8","353","Artículo de Chroma: Los sorprendentes beneficios de la educación…","65","La educación infantil temprana se refiere a las experiencias de aprendizaje organizadas y al cuidado de niños desde el nacimiento hasta los ocho años que promu…","160","max-image-preview:large","https://x3yyntt5tp-staging.wpdns.site/es/2025/12/02/the-surprising-benefits-of-early-childhood-education-why-it-matters-for-your-childs-development-and-future-success/","1","Los sorprendentes beneficios de la educación infantil temprana: por qué es importante para el desarrollo de su hijo y su éxito futuro","7358","14","8","5","0","BreadcrumbList|Person|BlogPosting|Article|HowTo","",""
"https://x3yyntt5tp-staging.wpdns.site/2025/12/02/the-psychology-behind-toy-throwing-understanding-your-childs-behavior/","https://x3yyntt5tp-staging.wpdns.site/2025/12/02/the-psychology-behind-toy-throwing-understanding-your-childs-behavior/","200","text/html; charset=UTF-8","280","Toy-Throwing: Understanding Your Child | Chroma Academy","55","Discover why young children throw toys and what this behavior really means. Learn the psychology behind toy-throwing, emotional triggers, and positive strategies to guide your child toward healthier communication.","213","max-image-preview:large","https://x3yyntt5tp-staging.wpdns.site/2025/12/02/the-psychology-behind-toy-throwing-understanding-your-childs-behavior/","1","The Psychology Behind Toy-Throwing: Understanding Your Child’s Behavior","760","15","4","5","0","BreadcrumbList|Person|BlogPosting|Article|HowTo","",""
"https://x3yyntt5tp-staging.wpdns.site/es/2025/12/02/the-psychology-behind-toy-throwing-understanding-your-childs-behavior/","https://x3yyntt5tp-staging.wpdns.site/es/2025/12/02/the-psychology-behind-toy-throwing-understanding-your-childs-behavior/","200","text/html; charset=UTF-8","300","Artículo de Chroma: La Psicología Detrás de Lanzar Juguetes: Com…","65","Si alguna vez has visto a tu pequeño recoger un juguete y lanzarlo alegremente por la habitación, no estás solo/a. Lanzar juguetes es uno de los comportamiento…","160","max-image-preview:large","https://x3yyntt5tp-staging.wpdns.site/es/2025/12/02/the-psychology-behind-toy-throwing-understanding-your-childs-behavior/","1","La Psicología Detrás de Lanzar Juguetes: Comprendiendo el Comportamiento de tu Hijo","836","15","5","5","0","BreadcrumbList|Person|BlogPosting|Article|HowTo","",""
"https://x3yyntt5tp-staging.wpdns.site/2025/12/02/how-to-raise-a-smarter-child-before-age-3-proven-brain-development-activities-and-early-intelligence-tips/","https://x3yyntt5tp-staging.wpdns.site/2025/12/02/how-to-raise-a-smarter-child-before-age-3-proven-brain-development-activities-and-early-intelligence-tips/","200","text/html; charset=UTF-8","284","Smarter Child Before 3: Brain-Boosting Activities | Chroma","58","Discover proven brain-boosting activities to raise a smarter child before age 3. Learn early learning strategies, cognitive development tips, and practical ways to support your baby’s brain growth and early...","209","max-image-preview:large","https://x3yyntt5tp-staging.wpdns.site/2025/12/02/how-to-raise-a-smarter-child-before-age-3-proven-brain-development-activities-and-early-intelligence-tips/","1","How to Raise a Smarter Child Before Age 3: Proven Brain Development Activities and Early Intelligence Tips","3314","13","9","5","0","BreadcrumbList|Person|BlogPosting|Article|HowTo","",""
"https://x3yyntt5tp-staging.wpdns.site/es/2025/12/02/how-to-raise-a-smarter-child-before-age-3-proven-brain-development-activities-and-early-intelligence-tips/","https://x3yyntt5tp-staging.wpdns.site/es/2025/12/02/how-to-raise-a-smarter-child-before-age-3-proven-brain-development-activities-and-early-intelligence-tips/","200","text/html; charset=UTF-8","326","Artículo de Chroma: Cómo criar a un niño más inteligente antes d…","65","La inteligencia temprana en los primeros tres años se refiere a la rápida conexión cerebral que apoya la memoria, el lenguaje, la atención y el razonamiento so…","160","max-image-preview:large","https://x3yyntt5tp-staging.wpdns.site/es/2025/12/02/how-to-raise-a-smarter-child-before-age-3-proven-brain-development-activities-and-early-intelligence-tips/","1","Cómo criar a un niño más inteligente antes de los 3 años: Actividades probadas para el desarrollo cerebral y consejos de inteligencia temprana","4475","12","10","5","0","BreadcrumbList|Person|BlogPosting|Article|HowTo","",""
"https://x3yyntt5tp-staging.wpdns.site/2025/12/02/why-you-should-not-over-react-when-your-child-gets-hurt-calm-parenting-and-emotional-support-strategies/","https://x3yyntt5tp-staging.wpdns.site/2025/12/02/why-you-should-not-over-react-when-your-child-gets-hurt-calm-parenting-and-emotional-support-strategies/","200","text/html; charset=UTF-8","271","Calm Parenting: Supporting Your Hurt Child | Chroma Academy","59","Learn why staying calm when your child gets hurt is important for their emotional development. Discover practical calm-parenting strategies, how to respond supportively, and how to help children build confidence...","214","max-image-preview:large","https://x3yyntt5tp-staging.wpdns.site/2025/12/02/why-you-should-not-over-react-when-your-child-gets-hurt-calm-parenting-and-emotional-support-strategies/","1","Why You Should Not Over-React When Your Child Gets Hurt: Calm Parenting and Emotional Support Strategies","3045","13","6","5","0","BreadcrumbList|Person|BlogPosting|Article|HowTo","",""
"https://x3yyntt5tp-staging.wpdns.site/es/2025/12/02/why-you-should-not-over-react-when-your-child-gets-hurt-calm-parenting-and-emotional-support-strategies/","https://x3yyntt5tp-staging.wpdns.site/es/2025/12/02/why-you-should-not-over-react-when-your-child-gets-hurt-calm-parenting-and-emotional-support-strategies/","200","text/html; charset=UTF-8","339","Artículo de Chroma: Por qué no debes reaccionar de forma exagera…","65","Cuando un niño se lastima, la reacción exagerada es una oleada instintiva de alarma que puede amplificar una lesión menor en un episodio emocional duradero. La…","160","max-image-preview:large","https://x3yyntt5tp-staging.wpdns.site/es/2025/12/02/why-you-should-not-over-react-when-your-child-gets-hurt-calm-parenting-and-emotional-support-strategies/","1","Por qué no debes reaccionar de forma exagerada cuando tu hijo se lastima: crianza con calma y estrategias de apoyo emocional","3933","12","8","5","0","BreadcrumbList|Person|BlogPosting|Article|HowTo","",""
"https://x3yyntt5tp-staging.wpdns.site/2025/12/02/choosing-between-full-day-and-half-day-preschool-practical-guidance-every-parent-can-use/","https://x3yyntt5tp-staging.wpdns.site/2025/12/02/choosing-between-full-day-and-half-day-preschool-practical-guidance-every-parent-can-use/","200","text/html; charset=UTF-8","295","Preschool Choice: Full-Day vs. Half-Day at Chroma Academy","57","Choosing between full-day and half-day preschool? Learn the key differences, benefits, schedules, and factors to consider so you can make the best choice for your child.","169","max-image-preview:large","https://x3yyntt5tp-staging.wpdns.site/2025/12/02/choosing-between-full-day-and-half-day-preschool-practical-guidance-every-parent-can-use/","1","Choosing Between Full-Day and Half-Day Preschool: Practical Guidance Every Parent Can Use","4957","15","6","3","0","BreadcrumbList|Person|BlogPosting","",""
"https://x3yyntt5tp-staging.wpdns.site/es/2025/12/02/choosing-between-full-day-and-half-day-preschool-practical-guidance-every-parent-can-use/","https://x3yyntt5tp-staging.wpdns.site/es/2025/12/02/choosing-between-full-day-and-half-day-preschool-practical-guidance-every-parent-can-use/","200","text/html; charset=UTF-8","398","Artículo de Chroma: Elegir entre preescolar de día completo y me…","65","Decidir si su hijo debe asistir a preescolar de día completo o de medio día es una de las primeras grandes decisiones que tomará sobre su aprendizaje y…","152","max-image-preview:large","https://x3yyntt5tp-staging.wpdns.site/es/2025/12/02/choosing-between-full-day-and-half-day-preschool-practical-guidance-every-parent-can-use/","1","Elegir entre preescolar de día completo y medio día: Guía práctica para todos los padres","6806","12","6","3","0","BreadcrumbList|Person|BlogPosting","",""
"https://x3yyntt5tp-staging.wpdns.site/2025/12/02/how-nutrition-impacts-early-learning-and-behavior-essential-insights-for-child-brain-development-and-cognitive-function/","https://x3yyntt5tp-staging.wpdns.site/2025/12/02/how-nutrition-impacts-early-learning-and-behavior-essential-insights-for-child-brain-development-and-cognitive-function/","200","text/html; charset=UTF-8","316","Nutrition & Child Development: Insights from Chroma Academy","59","Proper nutrition plays a key role in early learning and behavior. Discover how the right foods support brain development, focus, memory, and cognitive growth in children.","170","max-image-preview:large","https://x3yyntt5tp-staging.wpdns.site/2025/12/02/how-nutrition-impacts-early-learning-and-behavior-essential-insights-for-child-brain-development-and-cognitive-function/","1","How Nutrition Impacts Early Learning and Behavior: Essential Insights for Child Brain Development and Cognitive Function","3511","13","7","3","0","BreadcrumbList|Person|BlogPosting","",""
"https://x3yyntt5tp-staging.wpdns.site/es/2025/12/02/how-nutrition-impacts-early-learning-and-behavior-essential-insights-for-child-brain-development-and-cognitive-function/","https://x3yyntt5tp-staging.wpdns.site/es/2025/12/02/how-nutrition-impacts-early-learning-and-behavior-essential-insights-for-child-brain-development-and-cognitive-function/","200","text/html; charset=UTF-8","341","Nutrición, cerebro y aprendizaje | Chroma","41","La nutrición durante la primera infancia moldea críticamente el desarrollo cerebral y el comportamiento, influyendo en el aprendizaje, la atención y la regulac…","160","max-image-preview:large","https://x3yyntt5tp-staging.wpdns.site/es/2025/12/02/how-nutrition-impacts-early-learning-and-behavior-essential-insights-for-child-brain-development-and-cognitive-function/","1","Cómo la Nutrición Impacta el Aprendizaje Temprano y el Comportamiento: Perspectivas Esenciales para el Desarrollo Cerebral Infantil y la Función Cognitiva","4738","12","7","3","0","BreadcrumbList|Person|BlogPosting","",""
"https://x3yyntt5tp-staging.wpdns.site/2025/12/02/chroma-early-learning-academy-expands-to-16-metro-atlanta-campuses-with-three-strategic-acquisitions/","https://x3yyntt5tp-staging.wpdns.site/2025/12/02/chroma-early-learning-academy-expands-to-16-metro-atlanta-campuses-with-three-strategic-acquisitions/","200","text/html; charset=UTF-8","359","Chroma Academy Expands to 16 Metro Atlanta Campuses","51","News provided by Chroma Early Learning Academy Sep 18, 2025, 16:50 ET Family Owned and Operated network proudly serving more than 2,400 families across Georgia and launching new nonprofit initiatives ALPHARETTA, Ga., Sep....","224","max-image-preview:large","https://x3yyntt5tp-staging.wpdns.site/2025/12/02/chroma-early-learning-academy-expands-to-16-metro-atlanta-campuses-with-three-strategic-acquisitions/","1","Chroma Early Learning Academy Expands to 16 Metro Atlanta Campuses with Three Strategic Acquisitions","845","40","12","3","0","BreadcrumbList|Person|BlogPosting","",""
"https://x3yyntt5tp-staging.wpdns.site/es/2025/12/02/chroma-early-learning-academy-expands-to-16-metro-atlanta-campuses-with-three-strategic-acquisitions/","https://x3yyntt5tp-staging.wpdns.site/es/2025/12/02/chroma-early-learning-academy-expands-to-16-metro-atlanta-campuses-with-three-strategic-acquisitions/","200","text/html; charset=UTF-8","353","Artículo de Chroma: Chroma Early Learning Academy se expande a 1…","65","Noticias proporcionadas por Chroma Early Learning Academy 18 de sep. de 2025, 16:50 ET Red familiar y operada de forma privada que sirve con orgullo a más de…","158","max-image-preview:large","https://x3yyntt5tp-staging.wpdns.site/es/2025/12/02/chroma-early-learning-academy-expands-to-16-metro-atlanta-campuses-with-three-strategic-acquisitions/","1","Chroma Early Learning Academy se expande a 16 campus en el área metropolitana de Atlanta con tres adquisiciones estratégicas","1020","40","12","3","0","BreadcrumbList|Person|BlogPosting","",""
"https://x3yyntt5tp-staging.wpdns.site/2025/12/02/how-reading-aloud-builds-your-childs-brain/","https://x3yyntt5tp-staging.wpdns.site/2025/12/02/how-reading-aloud-builds-your-childs-brain/","200","text/html; charset=UTF-8","292","How Reading Aloud Builds Your Child's Brain | Chroma Academy","60","Reading aloud helps shape your child’s brain, boosts vocabulary, strengthens focus, and builds lifelong learning skills. Discover how daily reading supports early development and supports school readiness.","205","max-image-preview:large","https://x3yyntt5tp-staging.wpdns.site/2025/12/02/how-reading-aloud-builds-your-childs-brain/","1","How Reading Aloud Builds Your Child’s Brain","652","12","5","3","0","BreadcrumbList|Person|BlogPosting","",""
"https://x3yyntt5tp-staging.wpdns.site/es/2025/12/02/how-reading-aloud-builds-your-childs-brain/","https://x3yyntt5tp-staging.wpdns.site/es/2025/12/02/how-reading-aloud-builds-your-childs-brain/","200","text/html; charset=UTF-8","295","Artículo de Chroma: Cómo la lectura en voz alta desarrolla el ce…","65","Leer en voz alta puede parecer simple — solo un libro, un asiento cómodo y un niño a tu lado — pero no dejes que su simplicidad te…","131","max-image-preview:large","https://x3yyntt5tp-staging.wpdns.site/es/2025/12/02/how-reading-aloud-builds-your-childs-brain/","1","Cómo la lectura en voz alta desarrolla el cerebro de tu hijo","797","11","5","3","0","BreadcrumbList|Person|BlogPosting","",""
"https://x3yyntt5tp-staging.wpdns.site/locations/newnan/","https://x3yyntt5tp-staging.wpdns.site/locations/newnan/","200","text/html; charset=UTF-8","309","Chroma Academy Newnan: Nurturing Early Learning in GA.","54","The art of growing up.","22","max-image-preview:large","https://x3yyntt5tp-staging.wpdns.site/locations/newnan/","1","Shenandoah Campus, Newnan GA","800","56","15","11","0","WebPage|BreadcrumbList|EducationalOrganization|LocalBusiness|Person|Service|ChildCare|ImageGallery|SpecialAnnouncement|Speakable|CollectionPage","",""
"https://x3yyntt5tp-staging.wpdns.site/es/locations/newnan/","https://x3yyntt5tp-staging.wpdns.site/es/locations/newnan/","200","text/html; charset=UTF-8","302","Campus Shenandoah, Newnan GA | Campus de Chroma","47","Conoce Campus Shenandoah, Newnan GA en Newnan y descubre programas de cuidado infantil y preescolar de Chroma para tu familia.","126","max-image-preview:large","https://x3yyntt5tp-staging.wpdns.site/es/locations/newnan/","1","Campus Shenandoah, Newnan GA","869","56","15","11","0","WebPage|BreadcrumbList|EducationalOrganization|LocalBusiness|Person|Service|ChildCare|ImageGallery|SpecialAnnouncement|Speakable|CollectionPage","",""
"https://x3yyntt5tp-staging.wpdns.site/locations/north-hall-campus-murraysville/","https://x3yyntt5tp-staging.wpdns.site/locations/north-hall-campus-murraysville/","200","text/html; charset=UTF-8","326","Chroma Academy: North Hall Campus in Murraysville","49","The art of growing up.","22","max-image-preview:large","https://x3yyntt5tp-staging.wpdns.site/locations/north-hall-campus-murraysville/","1","North Hall Campus, Murrayville","924","56","13","19","0","WebPage|BreadcrumbList|Person|ProfilePage|EducationalOrganization|LocalBusiness|Service|Review|ChildCare|Course|ImageGallery|SpecialAnnouncement|Event|ItemList|Speakable|CollectionPage","",""
"https://x3yyntt5tp-staging.wpdns.site/es/locations/north-hall-campus-murraysville/","https://x3yyntt5tp-staging.wpdns.site/es/locations/north-hall-campus-murraysville/","200","text/html; charset=UTF-8","286","North Hall Campus, Murraysville | Campus de Chroma","50","Conoce North Hall Campus, Murraysville en Murraysville y descubre programas de cuidado infantil y preescolar de Chroma para tu familia.","135","max-image-preview:large","https://x3yyntt5tp-staging.wpdns.site/es/locations/north-hall-campus-murraysville/","1","North Hall Campus, Murraysville","1007","56","13","19","0","WebPage|BreadcrumbList|Person|ProfilePage|EducationalOrganization|LocalBusiness|Service|Review|ChildCare|Course|ImageGallery|SpecialAnnouncement|Event|ItemList|Speakable|CollectionPage","",""
"https://x3yyntt5tp-staging.wpdns.site/locations/midway-campus/","https://x3yyntt5tp-staging.wpdns.site/locations/midway-campus/","200","text/html; charset=UTF-8","415","Chroma Midway : Childcare & Preschool in Alpharetta, Cumming and Milton","71","The art of growing up.","22","max-image-preview:large","https://x3yyntt5tp-staging.wpdns.site/locations/midway-campus/","1","Midway Campus, Alpharetta GA","1125","56","21","19","0","WebPage|BreadcrumbList|Person|ProfilePage|EducationalOrganization|LocalBusiness|Service|Review|ChildCare|Course|ImageGallery|SpecialAnnouncement|Event|ItemList|Speakable|CollectionPage","",""
"https://x3yyntt5tp-staging.wpdns.site/es/locations/midway-campus/","https://x3yyntt5tp-staging.wpdns.site/es/locations/midway-campus/","200","text/html; charset=UTF-8","365","Midway Campus, Alpharetta GA | Campus de Chroma","47","Conoce Midway Campus, Alpharetta GA en Alpharetta y descubre programas de cuidado infantil y preescolar de Chroma para tu familia.","130","max-image-preview:large","https://x3yyntt5tp-staging.wpdns.site/es/locations/midway-campus/","1","Midway Campus, Alpharetta GA","1216","56","21","19","0","WebPage|BreadcrumbList|Person|ProfilePage|EducationalOrganization|LocalBusiness|Service|Review|ChildCare|Course|ImageGallery|SpecialAnnouncement|Event|ItemList|Speakable|CollectionPage","",""
"https://x3yyntt5tp-staging.wpdns.site/locations/south-cobb-campus-austell/","https://x3yyntt5tp-staging.wpdns.site/locations/south-cobb-campus-austell/","200","text/html; charset=UTF-8","255","Chroma ELA: South Cobb Campus in Austell","40","The art of growing up.","22","max-image-preview:large","https://x3yyntt5tp-staging.wpdns.site/locations/south-cobb-campus-austell/","1","South Cobb Campus, Austell","1123","56","13","19","0","WebPage|BreadcrumbList|Person|ProfilePage|EducationalOrganization|LocalBusiness|Service|Review|ChildCare|Course|ImageGallery|SpecialAnnouncement|Event|ItemList|Speakable|CollectionPage","",""
"https://x3yyntt5tp-staging.wpdns.site/es/locations/south-cobb-campus-austell/","https://x3yyntt5tp-staging.wpdns.site/es/locations/south-cobb-campus-austell/","200","text/html; charset=UTF-8","297","Campus South Cobb, Austell | Campus de Chroma","45","Conoce Campus South Cobb, Austell en Austell y descubre programas de cuidado infantil y preescolar de Chroma para tu familia.","125","max-image-preview:large","https://x3yyntt5tp-staging.wpdns.site/es/locations/south-cobb-campus-austell/","1","Campus South Cobb, Austell","1226","56","13","19","0","WebPage|BreadcrumbList|Person|ProfilePage|EducationalOrganization|LocalBusiness|Service|Review|ChildCare|Course|ImageGallery|SpecialAnnouncement|Event|ItemList|Speakable|CollectionPage","",""
"https://x3yyntt5tp-staging.wpdns.site/locations/rivergreen-campus/","https://x3yyntt5tp-staging.wpdns.site/locations/rivergreen-campus/","200","text/html; charset=UTF-8","331","Chroma Academy: Rivergreen Campus in Canton, GA","47","The art of growing up.","22","max-image-preview:large","https://x3yyntt5tp-staging.wpdns.site/locations/rivergreen-campus/","1","Rivergreen Campus, Canton GA","1080","56","13","12","0","WebPage|BreadcrumbList|Person|ProfilePage|EducationalOrganization|LocalBusiness|Service|ChildCare|ImageGallery|SpecialAnnouncement|Speakable|CollectionPage","",""
"https://x3yyntt5tp-staging.wpdns.site/es/locations/rivergreen-campus/","https://x3yyntt5tp-staging.wpdns.site/es/locations/rivergreen-campus/","200","text/html; charset=UTF-8","307","Campus Rivergreen, Canton GA | Campus de Chroma","47","Conoce Campus Rivergreen, Canton GA en Canton y descubre programas de cuidado infantil y preescolar de Chroma para tu familia.","126","max-image-preview:large","https://x3yyntt5tp-staging.wpdns.site/es/locations/rivergreen-campus/","1","Campus Rivergreen, Canton GA","1125","56","13","12","0","WebPage|BreadcrumbList|Person|ProfilePage|EducationalOrganization|LocalBusiness|Service|ChildCare|ImageGallery|SpecialAnnouncement|Speakable|CollectionPage","",""
"https://x3yyntt5tp-staging.wpdns.site/locations/jonesboro-campus/","https://x3yyntt5tp-staging.wpdns.site/locations/jonesboro-campus/","200","text/html; charset=UTF-8","329","Jonesboro Preschool: Enroll at Chroma Early Learning in 2026","60","The art of growing up.","22","max-image-preview:large","https://x3yyntt5tp-staging.wpdns.site/locations/jonesboro-campus/","1","Jonesboro Campus","1009","56","13","19","0","WebPage|BreadcrumbList|Person|ProfilePage|EducationalOrganization|LocalBusiness|Service|Review|ChildCare|Course|ImageGallery|SpecialAnnouncement|Event|ItemList|Speakable|CollectionPage","",""
"https://x3yyntt5tp-staging.wpdns.site/es/locations/jonesboro-campus/","https://x3yyntt5tp-staging.wpdns.site/es/locations/jonesboro-campus/","200","text/html; charset=UTF-8","308","Campus Jonesboro | Campus de Chroma","35","Conoce Campus Jonesboro en Jonesboro y descubre programas de cuidado infantil y preescolar de Chroma para tu familia.","117","max-image-preview:large","https://x3yyntt5tp-staging.wpdns.site/es/locations/jonesboro-campus/","1","Campus Jonesboro","1108","56","13","19","0","WebPage|BreadcrumbList|Person|ProfilePage|EducationalOrganization|LocalBusiness|Service|Review|ChildCare|Course|ImageGallery|SpecialAnnouncement|Event|ItemList|Speakable|CollectionPage","",""
"https://x3yyntt5tp-staging.wpdns.site/locations/satellite-bvd-campus/","https://x3yyntt5tp-staging.wpdns.site/locations/satellite-bvd-campus/","200","text/html; charset=UTF-8","320","Satellite Bvd Campus: Chroma Early Learning in Duluth","53","The art of growing up.","22","max-image-preview:large","https://x3yyntt5tp-staging.wpdns.site/locations/satellite-bvd-campus/","1","Satellite Blvd Campus, Duluth, GA","1216","56","18","5","0","WebPage|BreadcrumbList|ChildCare|Preschool|EducationalOrganization|LocalBusiness|Person|ProfilePage","",""
"https://x3yyntt5tp-staging.wpdns.site/es/locations/satellite-bvd-campus/","https://x3yyntt5tp-staging.wpdns.site/es/locations/satellite-bvd-campus/","200","text/html; charset=UTF-8","347","Campus Satellite Blvd, Duluth, GA | Campus de Chroma","52","Conoce Campus Satellite Blvd, Duluth, GA en Duluth y descubre programas de cuidado infantil y preescolar de Chroma para tu familia.","131","max-image-preview:large","https://x3yyntt5tp-staging.wpdns.site/es/locations/satellite-bvd-campus/","1","Campus Satellite Blvd, Duluth, GA","1309","56","18","5","0","WebPage|BreadcrumbList|ChildCare|Preschool|EducationalOrganization|LocalBusiness|Person|ProfilePage","",""
"https://x3yyntt5tp-staging.wpdns.site/locations/west-cobb-campus/","https://x3yyntt5tp-staging.wpdns.site/locations/west-cobb-campus/","200","text/html; charset=UTF-8","338","Chroma Marietta: Preschool & Childcare at West Cobb Campus","58","The art of growing up.","22","max-image-preview:large","https://x3yyntt5tp-staging.wpdns.site/locations/west-cobb-campus/","1","West Cobb Campus, Marietta","1185","56","18","19","0","WebPage|BreadcrumbList|Person|ProfilePage|EducationalOrganization|LocalBusiness|Service|Review|ChildCare|Course|ImageGallery|SpecialAnnouncement|Event|ItemList|Speakable|CollectionPage","",""
"https://x3yyntt5tp-staging.wpdns.site/es/locations/west-cobb-campus/","https://x3yyntt5tp-staging.wpdns.site/es/locations/west-cobb-campus/","200","text/html; charset=UTF-8","365","Campus West Cobb, Marietta | Campus de Chroma","45","Conoce Campus West Cobb, Marietta en Marietta y descubre programas de cuidado infantil y preescolar de Chroma para tu familia.","126","max-image-preview:large","https://x3yyntt5tp-staging.wpdns.site/es/locations/west-cobb-campus/","1","Campus West Cobb, Marietta","1273","56","18","19","0","WebPage|BreadcrumbList|Person|ProfilePage|EducationalOrganization|LocalBusiness|Service|Review|ChildCare|Course|ImageGallery|SpecialAnnouncement|Event|ItemList|Speakable|CollectionPage","",""
"https://x3yyntt5tp-staging.wpdns.site/locations/ellenwood-campus/","https://x3yyntt5tp-staging.wpdns.site/locations/ellenwood-campus/","200","text/html; charset=UTF-8","462","Chroma Academy Ellenwood: Safe Daycare & Preschool Programs","59","The art of growing up.","22","max-image-preview:large","https://x3yyntt5tp-staging.wpdns.site/locations/ellenwood-campus/","1","Ellenwood Campus","1308","56","18","5","0","WebPage|BreadcrumbList|ChildCare|Preschool|EducationalOrganization|LocalBusiness|Person|ProfilePage","",""
"https://x3yyntt5tp-staging.wpdns.site/es/locations/ellenwood-campus/","https://x3yyntt5tp-staging.wpdns.site/es/locations/ellenwood-campus/","200","text/html; charset=UTF-8","290","Campus Ellenwood | Campus de Chroma","35","Conoce Campus Ellenwood en Ellenwood y descubre programas de cuidado infantil y preescolar de Chroma para tu familia.","117","max-image-preview:large","https://x3yyntt5tp-staging.wpdns.site/es/locations/ellenwood-campus/","1","Campus Ellenwood","1390","56","18","5","0","WebPage|BreadcrumbList|ChildCare|Preschool|EducationalOrganization|LocalBusiness|Person|ProfilePage","",""
"https://x3yyntt5tp-staging.wpdns.site/locations/roswell-campus/","https://x3yyntt5tp-staging.wpdns.site/locations/roswell-campus/","200","text/html; charset=UTF-8","357","Chroma Roswell: Daycare & Preschool for Your Child","50","The art of growing up.","22","max-image-preview:large","https://x3yyntt5tp-staging.wpdns.site/locations/roswell-campus/","1","Roswell Campus","1093","56","16","19","0","WebPage|BreadcrumbList|Person|ProfilePage|EducationalOrganization|LocalBusiness|Service|Review|ChildCare|Course|ImageGallery|SpecialAnnouncement|Event|ItemList|Speakable|CollectionPage","",""
"https://x3yyntt5tp-staging.wpdns.site/es/locations/roswell-campus/","https://x3yyntt5tp-staging.wpdns.site/es/locations/roswell-campus/","200","text/html; charset=UTF-8","342","Campus Roswell | Campus de Chroma","33","Conoce Campus Roswell en Roswell y descubre programas de cuidado infantil y preescolar de Chroma para tu familia.","113","max-image-preview:large","https://x3yyntt5tp-staging.wpdns.site/es/locations/roswell-campus/","1","Campus Roswell","1180","56","16","19","0","WebPage|BreadcrumbList|Person|ProfilePage|EducationalOrganization|LocalBusiness|Service|Review|ChildCare|Course|ImageGallery|SpecialAnnouncement|Event|ItemList|Speakable|CollectionPage","",""
"https://x3yyntt5tp-staging.wpdns.site/locations/east-cobb-campus/","https://x3yyntt5tp-staging.wpdns.site/locations/east-cobb-campus/","200","text/html; charset=UTF-8","412","Chroma Marietta (East): Early Learning Programs","47","The art of growing up.","22","max-image-preview:large","https://x3yyntt5tp-staging.wpdns.site/locations/east-cobb-campus/","1","Marietta Campus ( East )","1266","56","18","19","0","WebPage|BreadcrumbList|Person|ProfilePage|EducationalOrganization|LocalBusiness|Service|Review|ChildCare|Course|ImageGallery|SpecialAnnouncement|Event|ItemList|Speakable|CollectionPage","",""
"https://x3yyntt5tp-staging.wpdns.site/es/locations/east-cobb-campus/","https://x3yyntt5tp-staging.wpdns.site/es/locations/east-cobb-campus/","200","text/html; charset=UTF-8","364","Campus Marietta (Este) | Campus de Chroma","41","Conoce Campus Marietta (Este) en Marietta y descubre programas de cuidado infantil y preescolar de Chroma para tu familia.","122","max-image-preview:large","https://x3yyntt5tp-staging.wpdns.site/es/locations/east-cobb-campus/","1","Campus Marietta (Este)","1350","56","18","19","0","WebPage|BreadcrumbList|Person|ProfilePage|EducationalOrganization|LocalBusiness|Service|Review|ChildCare|Course|ImageGallery|SpecialAnnouncement|Event|ItemList|Speakable|CollectionPage","",""
"https://x3yyntt5tp-staging.wpdns.site/locations/lilburn-campus/","https://x3yyntt5tp-staging.wpdns.site/locations/lilburn-campus/","200","text/html; charset=UTF-8","339","Lilburn Childcare & Preschool | Chroma Academy","46","The art of growing up.","22","max-image-preview:large","https://x3yyntt5tp-staging.wpdns.site/locations/lilburn-campus/","1","Lilburn Campus","1126","56","16","18","0","WebPage|BreadcrumbList|EducationalOrganization|LocalBusiness|Person|Service|Review|ChildCare|Course|ImageGallery|SpecialAnnouncement|Event|ItemList|Speakable|CollectionPage","",""
"https://x3yyntt5tp-staging.wpdns.site/es/locations/lilburn-campus/","https://x3yyntt5tp-staging.wpdns.site/es/locations/lilburn-campus/","200","text/html; charset=UTF-8","390","Campus Lilburn | Campus de Chroma","33","Conoce Campus Lilburn en Lilburn y descubre programas de cuidado infantil y preescolar de Chroma para tu familia.","113","max-image-preview:large","https://x3yyntt5tp-staging.wpdns.site/es/locations/lilburn-campus/","1","Campus Lilburn","1199","56","16","18","0","WebPage|BreadcrumbList|EducationalOrganization|LocalBusiness|Person|Service|Review|ChildCare|Course|ImageGallery|SpecialAnnouncement|Event|ItemList|Speakable|CollectionPage","",""
"https://x3yyntt5tp-staging.wpdns.site/locations/cherokee-campus/","https://x3yyntt5tp-staging.wpdns.site/locations/cherokee-campus/","200","text/html; charset=UTF-8","380","Cherokee Academy: Canton, GA Childcare & Preschool","50","The art of growing up.","22","max-image-preview:large","https://x3yyntt5tp-staging.wpdns.site/locations/cherokee-campus/","1","Cherokee Academy by Chroma, Canton GA","1038","56","18","12","0","WebPage|BreadcrumbList|Person|ProfilePage|EducationalOrganization|LocalBusiness|Service|ChildCare|ImageGallery|SpecialAnnouncement|Speakable|CollectionPage","",""
"https://x3yyntt5tp-staging.wpdns.site/es/locations/cherokee-campus/","https://x3yyntt5tp-staging.wpdns.site/es/locations/cherokee-campus/","200","text/html; charset=UTF-8","315","Cherokee Academy by Chroma, Canton GA | Campus de Chroma","56","Conoce Cherokee Academy by Chroma, Canton GA en Canton y descubre programas de cuidado infantil y preescolar de Chroma para tu familia.","135","max-image-preview:large","https://x3yyntt5tp-staging.wpdns.site/es/locations/cherokee-campus/","1","Cherokee Academy by Chroma, Canton GA","1127","56","18","12","0","WebPage|BreadcrumbList|Person|ProfilePage|EducationalOrganization|LocalBusiness|Service|ChildCare|ImageGallery|SpecialAnnouncement|Speakable|CollectionPage","",""
"https://x3yyntt5tp-staging.wpdns.site/newsroom/","https://x3yyntt5tp-staging.wpdns.site/newsroom/","200","text/html; charset=UTF-8","304","Newsroom | Chroma Early Learning Academy","40","Read the latest Chroma Early Learning Academy news, announcements, campus updates, and company stories.","103","max-image-preview:large","https://x3yyntt5tp-staging.wpdns.site/newsroom/","1","Press & Announcements","224","11","1","2","0","BreadcrumbList|Person","",""
"https://x3yyntt5tp-staging.wpdns.site/es/newsroom/","https://x3yyntt5tp-staging.wpdns.site/es/newsroom/","200","text/html; charset=UTF-8","347","Sala de prensa | Chroma Early Learning Academy","46","Lee las últimas noticias, anuncios, novedades de campus e historias de Chroma Early Learning Academy.","101","max-image-preview:large","https://x3yyntt5tp-staging.wpdns.site/es/newsroom/","1","Press & Announcements","233","11","1","2","0","BreadcrumbList|Person","",""
"https://x3yyntt5tp-staging.wpdns.site/privacy-policy/","https://x3yyntt5tp-staging.wpdns.site/privacy-policy/","200","text/html; charset=UTF-8","246","Privacy Policy | Chroma Early Learning Academy","46","Read the Chroma Early Learning Academy privacy policy to understand how we collect, use, and protect family information.","120","max-image-preview:large","https://x3yyntt5tp-staging.wpdns.site/privacy-policy/","1","Privacy Policy","505","44","5","2","0","BreadcrumbList|Person","",""
"https://x3yyntt5tp-staging.wpdns.site/es/privacy-policy/","https://x3yyntt5tp-staging.wpdns.site/es/privacy-policy/","200","text/html; charset=UTF-8","264","Política de privacidad | Chroma Early Learning Academy","54","Lee la política de privacidad de Chroma Early Learning Academy para entender cómo recopilamos, usamos y protegemos la información familiar.","139","max-image-preview:large","https://x3yyntt5tp-staging.wpdns.site/es/privacy-policy/","1","Política de Privacidad","501","44","5","2","0","BreadcrumbList|Person","",""
"https://x3yyntt5tp-staging.wpdns.site/careers/","https://x3yyntt5tp-staging.wpdns.site/careers/","200","text/html; charset=UTF-8","269","Careers | Chroma Early Learning Academy","39","Explore career opportunities at Chroma Early Learning Academy and join our team of educators, leaders, and support staff.","121","max-image-preview:large","https://x3yyntt5tp-staging.wpdns.site/careers/","1","Shape the future. Love your work.","918","177","5","3","0","BreadcrumbList|Person|JobPosting","",""
"https://x3yyntt5tp-staging.wpdns.site/es/careers/","https://x3yyntt5tp-staging.wpdns.site/es/careers/","200","text/html; charset=UTF-8","302","Carreras | Chroma Early Learning Academy","40","Explora oportunidades profesionales en Chroma Early Learning Academy y únete a nuestro equipo de educadores, líderes y personal de apoyo.","137","max-image-preview:large","https://x3yyntt5tp-staging.wpdns.site/es/careers/","1","Shape the future. Love your work.","920","177","5","3","0","BreadcrumbList|Person|JobPosting","",""
"https://x3yyntt5tp-staging.wpdns.site/stories/","https://x3yyntt5tp-staging.wpdns.site/stories/","200","text/html; charset=UTF-8","632","Stories & Parenting Tips | Chroma Early Learning Academy","56","Read parenting tips, child development guidance, and early learning stories from the Chroma Early Learning Academy team.","120","max-image-preview:large","https://x3yyntt5tp-staging.wpdns.site/stories/","1","Chroma Stories.","1367","95","42","2","0","BreadcrumbList|Person","",""
"https://x3yyntt5tp-staging.wpdns.site/es/stories/","https://x3yyntt5tp-staging.wpdns.site/es/stories/","200","text/html; charset=UTF-8","816","Historias y consejos para familias | Chroma Early Learning Acade…","65","Lee consejos para familias, guía sobre desarrollo infantil e historias de aprendizaje temprano del equipo de Chroma Early Learning Academy.","139","max-image-preview:large","https://x3yyntt5tp-staging.wpdns.site/es/stories/","1","Chroma Stories.","1450","95","42","2","0","BreadcrumbList|Person","",""
"https://x3yyntt5tp-staging.wpdns.site/employers/","https://x3yyntt5tp-staging.wpdns.site/employers/","200","text/html; charset=UTF-8","239","Employer Childcare Solutions | Chroma Early Learning Academy","60","Explore employer childcare solutions from Chroma, including family support programs and early education access for working parents.","131","max-image-preview:large","https://x3yyntt5tp-staging.wpdns.site/employers/","1","Corporate Childcare Solutions: Critical Infrastructure for Your Team","364","45","5","8","0","BreadcrumbList|Person|Organization|LocalBusiness|FAQPage|Service|Product|ChildCare","",""
"https://x3yyntt5tp-staging.wpdns.site/es/employers/","https://x3yyntt5tp-staging.wpdns.site/es/employers/","200","text/html; charset=UTF-8","248","Soluciones de cuidado infantil para empleadores | Chroma Early L…","65","Explora las soluciones de cuidado infantil para empleadores de Chroma, con apoyo familiar y acceso a educación temprana para padres trabajadores.","145","max-image-preview:large","https://x3yyntt5tp-staging.wpdns.site/es/employers/","1","Soluciones Corporativas de Cuidado Infantil: Infraestructura Crítica para su Equipo","365","45","5","8","0","BreadcrumbList|Person|Organization|LocalBusiness|FAQPage|Service|Product|ChildCare","",""
"https://x3yyntt5tp-staging.wpdns.site/locations/mcdonough/","https://x3yyntt5tp-staging.wpdns.site/locations/mcdonough/","200","text/html; charset=UTF-8","307","Chroma McDonough: Daycare & Preschool Programs","46","The art of growing up.","22","max-image-preview:large","https://x3yyntt5tp-staging.wpdns.site/locations/mcdonough/","1","Mcdonough Campus","860","56","13","19","0","WebPage|BreadcrumbList|Person|ProfilePage|EducationalOrganization|LocalBusiness|Service|Review|ChildCare|Course|ImageGallery|SpecialAnnouncement|Event|ItemList|Speakable|CollectionPage","",""
"https://x3yyntt5tp-staging.wpdns.site/es/locations/mcdonough/","https://x3yyntt5tp-staging.wpdns.site/es/locations/mcdonough/","200","text/html; charset=UTF-8","305","Campus Mcdonough | Campus de Chroma","35","Conoce Campus Mcdonough en Mcdonough y descubre programas de cuidado infantil y preescolar de Chroma para tu familia.","117","max-image-preview:large","https://x3yyntt5tp-staging.wpdns.site/es/locations/mcdonough/","1","Campus Mcdonough","944","56","13","19","0","WebPage|BreadcrumbList|Person|ProfilePage|EducationalOrganization|LocalBusiness|Service|Review|ChildCare|Course|ImageGallery|SpecialAnnouncement|Event|ItemList|Speakable|CollectionPage","",""
"https://x3yyntt5tp-staging.wpdns.site/parents/","https://x3yyntt5tp-staging.wpdns.site/parents/","200","text/html; charset=UTF-8","346","Parents | Chroma Early Learning Academy","39","Find parent resources, enrollment guidance, account access, and family support information from Chroma Early Learning Academy.","126","max-image-preview:large","https://x3yyntt5tp-staging.wpdns.site/parents/","1","Partners in your child's journey.","721","52","16","10","0","BreadcrumbList|Person|Organization|Menu|HowTo|FAQPage|ChildCare|ImageGallery|SpecialAnnouncement|Speakable","",""
"https://x3yyntt5tp-staging.wpdns.site/es/parents/","https://x3yyntt5tp-staging.wpdns.site/es/parents/","200","text/html; charset=UTF-8","329","Padres | Chroma Early Learning Academy","38","Encuentra recursos para padres, información de inscripción, acceso a la cuenta y apoyo familiar de Chroma Early Learning Academy.","129","max-image-preview:large","https://x3yyntt5tp-staging.wpdns.site/es/parents/","1","Socios en el viaje de su hijo.","749","52","16","10","0","BreadcrumbList|Person|Organization|Menu|HowTo|FAQPage|ChildCare|ImageGallery|SpecialAnnouncement|Speakable","",""
"https://x3yyntt5tp-staging.wpdns.site/programs/parents-day-out/","https://x3yyntt5tp-staging.wpdns.site/programs/parents-day-out/","200","text/html; charset=UTF-8","272","Parent's Day Out at Chroma: Social Skills for Kids","50","A flexible, part-time program designed to introduce children to a classroom setting while giving parents a well-deserved break. The perfect stepping stone to full-time school. Find Parent's Day Out Near...","205","max-image-preview:large","https://x3yyntt5tp-staging.wpdns.site/programs/parents-day-out/","1","Socialization & Spark.","557","47","6","5","0","BreadcrumbList|Service|Course|ChildCare|FAQPage","",""
"https://x3yyntt5tp-staging.wpdns.site/es/programs/parents-day-out/","https://x3yyntt5tp-staging.wpdns.site/es/programs/parents-day-out/","200","text/html; charset=UTF-8","277","Día Libre para Padres | Programa de Chroma","42","Un programa flexible de medio tiempo diseñado para introducir a los niños a un entorno de aula mientras brinda a los padres un descanso muy merecido. El trampo…","160","max-image-preview:large","https://x3yyntt5tp-staging.wpdns.site/es/programs/parents-day-out/","1","Socialización y Chispa.","807","47","6","5","0","BreadcrumbList|Service|Course|ChildCare|FAQPage","",""
"https://x3yyntt5tp-staging.wpdns.site/programs/camp-summer-winter-fall/","https://x3yyntt5tp-staging.wpdns.site/programs/camp-summer-winter-fall/","200","text/html; charset=UTF-8","365","Chroma Academy Camps: Fun Summer, Winter & Fall Programs","56","When school is out, Chroma is in. Our seasonal camps offer weekly themes, field trips, and hands-on STEM projects that keep minds engaged and bodies moving. Find Camp ( Summer,...","179","max-image-preview:large","https://x3yyntt5tp-staging.wpdns.site/programs/camp-summer-winter-fall/","1","Adventure Awaits.","578","48","6","5","0","BreadcrumbList|Service|Course|ChildCare|FAQPage","",""
"https://x3yyntt5tp-staging.wpdns.site/es/programs/camp-summer-winter-fall/","https://x3yyntt5tp-staging.wpdns.site/es/programs/camp-summer-winter-fall/","200","text/html; charset=UTF-8","235","Campamento ( Verano, Invierno, Otoño) | Programa de Chroma","58","Cuando la escuela termina, Chroma comienza. Nuestros campamentos de temporada ofrecen temas semanales, excursiones y proyectos prácticos de STEM que mantienen…","159","max-image-preview:large","https://x3yyntt5tp-staging.wpdns.site/es/programs/camp-summer-winter-fall/","1","La Aventura te Espera.","634","48","6","5","0","BreadcrumbList|Service|Course|ChildCare|FAQPage","",""
"https://x3yyntt5tp-staging.wpdns.site/programs/after-school/","https://x3yyntt5tp-staging.wpdns.site/programs/after-school/","200","text/html; charset=UTF-8","445","Chroma Academy After School: Activities & Enrollment","52","Transportation from local elementary schools, homework assistance, and club-style activities. A safe place to unwind, connect, and create. Find Schoolagers Near YouLaFayette &bull; Kennesaw &bull; West Cobb &bull; Fayetteville &bull;...","236","max-image-preview:large","https://x3yyntt5tp-staging.wpdns.site/programs/after-school/","1","The Enrichment Phase.","541","48","6","4","0","BreadcrumbList|Service|Course|ChildCare","",""
"https://x3yyntt5tp-staging.wpdns.site/es/programs/after-school/","https://x3yyntt5tp-staging.wpdns.site/es/programs/after-school/","200","text/html; charset=UTF-8","242","Escolares | Programa de Chroma","30","Transporte desde escuelas primarias locales, ayuda con las tareas y actividades estilo club. Un lugar seguro para relajarse, conectar y crear.","142","max-image-preview:large","https://x3yyntt5tp-staging.wpdns.site/es/programs/after-school/","1","La Fase de Enriquecimiento.","634","48","6","4","0","BreadcrumbList|Service|Course|ChildCare","",""
"https://x3yyntt5tp-staging.wpdns.site/programs/ga-pre-k/","https://x3yyntt5tp-staging.wpdns.site/programs/ga-pre-k/","200","text/html; charset=UTF-8","281","Chroma Early Learning Academy: GA Pre-K Program for Ages 4-5","60","State-funded and Private education preparing children for Kindergarten. Both programs align with GELDS standards to provide a rigorous, joyful, and literacy-rich environment. Find Pre-K / GA Pre-K Near YouLaFayette &bull;...","224","max-image-preview:large","https://x3yyntt5tp-staging.wpdns.site/programs/ga-pre-k/","1","The Readiness Phase.","721","47","6","5","0","BreadcrumbList|Course|Service|ChildCare|FAQPage","",""
"https://x3yyntt5tp-staging.wpdns.site/es/programs/ga-pre-k/","https://x3yyntt5tp-staging.wpdns.site/es/programs/ga-pre-k/","200","text/html; charset=UTF-8","241","Pre-K / GA Pre-K | Programa de Chroma","37","Educación financiada por el estado que prepara a los niños para el jardín de infantes. Nos alineamos con los estándares GELDS para proporcionar un entorno rigu…","160","max-image-preview:large","https://x3yyntt5tp-staging.wpdns.site/es/programs/ga-pre-k/","1","La Fase de Preparación.","1099","47","6","5","0","BreadcrumbList|Course|Service|ChildCare|FAQPage","",""
"https://x3yyntt5tp-staging.wpdns.site/programs/pre-k-prep/","https://x3yyntt5tp-staging.wpdns.site/programs/pre-k-prep/","200","text/html; charset=UTF-8","296","Chroma's Pre-K Prep: School Readiness in 2026","45","Building the stamina and independence needed for “big school”. Structured centers focusing on writing grip, logic, and multi-step projects. Find Pre-K Prep Near YouLaFayette &bull; Kennesaw &bull; West Cobb &bull;...","216","max-image-preview:large","https://x3yyntt5tp-staging.wpdns.site/programs/pre-k-prep/","1","The Independence Phase.","676","48","6","5","0","BreadcrumbList|Course|Service|ChildCare|FAQPage","",""
"https://x3yyntt5tp-staging.wpdns.site/es/programs/pre-k-prep/","https://x3yyntt5tp-staging.wpdns.site/es/programs/pre-k-prep/","200","text/html; charset=UTF-8","339","Pre-K Prep | Programa de Chroma","31","Desarrollando la resistencia y la independencia necesarias para la ""escuela grande"". Centros estructurados enfocados en el agarre de escritura, la lógica y pro…","160","max-image-preview:large","https://x3yyntt5tp-staging.wpdns.site/es/programs/pre-k-prep/","1","La Fase de Independencia.","929","48","6","5","0","BreadcrumbList|Course|Service|ChildCare|FAQPage","",""
"https://x3yyntt5tp-staging.wpdns.site/programs/preschool/","https://x3yyntt5tp-staging.wpdns.site/programs/preschool/","200","text/html; charset=UTF-8","314","Chroma Preschool: Learning Through Play","39","Introduction to structured learning centers and collaborative play. We channel their boundless energy into creative expression and early concepts. Find Preschool Near YouLaFayette &bull; Kennesaw &bull; West Cobb &bull; Fayetteville...","235","max-image-preview:large","https://x3yyntt5tp-staging.wpdns.site/programs/preschool/","1","Centers of wonder.","626","49","6","5","0","BreadcrumbList|Course|Service|ChildCare|FAQPage","",""
"https://x3yyntt5tp-staging.wpdns.site/es/programs/preschool/","https://x3yyntt5tp-staging.wpdns.site/es/programs/preschool/","200","text/html; charset=UTF-8","284","Preescolar | Programa de Chroma","31","Introducción a centros de aprendizaje estructurados y juego colaborativo. Canalizamos su energía ilimitada en expresión creativa y conceptos tempranos.","151","max-image-preview:large","https://x3yyntt5tp-staging.wpdns.site/es/programs/preschool/","1","Centers of wonder.","983","49","6","5","0","BreadcrumbList|Service|Course|ChildCare|FAQPage","",""
"https://x3yyntt5tp-staging.wpdns.site/programs/toddler-care/","https://x3yyntt5tp-staging.wpdns.site/programs/toddler-care/","200","text/html; charset=UTF-8","266","Chroma Academy Toddler Care: Explore, Learn, and Grow!","54","Curated environments for new walkers and talkers. We turn “no” into “let’s explore” with safe boundaries and endless curiosity. Find Toddlers Near YouLaFayette &bull; Kennesaw &bull; West Cobb &bull; Fayetteville...","215","max-image-preview:large","https://x3yyntt5tp-staging.wpdns.site/programs/toddler-care/","1","The Discovery Phase.","571","48","6","5","0","BreadcrumbList|Service|Course|ChildCare|FAQPage","",""
"https://x3yyntt5tp-staging.wpdns.site/es/programs/toddler-care/","https://x3yyntt5tp-staging.wpdns.site/es/programs/toddler-care/","200","text/html; charset=UTF-8","279","Niños pequeños | Programa de Chroma","35","Entornos seleccionados para los que recién empiezan a caminar y hablar. Convertimos el ""no"" en ""exploremos"" con límites seguros y curiosidad infinita.","150","max-image-preview:large","https://x3yyntt5tp-staging.wpdns.site/es/programs/toddler-care/","1","La fase de descubrimiento.","1000","48","6","5","0","BreadcrumbList|Service|Course|ChildCare|FAQPage","",""
"https://x3yyntt5tp-staging.wpdns.site/locations/tramore-campus-austell/","https://x3yyntt5tp-staging.wpdns.site/locations/tramore-campus-austell/","200","text/html; charset=UTF-8","299","Chroma Academy Tramore Campus: Early Learning in Austell","56","The art of growing up.","22","max-image-preview:large","https://x3yyntt5tp-staging.wpdns.site/locations/tramore-campus-austell/","1","Tramore Campus","782","56","12","18","0","WebPage|BreadcrumbList|EducationalOrganization|LocalBusiness|Person|Service|Review|ChildCare|Course|ImageGallery|SpecialAnnouncement|Event|ItemList|Speakable|CollectionPage","",""
"https://x3yyntt5tp-staging.wpdns.site/es/locations/tramore-campus-austell/","https://x3yyntt5tp-staging.wpdns.site/es/locations/tramore-campus-austell/","200","text/html; charset=UTF-8","275","Campus Tramore | Campus de Chroma","33","Conoce Campus Tramore en Austell y descubre programas de cuidado infantil y preescolar de Chroma para tu familia.","113","max-image-preview:large","https://x3yyntt5tp-staging.wpdns.site/es/locations/tramore-campus-austell/","1","Campus Tramore","858","56","12","18","0","WebPage|BreadcrumbList|EducationalOrganization|LocalBusiness|Person|Service|Review|ChildCare|Course|ImageGallery|SpecialAnnouncement|Event|ItemList|Speakable|CollectionPage","",""
"https://x3yyntt5tp-staging.wpdns.site/locations/pleasanthill-campus-duluth/","https://x3yyntt5tp-staging.wpdns.site/locations/pleasanthill-campus-duluth/","200","text/html; charset=UTF-8","289","Chroma Pleasanthill: Schedule a Tour at Our Campus","50","The art of growing up.","22","max-image-preview:large","https://x3yyntt5tp-staging.wpdns.site/locations/pleasanthill-campus-duluth/","1","Downtown Duluth","1111","56","18","19","0","WebPage|BreadcrumbList|Person|ProfilePage|EducationalOrganization|LocalBusiness|Service|Review|ChildCare|Course|ImageGallery|SpecialAnnouncement|Event|ItemList|Speakable|CollectionPage","",""
"https://x3yyntt5tp-staging.wpdns.site/es/locations/pleasanthill-campus-duluth/","https://x3yyntt5tp-staging.wpdns.site/es/locations/pleasanthill-campus-duluth/","200","text/html; charset=UTF-8","352","Downtown Duluth | Campus de Chroma","34","Conoce Downtown Duluth en Duluth y descubre programas de cuidado infantil y preescolar de Chroma para tu familia.","113","max-image-preview:large","https://x3yyntt5tp-staging.wpdns.site/es/locations/pleasanthill-campus-duluth/","1","Downtown Duluth","1192","56","18","19","0","WebPage|BreadcrumbList|Person|ProfilePage|EducationalOrganization|LocalBusiness|Service|Review|ChildCare|Course|ImageGallery|SpecialAnnouncement|Event|ItemList|Speakable|CollectionPage","",""
"https://x3yyntt5tp-staging.wpdns.site/locations/lawrenceville-campus/","https://x3yyntt5tp-staging.wpdns.site/locations/lawrenceville-campus/","200","text/html; charset=UTF-8","375","Chroma Lawrenceville: Preschool Programs & Tours","48","The art of growing up.","22","max-image-preview:large","https://x3yyntt5tp-staging.wpdns.site/locations/lawrenceville-campus/","1","Lawrenceville Campus","1578","56","21","19","0","WebPage|BreadcrumbList|Person|ProfilePage|EducationalOrganization|LocalBusiness|Service|Review|ChildCare|Course|ImageGallery|SpecialAnnouncement|Event|ItemList|Speakable|CollectionPage","",""
"https://x3yyntt5tp-staging.wpdns.site/es/locations/lawrenceville-campus/","https://x3yyntt5tp-staging.wpdns.site/es/locations/lawrenceville-campus/","200","text/html; charset=UTF-8","448","Campus Lawrenceville | Campus de Chroma","39","Conoce Campus Lawrenceville en Lawrenceville y descubre programas de cuidado infantil y preescolar de Chroma para tu familia.","125","max-image-preview:large","https://x3yyntt5tp-staging.wpdns.site/es/locations/lawrenceville-campus/","1","Campus Lawrenceville","1500","56","21","19","0","WebPage|BreadcrumbList|Person|ProfilePage|EducationalOrganization|LocalBusiness|Service|Review|ChildCare|Course|ImageGallery|SpecialAnnouncement|Event|ItemList|Speakable|CollectionPage","",""
"https://x3yyntt5tp-staging.wpdns.site/locations/tyrone-campus/","https://x3yyntt5tp-staging.wpdns.site/locations/tyrone-campus/","200","text/html; charset=UTF-8","258","Chroma Tyrone: Childcare & Preschool Programs","45","The art of growing up.","22","max-image-preview:large","https://x3yyntt5tp-staging.wpdns.site/locations/tyrone-campus/","1","Tyrone Campus","1181","55","13","19","0","WebPage|BreadcrumbList|Person|ProfilePage|EducationalOrganization|LocalBusiness|Service|Review|ChildCare|Course|ImageGallery|SpecialAnnouncement|Event|ItemList|Speakable|CollectionPage","",""
"https://x3yyntt5tp-staging.wpdns.site/es/locations/tyrone-campus/","https://x3yyntt5tp-staging.wpdns.site/es/locations/tyrone-campus/","200","text/html; charset=UTF-8","303","Campus Tyrone | Campus de Chroma","32","Conoce Campus Tyrone en Tyrone y descubre programas de cuidado infantil y preescolar de Chroma para tu familia.","111","max-image-preview:large","https://x3yyntt5tp-staging.wpdns.site/es/locations/tyrone-campus/","1","Campus Tyrone","1216","55","13","19","0","WebPage|BreadcrumbList|Person|ProfilePage|EducationalOrganization|LocalBusiness|Service|Review|ChildCare|Course|ImageGallery|SpecialAnnouncement|Event|ItemList|Speakable|CollectionPage","",""
"https://x3yyntt5tp-staging.wpdns.site/about/","https://x3yyntt5tp-staging.wpdns.site/about/","200","text/html; charset=UTF-8","405","About Chroma Early Learning Academy: Mission, Values & Tours","60","More than a school. A second home.","34","max-image-preview:large","https://x3yyntt5tp-staging.wpdns.site/about/","1","More than a school. A second home.","4262","50","28","22","0","BreadcrumbList|Person|ProfilePage|AboutPage|EducationalOrganization","",""
"https://x3yyntt5tp-staging.wpdns.site/es/about/","https://x3yyntt5tp-staging.wpdns.site/es/about/","200","text/html; charset=UTF-8","443","Nosotros | Chroma Early Learning Academy","40","Más que una escuela. Un segundo hogar.","38","max-image-preview:large","https://x3yyntt5tp-staging.wpdns.site/es/about/","1","More than a school. A second home.","4212","49","28","22","0","BreadcrumbList|Person|ProfilePage|AboutPage|EducationalOrganization","",""
"https://x3yyntt5tp-staging.wpdns.site/locations/johns-creek/","https://x3yyntt5tp-staging.wpdns.site/locations/johns-creek/","200","text/html; charset=UTF-8","316","Chroma Johns Creek: Preschool & Childcare Programs","50","The art of growing up.","22","max-image-preview:large","https://x3yyntt5tp-staging.wpdns.site/locations/johns-creek/","1","Johns Creek Campus","1299","56","17","19","0","WebPage|BreadcrumbList|Person|ProfilePage|EducationalOrganization|LocalBusiness|Service|Review|ChildCare|Course|ImageGallery|SpecialAnnouncement|Event|ItemList|Speakable|CollectionPage","",""
"https://x3yyntt5tp-staging.wpdns.site/es/locations/johns-creek/","https://x3yyntt5tp-staging.wpdns.site/es/locations/johns-creek/","200","text/html; charset=UTF-8","369","Campus Johns Creek | Campus de Chroma","37","Conoce Campus Johns Creek en Johns Creek y descubre programas de cuidado infantil y preescolar de Chroma para tu familia.","121","max-image-preview:large","https://x3yyntt5tp-staging.wpdns.site/es/locations/johns-creek/","1","Campus Johns Creek","1313","56","17","19","0","WebPage|BreadcrumbList|Person|ProfilePage|EducationalOrganization|LocalBusiness|Service|Review|ChildCare|Course|ImageGallery|SpecialAnnouncement|Event|ItemList|Speakable|CollectionPage","",""
"https://x3yyntt5tp-staging.wpdns.site/curriculum/","https://x3yyntt5tp-staging.wpdns.site/curriculum/","200","text/html; charset=UTF-8","337","PrismPath Curriculum | Chroma Early Learning Academy","52","Explore the PrismPath curriculum at Chroma Early Learning Academy and see how we support every stage of early development.","122","max-image-preview:large","https://x3yyntt5tp-staging.wpdns.site/curriculum/","1","Whole-child learning that grows with your child.","1758","50","5","3","0","BreadcrumbList|Person|FAQPage","",""
"https://x3yyntt5tp-staging.wpdns.site/es/curriculum/","https://x3yyntt5tp-staging.wpdns.site/es/curriculum/","200","text/html; charset=UTF-8","324","Currículo PrismPath | Chroma Early Learning Academy","51","Explora el currículo PrismPath de Chroma Early Learning Academy y descubre cómo apoyamos cada etapa del desarrollo temprano.","124","max-image-preview:large","https://x3yyntt5tp-staging.wpdns.site/es/curriculum/","1","Whole-child learning that grows with your child.","1769","50","5","3","0","BreadcrumbList|Person|FAQPage","",""
"https://x3yyntt5tp-staging.wpdns.site/contact-us/","https://x3yyntt5tp-staging.wpdns.site/contact-us/","200","text/html; charset=UTF-8","306","Contact Us | Chroma Early Learning Academy","42","Contact Chroma Early Learning Academy to ask about enrollment, locations, programs, or scheduling a tour.","105","max-image-preview:large","https://x3yyntt5tp-staging.wpdns.site/contact-us/","1","How can we support your family today?","376","51","5","9","0","BreadcrumbList|Person|ContactPage|Organization|FAQPage|ChildCare|SpecialAnnouncement|Speakable|LocalBusiness","",""
"https://x3yyntt5tp-staging.wpdns.site/es/contact-us/","https://x3yyntt5tp-staging.wpdns.site/es/contact-us/","200","text/html; charset=UTF-8","304","Contáctanos | Chroma Early Learning Academy","43","Contacta a Chroma Early Learning Academy para preguntas sobre inscripción, ubicaciones, programas o recorridos.","111","max-image-preview:large","https://x3yyntt5tp-staging.wpdns.site/es/contact-us/","1","¿Cómo podemos apoyar a tu familia hoy?","367","51","5","9","0","BreadcrumbList|Person|ContactPage|Organization|FAQPage|ChildCare|SpecialAnnouncement|Speakable|LocalBusiness","",""
"https://x3yyntt5tp-staging.wpdns.site/programs/infant-care/","https://x3yyntt5tp-staging.wpdns.site/programs/infant-care/","200","text/html; charset=UTF-8","294","Chroma Infant Care: Nurturing Your Baby's First Steps","53","A peaceful, “shoeless” environment where emotional security and sensory discovery lay the groundwork for all future learning. Find Infant Care Near YouLaFayette &bull; Kennesaw &bull; West Cobb &bull; Fayetteville &bull;...","223","max-image-preview:large","https://x3yyntt5tp-staging.wpdns.site/programs/infant-care/","1","The Foundation Phase","588","48","6","5","0","BreadcrumbList|Service|Course|ChildCare|FAQPage","",""
"https://x3yyntt5tp-staging.wpdns.site/es/programs/infant-care/","https://x3yyntt5tp-staging.wpdns.site/es/programs/infant-care/","200","text/html; charset=UTF-8","272","Cuidado Infantil | Programa de Chroma","37","Un ambiente tranquilo y ""sin zapatos"" donde la seguridad emocional y el descubrimiento sensorial sientan las bases para todo el aprendizaje futuro.","147","max-image-preview:large","https://x3yyntt5tp-staging.wpdns.site/es/programs/infant-care/","1","La Fase Fundamental","998","48","6","5","0","BreadcrumbList|Service|Course|ChildCare|FAQPage","",""