"requirementId","phase","phaseSection","sourceLine","sourceType","requirement","evidenceScope","phaseStatus","currentEvidence","remainingProofOrAction","verificationState"
"P01-L0061","1","Full Website Crawl and Content Inventory","61","paragraph","Crawl and inspect the entire live website, including:","Phase-level implementation evidence; exact statement requires direct confirmation","Complete","470-page technical crawl; 466-URL content inventory","Owner editorial/factual signoff","Phase implementation evidenced; external gate remains; item-level confirmation required"
"P01-L0063","1","Full Website Crawl and Content Inventory","63","bullet","Homepage","Phase-level implementation evidence; exact statement requires direct confirmation","Complete","470-page technical crawl; 466-URL content inventory","Owner editorial/factual signoff","Phase implementation evidenced; external gate remains; item-level confirmation required"
"P01-L0064","1","Full Website Crawl and Content Inventory","64","bullet","About page","Phase-level implementation evidence; exact statement requires direct confirmation","Complete","470-page technical crawl; 466-URL content inventory","Owner editorial/factual signoff","Phase implementation evidenced; external gate remains; item-level confirmation required"
"P01-L0065","1","Full Website Crawl and Content Inventory","65","bullet","Curriculum and PrismPath pages","Phase-level implementation evidence; exact statement requires direct confirmation","Complete","470-page technical crawl; 466-URL content inventory","Owner editorial/factual signoff","Phase implementation evidenced; external gate remains; item-level confirmation required"
"P01-L0066","1","Full Website Crawl and Content Inventory","66","bullet","Curriculum Studio content","Phase-level implementation evidence; exact statement requires direct confirmation","Complete","470-page technical crawl; 466-URL content inventory","Owner editorial/factual signoff","Phase implementation evidenced; external gate remains; item-level confirmation required"
"P01-L0067","1","Full Website Crawl and Content Inventory","67","bullet","All program pages","Phase-level implementation evidence; exact statement requires direct confirmation","Complete","470-page technical crawl; 466-URL content inventory","Owner editorial/factual signoff","Phase implementation evidenced; external gate remains; item-level confirmation required"
"P01-L0068","1","Full Website Crawl and Content Inventory","68","bullet","All location pages","Phase-level implementation evidence; exact statement requires direct confirmation","Complete","470-page technical crawl; 466-URL content inventory","Owner editorial/factual signoff","Phase implementation evidenced; external gate remains; item-level confirmation required"
"P01-L0069","1","Full Website Crawl and Content Inventory","69","bullet","All community and city pages","Phase-level implementation evidence; exact statement requires direct confirmation","Complete","470-page technical crawl; 466-URL content inventory","Owner editorial/factual signoff","Phase implementation evidenced; external gate remains; item-level confirmation required"
"P01-L0070","1","Full Website Crawl and Content Inventory","70","bullet","Parents page","Phase-level implementation evidence; exact statement requires direct confirmation","Complete","470-page technical crawl; 466-URL content inventory","Owner editorial/factual signoff","Phase implementation evidenced; external gate remains; item-level confirmation required"
"P01-L0071","1","Full Website Crawl and Content Inventory","71","bullet","Careers page","Phase-level implementation evidence; exact statement requires direct confirmation","Complete","470-page technical crawl; 466-URL content inventory","Owner editorial/factual signoff","Phase implementation evidenced; external gate remains; item-level confirmation required"
"P01-L0072","1","Full Website Crawl and Content Inventory","72","bullet","Contact page","Phase-level implementation evidence; exact statement requires direct confirmation","Complete","470-page technical crawl; 466-URL content inventory","Owner editorial/factual signoff","Phase implementation evidenced; external gate remains; item-level confirmation required"
"P01-L0073","1","Full Website Crawl and Content Inventory","73","bullet","Schedule-a-tour page","Phase-level implementation evidence; exact statement requires direct confirmation","Complete","470-page technical crawl; 466-URL content inventory","Owner editorial/factual signoff","Phase implementation evidenced; external gate remains; item-level confirmation required"
"P01-L0074","1","Full Website Crawl and Content Inventory","74","bullet","Chroma Early Start pages","Phase-level implementation evidence; exact statement requires direct confirmation","Complete","470-page technical crawl; 466-URL content inventory","Owner editorial/factual signoff","Phase implementation evidenced; external gate remains; item-level confirmation required"
"P01-L0075","1","Full Website Crawl and Content Inventory","75","bullet","Blog and resource pages","Phase-level implementation evidence; exact statement requires direct confirmation","Complete","470-page technical crawl; 466-URL content inventory","Owner editorial/factual signoff","Phase implementation evidenced; external gate remains; item-level confirmation required"
"P01-L0076","1","Full Website Crawl and Content Inventory","76","bullet","Legal and privacy pages","Phase-level implementation evidence; exact statement requires direct confirmation","Complete","470-page technical crawl; 466-URL content inventory","Owner editorial/factual signoff","Phase implementation evidenced; external gate remains; item-level confirmation required"
"P01-L0077","1","Full Website Crawl and Content Inventory","77","bullet","Header","Phase-level implementation evidence; exact statement requires direct confirmation","Complete","470-page technical crawl; 466-URL content inventory","Owner editorial/factual signoff","Phase implementation evidenced; external gate remains; item-level confirmation required"
"P01-L0078","1","Full Website Crawl and Content Inventory","78","bullet","Footer","Phase-level implementation evidence; exact statement requires direct confirmation","Complete","470-page technical crawl; 466-URL content inventory","Owner editorial/factual signoff","Phase implementation evidenced; external gate remains; item-level confirmation required"
"P01-L0079","1","Full Website Crawl and Content Inventory","79","bullet","Navigation","Phase-level implementation evidence; exact statement requires direct confirmation","Complete","470-page technical crawl; 466-URL content inventory","Owner editorial/factual signoff","Phase implementation evidenced; external gate remains; item-level confirmation required"
"P01-L0080","1","Full Website Crawl and Content Inventory","80","bullet","Forms","Phase-level implementation evidence; exact statement requires direct confirmation","Complete","470-page technical crawl; 466-URL content inventory","Owner editorial/factual signoff","Phase implementation evidenced; external gate remains; item-level confirmation required"
"P01-L0081","1","Full Website Crawl and Content Inventory","81","bullet","Popups","Phase-level implementation evidence; exact statement requires direct confirmation","Complete","470-page technical crawl; 466-URL content inventory","Owner editorial/factual signoff","Phase implementation evidenced; external gate remains; item-level confirmation required"
"P01-L0082","1","Full Website Crawl and Content Inventory","82","bullet","Thank-you pages","Phase-level implementation evidence; exact statement requires direct confirmation","Complete","470-page technical crawl; 466-URL content inventory","Owner editorial/factual signoff","Phase implementation evidenced; external gate remains; item-level confirmation required"
"P01-L0083","1","Full Website Crawl and Content Inventory","83","bullet","Hidden template content","Phase-level implementation evidence; exact statement requires direct confirmation","Complete","470-page technical crawl; 466-URL content inventory","Owner editorial/factual signoff","Phase implementation evidenced; external gate remains; item-level confirmation required"
"P01-L0084","1","Full Website Crawl and Content Inventory","84","bullet","Mobile menus","Phase-level implementation evidence; exact statement requires direct confirmation","Complete","470-page technical crawl; 466-URL content inventory","Owner editorial/factual signoff","Phase implementation evidenced; external gate remains; item-level confirmation required"
"P01-L0085","1","Full Website Crawl and Content Inventory","85","bullet","Search-engine-indexed pages","Phase-level implementation evidence; exact statement requires direct confirmation","Complete","470-page technical crawl; 466-URL content inventory","Owner editorial/factual signoff","Phase implementation evidenced; external gate remains; item-level confirmation required"
"P01-L0086","1","Full Website Crawl and Content Inventory","86","bullet","XML sitemap","Phase-level implementation evidence; exact statement requires direct confirmation","Complete","470-page technical crawl; 466-URL content inventory","Owner editorial/factual signoff","Phase implementation evidenced; external gate remains; item-level confirmation required"
"P01-L0087","1","Full Website Crawl and Content Inventory","87","bullet","Robots.txt","Phase-level implementation evidence; exact statement requires direct confirmation","Complete","470-page technical crawl; 466-URL content inventory","Owner editorial/factual signoff","Phase implementation evidenced; external gate remains; item-level confirmation required"
"P01-L0088","1","Full Website Crawl and Content Inventory","88","bullet","Schema markup","Phase-level implementation evidence; exact statement requires direct confirmation","Complete","470-page technical crawl; 466-URL content inventory","Owner editorial/factual signoff","Phase implementation evidenced; external gate remains; item-level confirmation required"
"P01-L0089","1","Full Website Crawl and Content Inventory","89","bullet","Redirects","Phase-level implementation evidence; exact statement requires direct confirmation","Complete","470-page technical crawl; 466-URL content inventory","Owner editorial/factual signoff","Phase implementation evidenced; external gate remains; item-level confirmation required"
"P01-L0090","1","Full Website Crawl and Content Inventory","90","bullet","404 pages","Phase-level implementation evidence; exact statement requires direct confirmation","Complete","470-page technical crawl; 466-URL content inventory","Owner editorial/factual signoff","Phase implementation evidenced; external gate remains; item-level confirmation required"
"P01-L0092","1","Full Website Crawl and Content Inventory","92","paragraph","Create a complete page inventory before editing.","Phase-level implementation evidence; exact statement requires direct confirmation","Complete","470-page technical crawl; 466-URL content inventory","Owner editorial/factual signoff","Phase implementation evidenced; external gate remains; item-level confirmation required"
"P01-L0094","1","Full Website Crawl and Content Inventory","94","paragraph","For every URL, identify:","Phase-level implementation evidence; exact statement requires direct confirmation","Complete","470-page technical crawl; 466-URL content inventory","Owner editorial/factual signoff","Phase implementation evidenced; external gate remains; item-level confirmation required"
"P01-L0096","1","Full Website Crawl and Content Inventory","96","bullet","Page purpose","Phase-level implementation evidence; exact statement requires direct confirmation","Complete","470-page technical crawl; 466-URL content inventory","Owner editorial/factual signoff","Phase implementation evidenced; external gate remains; item-level confirmation required"
"P01-L0097","1","Full Website Crawl and Content Inventory","97","bullet","Intended audience","Phase-level implementation evidence; exact statement requires direct confirmation","Complete","470-page technical crawl; 466-URL content inventory","Owner editorial/factual signoff","Phase implementation evidenced; external gate remains; item-level confirmation required"
"P01-L0098","1","Full Website Crawl and Content Inventory","98","bullet","Primary conversion action","Phase-level implementation evidence; exact statement requires direct confirmation","Complete","470-page technical crawl; 466-URL content inventory","Owner editorial/factual signoff","Phase implementation evidenced; external gate remains; item-level confirmation required"
"P01-L0099","1","Full Website Crawl and Content Inventory","99","bullet","Current title tag","Phase-level implementation evidence; exact statement requires direct confirmation","Complete","470-page technical crawl; 466-URL content inventory","Owner editorial/factual signoff","Phase implementation evidenced; external gate remains; item-level confirmation required"
"P01-L0100","1","Full Website Crawl and Content Inventory","100","bullet","Meta description","Phase-level implementation evidence; exact statement requires direct confirmation","Complete","470-page technical crawl; 466-URL content inventory","Owner editorial/factual signoff","Phase implementation evidenced; external gate remains; item-level confirmation required"
"P01-L0101","1","Full Website Crawl and Content Inventory","101","bullet","H1","Phase-level implementation evidence; exact statement requires direct confirmation","Complete","470-page technical crawl; 466-URL content inventory","Owner editorial/factual signoff","Phase implementation evidenced; external gate remains; item-level confirmation required"
"P01-L0102","1","Full Website Crawl and Content Inventory","102","bullet","Secondary headings","Phase-level implementation evidence; exact statement requires direct confirmation","Complete","470-page technical crawl; 466-URL content inventory","Owner editorial/factual signoff","Phase implementation evidenced; external gate remains; item-level confirmation required"
"P01-L0103","1","Full Website Crawl and Content Inventory","103","bullet","Word count","Phase-level implementation evidence; exact statement requires direct confirmation","Complete","470-page technical crawl; 466-URL content inventory","Owner editorial/factual signoff","Phase implementation evidenced; external gate remains; item-level confirmation required"
"P01-L0104","1","Full Website Crawl and Content Inventory","104","bullet","Internal links","Phase-level implementation evidence; exact statement requires direct confirmation","Complete","470-page technical crawl; 466-URL content inventory","Owner editorial/factual signoff","Phase implementation evidenced; external gate remains; item-level confirmation required"
"P01-L0105","1","Full Website Crawl and Content Inventory","105","bullet","External links","Phase-level implementation evidence; exact statement requires direct confirmation","Complete","470-page technical crawl; 466-URL content inventory","Owner editorial/factual signoff","Phase implementation evidenced; external gate remains; item-level confirmation required"
"P01-L0106","1","Full Website Crawl and Content Inventory","106","bullet","Form or CTA","Phase-level implementation evidence; exact statement requires direct confirmation","Complete","470-page technical crawl; 466-URL content inventory","Owner editorial/factual signoff","Phase implementation evidenced; external gate remains; item-level confirmation required"
"P01-L0107","1","Full Website Crawl and Content Inventory","107","bullet","Duplicate content","Phase-level implementation evidence; exact statement requires direct confirmation","Complete","470-page technical crawl; 466-URL content inventory","Owner editorial/factual signoff","Phase implementation evidenced; external gate remains; item-level confirmation required"
"P01-L0108","1","Full Website Crawl and Content Inventory","108","bullet","Thin content","Phase-level implementation evidence; exact statement requires direct confirmation","Complete","470-page technical crawl; 466-URL content inventory","Owner editorial/factual signoff","Phase implementation evidenced; external gate remains; item-level confirmation required"
"P01-L0109","1","Full Website Crawl and Content Inventory","109","bullet","inaccurate claims","Phase-level implementation evidence; exact statement requires direct confirmation","Complete","470-page technical crawl; 466-URL content inventory","Owner editorial/factual signoff","Phase implementation evidenced; external gate remains; item-level confirmation required"
"P01-L0110","1","Full Website Crawl and Content Inventory","110","bullet","spelling or grammar issues","Phase-level implementation evidence; exact statement requires direct confirmation","Complete","470-page technical crawl; 466-URL content inventory","Owner editorial/factual signoff","Phase implementation evidenced; external gate remains; item-level confirmation required"
"P01-L0111","1","Full Website Crawl and Content Inventory","111","bullet","outdated information","Phase-level implementation evidence; exact statement requires direct confirmation","Complete","470-page technical crawl; 466-URL content inventory","Owner editorial/factual signoff","Phase implementation evidenced; external gate remains; item-level confirmation required"
"P01-L0112","1","Full Website Crawl and Content Inventory","112","bullet","hidden content","Phase-level implementation evidence; exact statement requires direct confirmation","Complete","470-page technical crawl; 466-URL content inventory","Owner editorial/factual signoff","Phase implementation evidenced; external gate remains; item-level confirmation required"
"P01-L0113","1","Full Website Crawl and Content Inventory","113","bullet","content appearing below the footer","Phase-level implementation evidence; exact statement requires direct confirmation","Complete","470-page technical crawl; 466-URL content inventory","Owner editorial/factual signoff","Phase implementation evidenced; external gate remains; item-level confirmation required"
"P01-L0114","1","Full Website Crawl and Content Inventory","114","bullet","irrelevant keyword text","Phase-level implementation evidence; exact statement requires direct confirmation","Complete","470-page technical crawl; 466-URL content inventory","Owner editorial/factual signoff","Phase implementation evidenced; external gate remains; item-level confirmation required"
"P01-L0115","1","Full Website Crawl and Content Inventory","115","bullet","broken layout","Phase-level implementation evidence; exact statement requires direct confirmation","Complete","470-page technical crawl; 466-URL content inventory","Owner editorial/factual signoff","Phase implementation evidenced; external gate remains; item-level confirmation required"
"P01-L0116","1","Full Website Crawl and Content Inventory","116","bullet","missing images","Phase-level implementation evidence; exact statement requires direct confirmation","Complete","470-page technical crawl; 466-URL content inventory","Owner editorial/factual signoff","Phase implementation evidenced; external gate remains; item-level confirmation required"
"P01-L0117","1","Full Website Crawl and Content Inventory","117","bullet","broken links","Phase-level implementation evidence; exact statement requires direct confirmation","Complete","470-page technical crawl; 466-URL content inventory","Owner editorial/factual signoff","Phase implementation evidenced; external gate remains; item-level confirmation required"
"P01-L0118","1","Full Website Crawl and Content Inventory","118","bullet","mobile issues","Phase-level implementation evidence; exact statement requires direct confirmation","Complete","470-page technical crawl; 466-URL content inventory","Owner editorial/factual signoff","Phase implementation evidenced; external gate remains; item-level confirmation required"
"P01-L0119","1","Full Website Crawl and Content Inventory","119","bullet","indexing recommendation","Phase-level implementation evidence; exact statement requires direct confirmation","Complete","470-page technical crawl; 466-URL content inventory","Owner editorial/factual signoff","Phase implementation evidenced; external gate remains; item-level confirmation required"
"P01-L0121","1","Full Website Crawl and Content Inventory","121","paragraph","Flag pages as:","Phase-level implementation evidence; exact statement requires direct confirmation","Complete","470-page technical crawl; 466-URL content inventory","Owner editorial/factual signoff","Phase implementation evidenced; external gate remains; item-level confirmation required"
"P01-L0123","1","Full Website Crawl and Content Inventory","123","bullet","Keep","Phase-level implementation evidence; exact statement requires direct confirmation","Complete","470-page technical crawl; 466-URL content inventory","Owner editorial/factual signoff","Phase implementation evidenced; external gate remains; item-level confirmation required"
"P01-L0124","1","Full Website Crawl and Content Inventory","124","bullet","Improve","Phase-level implementation evidence; exact statement requires direct confirmation","Complete","470-page technical crawl; 466-URL content inventory","Owner editorial/factual signoff","Phase implementation evidenced; external gate remains; item-level confirmation required"
"P01-L0125","1","Full Website Crawl and Content Inventory","125","bullet","Merge","Phase-level implementation evidence; exact statement requires direct confirmation","Complete","470-page technical crawl; 466-URL content inventory","Owner editorial/factual signoff","Phase implementation evidenced; external gate remains; item-level confirmation required"
"P01-L0126","1","Full Website Crawl and Content Inventory","126","bullet","Redirect","Phase-level implementation evidence; exact statement requires direct confirmation","Complete","470-page technical crawl; 466-URL content inventory","Owner editorial/factual signoff","Phase implementation evidenced; external gate remains; item-level confirmation required"
"P01-L0127","1","Full Website Crawl and Content Inventory","127","bullet","Noindex","Phase-level implementation evidence; exact statement requires direct confirmation","Complete","470-page technical crawl; 466-URL content inventory","Owner editorial/factual signoff","Phase implementation evidenced; external gate remains; item-level confirmation required"
"P01-L0128","1","Full Website Crawl and Content Inventory","128","bullet","Delete","Phase-level implementation evidence; exact statement requires direct confirmation","Complete","470-page technical crawl; 466-URL content inventory","Owner editorial/factual signoff","Phase implementation evidenced; external gate remains; item-level confirmation required"
"P02-L0132","2","Remove Harmful or Unfinished SEO Content","132","paragraph","Immediately inspect all program, location, community, childcare, blog, and template pages for:","Phase-level implementation evidence; exact statement requires direct confirmation","Complete","Doorway/generated/empty-content controls and governance","Approval before destructive deletion","Phase implementation evidenced; external gate remains; item-level confirmation required"
"P02-L0134","2","Remove Harmful or Unfinished SEO Content","134","bullet","Raw keyword lists","Phase-level implementation evidence; exact statement requires direct confirmation","Complete","Doorway/generated/empty-content controls and governance","Approval before destructive deletion","Phase implementation evidenced; external gate remains; item-level confirmation required"
"P02-L0135","2","Remove Harmful or Unfinished SEO Content","135","bullet","Automatically generated city keywords","Phase-level implementation evidence; exact statement requires direct confirmation","Complete","Doorway/generated/empty-content controls and governance","Approval before destructive deletion","Phase implementation evidenced; external gate remains; item-level confirmation required"
"P02-L0136","2","Remove Harmful or Unfinished SEO Content","136","bullet","Unrelated city names","Phase-level implementation evidence; exact statement requires direct confirmation","Complete","Doorway/generated/empty-content controls and governance","Approval before destructive deletion","Phase implementation evidenced; external gate remains; item-level confirmation required"
"P02-L0137","2","Remove Harmful or Unfinished SEO Content","137","bullet","Out-of-state references","Phase-level implementation evidence; exact statement requires direct confirmation","Complete","Doorway/generated/empty-content controls and governance","Approval before destructive deletion","Phase implementation evidenced; external gate remains; item-level confirmation required"
"P02-L0138","2","Remove Harmful or Unfinished SEO Content","138","bullet","Irrelevant partner links","Phase-level implementation evidence; exact statement requires direct confirmation","Complete","Doorway/generated/empty-content controls and governance","Approval before destructive deletion","Phase implementation evidenced; external gate remains; item-level confirmation required"
"P02-L0139","2","Remove Harmful or Unfinished SEO Content","139","bullet","Repetitive generic paragraphs","Phase-level implementation evidence; exact statement requires direct confirmation","Complete","Doorway/generated/empty-content controls and governance","Approval before destructive deletion","Phase implementation evidenced; external gate remains; item-level confirmation required"
"P02-L0140","2","Remove Harmful or Unfinished SEO Content","140","bullet","AI-generated FAQ text that reads unnaturally","Phase-level implementation evidence; exact statement requires direct confirmation","Complete","Doorway/generated/empty-content controls and governance","Approval before destructive deletion","Phase implementation evidenced; external gate remains; item-level confirmation required"
"P02-L0141","2","Remove Harmful or Unfinished SEO Content","141","bullet","Content after the footer","Phase-level implementation evidence; exact statement requires direct confirmation","Complete","Doorway/generated/empty-content controls and governance","Approval before destructive deletion","Phase implementation evidenced; external gate remains; item-level confirmation required"
"P02-L0142","2","Remove Harmful or Unfinished SEO Content","142","bullet","Hidden blocks designed only for search engines","Phase-level implementation evidence; exact statement requires direct confirmation","Complete","Doorway/generated/empty-content controls and governance","Approval before destructive deletion","Phase implementation evidenced; external gate remains; item-level confirmation required"
"P02-L0143","2","Remove Harmful or Unfinished SEO Content","143","bullet","Misspelled or malformed headings","Phase-level implementation evidence; exact statement requires direct confirmation","Complete","Doorway/generated/empty-content controls and governance","Approval before destructive deletion","Phase implementation evidenced; external gate remains; item-level confirmation required"
"P02-L0144","2","Remove Harmful or Unfinished SEO Content","144","bullet","Duplicate FAQ sections","Phase-level implementation evidence; exact statement requires direct confirmation","Complete","Doorway/generated/empty-content controls and governance","Approval before destructive deletion","Phase implementation evidenced; external gate remains; item-level confirmation required"
"P02-L0145","2","Remove Harmful or Unfinished SEO Content","145","bullet","Placeholder language","Phase-level implementation evidence; exact statement requires direct confirmation","Complete","Doorway/generated/empty-content controls and governance","Approval before destructive deletion","Phase implementation evidenced; external gate remains; item-level confirmation required"
"P02-L0146","2","Remove Harmful or Unfinished SEO Content","146","bullet","Statements such as “None – inadequate instructions”","Phase-level implementation evidence; exact statement requires direct confirmation","Complete","Doorway/generated/empty-content controls and governance","Approval before destructive deletion","Phase implementation evidenced; external gate remains; item-level confirmation required"
"P02-L0147","2","Remove Harmful or Unfinished SEO Content","147","bullet","Incorrect ages","Phase-level implementation evidence; exact statement requires direct confirmation","Complete","Doorway/generated/empty-content controls and governance","Approval before destructive deletion","Phase implementation evidenced; external gate remains; item-level confirmation required"
"P02-L0148","2","Remove Harmful or Unfinished SEO Content","148","bullet","Repetitive insertion of “Chroma Early Learning Academy”","Phase-level implementation evidence; exact statement requires direct confirmation","Complete","Doorway/generated/empty-content controls and governance","Approval before destructive deletion","Phase implementation evidenced; external gate remains; item-level confirmation required"
"P02-L0149","2","Remove Harmful or Unfinished SEO Content","149","bullet","Doorway-page language","Phase-level implementation evidence; exact statement requires direct confirmation","Complete","Doorway/generated/empty-content controls and governance","Approval before destructive deletion","Phase implementation evidenced; external gate remains; item-level confirmation required"
"P02-L0150","2","Remove Harmful or Unfinished SEO Content","150","bullet","Claims about campuses that do not exist","Phase-level implementation evidence; exact statement requires direct confirmation","Complete","Doorway/generated/empty-content controls and governance","Approval before destructive deletion","Phase implementation evidenced; external gate remains; item-level confirmation required"
"P02-L0152","2","Remove Harmful or Unfinished SEO Content","152","paragraph","Remove these elements completely from the page source and database. Do not merely hide them using CSS.","Phase-level implementation evidence; exact statement requires direct confirmation","Complete","Doorway/generated/empty-content controls and governance","Approval before destructive deletion","Phase implementation evidenced; external gate remains; item-level confirmation required"
"P02-L0154","2","Remove Harmful or Unfinished SEO Content","154","paragraph","Specifically inspect the Infant Care and Pre-K Prep pages for previously observed low-quality or injected content.","Phase-level implementation evidence; exact statement requires direct confirmation","Complete","Doorway/generated/empty-content controls and governance","Approval before destructive deletion","Phase implementation evidenced; external gate remains; item-level confirmation required"
"P02-L0156","2","Remove Harmful or Unfinished SEO Content","156","paragraph","Search the entire WordPress database, reusable blocks, theme templates, widgets, SEO plugins, custom fields, page-builder templates, header/footer scripts, and post content for similar material.","Phase-level implementation evidence; exact statement requires direct confirmation","Complete","Doorway/generated/empty-content controls and governance","Approval before destructive deletion","Phase implementation evidenced; external gate remains; item-level confirmation required"
"P02-L0158","2","Remove Harmful or Unfinished SEO Content","158","paragraph","Determine how the content was created or injected and prevent recurrence.","Phase-level implementation evidence; exact statement requires direct confirmation","Complete","Doorway/generated/empty-content controls and governance","Approval before destructive deletion","Phase implementation evidenced; external gate remains; item-level confirmation required"
"P03-L0162","3","Correct All Company-Wide Inconsistencies","162","paragraph","Establish one verified source of truth for all company-wide facts.","Phase-level implementation evidence; exact statement requires direct confirmation","Safe implementation complete","Dynamic records and neutral fallbacks","Operating-fact owners","Phase implementation evidenced; external gate remains; item-level confirmation required"
"P03-L0164","3","Correct All Company-Wide Inconsistencies","164","paragraph","Review and reconcile:","Phase-level implementation evidence; exact statement requires direct confirmation","Safe implementation complete","Dynamic records and neutral fallbacks","Operating-fact owners","Phase implementation evidenced; external gate remains; item-level confirmation required"
"P03-L0166","3","Correct All Company-Wide Inconsistencies","166","bullet","Number of campuses","Phase-level implementation evidence; exact statement requires direct confirmation","Safe implementation complete","Dynamic records and neutral fallbacks","Operating-fact owners","Phase implementation evidenced; external gate remains; item-level confirmation required"
"P03-L0167","3","Correct All Company-Wide Inconsistencies","167","bullet","“24,” “24+,” “25,” “19+,” or any other number","Phase-level implementation evidence; exact statement requires direct confirmation","Safe implementation complete","Dynamic records and neutral fallbacks","Operating-fact owners","Phase implementation evidenced; external gate remains; item-level confirmation required"
"P03-L0168","3","Correct All Company-Wide Inconsistencies","168","bullet","Founding date","Phase-level implementation evidence; exact statement requires direct confirmation","Safe implementation complete","Dynamic records and neutral fallbacks","Operating-fact owners","Phase implementation evidenced; external gate remains; item-level confirmation required"
"P03-L0169","3","Correct All Company-Wide Inconsistencies","169","bullet","Growth history","Phase-level implementation evidence; exact statement requires direct confirmation","Safe implementation complete","Dynamic records and neutral fallbacks","Operating-fact owners","Phase implementation evidenced; external gate remains; item-level confirmation required"
"P03-L0170","3","Correct All Company-Wide Inconsistencies","170","bullet","Number of years in operation","Phase-level implementation evidence; exact statement requires direct confirmation","Safe implementation complete","Dynamic records and neutral fallbacks","Operating-fact owners","Phase implementation evidenced; external gate remains; item-level confirmation required"
"P03-L0171","3","Correct All Company-Wide Inconsistencies","171","bullet","Geographic service area","Phase-level implementation evidence; exact statement requires direct confirmation","Safe implementation complete","Dynamic records and neutral fallbacks","Operating-fact owners","Phase implementation evidenced; external gate remains; item-level confirmation required"
"P03-L0172","3","Correct All Company-Wide Inconsistencies","172","bullet","Family-owned positioning","Phase-level implementation evidence; exact statement requires direct confirmation","Safe implementation complete","Dynamic records and neutral fallbacks","Operating-fact owners","Phase implementation evidenced; external gate remains; item-level confirmation required"
"P03-L0173","3","Correct All Company-Wide Inconsistencies","173","bullet","Operating hours","Phase-level implementation evidence; exact statement requires direct confirmation","Safe implementation complete","Dynamic records and neutral fallbacks","Operating-fact owners","Phase implementation evidenced; external gate remains; item-level confirmation required"
"P03-L0174","3","Correct All Company-Wide Inconsistencies","174","bullet","Parent communication app","Phase-level implementation evidence; exact statement requires direct confirmation","Safe implementation complete","Dynamic records and neutral fallbacks","Operating-fact owners","Phase implementation evidenced; external gate remains; item-level confirmation required"
"P03-L0175","3","Correct All Company-Wide Inconsistencies","175","bullet","CAPS acceptance","Phase-level implementation evidence; exact statement requires direct confirmation","Safe implementation complete","Dynamic records and neutral fallbacks","Operating-fact owners","Phase implementation evidenced; external gate remains; item-level confirmation required"
"P03-L0176","3","Correct All Company-Wide Inconsistencies","176","bullet","GA Pre-K availability","Phase-level implementation evidence; exact statement requires direct confirmation","Safe implementation complete","Dynamic records and neutral fallbacks","Operating-fact owners","Phase implementation evidenced; external gate remains; item-level confirmation required"
"P03-L0177","3","Correct All Company-Wide Inconsistencies","177","bullet","Quality Rated language","Phase-level implementation evidence; exact statement requires direct confirmation","Safe implementation complete","Dynamic records and neutral fallbacks","Operating-fact owners","Phase implementation evidenced; external gate remains; item-level confirmation required"
"P03-L0178","3","Correct All Company-Wide Inconsistencies","178","bullet","NAEYC-related language","Phase-level implementation evidence; exact statement requires direct confirmation","Safe implementation complete","Dynamic records and neutral fallbacks","Operating-fact owners","Phase implementation evidenced; external gate remains; item-level confirmation required"
"P03-L0179","3","Correct All Company-Wide Inconsistencies","179","bullet","GAC accreditation language","Phase-level implementation evidence; exact statement requires direct confirmation","Safe implementation complete","Dynamic records and neutral fallbacks","Operating-fact owners","Phase implementation evidenced; external gate remains; item-level confirmation required"
"P03-L0180","3","Correct All Company-Wide Inconsistencies","180","bullet","Therapy services","Phase-level implementation evidence; exact statement requires direct confirmation","Safe implementation complete","Dynamic records and neutral fallbacks","Operating-fact owners","Phase implementation evidenced; external gate remains; item-level confirmation required"
"P03-L0181","3","Correct All Company-Wide Inconsistencies","181","bullet","Programs offered","Phase-level implementation evidence; exact statement requires direct confirmation","Safe implementation complete","Dynamic records and neutral fallbacks","Operating-fact owners","Phase implementation evidenced; external gate remains; item-level confirmation required"
"P03-L0182","3","Correct All Company-Wide Inconsistencies","182","bullet","Ages served","Phase-level implementation evidence; exact statement requires direct confirmation","Safe implementation complete","Dynamic records and neutral fallbacks","Operating-fact owners","Phase implementation evidenced; external gate remains; item-level confirmation required"
"P03-L0183","3","Correct All Company-Wide Inconsistencies","183","bullet","School transportation","Phase-level implementation evidence; exact statement requires direct confirmation","Safe implementation complete","Dynamic records and neutral fallbacks","Operating-fact owners","Phase implementation evidenced; external gate remains; item-level confirmation required"
"P03-L0184","3","Correct All Company-Wide Inconsistencies","184","bullet","Curriculum terminology","Phase-level implementation evidence; exact statement requires direct confirmation","Safe implementation complete","Dynamic records and neutral fallbacks","Operating-fact owners","Phase implementation evidenced; external gate remains; item-level confirmation required"
"P03-L0185","3","Correct All Company-Wide Inconsistencies","185","bullet","Campus amenities","Phase-level implementation evidence; exact statement requires direct confirmation","Safe implementation complete","Dynamic records and neutral fallbacks","Operating-fact owners","Phase implementation evidenced; external gate remains; item-level confirmation required"
"P03-L0187","3","Correct All Company-Wide Inconsistencies","187","paragraph","Use the following approved company story unless management supplies a newer version:","Phase-level implementation evidence; exact statement requires direct confirmation","Safe implementation complete","Dynamic records and neutral fallbacks","Operating-fact owners","Phase implementation evidenced; external gate remains; item-level confirmation required"
"P03-L0189","3","Correct All Company-Wide Inconsistencies","189","paragraph","“Founded in 2022 with one school in Canton, Chroma Early Learning Academy has grown into one of Georgia’s largest family-owned and operated early education providers, serving families through a growing network of campuses across Metro Atlanta and surrounding communities.”","Phase-level implementation evidence; exact statement requires direct confirmation","Safe implementation complete","Dynamic records and neutral fallbacks","Operating-fact owners","Phase implementation evidenced; external gate remains; item-level confirmation required"
"P03-L0191","3","Correct All Company-Wide Inconsistencies","191","paragraph","Update the exact campus count throughout the website using the current verified number.","Phase-level implementation evidence; exact statement requires direct confirmation","Safe implementation complete","Dynamic records and neutral fallbacks","Operating-fact owners","Phase implementation evidenced; external gate remains; item-level confirmation required"
"P03-L0193","3","Correct All Company-Wide Inconsistencies","193","paragraph","Do not use language such as “over the last decade” unless referring to the leadership team’s broader experience rather than Chroma’s operating history.","Phase-level implementation evidence; exact statement requires direct confirmation","Safe implementation complete","Dynamic records and neutral fallbacks","Operating-fact owners","Phase implementation evidenced; external gate remains; item-level confirmation required"
"P03-L0195","3","Correct All Company-Wide Inconsistencies","195","paragraph","Remove duplicated paragraphs from the About page.","Phase-level implementation evidence; exact statement requires direct confirmation","Safe implementation complete","Dynamic records and neutral fallbacks","Operating-fact owners","Phase implementation evidenced; external gate remains; item-level confirmation required"
"P03-L0197","3","Correct All Company-Wide Inconsistencies","197","paragraph","Resolve the parent-app inconsistency. The website must consistently name the currently used parent communication platform. Do not mention both Procare and Brightwheel unless there is an intentional transition explanation.","Phase-level implementation evidence; exact statement requires direct confirmation","Safe implementation complete","Dynamic records and neutral fallbacks","Operating-fact owners","Phase implementation evidenced; external gate remains; item-level confirmation required"
"P03-L0199","3","Correct All Company-Wide Inconsistencies","199","paragraph","Resolve operating-hour inconsistencies. Campus-specific hours should appear on campus pages. Company-wide policy pages should not state a closing time that conflicts with actual campus hours.","Phase-level implementation evidence; exact statement requires direct confirmation","Safe implementation complete","Dynamic records and neutral fallbacks","Operating-fact owners","Phase implementation evidenced; external gate remains; item-level confirmation required"
"P03-L0201","3","Correct All Company-Wide Inconsistencies","201","paragraph","Resolve CAPS language. Use accurate wording such as:","Phase-level implementation evidence; exact statement requires direct confirmation","Safe implementation complete","Dynamic records and neutral fallbacks","Operating-fact owners","Phase implementation evidenced; external gate remains; item-level confirmation required"
"P03-L0203","3","Correct All Company-Wide Inconsistencies","203","paragraph","“CAPS is accepted at participating Chroma campuses, subject to authorization, funding, program eligibility, and classroom availability.”","Phase-level implementation evidence; exact statement requires direct confirmation","Safe implementation complete","Dynamic records and neutral fallbacks","Operating-fact owners","Phase implementation evidenced; external gate remains; item-level confirmation required"
"P03-L0205","3","Correct All Company-Wide Inconsistencies","205","paragraph","Only use “all campuses accept CAPS” if that statement is verified.","Phase-level implementation evidence; exact statement requires direct confirmation","Safe implementation complete","Dynamic records and neutral fallbacks","Operating-fact owners","Phase implementation evidenced; external gate remains; item-level confirmation required"
"P04-L0209","4","Remove False or Misleading Community Pages","209","paragraph","Audit every community and city page.","Phase-level implementation evidence; exact statement requires direct confirmation","Complete","0 communities in current audited sitemap","Production redirect history","Phase implementation evidenced; external gate remains; item-level confirmation required"
"P04-L0211","4","Remove False or Misleading Community Pages","211","paragraph","Delete, redirect, rewrite, or noindex any page that:","Phase-level implementation evidence; exact statement requires direct confirmation","Complete","0 communities in current audited sitemap","Production redirect history","Phase implementation evidenced; external gate remains; item-level confirmation required"
"P04-L0213","4","Remove False or Misleading Community Pages","213","bullet","Claims Chroma has a campus in a city where it does not","Phase-level implementation evidence; exact statement requires direct confirmation","Complete","0 communities in current audited sitemap","Production redirect history","Phase implementation evidenced; external gate remains; item-level confirmation required"
"P04-L0214","4","Remove False or Misleading Community Pages","214","bullet","Describes a local facility that does not exist","Phase-level implementation evidence; exact statement requires direct confirmation","Complete","0 communities in current audited sitemap","Production redirect history","Phase implementation evidenced; external gate remains; item-level confirmation required"
"P04-L0215","4","Remove False or Misleading Community Pages","215","bullet","Invents local teachers, playgrounds, transportation, or programs","Phase-level implementation evidence; exact statement requires direct confirmation","Complete","0 communities in current audited sitemap","Production redirect history","Phase implementation evidenced; external gate remains; item-level confirmation required"
"P04-L0216","4","Remove False or Misleading Community Pages","216","bullet","Uses generic city swapping","Phase-level implementation evidence; exact statement requires direct confirmation","Complete","0 communities in current audited sitemap","Production redirect history","Phase implementation evidenced; external gate remains; item-level confirmation required"
"P04-L0217","4","Remove False or Misleading Community Pages","217","bullet","Exists only to rank for a location keyword","Phase-level implementation evidence; exact statement requires direct confirmation","Complete","0 communities in current audited sitemap","Production redirect history","Phase implementation evidenced; external gate remains; item-level confirmation required"
"P04-L0218","4","Remove False or Misleading Community Pages","218","bullet","Is not meaningfully helpful to a parent","Phase-level implementation evidence; exact statement requires direct confirmation","Complete","0 communities in current audited sitemap","Production redirect history","Phase implementation evidenced; external gate remains; item-level confirmation required"
"P04-L0219","4","Remove False or Misleading Community Pages","219","bullet","Duplicates another location page","Phase-level implementation evidence; exact statement requires direct confirmation","Complete","0 communities in current audited sitemap","Production redirect history","Phase implementation evidenced; external gate remains; item-level confirmation required"
"P04-L0221","4","Remove False or Misleading Community Pages","221","paragraph","Specifically review the LaFayette and Walker County content. Do not state or imply that Chroma operates a LaFayette campus unless a verified campus exists there.","Phase-level implementation evidence; exact statement requires direct confirmation","Complete","0 communities in current audited sitemap","Production redirect history","Phase implementation evidenced; external gate remains; item-level confirmation required"
"P04-L0223","4","Remove False or Misleading Community Pages","223","paragraph","For communities served by a nearby campus, use transparent wording:","Phase-level implementation evidence; exact statement requires direct confirmation","Complete","0 communities in current audited sitemap","Production redirect history","Phase implementation evidenced; external gate remains; item-level confirmation required"
"P04-L0225","4","Remove False or Misleading Community Pages","225","paragraph","“Chroma Early Learning Academy serves families from [community] through our nearby [campus name] location.”","Phase-level implementation evidence; exact statement requires direct confirmation","Complete","0 communities in current audited sitemap","Production redirect history","Phase implementation evidenced; external gate remains; item-level confirmation required"
"P04-L0227","4","Remove False or Misleading Community Pages","227","paragraph","State the realistic distance or service relationship only when verified.","Phase-level implementation evidence; exact statement requires direct confirmation","Complete","0 communities in current audited sitemap","Production redirect history","Phase implementation evidenced; external gate remains; item-level confirmation required"
"P04-L0229","4","Remove False or Misleading Community Pages","229","paragraph","Every local page must be attached to a real campus and provide useful, unique information.","Phase-level implementation evidence; exact statement requires direct confirmation","Complete","0 communities in current audited sitemap","Production redirect history","Phase implementation evidenced; external gate remains; item-level confirmation required"
"P05-L0233","5","Complete Professional Copyediting","233","paragraph","Proofread every visible and hidden content element.","Phase-level implementation evidence; exact statement requires direct confirmation","Theme/indexed signals complete","0 duplicates, thin pages, or no-CTA pages","Human editorial/legal signoff","Phase implementation evidenced; external gate remains; item-level confirmation required"
"P05-L0235","5","Complete Professional Copyediting","235","paragraph","Correct all:","Phase-level implementation evidence; exact statement requires direct confirmation","Theme/indexed signals complete","0 duplicates, thin pages, or no-CTA pages","Human editorial/legal signoff","Phase implementation evidenced; external gate remains; item-level confirmation required"
"P05-L0237","5","Complete Professional Copyediting","237","bullet","Spelling","Phase-level implementation evidence; exact statement requires direct confirmation","Theme/indexed signals complete","0 duplicates, thin pages, or no-CTA pages","Human editorial/legal signoff","Phase implementation evidenced; external gate remains; item-level confirmation required"
"P05-L0238","5","Complete Professional Copyediting","238","bullet","Grammar","Phase-level implementation evidence; exact statement requires direct confirmation","Theme/indexed signals complete","0 duplicates, thin pages, or no-CTA pages","Human editorial/legal signoff","Phase implementation evidenced; external gate remains; item-level confirmation required"
"P05-L0239","5","Complete Professional Copyediting","239","bullet","Punctuation","Phase-level implementation evidence; exact statement requires direct confirmation","Theme/indexed signals complete","0 duplicates, thin pages, or no-CTA pages","Human editorial/legal signoff","Phase implementation evidenced; external gate remains; item-level confirmation required"
"P05-L0240","5","Complete Professional Copyediting","240","bullet","Capitalization","Phase-level implementation evidence; exact statement requires direct confirmation","Theme/indexed signals complete","0 duplicates, thin pages, or no-CTA pages","Human editorial/legal signoff","Phase implementation evidenced; external gate remains; item-level confirmation required"
"P05-L0241","5","Complete Professional Copyediting","241","bullet","Singular/plural errors","Phase-level implementation evidence; exact statement requires direct confirmation","Theme/indexed signals complete","0 duplicates, thin pages, or no-CTA pages","Human editorial/legal signoff","Phase implementation evidenced; external gate remains; item-level confirmation required"
"P05-L0242","5","Complete Professional Copyediting","242","bullet","Inconsistent hyphenation","Phase-level implementation evidence; exact statement requires direct confirmation","Theme/indexed signals complete","0 duplicates, thin pages, or no-CTA pages","Human editorial/legal signoff","Phase implementation evidenced; external gate remains; item-level confirmation required"
"P05-L0243","5","Complete Professional Copyediting","243","bullet","Incorrect age formatting","Phase-level implementation evidence; exact statement requires direct confirmation","Theme/indexed signals complete","0 duplicates, thin pages, or no-CTA pages","Human editorial/legal signoff","Phase implementation evidenced; external gate remains; item-level confirmation required"
"P05-L0244","5","Complete Professional Copyediting","244","bullet","Broken sentences","Phase-level implementation evidence; exact statement requires direct confirmation","Theme/indexed signals complete","0 duplicates, thin pages, or no-CTA pages","Human editorial/legal signoff","Phase implementation evidenced; external gate remains; item-level confirmation required"
"P05-L0245","5","Complete Professional Copyediting","245","bullet","Repeated words","Phase-level implementation evidence; exact statement requires direct confirmation","Theme/indexed signals complete","0 duplicates, thin pages, or no-CTA pages","Human editorial/legal signoff","Phase implementation evidenced; external gate remains; item-level confirmation required"
"P05-L0246","5","Complete Professional Copyediting","246","bullet","Awkward AI-style language","Phase-level implementation evidence; exact statement requires direct confirmation","Theme/indexed signals complete","0 duplicates, thin pages, or no-CTA pages","Human editorial/legal signoff","Phase implementation evidenced; external gate remains; item-level confirmation required"
"P05-L0247","5","Complete Professional Copyediting","247","bullet","Unsupported superlatives","Phase-level implementation evidence; exact statement requires direct confirmation","Theme/indexed signals complete","0 duplicates, thin pages, or no-CTA pages","Human editorial/legal signoff","Phase implementation evidenced; external gate remains; item-level confirmation required"
"P05-L0248","5","Complete Professional Copyediting","248","bullet","Repetitive brand-name insertion","Phase-level implementation evidence; exact statement requires direct confirmation","Theme/indexed signals complete","0 duplicates, thin pages, or no-CTA pages","Human editorial/legal signoff","Phase implementation evidenced; external gate remains; item-level confirmation required"
"P05-L0249","5","Complete Professional Copyediting","249","bullet","Inconsistent CTA labels","Phase-level implementation evidence; exact statement requires direct confirmation","Theme/indexed signals complete","0 duplicates, thin pages, or no-CTA pages","Human editorial/legal signoff","Phase implementation evidenced; external gate remains; item-level confirmation required"
"P05-L0250","5","Complete Professional Copyediting","250","bullet","Formatting errors","Phase-level implementation evidence; exact statement requires direct confirmation","Theme/indexed signals complete","0 duplicates, thin pages, or no-CTA pages","Human editorial/legal signoff","Phase implementation evidenced; external gate remains; item-level confirmation required"
"P05-L0252","5","Complete Professional Copyediting","252","paragraph","Correct known examples, including:","Phase-level implementation evidence; exact statement requires direct confirmation","Theme/indexed signals complete","0 duplicates, thin pages, or no-CTA pages","Human editorial/legal signoff","Phase implementation evidenced; external gate remains; item-level confirmation required"
"P05-L0254","5","Complete Professional Copyediting","254","bullet","“abour” to “about”","Phase-level implementation evidence; exact statement requires direct confirmation","Theme/indexed signals complete","0 duplicates, thin pages, or no-CTA pages","Human editorial/legal signoff","Phase implementation evidenced; external gate remains; item-level confirmation required"
"P05-L0255","5","Complete Professional Copyediting","255","bullet","“Rythm” to “Rhythm”","Phase-level implementation evidence; exact statement requires direct confirmation","Theme/indexed signals complete","0 duplicates, thin pages, or no-CTA pages","Human editorial/legal signoff","Phase implementation evidenced; external gate remains; item-level confirmation required"
"P05-L0256","5","Complete Professional Copyediting","256","bullet","“Maintainence” to “Maintenance”","Phase-level implementation evidence; exact statement requires direct confirmation","Theme/indexed signals complete","0 duplicates, thin pages, or no-CTA pages","Human editorial/legal signoff","Phase implementation evidenced; external gate remains; item-level confirmation required"
"P05-L0257","5","Complete Professional Copyediting","257","bullet","“24 Months to 36 Month” to a consistent age format","Phase-level implementation evidence; exact statement requires direct confirmation","Theme/indexed signals complete","0 duplicates, thin pages, or no-CTA pages","Human editorial/legal signoff","Phase implementation evidenced; external gate remains; item-level confirmation required"
"P05-L0258","5","Complete Professional Copyediting","258","bullet","“Non walker” to “Non-walker”","Phase-level implementation evidence; exact statement requires direct confirmation","Theme/indexed signals complete","0 duplicates, thin pages, or no-CTA pages","Human editorial/legal signoff","Phase implementation evidenced; external gate remains; item-level confirmation required"
"P05-L0259","5","Complete Professional Copyediting","259","bullet","“Teaching has always been my passion.s”","Phase-level implementation evidence; exact statement requires direct confirmation","Theme/indexed signals complete","0 duplicates, thin pages, or no-CTA pages","Human editorial/legal signoff","Phase implementation evidenced; external gate remains; item-level confirmation required"
"P05-L0260","5","Complete Professional Copyediting","260","bullet","Duplicate “Stories” footer items","Phase-level implementation evidence; exact statement requires direct confirmation","Theme/indexed signals complete","0 duplicates, thin pages, or no-CTA pages","Human editorial/legal signoff","Phase implementation evidenced; external gate remains; item-level confirmation required"
"P05-L0261","5","Complete Professional Copyediting","261","bullet","Inconsistent “3Yr - 4Yr” formatting","Phase-level implementation evidence; exact statement requires direct confirmation","Theme/indexed signals complete","0 duplicates, thin pages, or no-CTA pages","Human editorial/legal signoff","Phase implementation evidenced; external gate remains; item-level confirmation required"
"P05-L0263","5","Complete Professional Copyediting","263","paragraph","Standardize age labels across the website. Use a format such as:","Phase-level implementation evidence; exact statement requires direct confirmation","Theme/indexed signals complete","0 duplicates, thin pages, or no-CTA pages","Human editorial/legal signoff","Phase implementation evidenced; external gate remains; item-level confirmation required"
"P05-L0265","5","Complete Professional Copyediting","265","bullet","6 weeks–15 months","Phase-level implementation evidence; exact statement requires direct confirmation","Theme/indexed signals complete","0 duplicates, thin pages, or no-CTA pages","Human editorial/legal signoff","Phase implementation evidenced; external gate remains; item-level confirmation required"
"P05-L0266","5","Complete Professional Copyediting","266","bullet","12–24 months","Phase-level implementation evidence; exact statement requires direct confirmation","Theme/indexed signals complete","0 duplicates, thin pages, or no-CTA pages","Human editorial/legal signoff","Phase implementation evidenced; external gate remains; item-level confirmation required"
"P05-L0267","5","Complete Professional Copyediting","267","bullet","2–3 years","Phase-level implementation evidence; exact statement requires direct confirmation","Theme/indexed signals complete","0 duplicates, thin pages, or no-CTA pages","Human editorial/legal signoff","Phase implementation evidenced; external gate remains; item-level confirmation required"
"P05-L0268","5","Complete Professional Copyediting","268","bullet","3–4 years","Phase-level implementation evidence; exact statement requires direct confirmation","Theme/indexed signals complete","0 duplicates, thin pages, or no-CTA pages","Human editorial/legal signoff","Phase implementation evidenced; external gate remains; item-level confirmation required"
"P05-L0269","5","Complete Professional Copyediting","269","bullet","4–5 years","Phase-level implementation evidence; exact statement requires direct confirmation","Theme/indexed signals complete","0 duplicates, thin pages, or no-CTA pages","Human editorial/legal signoff","Phase implementation evidenced; external gate remains; item-level confirmation required"
"P05-L0270","5","Complete Professional Copyediting","270","bullet","5–12 years","Phase-level implementation evidence; exact statement requires direct confirmation","Theme/indexed signals complete","0 duplicates, thin pages, or no-CTA pages","Human editorial/legal signoff","Phase implementation evidenced; external gate remains; item-level confirmation required"
"P05-L0272","5","Complete Professional Copyediting","272","paragraph","Use en dashes consistently.","Phase-level implementation evidence; exact statement requires direct confirmation","Theme/indexed signals complete","0 duplicates, thin pages, or no-CTA pages","Human editorial/legal signoff","Phase implementation evidenced; external gate remains; item-level confirmation required"
"P05-L0274","5","Complete Professional Copyediting","274","paragraph","Keep the voice:","Phase-level implementation evidence; exact statement requires direct confirmation","Theme/indexed signals complete","0 duplicates, thin pages, or no-CTA pages","Human editorial/legal signoff","Phase implementation evidenced; external gate remains; item-level confirmation required"
"P05-L0276","5","Complete Professional Copyediting","276","bullet","Warm","Phase-level implementation evidence; exact statement requires direct confirmation","Theme/indexed signals complete","0 duplicates, thin pages, or no-CTA pages","Human editorial/legal signoff","Phase implementation evidenced; external gate remains; item-level confirmation required"
"P05-L0277","5","Complete Professional Copyediting","277","bullet","Confident","Phase-level implementation evidence; exact statement requires direct confirmation","Theme/indexed signals complete","0 duplicates, thin pages, or no-CTA pages","Human editorial/legal signoff","Phase implementation evidenced; external gate remains; item-level confirmation required"
"P05-L0278","5","Complete Professional Copyediting","278","bullet","Sophisticated","Phase-level implementation evidence; exact statement requires direct confirmation","Theme/indexed signals complete","0 duplicates, thin pages, or no-CTA pages","Human editorial/legal signoff","Phase implementation evidenced; external gate remains; item-level confirmation required"
"P05-L0279","5","Complete Professional Copyediting","279","bullet","Parent-friendly","Phase-level implementation evidence; exact statement requires direct confirmation","Theme/indexed signals complete","0 duplicates, thin pages, or no-CTA pages","Human editorial/legal signoff","Phase implementation evidenced; external gate remains; item-level confirmation required"
"P05-L0280","5","Complete Professional Copyediting","280","bullet","Clear","Phase-level implementation evidence; exact statement requires direct confirmation","Theme/indexed signals complete","0 duplicates, thin pages, or no-CTA pages","Human editorial/legal signoff","Phase implementation evidenced; external gate remains; item-level confirmation required"
"P05-L0281","5","Complete Professional Copyediting","281","bullet","Evidence-based","Phase-level implementation evidence; exact statement requires direct confirmation","Theme/indexed signals complete","0 duplicates, thin pages, or no-CTA pages","Human editorial/legal signoff","Phase implementation evidenced; external gate remains; item-level confirmation required"
"P05-L0282","5","Complete Professional Copyediting","282","bullet","Never overly corporate","Phase-level implementation evidence; exact statement requires direct confirmation","Theme/indexed signals complete","0 duplicates, thin pages, or no-CTA pages","Human editorial/legal signoff","Phase implementation evidenced; external gate remains; item-level confirmation required"
"P05-L0283","5","Complete Professional Copyediting","283","bullet","Never childish","Phase-level implementation evidence; exact statement requires direct confirmation","Theme/indexed signals complete","0 duplicates, thin pages, or no-CTA pages","Human editorial/legal signoff","Phase implementation evidenced; external gate remains; item-level confirmation required"
"P05-L0284","5","Complete Professional Copyediting","284","bullet","Never filled with education jargon without explanation","Phase-level implementation evidence; exact statement requires direct confirmation","Theme/indexed signals complete","0 duplicates, thin pages, or no-CTA pages","Human editorial/legal signoff","Phase implementation evidenced; external gate remains; item-level confirmation required"
"P06-L0288","6","Improve Homepage Conversion","288","paragraph","The homepage must answer these parent questions within seconds:","Phase-level implementation evidence; exact statement requires direct confirmation","Complete","Home route passed desktop/tablet/mobile and interactions","Analytics/trust sources","Phase implementation evidenced; external gate remains; item-level confirmation required"
"P06-L0290","6","Improve Homepage Conversion","290","numbered","What is Chroma?","Phase-level implementation evidence; exact statement requires direct confirmation","Complete","Home route passed desktop/tablet/mobile and interactions","Analytics/trust sources","Phase implementation evidenced; external gate remains; item-level confirmation required"
"P06-L0291","6","Improve Homepage Conversion","291","numbered","Why is it different?","Phase-level implementation evidence; exact statement requires direct confirmation","Complete","Home route passed desktop/tablet/mobile and interactions","Analytics/trust sources","Phase implementation evidenced; external gate remains; item-level confirmation required"
"P06-L0292","6","Improve Homepage Conversion","292","numbered","Is there a campus near me?","Phase-level implementation evidence; exact statement requires direct confirmation","Complete","Home route passed desktop/tablet/mobile and interactions","Analytics/trust sources","Phase implementation evidenced; external gate remains; item-level confirmation required"
"P06-L0293","6","Improve Homepage Conversion","293","numbered","What ages and programs are offered?","Phase-level implementation evidence; exact statement requires direct confirmation","Complete","Home route passed desktop/tablet/mobile and interactions","Analytics/trust sources","Phase implementation evidenced; external gate remains; item-level confirmation required"
"P06-L0294","6","Improve Homepage Conversion","294","numbered","Can I trust Chroma?","Phase-level implementation evidence; exact statement requires direct confirmation","Complete","Home route passed desktop/tablet/mobile and interactions","Analytics/trust sources","Phase implementation evidenced; external gate remains; item-level confirmation required"
"P06-L0295","6","Improve Homepage Conversion","295","numbered","What should I do next?","Phase-level implementation evidence; exact statement requires direct confirmation","Complete","Home route passed desktop/tablet/mobile and interactions","Analytics/trust sources","Phase implementation evidenced; external gate remains; item-level confirmation required"
"P06-L0297","6","Improve Homepage Conversion","297","paragraph","Recommended homepage structure:","Phase-level implementation evidence; exact statement requires direct confirmation","Complete","Home route passed desktop/tablet/mobile and interactions","Analytics/trust sources","Phase implementation evidenced; external gate remains; item-level confirmation required"
"P06-L0301","6","Section 1: Hero","301","paragraph","Maintain the core brand statement:","Phase-level implementation evidence; exact statement requires direct confirmation","Complete","Home route passed desktop/tablet/mobile and interactions","Analytics/trust sources","Phase implementation evidenced; external gate remains; item-level confirmation required"
"P06-L0303","6","Section 1: Hero","303","paragraph","“The Art of Growing Up”","Phase-level implementation evidence; exact statement requires direct confirmation","Complete","Home route passed desktop/tablet/mobile and interactions","Analytics/trust sources","Phase implementation evidenced; external gate remains; item-level confirmation required"
"P06-L0305","6","Section 1: Hero","305","paragraph","Support it with a concise value proposition that communicates:","Phase-level implementation evidence; exact statement requires direct confirmation","Complete","Home route passed desktop/tablet/mobile and interactions","Analytics/trust sources","Phase implementation evidenced; external gate remains; item-level confirmation required"
"P06-L0307","6","Section 1: Hero","307","bullet","Whole-child education","Phase-level implementation evidence; exact statement requires direct confirmation","Complete","Home route passed desktop/tablet/mobile and interactions","Analytics/trust sources","Phase implementation evidenced; external gate remains; item-level confirmation required"
"P06-L0308","6","Section 1: Hero","308","bullet","Personalized learning","Phase-level implementation evidence; exact statement requires direct confirmation","Complete","Home route passed desktop/tablet/mobile and interactions","Analytics/trust sources","Phase implementation evidenced; external gate remains; item-level confirmation required"
"P06-L0309","6","Section 1: Hero","309","bullet","Warm and nurturing care","Phase-level implementation evidence; exact statement requires direct confirmation","Complete","Home route passed desktop/tablet/mobile and interactions","Analytics/trust sources","Phase implementation evidenced; external gate remains; item-level confirmation required"
"P06-L0310","6","Section 1: Hero","310","bullet","Multiple Georgia campuses","Phase-level implementation evidence; exact statement requires direct confirmation","Complete","Home route passed desktop/tablet/mobile and interactions","Analytics/trust sources","Phase implementation evidenced; external gate remains; item-level confirmation required"
"P06-L0311","6","Section 1: Hero","311","bullet","Infant through school-age programs","Phase-level implementation evidence; exact statement requires direct confirmation","Complete","Home route passed desktop/tablet/mobile and interactions","Analytics/trust sources","Phase implementation evidenced; external gate remains; item-level confirmation required"
"P06-L0313","6","Section 1: Hero","313","paragraph","Primary CTA:","Phase-level implementation evidence; exact statement requires direct confirmation","Complete","Home route passed desktop/tablet/mobile and interactions","Analytics/trust sources","Phase implementation evidenced; external gate remains; item-level confirmation required"
"P06-L0315","6","Section 1: Hero","315","paragraph","“Schedule a Tour”","Phase-level implementation evidence; exact statement requires direct confirmation","Complete","Home route passed desktop/tablet/mobile and interactions","Analytics/trust sources","Phase implementation evidenced; external gate remains; item-level confirmation required"
"P06-L0317","6","Section 1: Hero","317","paragraph","Secondary CTA:","Phase-level implementation evidence; exact statement requires direct confirmation","Complete","Home route passed desktop/tablet/mobile and interactions","Analytics/trust sources","Phase implementation evidenced; external gate remains; item-level confirmation required"
"P06-L0319","6","Section 1: Hero","319","paragraph","“Find Your Chroma Campus”","Phase-level implementation evidence; exact statement requires direct confirmation","Complete","Home route passed desktop/tablet/mobile and interactions","Analytics/trust sources","Phase implementation evidenced; external gate remains; item-level confirmation required"
"P06-L0321","6","Section 1: Hero","321","paragraph","Do not overload the hero with too many buttons or claims.","Phase-level implementation evidence; exact statement requires direct confirmation","Complete","Home route passed desktop/tablet/mobile and interactions","Analytics/trust sources","Phase implementation evidenced; external gate remains; item-level confirmation required"
"P06-L0325","6","Section 2: Trust Strip","325","paragraph","Present verified credibility indicators, such as:","Phase-level implementation evidence; exact statement requires direct confirmation","Complete","Home route passed desktop/tablet/mobile and interactions","Analytics/trust sources","Phase implementation evidenced; external gate remains; item-level confirmation required"
"P06-L0327","6","Section 2: Trust Strip","327","bullet","Family-owned and operated","Phase-level implementation evidence; exact statement requires direct confirmation","Complete","Home route passed desktop/tablet/mobile and interactions","Analytics/trust sources","Phase implementation evidenced; external gate remains; item-level confirmation required"
"P06-L0328","6","Section 2: Trust Strip","328","bullet","Licensed childcare provider","Phase-level implementation evidence; exact statement requires direct confirmation","Complete","Home route passed desktop/tablet/mobile and interactions","Analytics/trust sources","Phase implementation evidenced; external gate remains; item-level confirmation required"
"P06-L0329","6","Section 2: Trust Strip","329","bullet","GA Pre-K partner","Phase-level implementation evidence; exact statement requires direct confirmation","Complete","Home route passed desktop/tablet/mobile and interactions","Analytics/trust sources","Phase implementation evidenced; external gate remains; item-level confirmation required"
"P06-L0330","6","Section 2: Trust Strip","330","bullet","Quality Rated participation","Phase-level implementation evidence; exact statement requires direct confirmation","Complete","Home route passed desktop/tablet/mobile and interactions","Analytics/trust sources","Phase implementation evidenced; external gate remains; item-level confirmation required"
"P06-L0331","6","Section 2: Trust Strip","331","bullet","Accreditation or recognition","Phase-level implementation evidence; exact statement requires direct confirmation","Complete","Home route passed desktop/tablet/mobile and interactions","Analytics/trust sources","Phase implementation evidenced; external gate remains; item-level confirmation required"
"P06-L0332","6","Section 2: Trust Strip","332","bullet","Parent rating and review count","Phase-level implementation evidence; exact statement requires direct confirmation","Complete","Home route passed desktop/tablet/mobile and interactions","Analytics/trust sources","Phase implementation evidenced; external gate remains; item-level confirmation required"
"P06-L0333","6","Section 2: Trust Strip","333","bullet","Number of campuses","Phase-level implementation evidence; exact statement requires direct confirmation","Complete","Home route passed desktop/tablet/mobile and interactions","Analytics/trust sources","Phase implementation evidenced; external gate remains; item-level confirmation required"
"P06-L0335","6","Section 2: Trust Strip","335","paragraph","Every item must link to an explanation where appropriate.","Phase-level implementation evidence; exact statement requires direct confirmation","Complete","Home route passed desktop/tablet/mobile and interactions","Analytics/trust sources","Phase implementation evidenced; external gate remains; item-level confirmation required"
"P06-L0339","6","Section 3: Why Chroma","339","paragraph","Explain the difference between Chroma and ordinary childcare:","Phase-level implementation evidence; exact statement requires direct confirmation","Complete","Home route passed desktop/tablet/mobile and interactions","Analytics/trust sources","Phase implementation evidenced; external gate remains; item-level confirmation required"
"P06-L0341","6","Section 3: Why Chroma","341","bullet","PrismPath","Phase-level implementation evidence; exact statement requires direct confirmation","Complete","Home route passed desktop/tablet/mobile and interactions","Analytics/trust sources","Phase implementation evidenced; external gate remains; item-level confirmation required"
"P06-L0342","6","Section 3: Why Chroma","342","bullet","Curriculum Studio","Phase-level implementation evidence; exact statement requires direct confirmation","Complete","Home route passed desktop/tablet/mobile and interactions","Analytics/trust sources","Phase implementation evidenced; external gate remains; item-level confirmation required"
"P06-L0343","6","Section 3: Why Chroma","343","bullet","Supported teachers","Phase-level implementation evidence; exact statement requires direct confirmation","Complete","Home route passed desktop/tablet/mobile and interactions","Analytics/trust sources","Phase implementation evidenced; external gate remains; item-level confirmation required"
"P06-L0344","6","Section 3: Why Chroma","344","bullet","Connected learning continuum","Phase-level implementation evidence; exact statement requires direct confirmation","Complete","Home route passed desktop/tablet/mobile and interactions","Analytics/trust sources","Phase implementation evidenced; external gate remains; item-level confirmation required"
"P06-L0345","6","Section 3: Why Chroma","345","bullet","Safe, consistent environments","Phase-level implementation evidence; exact statement requires direct confirmation","Complete","Home route passed desktop/tablet/mobile and interactions","Analytics/trust sources","Phase implementation evidenced; external gate remains; item-level confirmation required"
"P06-L0346","6","Section 3: Why Chroma","346","bullet","Family partnership","Phase-level implementation evidence; exact statement requires direct confirmation","Complete","Home route passed desktop/tablet/mobile and interactions","Analytics/trust sources","Phase implementation evidenced; external gate remains; item-level confirmation required"
"P06-L0350","6","Section 4: PrismPath","350","paragraph","Show the five whole-child pillars:","Phase-level implementation evidence; exact statement requires direct confirmation","Complete","Home route passed desktop/tablet/mobile and interactions","Analytics/trust sources","Phase implementation evidenced; external gate remains; item-level confirmation required"
"P06-L0352","6","Section 4: PrismPath","352","bullet","Physical","Phase-level implementation evidence; exact statement requires direct confirmation","Complete","Home route passed desktop/tablet/mobile and interactions","Analytics/trust sources","Phase implementation evidenced; external gate remains; item-level confirmation required"
"P06-L0353","6","Section 4: PrismPath","353","bullet","Emotional","Phase-level implementation evidence; exact statement requires direct confirmation","Complete","Home route passed desktop/tablet/mobile and interactions","Analytics/trust sources","Phase implementation evidenced; external gate remains; item-level confirmation required"
"P06-L0354","6","Section 4: PrismPath","354","bullet","Social","Phase-level implementation evidence; exact statement requires direct confirmation","Complete","Home route passed desktop/tablet/mobile and interactions","Analytics/trust sources","Phase implementation evidenced; external gate remains; item-level confirmation required"
"P06-L0355","6","Section 4: PrismPath","355","bullet","Academic","Phase-level implementation evidence; exact statement requires direct confirmation","Complete","Home route passed desktop/tablet/mobile and interactions","Analytics/trust sources","Phase implementation evidenced; external gate remains; item-level confirmation required"
"P06-L0356","6","Section 4: PrismPath","356","bullet","Creative","Phase-level implementation evidence; exact statement requires direct confirmation","Complete","Home route passed desktop/tablet/mobile and interactions","Analytics/trust sources","Phase implementation evidenced; external gate remains; item-level confirmation required"
"P06-L0358","6","Section 4: PrismPath","358","paragraph","Use a strong visual presentation without overcrowding.","Phase-level implementation evidence; exact statement requires direct confirmation","Complete","Home route passed desktop/tablet/mobile and interactions","Analytics/trust sources","Phase implementation evidenced; external gate remains; item-level confirmation required"
"P06-L0362","6","Section 5: Introduced Early, Deepened Over Time","362","paragraph","Explain the learning continuum with one highly understandable example.","Phase-level implementation evidence; exact statement requires direct confirmation","Complete","Home route passed desktop/tablet/mobile and interactions","Analytics/trust sources","Phase implementation evidenced; external gate remains; item-level confirmation required"
"P06-L0364","6","Section 5: Introduced Early, Deepened Over Time","364","paragraph","Example:","Phase-level implementation evidence; exact statement requires direct confirmation","Complete","Home route passed desktop/tablet/mobile and interactions","Analytics/trust sources","Phase implementation evidenced; external gate remains; item-level confirmation required"
"P06-L0366","6","Section 5: Introduced Early, Deepened Over Time","366","bullet","Infants hear songs, sounds, and alphabet language.","Phase-level implementation evidence; exact statement requires direct confirmation","Complete","Home route passed desktop/tablet/mobile and interactions","Analytics/trust sources","Phase implementation evidenced; external gate remains; item-level confirmation required"
"P06-L0367","6","Section 5: Introduced Early, Deepened Over Time","367","bullet","Toddlers begin identifying sounds and symbols.","Phase-level implementation evidence; exact statement requires direct confirmation","Complete","Home route passed desktop/tablet/mobile and interactions","Analytics/trust sources","Phase implementation evidenced; external gate remains; item-level confirmation required"
"P06-L0368","6","Section 5: Introduced Early, Deepened Over Time","368","bullet","Preschoolers connect letters with sounds and words.","Phase-level implementation evidence; exact statement requires direct confirmation","Complete","Home route passed desktop/tablet/mobile and interactions","Analytics/trust sources","Phase implementation evidenced; external gate remains; item-level confirmation required"
"P06-L0369","6","Section 5: Introduced Early, Deepened Over Time","369","bullet","Pre-K children develop phonological awareness and early phonics.","Phase-level implementation evidence; exact statement requires direct confirmation","Complete","Home route passed desktop/tablet/mobile and interactions","Analytics/trust sources","Phase implementation evidenced; external gate remains; item-level confirmation required"
"P06-L0370","6","Section 5: Introduced Early, Deepened Over Time","370","bullet","Kindergarten learners apply phonics to reading and writing.","Phase-level implementation evidence; exact statement requires direct confirmation","Complete","Home route passed desktop/tablet/mobile and interactions","Analytics/trust sources","Phase implementation evidenced; external gate remains; item-level confirmation required"
"P06-L0372","6","Section 5: Introduced Early, Deepened Over Time","372","paragraph","Avoid implying formal academic instruction is imposed on infants. Emphasize age-appropriate exposure and developmental progression.","Phase-level implementation evidence; exact statement requires direct confirmation","Complete","Home route passed desktop/tablet/mobile and interactions","Analytics/trust sources","Phase implementation evidenced; external gate remains; item-level confirmation required"
"P06-L0376","6","Section 6: Curriculum Studio","376","paragraph","Give Curriculum Studio its own prominent homepage section.","Phase-level implementation evidence; exact statement requires direct confirmation","Complete","Home route passed desktop/tablet/mobile and interactions","Analytics/trust sources","Phase implementation evidenced; external gate remains; item-level confirmation required"
"P06-L0378","6","Section 6: Curriculum Studio","378","paragraph","Explain that it:","Phase-level implementation evidence; exact statement requires direct confirmation","Complete","Home route passed desktop/tablet/mobile and interactions","Analytics/trust sources","Phase implementation evidenced; external gate remains; item-level confirmation required"
"P06-L0380","6","Section 6: Curriculum Studio","380","bullet","Uses parent insights and developmental screening responses","Phase-level implementation evidence; exact statement requires direct confirmation","Complete","Home route passed desktop/tablet/mobile and interactions","Analytics/trust sources","Phase implementation evidenced; external gate remains; item-level confirmation required"
"P06-L0381","6","Section 6: Curriculum Studio","381","bullet","Incorporates teacher observations and classroom notes","Phase-level implementation evidence; exact statement requires direct confirmation","Complete","Home route passed desktop/tablet/mobile and interactions","Analytics/trust sources","Phase implementation evidenced; external gate remains; item-level confirmation required"
"P06-L0382","6","Section 6: Curriculum Studio","382","bullet","Helps identify classroom and individual learning needs","Phase-level implementation evidence; exact statement requires direct confirmation","Complete","Home route passed desktop/tablet/mobile and interactions","Analytics/trust sources","Phase implementation evidenced; external gate remains; item-level confirmation required"
"P06-L0383","6","Section 6: Curriculum Studio","383","bullet","Supports individualized lesson-planning decisions","Phase-level implementation evidence; exact statement requires direct confirmation","Complete","Home route passed desktop/tablet/mobile and interactions","Analytics/trust sources","Phase implementation evidenced; external gate remains; item-level confirmation required"
"P06-L0384","6","Section 6: Curriculum Studio","384","bullet","Helps teacher trainers and the education team provide targeted coaching","Phase-level implementation evidence; exact statement requires direct confirmation","Complete","Home route passed desktop/tablet/mobile and interactions","Analytics/trust sources","Phase implementation evidenced; external gate remains; item-level confirmation required"
"P06-L0385","6","Section 6: Curriculum Studio","385","bullet","Strengthens consistency across Chroma campuses","Phase-level implementation evidence; exact statement requires direct confirmation","Complete","Home route passed desktop/tablet/mobile and interactions","Analytics/trust sources","Phase implementation evidenced; external gate remains; item-level confirmation required"
"P06-L0387","6","Section 6: Curriculum Studio","387","paragraph","Use actual interface images or carefully designed product mockups only if approved.","Phase-level implementation evidence; exact statement requires direct confirmation","Complete","Home route passed desktop/tablet/mobile and interactions","Analytics/trust sources","Phase implementation evidenced; external gate remains; item-level confirmation required"
"P06-L0389","6","Section 6: Curriculum Studio","389","paragraph","Do not overstate artificial intelligence or automation capabilities unless verified.","Phase-level implementation evidence; exact statement requires direct confirmation","Complete","Home route passed desktop/tablet/mobile and interactions","Analytics/trust sources","Phase implementation evidenced; external gate remains; item-level confirmation required"
"P06-L0393","6","Section 7: Programs","393","paragraph","Provide clear pathways to:","Phase-level implementation evidence; exact statement requires direct confirmation","Complete","Home route passed desktop/tablet/mobile and interactions","Analytics/trust sources","Phase implementation evidenced; external gate remains; item-level confirmation required"
"P06-L0395","6","Section 7: Programs","395","bullet","Infant Care","Phase-level implementation evidence; exact statement requires direct confirmation","Complete","Home route passed desktop/tablet/mobile and interactions","Analytics/trust sources","Phase implementation evidenced; external gate remains; item-level confirmation required"
"P06-L0396","6","Section 7: Programs","396","bullet","Toddler Care","Phase-level implementation evidence; exact statement requires direct confirmation","Complete","Home route passed desktop/tablet/mobile and interactions","Analytics/trust sources","Phase implementation evidenced; external gate remains; item-level confirmation required"
"P06-L0397","6","Section 7: Programs","397","bullet","Preschool","Phase-level implementation evidence; exact statement requires direct confirmation","Complete","Home route passed desktop/tablet/mobile and interactions","Analytics/trust sources","Phase implementation evidenced; external gate remains; item-level confirmation required"
"P06-L0398","6","Section 7: Programs","398","bullet","Pre-K Prep","Phase-level implementation evidence; exact statement requires direct confirmation","Complete","Home route passed desktop/tablet/mobile and interactions","Analytics/trust sources","Phase implementation evidenced; external gate remains; item-level confirmation required"
"P06-L0399","6","Section 7: Programs","399","bullet","GA Pre-K","Phase-level implementation evidence; exact statement requires direct confirmation","Complete","Home route passed desktop/tablet/mobile and interactions","Analytics/trust sources","Phase implementation evidenced; external gate remains; item-level confirmation required"
"P06-L0400","6","Section 7: Programs","400","bullet","Private Kindergarten","Phase-level implementation evidence; exact statement requires direct confirmation","Complete","Home route passed desktop/tablet/mobile and interactions","Analytics/trust sources","Phase implementation evidenced; external gate remains; item-level confirmation required"
"P06-L0401","6","Section 7: Programs","401","bullet","Before and After School","Phase-level implementation evidence; exact statement requires direct confirmation","Complete","Home route passed desktop/tablet/mobile and interactions","Analytics/trust sources","Phase implementation evidenced; external gate remains; item-level confirmation required"
"P06-L0402","6","Section 7: Programs","402","bullet","Summer Camp","Phase-level implementation evidence; exact statement requires direct confirmation","Complete","Home route passed desktop/tablet/mobile and interactions","Analytics/trust sources","Phase implementation evidenced; external gate remains; item-level confirmation required"
"P06-L0404","6","Section 7: Programs","404","paragraph","Only show programs currently offered.","Phase-level implementation evidence; exact statement requires direct confirmation","Complete","Home route passed desktop/tablet/mobile and interactions","Analytics/trust sources","Phase implementation evidenced; external gate remains; item-level confirmation required"
"P06-L0408","6","Section 8: Find a Campus","408","paragraph","Make location search simple by:","Phase-level implementation evidence; exact statement requires direct confirmation","Complete","Home route passed desktop/tablet/mobile and interactions","Analytics/trust sources","Phase implementation evidenced; external gate remains; item-level confirmation required"
"P06-L0410","6","Section 8: Find a Campus","410","bullet","ZIP code","Phase-level implementation evidence; exact statement requires direct confirmation","Complete","Home route passed desktop/tablet/mobile and interactions","Analytics/trust sources","Phase implementation evidenced; external gate remains; item-level confirmation required"
"P06-L0411","6","Section 8: Find a Campus","411","bullet","City","Phase-level implementation evidence; exact statement requires direct confirmation","Complete","Home route passed desktop/tablet/mobile and interactions","Analytics/trust sources","Phase implementation evidenced; external gate remains; item-level confirmation required"
"P06-L0412","6","Section 8: Find a Campus","412","bullet","Current location","Phase-level implementation evidence; exact statement requires direct confirmation","Complete","Home route passed desktop/tablet/mobile and interactions","Analytics/trust sources","Phase implementation evidenced; external gate remains; item-level confirmation required"
"P06-L0413","6","Section 8: Find a Campus","413","bullet","County or region","Phase-level implementation evidence; exact statement requires direct confirmation","Complete","Home route passed desktop/tablet/mobile and interactions","Analytics/trust sources","Phase implementation evidenced; external gate remains; item-level confirmation required"
"P06-L0415","6","Section 8: Find a Campus","415","paragraph","Show:","Phase-level implementation evidence; exact statement requires direct confirmation","Complete","Home route passed desktop/tablet/mobile and interactions","Analytics/trust sources","Phase implementation evidenced; external gate remains; item-level confirmation required"
"P06-L0417","6","Section 8: Find a Campus","417","bullet","Distance","Phase-level implementation evidence; exact statement requires direct confirmation","Complete","Home route passed desktop/tablet/mobile and interactions","Analytics/trust sources","Phase implementation evidenced; external gate remains; item-level confirmation required"
"P06-L0418","6","Section 8: Find a Campus","418","bullet","Address","Phase-level implementation evidence; exact statement requires direct confirmation","Complete","Home route passed desktop/tablet/mobile and interactions","Analytics/trust sources","Phase implementation evidenced; external gate remains; item-level confirmation required"
"P06-L0419","6","Section 8: Find a Campus","419","bullet","Phone","Phase-level implementation evidence; exact statement requires direct confirmation","Complete","Home route passed desktop/tablet/mobile and interactions","Analytics/trust sources","Phase implementation evidenced; external gate remains; item-level confirmation required"
"P06-L0420","6","Section 8: Find a Campus","420","bullet","Hours","Phase-level implementation evidence; exact statement requires direct confirmation","Complete","Home route passed desktop/tablet/mobile and interactions","Analytics/trust sources","Phase implementation evidenced; external gate remains; item-level confirmation required"
"P06-L0421","6","Section 8: Find a Campus","421","bullet","Programs","Phase-level implementation evidence; exact statement requires direct confirmation","Complete","Home route passed desktop/tablet/mobile and interactions","Analytics/trust sources","Phase implementation evidenced; external gate remains; item-level confirmation required"
"P06-L0422","6","Section 8: Find a Campus","422","bullet","Availability status where known","Phase-level implementation evidence; exact statement requires direct confirmation","Complete","Home route passed desktop/tablet/mobile and interactions","Analytics/trust sources","Phase implementation evidenced; external gate remains; item-level confirmation required"
"P06-L0423","6","Section 8: Find a Campus","423","bullet","Schedule-a-tour button","Phase-level implementation evidence; exact statement requires direct confirmation","Complete","Home route passed desktop/tablet/mobile and interactions","Analytics/trust sources","Phase implementation evidenced; external gate remains; item-level confirmation required"
"P06-L0427","6","Section 9: Parent Proof","427","paragraph","Use verified parent testimonials and ratings.","Phase-level implementation evidence; exact statement requires direct confirmation","Complete","Home route passed desktop/tablet/mobile and interactions","Analytics/trust sources","Phase implementation evidenced; external gate remains; item-level confirmation required"
"P06-L0429","6","Section 9: Parent Proof","429","paragraph","Display:","Phase-level implementation evidence; exact statement requires direct confirmation","Complete","Home route passed desktop/tablet/mobile and interactions","Analytics/trust sources","Phase implementation evidenced; external gate remains; item-level confirmation required"
"P06-L0431","6","Section 9: Parent Proof","431","bullet","Parent first name and last initial, when permitted","Phase-level implementation evidence; exact statement requires direct confirmation","Complete","Home route passed desktop/tablet/mobile and interactions","Analytics/trust sources","Phase implementation evidenced; external gate remains; item-level confirmation required"
"P06-L0432","6","Section 9: Parent Proof","432","bullet","Campus name","Phase-level implementation evidence; exact statement requires direct confirmation","Complete","Home route passed desktop/tablet/mobile and interactions","Analytics/trust sources","Phase implementation evidenced; external gate remains; item-level confirmation required"
"P06-L0433","6","Section 9: Parent Proof","433","bullet","Source","Phase-level implementation evidence; exact statement requires direct confirmation","Complete","Home route passed desktop/tablet/mobile and interactions","Analytics/trust sources","Phase implementation evidenced; external gate remains; item-level confirmation required"
"P06-L0434","6","Section 9: Parent Proof","434","bullet","Date or recency","Phase-level implementation evidence; exact statement requires direct confirmation","Complete","Home route passed desktop/tablet/mobile and interactions","Analytics/trust sources","Phase implementation evidenced; external gate remains; item-level confirmation required"
"P06-L0435","6","Section 9: Parent Proof","435","bullet","Verified star rating","Phase-level implementation evidence; exact statement requires direct confirmation","Complete","Home route passed desktop/tablet/mobile and interactions","Analytics/trust sources","Phase implementation evidenced; external gate remains; item-level confirmation required"
"P06-L0436","6","Section 9: Parent Proof","436","bullet","Total review count","Phase-level implementation evidence; exact statement requires direct confirmation","Complete","Home route passed desktop/tablet/mobile and interactions","Analytics/trust sources","Phase implementation evidenced; external gate remains; item-level confirmation required"
"P06-L0438","6","Section 9: Parent Proof","438","paragraph","Do not use unattributed reviews.","Phase-level implementation evidence; exact statement requires direct confirmation","Complete","Home route passed desktop/tablet/mobile and interactions","Analytics/trust sources","Phase implementation evidenced; external gate remains; item-level confirmation required"
"P06-L0442","6","Section 10: Chroma Early Start","442","paragraph","Present Chroma Early Start as an optional developmental-support resource without creating confusion about whether therapy is automatically included in tuition.","Phase-level implementation evidence; exact statement requires direct confirmation","Complete","Home route passed desktop/tablet/mobile and interactions","Analytics/trust sources","Phase implementation evidenced; external gate remains; item-level confirmation required"
"P06-L0444","6","Section 10: Chroma Early Start","444","paragraph","Clarify:","Phase-level implementation evidence; exact statement requires direct confirmation","Complete","Home route passed desktop/tablet/mobile and interactions","Analytics/trust sources","Phase implementation evidenced; external gate remains; item-level confirmation required"
"P06-L0446","6","Section 10: Chroma Early Start","446","bullet","Services provided","Phase-level implementation evidence; exact statement requires direct confirmation","Complete","Home route passed desktop/tablet/mobile and interactions","Analytics/trust sources","Phase implementation evidenced; external gate remains; item-level confirmation required"
"P06-L0447","6","Section 10: Chroma Early Start","447","bullet","Ages served","Phase-level implementation evidence; exact statement requires direct confirmation","Complete","Home route passed desktop/tablet/mobile and interactions","Analytics/trust sources","Phase implementation evidenced; external gate remains; item-level confirmation required"
"P06-L0448","6","Section 10: Chroma Early Start","448","bullet","Locations or service areas","Phase-level implementation evidence; exact statement requires direct confirmation","Complete","Home route passed desktop/tablet/mobile and interactions","Analytics/trust sources","Phase implementation evidenced; external gate remains; item-level confirmation required"
"P06-L0449","6","Section 10: Chroma Early Start","449","bullet","Insurance or evaluation process","Phase-level implementation evidence; exact statement requires direct confirmation","Complete","Home route passed desktop/tablet/mobile and interactions","Analytics/trust sources","Phase implementation evidenced; external gate remains; item-level confirmation required"
"P06-L0450","6","Section 10: Chroma Early Start","450","bullet","How parents inquire","Phase-level implementation evidence; exact statement requires direct confirmation","Complete","Home route passed desktop/tablet/mobile and interactions","Analytics/trust sources","Phase implementation evidenced; external gate remains; item-level confirmation required"
"P06-L0454","6","Section 11: FAQ","454","paragraph","Limit the homepage to approximately 6–10 high-conversion questions.","Phase-level implementation evidence; exact statement requires direct confirmation","Complete","Home route passed desktop/tablet/mobile and interactions","Analytics/trust sources","Phase implementation evidenced; external gate remains; item-level confirmation required"
"P06-L0456","6","Section 11: FAQ","456","paragraph","Suggested homepage FAQs:","Phase-level implementation evidence; exact statement requires direct confirmation","Complete","Home route passed desktop/tablet/mobile and interactions","Analytics/trust sources","Phase implementation evidenced; external gate remains; item-level confirmation required"
"P06-L0458","6","Section 11: FAQ","458","bullet","What ages does Chroma serve?","Phase-level implementation evidence; exact statement requires direct confirmation","Complete","Home route passed desktop/tablet/mobile and interactions","Analytics/trust sources","Phase implementation evidenced; external gate remains; item-level confirmation required"
"P06-L0459","6","Section 11: FAQ","459","bullet","How do I schedule a tour?","Phase-level implementation evidence; exact statement requires direct confirmation","Complete","Home route passed desktop/tablet/mobile and interactions","Analytics/trust sources","Phase implementation evidenced; external gate remains; item-level confirmation required"
"P06-L0460","6","Section 11: FAQ","460","bullet","How much is tuition?","Phase-level implementation evidence; exact statement requires direct confirmation","Complete","Home route passed desktop/tablet/mobile and interactions","Analytics/trust sources","Phase implementation evidenced; external gate remains; item-level confirmation required"
"P06-L0461","6","Section 11: FAQ","461","bullet","Does Chroma accept CAPS?","Phase-level implementation evidence; exact statement requires direct confirmation","Complete","Home route passed desktop/tablet/mobile and interactions","Analytics/trust sources","Phase implementation evidenced; external gate remains; item-level confirmation required"
"P06-L0462","6","Section 11: FAQ","462","bullet","Does Chroma offer GA Pre-K?","Phase-level implementation evidence; exact statement requires direct confirmation","Complete","Home route passed desktop/tablet/mobile and interactions","Analytics/trust sources","Phase implementation evidenced; external gate remains; item-level confirmation required"
"P06-L0463","6","Section 11: FAQ","463","bullet","What is PrismPath?","Phase-level implementation evidence; exact statement requires direct confirmation","Complete","Home route passed desktop/tablet/mobile and interactions","Analytics/trust sources","Phase implementation evidenced; external gate remains; item-level confirmation required"
"P06-L0464","6","Section 11: FAQ","464","bullet","What is Curriculum Studio?","Phase-level implementation evidence; exact statement requires direct confirmation","Complete","Home route passed desktop/tablet/mobile and interactions","Analytics/trust sources","Phase implementation evidenced; external gate remains; item-level confirmation required"
"P06-L0465","6","Section 11: FAQ","465","bullet","How does Chroma communicate with families?","Phase-level implementation evidence; exact statement requires direct confirmation","Complete","Home route passed desktop/tablet/mobile and interactions","Analytics/trust sources","Phase implementation evidenced; external gate remains; item-level confirmation required"
"P06-L0466","6","Section 11: FAQ","466","bullet","What safety practices are in place?","Phase-level implementation evidence; exact statement requires direct confirmation","Complete","Home route passed desktop/tablet/mobile and interactions","Analytics/trust sources","Phase implementation evidenced; external gate remains; item-level confirmation required"
"P06-L0467","6","Section 11: FAQ","467","bullet","How do I find the closest campus?","Phase-level implementation evidence; exact statement requires direct confirmation","Complete","Home route passed desktop/tablet/mobile and interactions","Analytics/trust sources","Phase implementation evidenced; external gate remains; item-level confirmation required"
"P06-L0469","6","Section 11: FAQ","469","paragraph","Move detailed policy questions to a dedicated family FAQ or Parents page.","Phase-level implementation evidence; exact statement requires direct confirmation","Complete","Home route passed desktop/tablet/mobile and interactions","Analytics/trust sources","Phase implementation evidenced; external gate remains; item-level confirmation required"
"P06-L0473","6","Section 12: Final CTA","473","paragraph","Use a clear closing CTA:","Phase-level implementation evidence; exact statement requires direct confirmation","Complete","Home route passed desktop/tablet/mobile and interactions","Analytics/trust sources","Phase implementation evidenced; external gate remains; item-level confirmation required"
"P06-L0475","6","Section 12: Final CTA","475","paragraph","“Find the Chroma campus that feels right for your family.”","Phase-level implementation evidence; exact statement requires direct confirmation","Complete","Home route passed desktop/tablet/mobile and interactions","Analytics/trust sources","Phase implementation evidenced; external gate remains; item-level confirmation required"
"P06-L0477","6","Section 12: Final CTA","477","paragraph","Buttons:","Phase-level implementation evidence; exact statement requires direct confirmation","Complete","Home route passed desktop/tablet/mobile and interactions","Analytics/trust sources","Phase implementation evidenced; external gate remains; item-level confirmation required"
"P06-L0479","6","Section 12: Final CTA","479","bullet","Find a Campus","Phase-level implementation evidence; exact statement requires direct confirmation","Complete","Home route passed desktop/tablet/mobile and interactions","Analytics/trust sources","Phase implementation evidenced; external gate remains; item-level confirmation required"
"P06-L0480","6","Section 12: Final CTA","480","bullet","Schedule a Tour","Phase-level implementation evidence; exact statement requires direct confirmation","Complete","Home route passed desktop/tablet/mobile and interactions","Analytics/trust sources","Phase implementation evidenced; external gate remains; item-level confirmation required"
"P07-L0484","7","Strengthen Curriculum and PrismPath Pages","484","paragraph","Make the curriculum page one of the strongest childcare curriculum pages in Georgia.","Phase-level implementation evidence; exact statement requires direct confirmation","Complete","Curriculum route and program slider passed QA","Curriculum-owner approval","Phase implementation evidenced; external gate remains; item-level confirmation required"
"P07-L0486","7","Strengthen Curriculum and PrismPath Pages","486","paragraph","The page should include:","Phase-level implementation evidence; exact statement requires direct confirmation","Complete","Curriculum route and program slider passed QA","Curriculum-owner approval","Phase implementation evidenced; external gate remains; item-level confirmation required"
"P07-L0488","7","Strengthen Curriculum and PrismPath Pages","488","numbered","Chroma’s curriculum philosophy","Phase-level implementation evidence; exact statement requires direct confirmation","Complete","Curriculum route and program slider passed QA","Curriculum-owner approval","Phase implementation evidenced; external gate remains; item-level confirmation required"
"P07-L0489","7","Strengthen Curriculum and PrismPath Pages","489","numbered","The five PrismPath developmental pillars","Phase-level implementation evidence; exact statement requires direct confirmation","Complete","Curriculum route and program slider passed QA","Curriculum-owner approval","Phase implementation evidenced; external gate remains; item-level confirmation required"
"P07-L0490","7","Strengthen Curriculum and PrismPath Pages","490","numbered","The connected learning continuum","Phase-level implementation evidence; exact statement requires direct confirmation","Complete","Curriculum route and program slider passed QA","Curriculum-owner approval","Phase implementation evidenced; external gate remains; item-level confirmation required"
"P07-L0491","7","Strengthen Curriculum and PrismPath Pages","491","numbered","Developmental progression by age","Phase-level implementation evidence; exact statement requires direct confirmation","Complete","Curriculum route and program slider passed QA","Curriculum-owner approval","Phase implementation evidenced; external gate remains; item-level confirmation required"
"P07-L0492","7","Strengthen Curriculum and PrismPath Pages","492","numbered","Curriculum Studio","Phase-level implementation evidence; exact statement requires direct confirmation","Complete","Curriculum route and program slider passed QA","Curriculum-owner approval","Phase implementation evidenced; external gate remains; item-level confirmation required"
"P07-L0493","7","Strengthen Curriculum and PrismPath Pages","493","numbered","Teacher coaching and classroom support","Phase-level implementation evidence; exact statement requires direct confirmation","Complete","Curriculum route and program slider passed QA","Curriculum-owner approval","Phase implementation evidenced; external gate remains; item-level confirmation required"
"P07-L0494","7","Strengthen Curriculum and PrismPath Pages","494","numbered","Observation and assessment","Phase-level implementation evidence; exact statement requires direct confirmation","Complete","Curriculum route and program slider passed QA","Curriculum-owner approval","Phase implementation evidenced; external gate remains; item-level confirmation required"
"P07-L0495","7","Strengthen Curriculum and PrismPath Pages","495","numbered","Family input and communication","Phase-level implementation evidence; exact statement requires direct confirmation","Complete","Curriculum route and program slider passed QA","Curriculum-owner approval","Phase implementation evidenced; external gate remains; item-level confirmation required"
"P07-L0496","7","Strengthen Curriculum and PrismPath Pages","496","numbered","School-readiness outcomes","Phase-level implementation evidence; exact statement requires direct confirmation","Complete","Curriculum route and program slider passed QA","Curriculum-owner approval","Phase implementation evidenced; external gate remains; item-level confirmation required"
"P07-L0497","7","Strengthen Curriculum and PrismPath Pages","497","numbered","Examples of classroom learning","Phase-level implementation evidence; exact statement requires direct confirmation","Complete","Curriculum route and program slider passed QA","Curriculum-owner approval","Phase implementation evidenced; external gate remains; item-level confirmation required"
"P07-L0498","7","Strengthen Curriculum and PrismPath Pages","498","numbered","Frequently asked curriculum questions","Phase-level implementation evidence; exact statement requires direct confirmation","Complete","Curriculum route and program slider passed QA","Curriculum-owner approval","Phase implementation evidenced; external gate remains; item-level confirmation required"
"P07-L0499","7","Strengthen Curriculum and PrismPath Pages","499","numbered","Schedule-a-tour CTA","Phase-level implementation evidence; exact statement requires direct confirmation","Complete","Curriculum route and program slider passed QA","Curriculum-owner approval","Phase implementation evidenced; external gate remains; item-level confirmation required"
"P07-L0501","7","Strengthen Curriculum and PrismPath Pages","501","paragraph","Avoid unsupported claims about guaranteed outcomes.","Phase-level implementation evidence; exact statement requires direct confirmation","Complete","Curriculum route and program slider passed QA","Curriculum-owner approval","Phase implementation evidenced; external gate remains; item-level confirmation required"
"P07-L0503","7","Strengthen Curriculum and PrismPath Pages","503","paragraph","Clearly distinguish:","Phase-level implementation evidence; exact statement requires direct confirmation","Complete","Curriculum route and program slider passed QA","Curriculum-owner approval","Phase implementation evidenced; external gate remains; item-level confirmation required"
"P07-L0505","7","Strengthen Curriculum and PrismPath Pages","505","bullet","Exposure","Phase-level implementation evidence; exact statement requires direct confirmation","Complete","Curriculum route and program slider passed QA","Curriculum-owner approval","Phase implementation evidenced; external gate remains; item-level confirmation required"
"P07-L0506","7","Strengthen Curriculum and PrismPath Pages","506","bullet","Practice","Phase-level implementation evidence; exact statement requires direct confirmation","Complete","Curriculum route and program slider passed QA","Curriculum-owner approval","Phase implementation evidenced; external gate remains; item-level confirmation required"
"P07-L0507","7","Strengthen Curriculum and PrismPath Pages","507","bullet","Skill-building","Phase-level implementation evidence; exact statement requires direct confirmation","Complete","Curriculum route and program slider passed QA","Curriculum-owner approval","Phase implementation evidenced; external gate remains; item-level confirmation required"
"P07-L0508","7","Strengthen Curriculum and PrismPath Pages","508","bullet","Mastery","Phase-level implementation evidence; exact statement requires direct confirmation","Complete","Curriculum route and program slider passed QA","Curriculum-owner approval","Phase implementation evidenced; external gate remains; item-level confirmation required"
"P07-L0510","7","Strengthen Curriculum and PrismPath Pages","510","paragraph","Explain that curriculum remains developmentally appropriate at every age.","Phase-level implementation evidence; exact statement requires direct confirmation","Complete","Curriculum route and program slider passed QA","Curriculum-owner approval","Phase implementation evidenced; external gate remains; item-level confirmation required"
"P07-L0512","7","Strengthen Curriculum and PrismPath Pages","512","paragraph","Use real examples across age groups, such as:","Phase-level implementation evidence; exact statement requires direct confirmation","Complete","Curriculum route and program slider passed QA","Curriculum-owner approval","Phase implementation evidenced; external gate remains; item-level confirmation required"
"P07-L0514","7","Strengthen Curriculum and PrismPath Pages","514","bullet","Language and literacy","Phase-level implementation evidence; exact statement requires direct confirmation","Complete","Curriculum route and program slider passed QA","Curriculum-owner approval","Phase implementation evidenced; external gate remains; item-level confirmation required"
"P07-L0515","7","Strengthen Curriculum and PrismPath Pages","515","bullet","Numbers and mathematical thinking","Phase-level implementation evidence; exact statement requires direct confirmation","Complete","Curriculum route and program slider passed QA","Curriculum-owner approval","Phase implementation evidenced; external gate remains; item-level confirmation required"
"P07-L0516","7","Strengthen Curriculum and PrismPath Pages","516","bullet","Science and inquiry","Phase-level implementation evidence; exact statement requires direct confirmation","Complete","Curriculum route and program slider passed QA","Curriculum-owner approval","Phase implementation evidenced; external gate remains; item-level confirmation required"
"P07-L0517","7","Strengthen Curriculum and PrismPath Pages","517","bullet","Social-emotional learning","Phase-level implementation evidence; exact statement requires direct confirmation","Complete","Curriculum route and program slider passed QA","Curriculum-owner approval","Phase implementation evidenced; external gate remains; item-level confirmation required"
"P07-L0518","7","Strengthen Curriculum and PrismPath Pages","518","bullet","Creative expression","Phase-level implementation evidence; exact statement requires direct confirmation","Complete","Curriculum route and program slider passed QA","Curriculum-owner approval","Phase implementation evidenced; external gate remains; item-level confirmation required"
"P07-L0519","7","Strengthen Curriculum and PrismPath Pages","519","bullet","Fine- and gross-motor development","Phase-level implementation evidence; exact statement requires direct confirmation","Complete","Curriculum route and program slider passed QA","Curriculum-owner approval","Phase implementation evidenced; external gate remains; item-level confirmation required"
"P07-L0521","7","Strengthen Curriculum and PrismPath Pages","521","paragraph","Show how the same broad concepts evolve in complexity.","Phase-level implementation evidence; exact statement requires direct confirmation","Complete","Curriculum route and program slider passed QA","Curriculum-owner approval","Phase implementation evidenced; external gate remains; item-level confirmation required"
"P08-L0525","8","Improve Every Program Page","525","paragraph","Each program page must have unique, age-appropriate content.","Phase-level implementation evidence; exact statement requires direct confirmation","Structurally complete","165 program requirement rows","Program-specific operating facts","Phase implementation evidenced; external gate remains; item-level confirmation required"
"P08-L0527","8","Improve Every Program Page","527","paragraph","Required structure:","Phase-level implementation evidence; exact statement requires direct confirmation","Structurally complete","165 program requirement rows","Program-specific operating facts","Phase implementation evidenced; external gate remains; item-level confirmation required"
"P08-L0529","8","Improve Every Program Page","529","bullet","Clear page title","Phase-level implementation evidence; exact statement requires direct confirmation","Structurally complete","165 program requirement rows","Program-specific operating facts","Phase implementation evidenced; external gate remains; item-level confirmation required"
"P08-L0530","8","Improve Every Program Page","530","bullet","Age range","Phase-level implementation evidence; exact statement requires direct confirmation","Structurally complete","165 program requirement rows","Program-specific operating facts","Phase implementation evidenced; external gate remains; item-level confirmation required"
"P08-L0531","8","Improve Every Program Page","531","bullet","Brief parent-centered introduction","Phase-level implementation evidence; exact statement requires direct confirmation","Structurally complete","165 program requirement rows","Program-specific operating facts","Phase implementation evidenced; external gate remains; item-level confirmation required"
"P08-L0532","8","Improve Every Program Page","532","bullet","What children experience","Phase-level implementation evidence; exact statement requires direct confirmation","Structurally complete","165 program requirement rows","Program-specific operating facts","Phase implementation evidenced; external gate remains; item-level confirmation required"
"P08-L0533","8","Improve Every Program Page","533","bullet","Developmental priorities","Phase-level implementation evidence; exact statement requires direct confirmation","Structurally complete","165 program requirement rows","Program-specific operating facts","Phase implementation evidenced; external gate remains; item-level confirmation required"
"P08-L0534","8","Improve Every Program Page","534","bullet","Example daily rhythm","Phase-level implementation evidence; exact statement requires direct confirmation","Structurally complete","165 program requirement rows","Program-specific operating facts","Phase implementation evidenced; external gate remains; item-level confirmation required"
"P08-L0535","8","Improve Every Program Page","535","bullet","PrismPath at this stage","Phase-level implementation evidence; exact statement requires direct confirmation","Structurally complete","165 program requirement rows","Program-specific operating facts","Phase implementation evidenced; external gate remains; item-level confirmation required"
"P08-L0536","8","Improve Every Program Page","536","bullet","Teacher and family partnership","Phase-level implementation evidence; exact statement requires direct confirmation","Structurally complete","165 program requirement rows","Program-specific operating facts","Phase implementation evidenced; external gate remains; item-level confirmation required"
"P08-L0537","8","Improve Every Program Page","537","bullet","Classroom environment","Phase-level implementation evidence; exact statement requires direct confirmation","Structurally complete","165 program requirement rows","Program-specific operating facts","Phase implementation evidenced; external gate remains; item-level confirmation required"
"P08-L0538","8","Improve Every Program Page","538","bullet","Meals and rest, where applicable","Phase-level implementation evidence; exact statement requires direct confirmation","Structurally complete","165 program requirement rows","Program-specific operating facts","Phase implementation evidenced; external gate remains; item-level confirmation required"
"P08-L0539","8","Improve Every Program Page","539","bullet","Safety and supervision","Phase-level implementation evidence; exact statement requires direct confirmation","Structurally complete","165 program requirement rows","Program-specific operating facts","Phase implementation evidenced; external gate remains; item-level confirmation required"
"P08-L0540","8","Improve Every Program Page","540","bullet","Transition to the next stage","Phase-level implementation evidence; exact statement requires direct confirmation","Structurally complete","165 program requirement rows","Program-specific operating facts","Phase implementation evidenced; external gate remains; item-level confirmation required"
"P08-L0541","8","Improve Every Program Page","541","bullet","Campus availability","Phase-level implementation evidence; exact statement requires direct confirmation","Structurally complete","165 program requirement rows","Program-specific operating facts","Phase implementation evidenced; external gate remains; item-level confirmation required"
"P08-L0542","8","Improve Every Program Page","542","bullet","Parent FAQs","Phase-level implementation evidence; exact statement requires direct confirmation","Structurally complete","165 program requirement rows","Program-specific operating facts","Phase implementation evidenced; external gate remains; item-level confirmation required"
"P08-L0543","8","Improve Every Program Page","543","bullet","Schedule-a-tour CTA","Phase-level implementation evidence; exact statement requires direct confirmation","Structurally complete","165 program requirement rows","Program-specific operating facts","Phase implementation evidenced; external gate remains; item-level confirmation required"
"P08-L0545","8","Improve Every Program Page","545","paragraph","Do not reuse nearly identical text across programs.","Phase-level implementation evidence; exact statement requires direct confirmation","Structurally complete","165 program requirement rows","Program-specific operating facts","Phase implementation evidenced; external gate remains; item-level confirmation required"
"P08-L0547","8","Improve Every Program Page","547","paragraph","Make the writing developmentally accurate.","Phase-level implementation evidence; exact statement requires direct confirmation","Structurally complete","165 program requirement rows","Program-specific operating facts","Phase implementation evidenced; external gate remains; item-level confirmation required"
"P08-L0549","8","Improve Every Program Page","549","paragraph","For Infant Care, emphasize:","Phase-level implementation evidence; exact statement requires direct confirmation","Structurally complete","165 program requirement rows","Program-specific operating facts","Phase implementation evidenced; external gate remains; item-level confirmation required"
"P08-L0551","8","Improve Every Program Page","551","bullet","Secure relationships","Phase-level implementation evidence; exact statement requires direct confirmation","Structurally complete","165 program requirement rows","Program-specific operating facts","Phase implementation evidenced; external gate remains; item-level confirmation required"
"P08-L0552","8","Improve Every Program Page","552","bullet","Responsive caregiving","Phase-level implementation evidence; exact statement requires direct confirmation","Structurally complete","165 program requirement rows","Program-specific operating facts","Phase implementation evidenced; external gate remains; item-level confirmation required"
"P08-L0553","8","Improve Every Program Page","553","bullet","Sensory exploration","Phase-level implementation evidence; exact statement requires direct confirmation","Structurally complete","165 program requirement rows","Program-specific operating facts","Phase implementation evidenced; external gate remains; item-level confirmation required"
"P08-L0554","8","Improve Every Program Page","554","bullet","Language exposure","Phase-level implementation evidence; exact statement requires direct confirmation","Structurally complete","165 program requirement rows","Program-specific operating facts","Phase implementation evidenced; external gate remains; item-level confirmation required"
"P08-L0555","8","Improve Every Program Page","555","bullet","Safe movement","Phase-level implementation evidence; exact statement requires direct confirmation","Structurally complete","165 program requirement rows","Program-specific operating facts","Phase implementation evidenced; external gate remains; item-level confirmation required"
"P08-L0556","8","Improve Every Program Page","556","bullet","Individual feeding and rest routines","Phase-level implementation evidence; exact statement requires direct confirmation","Structurally complete","165 program requirement rows","Program-specific operating facts","Phase implementation evidenced; external gate remains; item-level confirmation required"
"P08-L0557","8","Improve Every Program Page","557","bullet","Family communication","Phase-level implementation evidence; exact statement requires direct confirmation","Structurally complete","165 program requirement rows","Program-specific operating facts","Phase implementation evidenced; external gate remains; item-level confirmation required"
"P08-L0559","8","Improve Every Program Page","559","paragraph","For Toddlers, emphasize:","Phase-level implementation evidence; exact statement requires direct confirmation","Structurally complete","165 program requirement rows","Program-specific operating facts","Phase implementation evidenced; external gate remains; item-level confirmation required"
"P08-L0561","8","Improve Every Program Page","561","bullet","Independence","Phase-level implementation evidence; exact statement requires direct confirmation","Structurally complete","165 program requirement rows","Program-specific operating facts","Phase implementation evidenced; external gate remains; item-level confirmation required"
"P08-L0562","8","Improve Every Program Page","562","bullet","Language growth","Phase-level implementation evidence; exact statement requires direct confirmation","Structurally complete","165 program requirement rows","Program-specific operating facts","Phase implementation evidenced; external gate remains; item-level confirmation required"
"P08-L0563","8","Improve Every Program Page","563","bullet","Movement","Phase-level implementation evidence; exact statement requires direct confirmation","Structurally complete","165 program requirement rows","Program-specific operating facts","Phase implementation evidenced; external gate remains; item-level confirmation required"
"P08-L0564","8","Improve Every Program Page","564","bullet","Routines","Phase-level implementation evidence; exact statement requires direct confirmation","Structurally complete","165 program requirement rows","Program-specific operating facts","Phase implementation evidenced; external gate remains; item-level confirmation required"
"P08-L0565","8","Improve Every Program Page","565","bullet","Early peer interaction","Phase-level implementation evidence; exact statement requires direct confirmation","Structurally complete","165 program requirement rows","Program-specific operating facts","Phase implementation evidenced; external gate remains; item-level confirmation required"
"P08-L0566","8","Improve Every Program Page","566","bullet","Emotional regulation","Phase-level implementation evidence; exact statement requires direct confirmation","Structurally complete","165 program requirement rows","Program-specific operating facts","Phase implementation evidenced; external gate remains; item-level confirmation required"
"P08-L0567","8","Improve Every Program Page","567","bullet","Hands-on exploration","Phase-level implementation evidence; exact statement requires direct confirmation","Structurally complete","165 program requirement rows","Program-specific operating facts","Phase implementation evidenced; external gate remains; item-level confirmation required"
"P08-L0569","8","Improve Every Program Page","569","paragraph","For Preschool and Pre-K Prep, emphasize:","Phase-level implementation evidence; exact statement requires direct confirmation","Structurally complete","165 program requirement rows","Program-specific operating facts","Phase implementation evidenced; external gate remains; item-level confirmation required"
"P08-L0571","8","Improve Every Program Page","571","bullet","Inquiry","Phase-level implementation evidence; exact statement requires direct confirmation","Structurally complete","165 program requirement rows","Program-specific operating facts","Phase implementation evidenced; external gate remains; item-level confirmation required"
"P08-L0572","8","Improve Every Program Page","572","bullet","Communication","Phase-level implementation evidence; exact statement requires direct confirmation","Structurally complete","165 program requirement rows","Program-specific operating facts","Phase implementation evidenced; external gate remains; item-level confirmation required"
"P08-L0573","8","Improve Every Program Page","573","bullet","Early literacy","Phase-level implementation evidence; exact statement requires direct confirmation","Structurally complete","165 program requirement rows","Program-specific operating facts","Phase implementation evidenced; external gate remains; item-level confirmation required"
"P08-L0574","8","Improve Every Program Page","574","bullet","Mathematical thinking","Phase-level implementation evidence; exact statement requires direct confirmation","Structurally complete","165 program requirement rows","Program-specific operating facts","Phase implementation evidenced; external gate remains; item-level confirmation required"
"P08-L0575","8","Improve Every Program Page","575","bullet","Cooperative play","Phase-level implementation evidence; exact statement requires direct confirmation","Structurally complete","165 program requirement rows","Program-specific operating facts","Phase implementation evidenced; external gate remains; item-level confirmation required"
"P08-L0576","8","Improve Every Program Page","576","bullet","Problem solving","Phase-level implementation evidence; exact statement requires direct confirmation","Structurally complete","165 program requirement rows","Program-specific operating facts","Phase implementation evidenced; external gate remains; item-level confirmation required"
"P08-L0577","8","Improve Every Program Page","577","bullet","Self-regulation","Phase-level implementation evidence; exact statement requires direct confirmation","Structurally complete","165 program requirement rows","Program-specific operating facts","Phase implementation evidenced; external gate remains; item-level confirmation required"
"P08-L0578","8","Improve Every Program Page","578","bullet","Kindergarten readiness","Phase-level implementation evidence; exact statement requires direct confirmation","Structurally complete","165 program requirement rows","Program-specific operating facts","Phase implementation evidenced; external gate remains; item-level confirmation required"
"P08-L0580","8","Improve Every Program Page","580","paragraph","For GA Pre-K, accurately explain:","Phase-level implementation evidence; exact statement requires direct confirmation","Structurally complete","165 program requirement rows","Program-specific operating facts","Phase implementation evidenced; external gate remains; item-level confirmation required"
"P08-L0582","8","Improve Every Program Page","582","bullet","State-funded program","Phase-level implementation evidence; exact statement requires direct confirmation","Structurally complete","165 program requirement rows","Program-specific operating facts","Phase implementation evidenced; external gate remains; item-level confirmation required"
"P08-L0583","8","Improve Every Program Page","583","bullet","Eligibility","Phase-level implementation evidence; exact statement requires direct confirmation","Structurally complete","165 program requirement rows","Program-specific operating facts","Phase implementation evidenced; external gate remains; item-level confirmation required"
"P08-L0584","8","Improve Every Program Page","584","bullet","Lottery or application process","Phase-level implementation evidence; exact statement requires direct confirmation","Structurally complete","165 program requirement rows","Program-specific operating facts","Phase implementation evidenced; external gate remains; item-level confirmation required"
"P08-L0585","8","Improve Every Program Page","585","bullet","Schedule","Phase-level implementation evidence; exact statement requires direct confirmation","Structurally complete","165 program requirement rows","Program-specific operating facts","Phase implementation evidenced; external gate remains; item-level confirmation required"
"P08-L0586","8","Improve Every Program Page","586","bullet","Wraparound care","Phase-level implementation evidence; exact statement requires direct confirmation","Structurally complete","165 program requirement rows","Program-specific operating facts","Phase implementation evidenced; external gate remains; item-level confirmation required"
"P08-L0587","8","Improve Every Program Page","587","bullet","Campus availability","Phase-level implementation evidence; exact statement requires direct confirmation","Structurally complete","165 program requirement rows","Program-specific operating facts","Phase implementation evidenced; external gate remains; item-level confirmation required"
"P08-L0588","8","Improve Every Program Page","588","bullet","Curriculum and state standards","Phase-level implementation evidence; exact statement requires direct confirmation","Structurally complete","165 program requirement rows","Program-specific operating facts","Phase implementation evidenced; external gate remains; item-level confirmation required"
"P08-L0590","8","Improve Every Program Page","590","paragraph","For Kindergarten, clarify:","Phase-level implementation evidence; exact statement requires direct confirmation","Structurally complete","165 program requirement rows","Program-specific operating facts","Phase implementation evidenced; external gate remains; item-level confirmation required"
"P08-L0592","8","Improve Every Program Page","592","bullet","Accreditation","Phase-level implementation evidence; exact statement requires direct confirmation","Structurally complete","165 program requirement rows","Program-specific operating facts","Phase implementation evidenced; external gate remains; item-level confirmation required"
"P08-L0593","8","Improve Every Program Page","593","bullet","Grade-level scope","Phase-level implementation evidence; exact statement requires direct confirmation","Structurally complete","165 program requirement rows","Program-specific operating facts","Phase implementation evidenced; external gate remains; item-level confirmation required"
"P08-L0594","8","Improve Every Program Page","594","bullet","Tuition","Phase-level implementation evidence; exact statement requires direct confirmation","Structurally complete","165 program requirement rows","Program-specific operating facts","Phase implementation evidenced; external gate remains; item-level confirmation required"
"P08-L0595","8","Improve Every Program Page","595","bullet","Campus availability","Phase-level implementation evidence; exact statement requires direct confirmation","Structurally complete","165 program requirement rows","Program-specific operating facts","Phase implementation evidenced; external gate remains; item-level confirmation required"
"P08-L0596","8","Improve Every Program Page","596","bullet","Class size","Phase-level implementation evidence; exact statement requires direct confirmation","Structurally complete","165 program requirement rows","Program-specific operating facts","Phase implementation evidenced; external gate remains; item-level confirmation required"
"P08-L0597","8","Improve Every Program Page","597","bullet","Academic expectations","Phase-level implementation evidence; exact statement requires direct confirmation","Structurally complete","165 program requirement rows","Program-specific operating facts","Phase implementation evidenced; external gate remains; item-level confirmation required"
"P08-L0598","8","Improve Every Program Page","598","bullet","Progress reporting","Phase-level implementation evidence; exact statement requires direct confirmation","Structurally complete","165 program requirement rows","Program-specific operating facts","Phase implementation evidenced; external gate remains; item-level confirmation required"
"P08-L0599","8","Improve Every Program Page","599","bullet","Future grade expansion only if approved","Phase-level implementation evidence; exact statement requires direct confirmation","Structurally complete","165 program requirement rows","Program-specific operating facts","Phase implementation evidenced; external gate remains; item-level confirmation required"
"P09-L0603","9","Rebuild Campus Pages as High-Converting Local Landing Pages","603","paragraph","Every campus page must be unique, factually verified, and locally useful.","Phase-level implementation evidence; exact statement requires direct confirmation","Structurally complete","600 campus requirement rows","Campus-specific owner data","Phase implementation evidenced; external gate remains; item-level confirmation required"
"P09-L0605","9","Rebuild Campus Pages as High-Converting Local Landing Pages","605","paragraph","Required elements:","Phase-level implementation evidence; exact statement requires direct confirmation","Structurally complete","600 campus requirement rows","Campus-specific owner data","Phase implementation evidenced; external gate remains; item-level confirmation required"
"P09-L0607","9","Rebuild Campus Pages as High-Converting Local Landing Pages","607","numbered","Campus name","Phase-level implementation evidence; exact statement requires direct confirmation","Structurally complete","600 campus requirement rows","Campus-specific owner data","Phase implementation evidenced; external gate remains; item-level confirmation required"
"P09-L0608","9","Rebuild Campus Pages as High-Converting Local Landing Pages","608","numbered","City and neighborhood","Phase-level implementation evidence; exact statement requires direct confirmation","Structurally complete","600 campus requirement rows","Campus-specific owner data","Phase implementation evidenced; external gate remains; item-level confirmation required"
"P09-L0609","9","Rebuild Campus Pages as High-Converting Local Landing Pages","609","numbered","Full address","Phase-level implementation evidence; exact statement requires direct confirmation","Structurally complete","600 campus requirement rows","Campus-specific owner data","Phase implementation evidenced; external gate remains; item-level confirmation required"
"P09-L0610","9","Rebuild Campus Pages as High-Converting Local Landing Pages","610","numbered","Phone number","Phase-level implementation evidence; exact statement requires direct confirmation","Structurally complete","600 campus requirement rows","Campus-specific owner data","Phase implementation evidenced; external gate remains; item-level confirmation required"
"P09-L0611","9","Rebuild Campus Pages as High-Converting Local Landing Pages","611","numbered","Current operating hours","Phase-level implementation evidence; exact statement requires direct confirmation","Structurally complete","600 campus requirement rows","Campus-specific owner data","Phase implementation evidenced; external gate remains; item-level confirmation required"
"P09-L0612","9","Rebuild Campus Pages as High-Converting Local Landing Pages","612","numbered","Directions and map","Phase-level implementation evidence; exact statement requires direct confirmation","Structurally complete","600 campus requirement rows","Campus-specific owner data","Phase implementation evidenced; external gate remains; item-level confirmation required"
"P09-L0613","9","Rebuild Campus Pages as High-Converting Local Landing Pages","613","numbered","Real campus photography","Phase-level implementation evidence; exact statement requires direct confirmation","Structurally complete","600 campus requirement rows","Campus-specific owner data","Phase implementation evidenced; external gate remains; item-level confirmation required"
"P09-L0614","9","Rebuild Campus Pages as High-Converting Local Landing Pages","614","numbered","Short campus-specific introduction","Phase-level implementation evidence; exact statement requires direct confirmation","Structurally complete","600 campus requirement rows","Campus-specific owner data","Phase implementation evidenced; external gate remains; item-level confirmation required"
"P09-L0615","9","Rebuild Campus Pages as High-Converting Local Landing Pages","615","numbered","Current director biography","Phase-level implementation evidence; exact statement requires direct confirmation","Structurally complete","600 campus requirement rows","Campus-specific owner data","Phase implementation evidenced; external gate remains; item-level confirmation required"
"P09-L0616","9","Rebuild Campus Pages as High-Converting Local Landing Pages","616","numbered","Programs offered","Phase-level implementation evidence; exact statement requires direct confirmation","Structurally complete","600 campus requirement rows","Campus-specific owner data","Phase implementation evidenced; external gate remains; item-level confirmation required"
"P09-L0617","9","Rebuild Campus Pages as High-Converting Local Landing Pages","617","numbered","Ages served","Phase-level implementation evidence; exact statement requires direct confirmation","Structurally complete","600 campus requirement rows","Campus-specific owner data","Phase implementation evidenced; external gate remains; item-level confirmation required"
"P09-L0618","9","Rebuild Campus Pages as High-Converting Local Landing Pages","618","numbered","Verified campus features","Phase-level implementation evidence; exact statement requires direct confirmation","Structurally complete","600 campus requirement rows","Campus-specific owner data","Phase implementation evidenced; external gate remains; item-level confirmation required"
"P09-L0619","9","Rebuild Campus Pages as High-Converting Local Landing Pages","619","numbered","Current school pickups","Phase-level implementation evidence; exact statement requires direct confirmation","Structurally complete","600 campus requirement rows","Campus-specific owner data","Phase implementation evidenced; external gate remains; item-level confirmation required"
"P09-L0620","9","Rebuild Campus Pages as High-Converting Local Landing Pages","620","numbered","GA Pre-K availability","Phase-level implementation evidence; exact statement requires direct confirmation","Structurally complete","600 campus requirement rows","Campus-specific owner data","Phase implementation evidenced; external gate remains; item-level confirmation required"
"P09-L0621","9","Rebuild Campus Pages as High-Converting Local Landing Pages","621","numbered","CAPS participation","Phase-level implementation evidence; exact statement requires direct confirmation","Structurally complete","600 campus requirement rows","Campus-specific owner data","Phase implementation evidenced; external gate remains; item-level confirmation required"
"P09-L0622","9","Rebuild Campus Pages as High-Converting Local Landing Pages","622","numbered","Quality Rated status","Phase-level implementation evidence; exact statement requires direct confirmation","Structurally complete","600 campus requirement rows","Campus-specific owner data","Phase implementation evidenced; external gate remains; item-level confirmation required"
"P09-L0623","9","Rebuild Campus Pages as High-Converting Local Landing Pages","623","numbered","Licensing information","Phase-level implementation evidence; exact statement requires direct confirmation","Structurally complete","600 campus requirement rows","Campus-specific owner data","Phase implementation evidenced; external gate remains; item-level confirmation required"
"P09-L0624","9","Rebuild Campus Pages as High-Converting Local Landing Pages","624","numbered","Parent testimonials for that campus","Phase-level implementation evidence; exact statement requires direct confirmation","Structurally complete","600 campus requirement rows","Campus-specific owner data","Phase implementation evidenced; external gate remains; item-level confirmation required"
"P09-L0625","9","Rebuild Campus Pages as High-Converting Local Landing Pages","625","numbered","Tuition inquiry","Phase-level implementation evidence; exact statement requires direct confirmation","Structurally complete","600 campus requirement rows","Campus-specific owner data","Phase implementation evidenced; external gate remains; item-level confirmation required"
"P09-L0626","9","Rebuild Campus Pages as High-Converting Local Landing Pages","626","numbered","Availability or waitlist information","Phase-level implementation evidence; exact statement requires direct confirmation","Structurally complete","600 campus requirement rows","Campus-specific owner data","Phase implementation evidenced; external gate remains; item-level confirmation required"
"P09-L0627","9","Rebuild Campus Pages as High-Converting Local Landing Pages","627","numbered","Schedule-a-tour form","Phase-level implementation evidence; exact statement requires direct confirmation","Structurally complete","600 campus requirement rows","Campus-specific owner data","Phase implementation evidenced; external gate remains; item-level confirmation required"
"P09-L0628","9","Rebuild Campus Pages as High-Converting Local Landing Pages","628","numbered","Local FAQ","Phase-level implementation evidence; exact statement requires direct confirmation","Structurally complete","600 campus requirement rows","Campus-specific owner data","Phase implementation evidenced; external gate remains; item-level confirmation required"
"P09-L0629","9","Rebuild Campus Pages as High-Converting Local Landing Pages","629","numbered","Nearby communities served","Phase-level implementation evidence; exact statement requires direct confirmation","Structurally complete","600 campus requirement rows","Campus-specific owner data","Phase implementation evidenced; external gate remains; item-level confirmation required"
"P09-L0630","9","Rebuild Campus Pages as High-Converting Local Landing Pages","630","numbered","Nearby landmarks or access information","Phase-level implementation evidence; exact statement requires direct confirmation","Structurally complete","600 campus requirement rows","Campus-specific owner data","Phase implementation evidenced; external gate remains; item-level confirmation required"
"P09-L0631","9","Rebuild Campus Pages as High-Converting Local Landing Pages","631","numbered","Date the page was last reviewed","Phase-level implementation evidence; exact statement requires direct confirmation","Structurally complete","600 campus requirement rows","Campus-specific owner data","Phase implementation evidenced; external gate remains; item-level confirmation required"
"P09-L0633","9","Rebuild Campus Pages as High-Converting Local Landing Pages","633","paragraph","Do not copy and paste the same introduction, feature list, or director language across campuses.","Phase-level implementation evidence; exact statement requires direct confirmation","Structurally complete","600 campus requirement rows","Campus-specific owner data","Phase implementation evidenced; external gate remains; item-level confirmation required"
"P09-L0635","9","Rebuild Campus Pages as High-Converting Local Landing Pages","635","paragraph","Verify every feature before publication, including:","Phase-level implementation evidence; exact statement requires direct confirmation","Structurally complete","600 campus requirement rows","Campus-specific owner data","Phase implementation evidenced; external gate remains; item-level confirmation required"
"P09-L0637","9","Rebuild Campus Pages as High-Converting Local Landing Pages","637","bullet","Cameras","Phase-level implementation evidence; exact statement requires direct confirmation","Structurally complete","600 campus requirement rows","Campus-specific owner data","Phase implementation evidenced; external gate remains; item-level confirmation required"
"P09-L0638","9","Rebuild Campus Pages as High-Converting Local Landing Pages","638","bullet","Monitoring practices","Phase-level implementation evidence; exact statement requires direct confirmation","Structurally complete","600 campus requirement rows","Campus-specific owner data","Phase implementation evidenced; external gate remains; item-level confirmation required"
"P09-L0639","9","Rebuild Campus Pages as High-Converting Local Landing Pages","639","bullet","Playground type","Phase-level implementation evidence; exact statement requires direct confirmation","Structurally complete","600 campus requirement rows","Campus-specific owner data","Phase implementation evidenced; external gate remains; item-level confirmation required"
"P09-L0640","9","Rebuild Campus Pages as High-Converting Local Landing Pages","640","bullet","Shade","Phase-level implementation evidence; exact statement requires direct confirmation","Structurally complete","600 campus requirement rows","Campus-specific owner data","Phase implementation evidenced; external gate remains; item-level confirmation required"
"P09-L0641","9","Rebuild Campus Pages as High-Converting Local Landing Pages","641","bullet","Gardening beds","Phase-level implementation evidence; exact statement requires direct confirmation","Structurally complete","600 campus requirement rows","Campus-specific owner data","Phase implementation evidenced; external gate remains; item-level confirmation required"
"P09-L0642","9","Rebuild Campus Pages as High-Converting Local Landing Pages","642","bullet","Trike paths","Phase-level implementation evidence; exact statement requires direct confirmation","Structurally complete","600 campus requirement rows","Campus-specific owner data","Phase implementation evidenced; external gate remains; item-level confirmation required"
"P09-L0643","9","Rebuild Campus Pages as High-Converting Local Landing Pages","643","bullet","STEM rooms","Phase-level implementation evidence; exact statement requires direct confirmation","Structurally complete","600 campus requirement rows","Campus-specific owner data","Phase implementation evidenced; external gate remains; item-level confirmation required"
"P09-L0644","9","Rebuild Campus Pages as High-Converting Local Landing Pages","644","bullet","Front desk staffing","Phase-level implementation evidence; exact statement requires direct confirmation","Structurally complete","600 campus requirement rows","Campus-specific owner data","Phase implementation evidenced; external gate remains; item-level confirmation required"
"P09-L0645","9","Rebuild Campus Pages as High-Converting Local Landing Pages","645","bullet","Defibrillators","Phase-level implementation evidence; exact statement requires direct confirmation","Structurally complete","600 campus requirement rows","Campus-specific owner data","Phase implementation evidenced; external gate remains; item-level confirmation required"
"P09-L0646","9","Rebuild Campus Pages as High-Converting Local Landing Pages","646","bullet","Security systems","Phase-level implementation evidence; exact statement requires direct confirmation","Structurally complete","600 campus requirement rows","Campus-specific owner data","Phase implementation evidenced; external gate remains; item-level confirmation required"
"P09-L0647","9","Rebuild Campus Pages as High-Converting Local Landing Pages","647","bullet","Meals","Phase-level implementation evidence; exact statement requires direct confirmation","Structurally complete","600 campus requirement rows","Campus-specific owner data","Phase implementation evidenced; external gate remains; item-level confirmation required"
"P09-L0648","9","Rebuild Campus Pages as High-Converting Local Landing Pages","648","bullet","Transportation","Phase-level implementation evidence; exact statement requires direct confirmation","Structurally complete","600 campus requirement rows","Campus-specific owner data","Phase implementation evidenced; external gate remains; item-level confirmation required"
"P09-L0649","9","Rebuild Campus Pages as High-Converting Local Landing Pages","649","bullet","Kindergarten","Phase-level implementation evidence; exact statement requires direct confirmation","Structurally complete","600 campus requirement rows","Campus-specific owner data","Phase implementation evidenced; external gate remains; item-level confirmation required"
"P09-L0650","9","Rebuild Campus Pages as High-Converting Local Landing Pages","650","bullet","GA Pre-K","Phase-level implementation evidence; exact statement requires direct confirmation","Structurally complete","600 campus requirement rows","Campus-specific owner data","Phase implementation evidenced; external gate remains; item-level confirmation required"
"P09-L0651","9","Rebuild Campus Pages as High-Converting Local Landing Pages","651","bullet","Parents’ Day Out","Phase-level implementation evidence; exact statement requires direct confirmation","Structurally complete","600 campus requirement rows","Campus-specific owner data","Phase implementation evidenced; external gate remains; item-level confirmation required"
"P09-L0652","9","Rebuild Campus Pages as High-Converting Local Landing Pages","652","bullet","Therapy availability","Phase-level implementation evidence; exact statement requires direct confirmation","Structurally complete","600 campus requirement rows","Campus-specific owner data","Phase implementation evidenced; external gate remains; item-level confirmation required"
"P09-L0654","9","Rebuild Campus Pages as High-Converting Local Landing Pages","654","paragraph","If a feature is not available at a campus, do not show it.","Phase-level implementation evidence; exact statement requires direct confirmation","Structurally complete","600 campus requirement rows","Campus-specific owner data","Phase implementation evidenced; external gate remains; item-level confirmation required"
"P09-L0656","9","Rebuild Campus Pages as High-Converting Local Landing Pages","656","paragraph","Remove repeated school-pickup lists.","Phase-level implementation evidence; exact statement requires direct confirmation","Structurally complete","600 campus requirement rows","Campus-specific owner data","Phase implementation evidenced; external gate remains; item-level confirmation required"
"P09-L0658","9","Rebuild Campus Pages as High-Converting Local Landing Pages","658","paragraph","Use natural local writing rather than phrases such as:","Phase-level implementation evidence; exact statement requires direct confirmation","Structurally complete","600 campus requirement rows","Campus-specific owner data","Phase implementation evidenced; external gate remains; item-level confirmation required"
"P09-L0660","9","Rebuild Campus Pages as High-Converting Local Landing Pages","660","paragraph","“As one of the best daycares in Marietta GA…”","Phase-level implementation evidence; exact statement requires direct confirmation","Structurally complete","600 campus requirement rows","Campus-specific owner data","Phase implementation evidenced; external gate remains; item-level confirmation required"
"P09-L0662","9","Rebuild Campus Pages as High-Converting Local Landing Pages","662","paragraph","Prefer:","Phase-level implementation evidence; exact statement requires direct confirmation","Structurally complete","600 campus requirement rows","Campus-specific owner data","Phase implementation evidenced; external gate remains; item-level confirmation required"
"P09-L0664","9","Rebuild Campus Pages as High-Converting Local Landing Pages","664","paragraph","“Located on Shallowford Road, our East Cobb campus serves families from Marietta, Roswell, Woodstock, and surrounding neighborhoods.”","Phase-level implementation evidence; exact statement requires direct confirmation","Structurally complete","600 campus requirement rows","Campus-specific owner data","Phase implementation evidenced; external gate remains; item-level confirmation required"
"P09-L0666","9","Rebuild Campus Pages as High-Converting Local Landing Pages","666","paragraph","Only mention surrounding areas that are realistically served.","Phase-level implementation evidence; exact statement requires direct confirmation","Structurally complete","600 campus requirement rows","Campus-specific owner data","Phase implementation evidenced; external gate remains; item-level confirmation required"
"P10-L0670","10","Improve the Location Directory","670","paragraph","The locations page should support both browsing and immediate conversion.","Phase-level implementation evidence; exact statement requires direct confirmation","Complete","Search/filter/geolocation/map/card interaction proof","Availability source if added","Phase implementation evidenced; external gate remains; item-level confirmation required"
"P10-L0672","10","Improve the Location Directory","672","paragraph","Add or improve:","Phase-level implementation evidence; exact statement requires direct confirmation","Complete","Search/filter/geolocation/map/card interaction proof","Availability source if added","Phase implementation evidenced; external gate remains; item-level confirmation required"
"P10-L0674","10","Improve the Location Directory","674","bullet","ZIP-code search","Phase-level implementation evidence; exact statement requires direct confirmation","Complete","Search/filter/geolocation/map/card interaction proof","Availability source if added","Phase implementation evidenced; external gate remains; item-level confirmation required"
"P10-L0675","10","Improve the Location Directory","675","bullet","Map and list toggle","Phase-level implementation evidence; exact statement requires direct confirmation","Complete","Search/filter/geolocation/map/card interaction proof","Availability source if added","Phase implementation evidenced; external gate remains; item-level confirmation required"
"P10-L0676","10","Improve the Location Directory","676","bullet","Distance calculation","Phase-level implementation evidence; exact statement requires direct confirmation","Complete","Search/filter/geolocation/map/card interaction proof","Availability source if added","Phase implementation evidenced; external gate remains; item-level confirmation required"
"P10-L0677","10","Improve the Location Directory","677","bullet","City filters","Phase-level implementation evidence; exact statement requires direct confirmation","Complete","Search/filter/geolocation/map/card interaction proof","Availability source if added","Phase implementation evidenced; external gate remains; item-level confirmation required"
"P10-L0678","10","Improve the Location Directory","678","bullet","Program filters","Phase-level implementation evidence; exact statement requires direct confirmation","Complete","Search/filter/geolocation/map/card interaction proof","Availability source if added","Phase implementation evidenced; external gate remains; item-level confirmation required"
"P10-L0679","10","Improve the Location Directory","679","bullet","GA Pre-K filter","Phase-level implementation evidence; exact statement requires direct confirmation","Complete","Search/filter/geolocation/map/card interaction proof","Availability source if added","Phase implementation evidenced; external gate remains; item-level confirmation required"
"P10-L0680","10","Improve the Location Directory","680","bullet","Infant-care filter","Phase-level implementation evidence; exact statement requires direct confirmation","Complete","Search/filter/geolocation/map/card interaction proof","Availability source if added","Phase implementation evidenced; external gate remains; item-level confirmation required"
"P10-L0681","10","Improve the Location Directory","681","bullet","Kindergarten filter","Phase-level implementation evidence; exact statement requires direct confirmation","Complete","Search/filter/geolocation/map/card interaction proof","Availability source if added","Phase implementation evidenced; external gate remains; item-level confirmation required"
"P10-L0682","10","Improve the Location Directory","682","bullet","School-transportation filter","Phase-level implementation evidence; exact statement requires direct confirmation","Complete","Search/filter/geolocation/map/card interaction proof","Availability source if added","Phase implementation evidenced; external gate remains; item-level confirmation required"
"P10-L0683","10","Improve the Location Directory","683","bullet","Current availability indicator","Phase-level implementation evidence; exact statement requires direct confirmation","Complete","Search/filter/geolocation/map/card interaction proof","Availability source if added","Phase implementation evidenced; external gate remains; item-level confirmation required"
"P10-L0684","10","Improve the Location Directory","684","bullet","“Schedule a Tour” on every card","Phase-level implementation evidence; exact statement requires direct confirmation","Complete","Search/filter/geolocation/map/card interaction proof","Availability source if added","Phase implementation evidenced; external gate remains; item-level confirmation required"
"P10-L0685","10","Improve the Location Directory","685","bullet","Call button on mobile","Phase-level implementation evidence; exact statement requires direct confirmation","Complete","Search/filter/geolocation/map/card interaction proof","Availability source if added","Phase implementation evidenced; external gate remains; item-level confirmation required"
"P10-L0686","10","Improve the Location Directory","686","bullet","Directions button","Phase-level implementation evidence; exact statement requires direct confirmation","Complete","Search/filter/geolocation/map/card interaction proof","Availability source if added","Phase implementation evidenced; external gate remains; item-level confirmation required"
"P10-L0687","10","Improve the Location Directory","687","bullet","Consistent campus naming","Phase-level implementation evidence; exact statement requires direct confirmation","Complete","Search/filter/geolocation/map/card interaction proof","Availability source if added","Phase implementation evidenced; external gate remains; item-level confirmation required"
"P10-L0689","10","Improve the Location Directory","689","paragraph","Campus cards should display only verified information.","Phase-level implementation evidence; exact statement requires direct confirmation","Complete","Search/filter/geolocation/map/card interaction proof","Availability source if added","Phase implementation evidenced; external gate remains; item-level confirmation required"
"P10-L0691","10","Improve the Location Directory","691","paragraph","Suggested availability labels:","Phase-level implementation evidence; exact statement requires direct confirmation","Complete","Search/filter/geolocation/map/card interaction proof","Availability source if added","Phase implementation evidenced; external gate remains; item-level confirmation required"
"P10-L0693","10","Improve the Location Directory","693","bullet","Now Enrolling","Phase-level implementation evidence; exact statement requires direct confirmation","Complete","Search/filter/geolocation/map/card interaction proof","Availability source if added","Phase implementation evidenced; external gate remains; item-level confirmation required"
"P10-L0694","10","Improve the Location Directory","694","bullet","Limited Openings","Phase-level implementation evidence; exact statement requires direct confirmation","Complete","Search/filter/geolocation/map/card interaction proof","Availability source if added","Phase implementation evidenced; external gate remains; item-level confirmation required"
"P10-L0695","10","Improve the Location Directory","695","bullet","Waitlist","Phase-level implementation evidence; exact statement requires direct confirmation","Complete","Search/filter/geolocation/map/card interaction proof","Availability source if added","Phase implementation evidenced; external gate remains; item-level confirmation required"
"P10-L0696","10","Improve the Location Directory","696","bullet","Contact Campus","Phase-level implementation evidence; exact statement requires direct confirmation","Complete","Search/filter/geolocation/map/card interaction proof","Availability source if added","Phase implementation evidenced; external gate remains; item-level confirmation required"
"P10-L0697","10","Improve the Location Directory","697","bullet","GA Pre-K Applications Open","Phase-level implementation evidence; exact statement requires direct confirmation","Complete","Search/filter/geolocation/map/card interaction proof","Availability source if added","Phase implementation evidenced; external gate remains; item-level confirmation required"
"P10-L0698","10","Improve the Location Directory","698","bullet","GA Pre-K Waitlist","Phase-level implementation evidence; exact statement requires direct confirmation","Complete","Search/filter/geolocation/map/card interaction proof","Availability source if added","Phase implementation evidenced; external gate remains; item-level confirmation required"
"P10-L0700","10","Improve the Location Directory","700","paragraph","Do not show inaccurate real-time availability if the data cannot be maintained.","Phase-level implementation evidence; exact statement requires direct confirmation","Complete","Search/filter/geolocation/map/card interaction proof","Availability source if added","Phase implementation evidenced; external gate remains; item-level confirmation required"
"P11-L0704","11","Clarify Accreditation and Trust Signals","704","paragraph","Create a dedicated “Accreditation, Licensing, and Quality” page or expandable trust section.","Phase-level implementation evidence; exact statement requires direct confirmation","Safe implementation complete","Unsupported blanket claims removed","Credential documents/scope","Phase implementation evidenced; external gate remains; item-level confirmation required"
"P11-L0706","11","Clarify Accreditation and Trust Signals","706","paragraph","Explain separately:","Phase-level implementation evidence; exact statement requires direct confirmation","Safe implementation complete","Unsupported blanket claims removed","Credential documents/scope","Phase implementation evidenced; external gate remains; item-level confirmation required"
"P11-L0708","11","Clarify Accreditation and Trust Signals","708","bullet","State childcare licensing","Phase-level implementation evidence; exact statement requires direct confirmation","Safe implementation complete","Unsupported blanket claims removed","Credential documents/scope","Phase implementation evidenced; external gate remains; item-level confirmation required"
"P11-L0709","11","Clarify Accreditation and Trust Signals","709","bullet","Quality Rated participation","Phase-level implementation evidence; exact statement requires direct confirmation","Safe implementation complete","Unsupported blanket claims removed","Credential documents/scope","Phase implementation evidenced; external gate remains; item-level confirmation required"
"P11-L0710","11","Clarify Accreditation and Trust Signals","710","bullet","GA Pre-K partnership","Phase-level implementation evidence; exact statement requires direct confirmation","Safe implementation complete","Unsupported blanket claims removed","Credential documents/scope","Phase implementation evidenced; external gate remains; item-level confirmation required"
"P11-L0711","11","Clarify Accreditation and Trust Signals","711","bullet","NAEYC recognition","Phase-level implementation evidence; exact statement requires direct confirmation","Safe implementation complete","Unsupported blanket claims removed","Credential documents/scope","Phase implementation evidenced; external gate remains; item-level confirmation required"
"P11-L0712","11","Clarify Accreditation and Trust Signals","712","bullet","GAC accreditation","Phase-level implementation evidence; exact statement requires direct confirmation","Safe implementation complete","Unsupported blanket claims removed","Credential documents/scope","Phase implementation evidenced; external gate remains; item-level confirmation required"
"P11-L0713","11","Clarify Accreditation and Trust Signals","713","bullet","Private-school accreditation","Phase-level implementation evidence; exact statement requires direct confirmation","Safe implementation complete","Unsupported blanket claims removed","Credential documents/scope","Phase implementation evidenced; external gate remains; item-level confirmation required"
"P11-L0714","11","Clarify Accreditation and Trust Signals","714","bullet","Curriculum recognition","Phase-level implementation evidence; exact statement requires direct confirmation","Safe implementation complete","Unsupported blanket claims removed","Credential documents/scope","Phase implementation evidenced; external gate remains; item-level confirmation required"
"P11-L0715","11","Clarify Accreditation and Trust Signals","715","bullet","Campus-specific credentials","Phase-level implementation evidence; exact statement requires direct confirmation","Safe implementation complete","Unsupported blanket claims removed","Credential documents/scope","Phase implementation evidenced; external gate remains; item-level confirmation required"
"P11-L0716","11","Clarify Accreditation and Trust Signals","716","bullet","System-wide credentials","Phase-level implementation evidence; exact statement requires direct confirmation","Safe implementation complete","Unsupported blanket claims removed","Credential documents/scope","Phase implementation evidenced; external gate remains; item-level confirmation required"
"P11-L0718","11","Clarify Accreditation and Trust Signals","718","paragraph","Do not group unrelated credentials in a way that implies all campuses individually possess them.","Phase-level implementation evidence; exact statement requires direct confirmation","Safe implementation complete","Unsupported blanket claims removed","Credential documents/scope","Phase implementation evidenced; external gate remains; item-level confirmation required"
"P11-L0720","11","Clarify Accreditation and Trust Signals","720","paragraph","Every logo should link to either:","Phase-level implementation evidence; exact statement requires direct confirmation","Safe implementation complete","Unsupported blanket claims removed","Credential documents/scope","Phase implementation evidenced; external gate remains; item-level confirmation required"
"P11-L0722","11","Clarify Accreditation and Trust Signals","722","bullet","The verifying organization","Phase-level implementation evidence; exact statement requires direct confirmation","Safe implementation complete","Unsupported blanket claims removed","Credential documents/scope","Phase implementation evidenced; external gate remains; item-level confirmation required"
"P11-L0723","11","Clarify Accreditation and Trust Signals","723","bullet","A credential document","Phase-level implementation evidence; exact statement requires direct confirmation","Safe implementation complete","Unsupported blanket claims removed","Credential documents/scope","Phase implementation evidenced; external gate remains; item-level confirmation required"
"P11-L0724","11","Clarify Accreditation and Trust Signals","724","bullet","A clear internal explanation","Phase-level implementation evidence; exact statement requires direct confirmation","Safe implementation complete","Unsupported blanket claims removed","Credential documents/scope","Phase implementation evidenced; external gate remains; item-level confirmation required"
"P11-L0726","11","Clarify Accreditation and Trust Signals","726","paragraph","Use careful wording approved by management and the accrediting organization.","Phase-level implementation evidence; exact statement requires direct confirmation","Safe implementation complete","Unsupported blanket claims removed","Credential documents/scope","Phase implementation evidenced; external gate remains; item-level confirmation required"
"P11-L0728","11","Clarify Accreditation and Trust Signals","728","paragraph","Avoid “accredited excellence” on pages where the type and scope of accreditation are not explained.","Phase-level implementation evidence; exact statement requires direct confirmation","Safe implementation complete","Unsupported blanket claims removed","Credential documents/scope","Phase implementation evidenced; external gate remains; item-level confirmation required"
"P12-L0732","12","Upgrade the Tour and Enrollment Funnel","732","paragraph","Standardize the primary CTA across the website as:","Phase-level implementation evidence; exact statement requires direct confirmation","Theme/UI complete","Responsive forms and CTA matrix","Authenticated CRM/messages/calendar","Phase implementation evidenced; external gate remains; item-level confirmation required"
"P12-L0734","12","Upgrade the Tour and Enrollment Funnel","734","paragraph","“Schedule a Tour”","Phase-level implementation evidence; exact statement requires direct confirmation","Theme/UI complete","Responsive forms and CTA matrix","Authenticated CRM/messages/calendar","Phase implementation evidenced; external gate remains; item-level confirmation required"
"P12-L0736","12","Upgrade the Tour and Enrollment Funnel","736","paragraph","Use the same wording in:","Phase-level implementation evidence; exact statement requires direct confirmation","Theme/UI complete","Responsive forms and CTA matrix","Authenticated CRM/messages/calendar","Phase implementation evidenced; external gate remains; item-level confirmation required"
"P12-L0738","12","Upgrade the Tour and Enrollment Funnel","738","bullet","Header","Phase-level implementation evidence; exact statement requires direct confirmation","Theme/UI complete","Responsive forms and CTA matrix","Authenticated CRM/messages/calendar","Phase implementation evidenced; external gate remains; item-level confirmation required"
"P12-L0739","12","Upgrade the Tour and Enrollment Funnel","739","bullet","Homepage","Phase-level implementation evidence; exact statement requires direct confirmation","Theme/UI complete","Responsive forms and CTA matrix","Authenticated CRM/messages/calendar","Phase implementation evidenced; external gate remains; item-level confirmation required"
"P12-L0740","12","Upgrade the Tour and Enrollment Funnel","740","bullet","Program pages","Phase-level implementation evidence; exact statement requires direct confirmation","Theme/UI complete","Responsive forms and CTA matrix","Authenticated CRM/messages/calendar","Phase implementation evidenced; external gate remains; item-level confirmation required"
"P12-L0741","12","Upgrade the Tour and Enrollment Funnel","741","bullet","Campus pages","Phase-level implementation evidence; exact statement requires direct confirmation","Theme/UI complete","Responsive forms and CTA matrix","Authenticated CRM/messages/calendar","Phase implementation evidenced; external gate remains; item-level confirmation required"
"P12-L0742","12","Upgrade the Tour and Enrollment Funnel","742","bullet","Footer","Phase-level implementation evidence; exact statement requires direct confirmation","Theme/UI complete","Responsive forms and CTA matrix","Authenticated CRM/messages/calendar","Phase implementation evidenced; external gate remains; item-level confirmation required"
"P12-L0743","12","Upgrade the Tour and Enrollment Funnel","743","bullet","Mobile sticky CTA","Phase-level implementation evidence; exact statement requires direct confirmation","Theme/UI complete","Responsive forms and CTA matrix","Authenticated CRM/messages/calendar","Phase implementation evidenced; external gate remains; item-level confirmation required"
"P12-L0744","12","Upgrade the Tour and Enrollment Funnel","744","bullet","Blog pages","Phase-level implementation evidence; exact statement requires direct confirmation","Theme/UI complete","Responsive forms and CTA matrix","Authenticated CRM/messages/calendar","Phase implementation evidenced; external gate remains; item-level confirmation required"
"P12-L0745","12","Upgrade the Tour and Enrollment Funnel","745","bullet","Curriculum pages","Phase-level implementation evidence; exact statement requires direct confirmation","Theme/UI complete","Responsive forms and CTA matrix","Authenticated CRM/messages/calendar","Phase implementation evidenced; external gate remains; item-level confirmation required"
"P12-L0747","12","Upgrade the Tour and Enrollment Funnel","747","paragraph","The tour experience should remain visually within the Chroma brand.","Phase-level implementation evidence; exact statement requires direct confirmation","Theme/UI complete","Responsive forms and CTA matrix","Authenticated CRM/messages/calendar","Phase implementation evidenced; external gate remains; item-level confirmation required"
"P12-L0749","12","Upgrade the Tour and Enrollment Funnel","749","paragraph","Avoid sending parents to an unbranded LeadConnector URL when possible.","Phase-level implementation evidence; exact statement requires direct confirmation","Theme/UI complete","Responsive forms and CTA matrix","Authenticated CRM/messages/calendar","Phase implementation evidenced; external gate remains; item-level confirmation required"
"P12-L0751","12","Upgrade the Tour and Enrollment Funnel","751","paragraph","Preferred implementation:","Phase-level implementation evidence; exact statement requires direct confirmation","Theme/UI complete","Responsive forms and CTA matrix","Authenticated CRM/messages/calendar","Phase implementation evidenced; external gate remains; item-level confirmation required"
"P12-L0753","12","Upgrade the Tour and Enrollment Funnel","753","bullet","Embedded branded form","Phase-level implementation evidence; exact statement requires direct confirmation","Theme/UI complete","Responsive forms and CTA matrix","Authenticated CRM/messages/calendar","Phase implementation evidenced; external gate remains; item-level confirmation required"
"P12-L0754","12","Upgrade the Tour and Enrollment Funnel","754","bullet","Chroma subdomain","Phase-level implementation evidence; exact statement requires direct confirmation","Theme/UI complete","Responsive forms and CTA matrix","Authenticated CRM/messages/calendar","Phase implementation evidenced; external gate remains; item-level confirmation required"
"P12-L0755","12","Upgrade the Tour and Enrollment Funnel","755","bullet","Branded confirmation page","Phase-level implementation evidence; exact statement requires direct confirmation","Theme/UI complete","Responsive forms and CTA matrix","Authenticated CRM/messages/calendar","Phase implementation evidenced; external gate remains; item-level confirmation required"
"P12-L0756","12","Upgrade the Tour and Enrollment Funnel","756","bullet","Campus-specific routing","Phase-level implementation evidence; exact statement requires direct confirmation","Theme/UI complete","Responsive forms and CTA matrix","Authenticated CRM/messages/calendar","Phase implementation evidenced; external gate remains; item-level confirmation required"
"P12-L0757","12","Upgrade the Tour and Enrollment Funnel","757","bullet","CRM integration in the background","Phase-level implementation evidence; exact statement requires direct confirmation","Theme/UI complete","Responsive forms and CTA matrix","Authenticated CRM/messages/calendar","Phase implementation evidenced; external gate remains; item-level confirmation required"
"P12-L0759","12","Upgrade the Tour and Enrollment Funnel","759","paragraph","Tour form fields should include:","Phase-level implementation evidence; exact statement requires direct confirmation","Theme/UI complete","Responsive forms and CTA matrix","Authenticated CRM/messages/calendar","Phase implementation evidenced; external gate remains; item-level confirmation required"
"P12-L0761","12","Upgrade the Tour and Enrollment Funnel","761","bullet","Parent or guardian name","Phase-level implementation evidence; exact statement requires direct confirmation","Theme/UI complete","Responsive forms and CTA matrix","Authenticated CRM/messages/calendar","Phase implementation evidenced; external gate remains; item-level confirmation required"
"P12-L0762","12","Upgrade the Tour and Enrollment Funnel","762","bullet","Phone","Phase-level implementation evidence; exact statement requires direct confirmation","Theme/UI complete","Responsive forms and CTA matrix","Authenticated CRM/messages/calendar","Phase implementation evidenced; external gate remains; item-level confirmation required"
"P12-L0763","12","Upgrade the Tour and Enrollment Funnel","763","bullet","Email","Phase-level implementation evidence; exact statement requires direct confirmation","Theme/UI complete","Responsive forms and CTA matrix","Authenticated CRM/messages/calendar","Phase implementation evidenced; external gate remains; item-level confirmation required"
"P12-L0764","12","Upgrade the Tour and Enrollment Funnel","764","bullet","Preferred campus","Phase-level implementation evidence; exact statement requires direct confirmation","Theme/UI complete","Responsive forms and CTA matrix","Authenticated CRM/messages/calendar","Phase implementation evidenced; external gate remains; item-level confirmation required"
"P12-L0765","12","Upgrade the Tour and Enrollment Funnel","765","bullet","Child’s date of birth or age","Phase-level implementation evidence; exact statement requires direct confirmation","Theme/UI complete","Responsive forms and CTA matrix","Authenticated CRM/messages/calendar","Phase implementation evidenced; external gate remains; item-level confirmation required"
"P12-L0766","12","Upgrade the Tour and Enrollment Funnel","766","bullet","Program needed","Phase-level implementation evidence; exact statement requires direct confirmation","Theme/UI complete","Responsive forms and CTA matrix","Authenticated CRM/messages/calendar","Phase implementation evidenced; external gate remains; item-level confirmation required"
"P12-L0767","12","Upgrade the Tour and Enrollment Funnel","767","bullet","Desired start date","Phase-level implementation evidence; exact statement requires direct confirmation","Theme/UI complete","Responsive forms and CTA matrix","Authenticated CRM/messages/calendar","Phase implementation evidenced; external gate remains; item-level confirmation required"
"P12-L0768","12","Upgrade the Tour and Enrollment Funnel","768","bullet","Tour date and time","Phase-level implementation evidence; exact statement requires direct confirmation","Theme/UI complete","Responsive forms and CTA matrix","Authenticated CRM/messages/calendar","Phase implementation evidenced; external gate remains; item-level confirmation required"
"P12-L0769","12","Upgrade the Tour and Enrollment Funnel","769","bullet","Preferred contact method","Phase-level implementation evidence; exact statement requires direct confirmation","Theme/UI complete","Responsive forms and CTA matrix","Authenticated CRM/messages/calendar","Phase implementation evidenced; external gate remains; item-level confirmation required"
"P12-L0770","12","Upgrade the Tour and Enrollment Funnel","770","bullet","Referral source","Phase-level implementation evidence; exact statement requires direct confirmation","Theme/UI complete","Responsive forms and CTA matrix","Authenticated CRM/messages/calendar","Phase implementation evidenced; external gate remains; item-level confirmation required"
"P12-L0771","12","Upgrade the Tour and Enrollment Funnel","771","bullet","Optional comments","Phase-level implementation evidence; exact statement requires direct confirmation","Theme/UI complete","Responsive forms and CTA matrix","Authenticated CRM/messages/calendar","Phase implementation evidenced; external gate remains; item-level confirmation required"
"P12-L0773","12","Upgrade the Tour and Enrollment Funnel","773","paragraph","Do not make the first form unnecessarily long.","Phase-level implementation evidence; exact statement requires direct confirmation","Theme/UI complete","Responsive forms and CTA matrix","Authenticated CRM/messages/calendar","Phase implementation evidenced; external gate remains; item-level confirmation required"
"P12-L0775","12","Upgrade the Tour and Enrollment Funnel","775","paragraph","Use progressive collection where appropriate.","Phase-level implementation evidence; exact statement requires direct confirmation","Theme/UI complete","Responsive forms and CTA matrix","Authenticated CRM/messages/calendar","Phase implementation evidenced; external gate remains; item-level confirmation required"
"P12-L0777","12","Upgrade the Tour and Enrollment Funnel","777","paragraph","After submission:","Phase-level implementation evidence; exact statement requires direct confirmation","Theme/UI complete","Responsive forms and CTA matrix","Authenticated CRM/messages/calendar","Phase implementation evidenced; external gate remains; item-level confirmation required"
"P12-L0779","12","Upgrade the Tour and Enrollment Funnel","779","numbered","Show immediate confirmation.","Phase-level implementation evidence; exact statement requires direct confirmation","Theme/UI complete","Responsive forms and CTA matrix","Authenticated CRM/messages/calendar","Phase implementation evidenced; external gate remains; item-level confirmation required"
"P12-L0780","12","Upgrade the Tour and Enrollment Funnel","780","numbered","Send email confirmation.","Phase-level implementation evidence; exact statement requires direct confirmation","Theme/UI complete","Responsive forms and CTA matrix","Authenticated CRM/messages/calendar","Phase implementation evidenced; external gate remains; item-level confirmation required"
"P12-L0781","12","Upgrade the Tour and Enrollment Funnel","781","numbered","Send text confirmation where consent was provided.","Phase-level implementation evidence; exact statement requires direct confirmation","Theme/UI complete","Responsive forms and CTA matrix","Authenticated CRM/messages/calendar","Phase implementation evidenced; external gate remains; item-level confirmation required"
"P12-L0782","12","Upgrade the Tour and Enrollment Funnel","782","numbered","Notify the correct campus.","Phase-level implementation evidence; exact statement requires direct confirmation","Theme/UI complete","Responsive forms and CTA matrix","Authenticated CRM/messages/calendar","Phase implementation evidenced; external gate remains; item-level confirmation required"
"P12-L0783","12","Upgrade the Tour and Enrollment Funnel","783","numbered","Assign the lead in the CRM.","Phase-level implementation evidence; exact statement requires direct confirmation","Theme/UI complete","Responsive forms and CTA matrix","Authenticated CRM/messages/calendar","Phase implementation evidenced; external gate remains; item-level confirmation required"
"P12-L0784","12","Upgrade the Tour and Enrollment Funnel","784","numbered","Provide directions.","Phase-level implementation evidence; exact statement requires direct confirmation","Theme/UI complete","Responsive forms and CTA matrix","Authenticated CRM/messages/calendar","Phase implementation evidenced; external gate remains; item-level confirmation required"
"P12-L0785","12","Upgrade the Tour and Enrollment Funnel","785","numbered","Allow rescheduling.","Phase-level implementation evidence; exact statement requires direct confirmation","Theme/UI complete","Responsive forms and CTA matrix","Authenticated CRM/messages/calendar","Phase implementation evidenced; external gate remains; item-level confirmation required"
"P12-L0786","12","Upgrade the Tour and Enrollment Funnel","786","numbered","Track attended, missed, enrolled, lost, and waitlisted outcomes.","Phase-level implementation evidence; exact statement requires direct confirmation","Theme/UI complete","Responsive forms and CTA matrix","Authenticated CRM/messages/calendar","Phase implementation evidenced; external gate remains; item-level confirmation required"
"P12-L0788","12","Upgrade the Tour and Enrollment Funnel","788","paragraph","Ensure every campus, including Chadwick, has a working tour pathway.","Phase-level implementation evidence; exact statement requires direct confirmation","Theme/UI complete","Responsive forms and CTA matrix","Authenticated CRM/messages/calendar","Phase implementation evidenced; external gate remains; item-level confirmation required"
"P12-L0790","12","Upgrade the Tour and Enrollment Funnel","790","paragraph","Use clear consent language for SMS and email communication.","Phase-level implementation evidence; exact statement requires direct confirmation","Theme/UI complete","Responsive forms and CTA matrix","Authenticated CRM/messages/calendar","Phase implementation evidenced; external gate remains; item-level confirmation required"
"P13-L0794","13","Tuition and Availability Strategy","794","paragraph","Parents frequently leave childcare websites when they cannot find any tuition guidance.","Phase-level implementation evidence; exact statement requires direct confirmation","Safe policy complete","No stale prices or fake availability","Maintained owner workflow","Phase implementation evidenced; external gate remains; item-level confirmation required"
"P13-L0796","13","Tuition and Availability Strategy","796","paragraph","Implement one of the following, based on management approval:","Phase-level implementation evidence; exact statement requires direct confirmation","Safe policy complete","No stale prices or fake availability","Maintained owner workflow","Phase implementation evidenced; external gate remains; item-level confirmation required"
"P13-L0798","13","Tuition and Availability Strategy","798","paragraph","Option A: Display tuition ranges by campus and age.","Phase-level implementation evidence; exact statement requires direct confirmation","Safe policy complete","No stale prices or fake availability","Maintained owner workflow","Phase implementation evidenced; external gate remains; item-level confirmation required"
"P13-L0800","13","Tuition and Availability Strategy","800","paragraph","Option B: Use a “Request Tuition” form that immediately provides the appropriate rate sheet.","Phase-level implementation evidence; exact statement requires direct confirmation","Safe policy complete","No stale prices or fake availability","Maintained owner workflow","Phase implementation evidenced; external gate remains; item-level confirmation required"
"P13-L0802","13","Tuition and Availability Strategy","802","paragraph","Option C: Show transparent language explaining that tuition varies by campus, age, schedule, and program, followed by an easy rate-request form.","Phase-level implementation evidence; exact statement requires direct confirmation","Safe policy complete","No stale prices or fake availability","Maintained owner workflow","Phase implementation evidenced; external gate remains; item-level confirmation required"
"P13-L0804","13","Tuition and Availability Strategy","804","paragraph","Do not force parents to complete a full tour form merely to receive basic tuition information.","Phase-level implementation evidence; exact statement requires direct confirmation","Safe policy complete","No stale prices or fake availability","Maintained owner workflow","Phase implementation evidenced; external gate remains; item-level confirmation required"
"P13-L0806","13","Tuition and Availability Strategy","806","paragraph","Add current openings or waitlist status by age group only if the data can be maintained accurately.","Phase-level implementation evidence; exact statement requires direct confirmation","Safe policy complete","No stale prices or fake availability","Maintained owner workflow","Phase implementation evidenced; external gate remains; item-level confirmation required"
"P14-L0810","14","Parent Resources and Policy Accuracy","810","paragraph","Improve the Parents page into a clear resource center.","Phase-level implementation evidence; exact statement requires direct confirmation","Theme complete","Parent resources and policy surfaces","Current documents/app owners","Phase implementation evidenced; external gate remains; item-level confirmation required"
"P14-L0812","14","Parent Resources and Policy Accuracy","812","paragraph","Organize it into:","Phase-level implementation evidence; exact statement requires direct confirmation","Theme complete","Parent resources and policy surfaces","Current documents/app owners","Phase implementation evidenced; external gate remains; item-level confirmation required"
"P14-L0814","14","Parent Resources and Policy Accuracy","814","bullet","Parent communication app","Phase-level implementation evidence; exact statement requires direct confirmation","Theme complete","Parent resources and policy surfaces","Current documents/app owners","Phase implementation evidenced; external gate remains; item-level confirmation required"
"P14-L0815","14","Parent Resources and Policy Accuracy","815","bullet","Family handbook","Phase-level implementation evidence; exact statement requires direct confirmation","Theme complete","Parent resources and policy surfaces","Current documents/app owners","Phase implementation evidenced; external gate remains; item-level confirmation required"
"P14-L0816","14","Parent Resources and Policy Accuracy","816","bullet","Enrollment documents","Phase-level implementation evidence; exact statement requires direct confirmation","Theme complete","Parent resources and policy surfaces","Current documents/app owners","Phase implementation evidenced; external gate remains; item-level confirmation required"
"P14-L0817","14","Parent Resources and Policy Accuracy","817","bullet","Tuition and payment information","Phase-level implementation evidence; exact statement requires direct confirmation","Theme complete","Parent resources and policy surfaces","Current documents/app owners","Phase implementation evidenced; external gate remains; item-level confirmation required"
"P14-L0818","14","Parent Resources and Policy Accuracy","818","bullet","Menus","Phase-level implementation evidence; exact statement requires direct confirmation","Theme complete","Parent resources and policy surfaces","Current documents/app owners","Phase implementation evidenced; external gate remains; item-level confirmation required"
"P14-L0819","14","Parent Resources and Policy Accuracy","819","bullet","Health and illness policy","Phase-level implementation evidence; exact statement requires direct confirmation","Theme complete","Parent resources and policy surfaces","Current documents/app owners","Phase implementation evidenced; external gate remains; item-level confirmation required"
"P14-L0820","14","Parent Resources and Policy Accuracy","820","bullet","Medication forms","Phase-level implementation evidence; exact statement requires direct confirmation","Theme complete","Parent resources and policy surfaces","Current documents/app owners","Phase implementation evidenced; external gate remains; item-level confirmation required"
"P14-L0821","14","Parent Resources and Policy Accuracy","821","bullet","Allergy information","Phase-level implementation evidence; exact statement requires direct confirmation","Theme complete","Parent resources and policy surfaces","Current documents/app owners","Phase implementation evidenced; external gate remains; item-level confirmation required"
"P14-L0822","14","Parent Resources and Policy Accuracy","822","bullet","Authorized pickup","Phase-level implementation evidence; exact statement requires direct confirmation","Theme complete","Parent resources and policy surfaces","Current documents/app owners","Phase implementation evidenced; external gate remains; item-level confirmation required"
"P14-L0823","14","Parent Resources and Policy Accuracy","823","bullet","Attendance","Phase-level implementation evidence; exact statement requires direct confirmation","Theme complete","Parent resources and policy surfaces","Current documents/app owners","Phase implementation evidenced; external gate remains; item-level confirmation required"
"P14-L0824","14","Parent Resources and Policy Accuracy","824","bullet","Late pickup","Phase-level implementation evidence; exact statement requires direct confirmation","Theme complete","Parent resources and policy surfaces","Current documents/app owners","Phase implementation evidenced; external gate remains; item-level confirmation required"
"P14-L0825","14","Parent Resources and Policy Accuracy","825","bullet","Weather closures","Phase-level implementation evidence; exact statement requires direct confirmation","Theme complete","Parent resources and policy surfaces","Current documents/app owners","Phase implementation evidenced; external gate remains; item-level confirmation required"
"P14-L0826","14","Parent Resources and Policy Accuracy","826","bullet","Family events","Phase-level implementation evidence; exact statement requires direct confirmation","Theme complete","Parent resources and policy surfaces","Current documents/app owners","Phase implementation evidenced; external gate remains; item-level confirmation required"
"P14-L0827","14","Parent Resources and Policy Accuracy","827","bullet","School calendar","Phase-level implementation evidence; exact statement requires direct confirmation","Theme complete","Parent resources and policy surfaces","Current documents/app owners","Phase implementation evidenced; external gate remains; item-level confirmation required"
"P14-L0828","14","Parent Resources and Policy Accuracy","828","bullet","Portal access","Phase-level implementation evidence; exact statement requires direct confirmation","Theme complete","Parent resources and policy surfaces","Current documents/app owners","Phase implementation evidenced; external gate remains; item-level confirmation required"
"P14-L0829","14","Parent Resources and Policy Accuracy","829","bullet","Support contacts","Phase-level implementation evidence; exact statement requires direct confirmation","Theme complete","Parent resources and policy surfaces","Current documents/app owners","Phase implementation evidenced; external gate remains; item-level confirmation required"
"P14-L0831","14","Parent Resources and Policy Accuracy","831","paragraph","Ensure operating hours and late-pickup language are accurate for all campuses or clearly identified as campus-specific.","Phase-level implementation evidence; exact statement requires direct confirmation","Theme complete","Parent resources and policy surfaces","Current documents/app owners","Phase implementation evidenced; external gate remains; item-level confirmation required"
"P14-L0833","14","Parent Resources and Policy Accuracy","833","paragraph","Remove outdated Procare, Brightwheel, or other software references.","Phase-level implementation evidence; exact statement requires direct confirmation","Theme complete","Parent resources and policy surfaces","Current documents/app owners","Phase implementation evidenced; external gate remains; item-level confirmation required"
"P14-L0835","14","Parent Resources and Policy Accuracy","835","paragraph","Ensure downloadable files are current, branded, accessible, and mobile-friendly.","Phase-level implementation evidence; exact statement requires direct confirmation","Theme complete","Parent resources and policy surfaces","Current documents/app owners","Phase implementation evidenced; external gate remains; item-level confirmation required"
"P15-L0839","15","Chroma Early Start Improvements","839","paragraph","Clarify the relationship between Chroma Early Learning Academy and Chroma Early Start.","Phase-level implementation evidence; exact statement requires direct confirmation","Route/template complete","Early Start separated from Early Learning","Clinical/payment/privacy facts","Phase implementation evidenced; external gate remains; item-level confirmation required"
"P15-L0841","15","Chroma Early Start Improvements","841","paragraph","The page should clearly explain:","Phase-level implementation evidence; exact statement requires direct confirmation","Route/template complete","Early Start separated from Early Learning","Clinical/payment/privacy facts","Phase implementation evidenced; external gate remains; item-level confirmation required"
"P15-L0843","15","Chroma Early Start Improvements","843","bullet","What Chroma Early Start is","Phase-level implementation evidence; exact statement requires direct confirmation","Route/template complete","Early Start separated from Early Learning","Clinical/payment/privacy facts","Phase implementation evidenced; external gate remains; item-level confirmation required"
"P15-L0844","15","Chroma Early Start Improvements","844","bullet","Which services are currently active","Phase-level implementation evidence; exact statement requires direct confirmation","Route/template complete","Early Start separated from Early Learning","Clinical/payment/privacy facts","Phase implementation evidenced; external gate remains; item-level confirmation required"
"P15-L0845","15","Chroma Early Start Improvements","845","bullet","Which services are upcoming","Phase-level implementation evidence; exact statement requires direct confirmation","Route/template complete","Early Start separated from Early Learning","Clinical/payment/privacy facts","Phase implementation evidenced; external gate remains; item-level confirmation required"
"P15-L0846","15","Chroma Early Start Improvements","846","bullet","Ages served","Phase-level implementation evidence; exact statement requires direct confirmation","Route/template complete","Early Start separated from Early Learning","Clinical/payment/privacy facts","Phase implementation evidenced; external gate remains; item-level confirmation required"
"P15-L0847","15","Chroma Early Start Improvements","847","bullet","Whether services occur in clinics, homes, schools, or multiple settings","Phase-level implementation evidence; exact statement requires direct confirmation","Route/template complete","Early Start separated from Early Learning","Clinical/payment/privacy facts","Phase implementation evidenced; external gate remains; item-level confirmation required"
"P15-L0848","15","Chroma Early Start Improvements","848","bullet","How assessments work","Phase-level implementation evidence; exact statement requires direct confirmation","Route/template complete","Early Start separated from Early Learning","Clinical/payment/privacy facts","Phase implementation evidenced; external gate remains; item-level confirmation required"
"P15-L0849","15","Chroma Early Start Improvements","849","bullet","How parents inquire","Phase-level implementation evidence; exact statement requires direct confirmation","Route/template complete","Early Start separated from Early Learning","Clinical/payment/privacy facts","Phase implementation evidenced; external gate remains; item-level confirmation required"
"P15-L0850","15","Chroma Early Start Improvements","850","bullet","Insurance and private-pay considerations","Phase-level implementation evidence; exact statement requires direct confirmation","Route/template complete","Early Start separated from Early Learning","Clinical/payment/privacy facts","Phase implementation evidenced; external gate remains; item-level confirmation required"
"P15-L0851","15","Chroma Early Start Improvements","851","bullet","Whether services are available only to Chroma students or to the broader community","Phase-level implementation evidence; exact statement requires direct confirmation","Route/template complete","Early Start separated from Early Learning","Clinical/payment/privacy facts","Phase implementation evidenced; external gate remains; item-level confirmation required"
"P15-L0852","15","Chroma Early Start Improvements","852","bullet","How therapy teams and education teams may collaborate with consent","Phase-level implementation evidence; exact statement requires direct confirmation","Route/template complete","Early Start separated from Early Learning","Clinical/payment/privacy facts","Phase implementation evidenced; external gate remains; item-level confirmation required"
"P15-L0853","15","Chroma Early Start Improvements","853","bullet","Privacy protections","Phase-level implementation evidence; exact statement requires direct confirmation","Route/template complete","Early Start separated from Early Learning","Clinical/payment/privacy facts","Phase implementation evidenced; external gate remains; item-level confirmation required"
"P15-L0855","15","Chroma Early Start Improvements","855","paragraph","Do not imply that all therapy services are available at all Chroma campuses.","Phase-level implementation evidence; exact statement requires direct confirmation","Route/template complete","Early Start separated from Early Learning","Clinical/payment/privacy facts","Phase implementation evidenced; external gate remains; item-level confirmation required"
"P15-L0857","15","Chroma Early Start Improvements","857","paragraph","Correct all typographical errors, including “Inquire abour Early Start.”","Phase-level implementation evidence; exact statement requires direct confirmation","Route/template complete","Early Start separated from Early Learning","Clinical/payment/privacy facts","Phase implementation evidenced; external gate remains; item-level confirmation required"
"P15-L0859","15","Chroma Early Start Improvements","859","paragraph","Use a separate, clearly labeled inquiry funnel from the childcare tour funnel.","Phase-level implementation evidence; exact statement requires direct confirmation","Route/template complete","Early Start separated from Early Learning","Clinical/payment/privacy facts","Phase implementation evidenced; external gate remains; item-level confirmation required"
"P16-L0863","16","Careers Page Improvements","863","paragraph","Strengthen the careers page for teacher and leadership recruitment.","Phase-level implementation evidence; exact statement requires direct confirmation","Theme/listing complete","Careers and JobPosting support","HR confirmation and active postings","Phase implementation evidenced; external gate remains; item-level confirmation required"
"P16-L0865","16","Careers Page Improvements","865","paragraph","Include:","Phase-level implementation evidence; exact statement requires direct confirmation","Theme/listing complete","Careers and JobPosting support","HR confirmation and active postings","Phase implementation evidenced; external gate remains; item-level confirmation required"
"P16-L0867","16","Careers Page Improvements","867","bullet","Why work at Chroma","Phase-level implementation evidence; exact statement requires direct confirmation","Theme/listing complete","Careers and JobPosting support","HR confirmation and active postings","Phase implementation evidenced; external gate remains; item-level confirmation required"
"P16-L0868","16","Careers Page Improvements","868","bullet","Mission and culture","Phase-level implementation evidence; exact statement requires direct confirmation","Theme/listing complete","Careers and JobPosting support","HR confirmation and active postings","Phase implementation evidenced; external gate remains; item-level confirmation required"
"P16-L0869","16","Careers Page Improvements","869","bullet","Professional development","Phase-level implementation evidence; exact statement requires direct confirmation","Theme/listing complete","Careers and JobPosting support","HR confirmation and active postings","Phase implementation evidenced; external gate remains; item-level confirmation required"
"P16-L0870","16","Careers Page Improvements","870","bullet","Curriculum support","Phase-level implementation evidence; exact statement requires direct confirmation","Theme/listing complete","Careers and JobPosting support","HR confirmation and active postings","Phase implementation evidenced; external gate remains; item-level confirmation required"
"P16-L0871","16","Careers Page Improvements","871","bullet","Career growth","Phase-level implementation evidence; exact statement requires direct confirmation","Theme/listing complete","Careers and JobPosting support","HR confirmation and active postings","Phase implementation evidenced; external gate remains; item-level confirmation required"
"P16-L0872","16","Careers Page Improvements","872","bullet","Benefits","Phase-level implementation evidence; exact statement requires direct confirmation","Theme/listing complete","Careers and JobPosting support","HR confirmation and active postings","Phase implementation evidenced; external gate remains; item-level confirmation required"
"P16-L0873","16","Careers Page Improvements","873","bullet","Employee referral opportunities","Phase-level implementation evidence; exact statement requires direct confirmation","Theme/listing complete","Careers and JobPosting support","HR confirmation and active postings","Phase implementation evidenced; external gate remains; item-level confirmation required"
"P16-L0874","16","Careers Page Improvements","874","bullet","Teacher and director roles","Phase-level implementation evidence; exact statement requires direct confirmation","Theme/listing complete","Careers and JobPosting support","HR confirmation and active postings","Phase implementation evidenced; external gate remains; item-level confirmation required"
"P16-L0875","16","Careers Page Improvements","875","bullet","Corporate roles","Phase-level implementation evidence; exact statement requires direct confirmation","Theme/listing complete","Careers and JobPosting support","HR confirmation and active postings","Phase implementation evidenced; external gate remains; item-level confirmation required"
"P16-L0876","16","Careers Page Improvements","876","bullet","Open-position search","Phase-level implementation evidence; exact statement requires direct confirmation","Theme/listing complete","Careers and JobPosting support","HR confirmation and active postings","Phase implementation evidenced; external gate remains; item-level confirmation required"
"P16-L0877","16","Careers Page Improvements","877","bullet","Equal employment opportunity language","Phase-level implementation evidence; exact statement requires direct confirmation","Theme/listing complete","Careers and JobPosting support","HR confirmation and active postings","Phase implementation evidenced; external gate remains; item-level confirmation required"
"P16-L0878","16","Careers Page Improvements","878","bullet","Background-check expectations","Phase-level implementation evidence; exact statement requires direct confirmation","Theme/listing complete","Careers and JobPosting support","HR confirmation and active postings","Phase implementation evidenced; external gate remains; item-level confirmation required"
"P16-L0879","16","Careers Page Improvements","879","bullet","CPR and first-aid expectations","Phase-level implementation evidence; exact statement requires direct confirmation","Theme/listing complete","Careers and JobPosting support","HR confirmation and active postings","Phase implementation evidenced; external gate remains; item-level confirmation required"
"P16-L0880","16","Careers Page Improvements","880","bullet","Application process","Phase-level implementation evidence; exact statement requires direct confirmation","Theme/listing complete","Careers and JobPosting support","HR confirmation and active postings","Phase implementation evidenced; external gate remains; item-level confirmation required"
"P16-L0882","16","Careers Page Improvements","882","paragraph","Correct all job-title spelling, including “Maintenance Technician.”","Phase-level implementation evidence; exact statement requires direct confirmation","Theme/listing complete","Careers and JobPosting support","HR confirmation and active postings","Phase implementation evidenced; external gate remains; item-level confirmation required"
"P16-L0884","16","Careers Page Improvements","884","paragraph","Do not publish positions that are no longer open.","Phase-level implementation evidence; exact statement requires direct confirmation","Theme/listing complete","Careers and JobPosting support","HR confirmation and active postings","Phase implementation evidenced; external gate remains; item-level confirmation required"
"P16-L0886","16","Careers Page Improvements","886","paragraph","Use structured job-posting schema for active roles.","Phase-level implementation evidence; exact statement requires direct confirmation","Theme/listing complete","Careers and JobPosting support","HR confirmation and active postings","Phase implementation evidenced; external gate remains; item-level confirmation required"
"P17-L0890","17","Technical SEO","890","paragraph","Perform a complete technical SEO audit.","Phase-level implementation evidence; exact statement requires direct confirmation","Complete on staging","0 technical crawl issues","Production indexability/Search Console","Phase implementation evidenced; external gate remains; item-level confirmation required"
"P17-L0892","17","Technical SEO","892","paragraph","Review and correct:","Phase-level implementation evidence; exact statement requires direct confirmation","Complete on staging","0 technical crawl issues","Production indexability/Search Console","Phase implementation evidenced; external gate remains; item-level confirmation required"
"P17-L0894","17","Technical SEO","894","bullet","XML sitemap","Phase-level implementation evidence; exact statement requires direct confirmation","Complete on staging","0 technical crawl issues","Production indexability/Search Console","Phase implementation evidenced; external gate remains; item-level confirmation required"
"P17-L0895","17","Technical SEO","895","bullet","Robots.txt","Phase-level implementation evidence; exact statement requires direct confirmation","Complete on staging","0 technical crawl issues","Production indexability/Search Console","Phase implementation evidenced; external gate remains; item-level confirmation required"
"P17-L0896","17","Technical SEO","896","bullet","Canonical URLs","Phase-level implementation evidence; exact statement requires direct confirmation","Complete on staging","0 technical crawl issues","Production indexability/Search Console","Phase implementation evidenced; external gate remains; item-level confirmation required"
"P17-L0897","17","Technical SEO","897","bullet","HTTPS","Phase-level implementation evidence; exact statement requires direct confirmation","Complete on staging","0 technical crawl issues","Production indexability/Search Console","Phase implementation evidenced; external gate remains; item-level confirmation required"
"P17-L0898","17","Technical SEO","898","bullet","Redirect chains","Phase-level implementation evidence; exact statement requires direct confirmation","Complete on staging","0 technical crawl issues","Production indexability/Search Console","Phase implementation evidenced; external gate remains; item-level confirmation required"
"P17-L0899","17","Technical SEO","899","bullet","Broken links","Phase-level implementation evidence; exact statement requires direct confirmation","Complete on staging","0 technical crawl issues","Production indexability/Search Console","Phase implementation evidenced; external gate remains; item-level confirmation required"
"P17-L0900","17","Technical SEO","900","bullet","404 errors","Phase-level implementation evidence; exact statement requires direct confirmation","Complete on staging","0 technical crawl issues","Production indexability/Search Console","Phase implementation evidenced; external gate remains; item-level confirmation required"
"P17-L0901","17","Technical SEO","901","bullet","5xx errors","Phase-level implementation evidence; exact statement requires direct confirmation","Complete on staging","0 technical crawl issues","Production indexability/Search Console","Phase implementation evidenced; external gate remains; item-level confirmation required"
"P17-L0902","17","Technical SEO","902","bullet","Duplicate pages","Phase-level implementation evidence; exact statement requires direct confirmation","Complete on staging","0 technical crawl issues","Production indexability/Search Console","Phase implementation evidenced; external gate remains; item-level confirmation required"
"P17-L0903","17","Technical SEO","903","bullet","Trailing-slash consistency","Phase-level implementation evidence; exact statement requires direct confirmation","Complete on staging","0 technical crawl issues","Production indexability/Search Console","Phase implementation evidenced; external gate remains; item-level confirmation required"
"P17-L0904","17","Technical SEO","904","bullet","Indexation","Phase-level implementation evidence; exact statement requires direct confirmation","Complete on staging","0 technical crawl issues","Production indexability/Search Console","Phase implementation evidenced; external gate remains; item-level confirmation required"
"P17-L0905","17","Technical SEO","905","bullet","Thin pages","Phase-level implementation evidence; exact statement requires direct confirmation","Complete on staging","0 technical crawl issues","Production indexability/Search Console","Phase implementation evidenced; external gate remains; item-level confirmation required"
"P17-L0906","17","Technical SEO","906","bullet","Orphan pages","Phase-level implementation evidence; exact statement requires direct confirmation","Complete on staging","0 technical crawl issues","Production indexability/Search Console","Phase implementation evidenced; external gate remains; item-level confirmation required"
"P17-L0907","17","Technical SEO","907","bullet","Pagination","Phase-level implementation evidence; exact statement requires direct confirmation","Complete on staging","0 technical crawl issues","Production indexability/Search Console","Phase implementation evidenced; external gate remains; item-level confirmation required"
"P17-L0908","17","Technical SEO","908","bullet","Image indexing","Phase-level implementation evidence; exact statement requires direct confirmation","Complete on staging","0 technical crawl issues","Production indexability/Search Console","Phase implementation evidenced; external gate remains; item-level confirmation required"
"P17-L0909","17","Technical SEO","909","bullet","JavaScript-rendering issues","Phase-level implementation evidence; exact statement requires direct confirmation","Complete on staging","0 technical crawl issues","Production indexability/Search Console","Phase implementation evidenced; external gate remains; item-level confirmation required"
"P17-L0910","17","Technical SEO","910","bullet","Core Web Vitals","Phase-level implementation evidence; exact statement requires direct confirmation","Complete on staging","0 technical crawl issues","Production indexability/Search Console","Phase implementation evidenced; external gate remains; item-level confirmation required"
"P17-L0911","17","Technical SEO","911","bullet","Mobile usability","Phase-level implementation evidence; exact statement requires direct confirmation","Complete on staging","0 technical crawl issues","Production indexability/Search Console","Phase implementation evidenced; external gate remains; item-level confirmation required"
"P17-L0912","17","Technical SEO","912","bullet","Internal-link depth","Phase-level implementation evidence; exact statement requires direct confirmation","Complete on staging","0 technical crawl issues","Production indexability/Search Console","Phase implementation evidenced; external gate remains; item-level confirmation required"
"P17-L0913","17","Technical SEO","913","bullet","Breadcrumbs","Phase-level implementation evidence; exact statement requires direct confirmation","Complete on staging","0 technical crawl issues","Production indexability/Search Console","Phase implementation evidenced; external gate remains; item-level confirmation required"
"P17-L0914","17","Technical SEO","914","bullet","Structured data","Phase-level implementation evidence; exact statement requires direct confirmation","Complete on staging","0 technical crawl issues","Production indexability/Search Console","Phase implementation evidenced; external gate remains; item-level confirmation required"
"P17-L0915","17","Technical SEO","915","bullet","Heading hierarchy","Phase-level implementation evidence; exact statement requires direct confirmation","Complete on staging","0 technical crawl issues","Production indexability/Search Console","Phase implementation evidenced; external gate remains; item-level confirmation required"
"P17-L0916","17","Technical SEO","916","bullet","Meta titles","Phase-level implementation evidence; exact statement requires direct confirmation","Complete on staging","0 technical crawl issues","Production indexability/Search Console","Phase implementation evidenced; external gate remains; item-level confirmation required"
"P17-L0917","17","Technical SEO","917","bullet","Meta descriptions","Phase-level implementation evidence; exact statement requires direct confirmation","Complete on staging","0 technical crawl issues","Production indexability/Search Console","Phase implementation evidenced; external gate remains; item-level confirmation required"
"P17-L0918","17","Technical SEO","918","bullet","Open Graph tags","Phase-level implementation evidence; exact statement requires direct confirmation","Complete on staging","0 technical crawl issues","Production indexability/Search Console","Phase implementation evidenced; external gate remains; item-level confirmation required"
"P17-L0919","17","Technical SEO","919","bullet","X/Twitter cards","Phase-level implementation evidence; exact statement requires direct confirmation","Complete on staging","0 technical crawl issues","Production indexability/Search Console","Phase implementation evidenced; external gate remains; item-level confirmation required"
"P17-L0920","17","Technical SEO","920","bullet","Favicon","Phase-level implementation evidence; exact statement requires direct confirmation","Complete on staging","0 technical crawl issues","Production indexability/Search Console","Phase implementation evidenced; external gate remains; item-level confirmation required"
"P17-L0921","17","Technical SEO","921","bullet","Site name markup","Phase-level implementation evidence; exact statement requires direct confirmation","Complete on staging","0 technical crawl issues","Production indexability/Search Console","Phase implementation evidenced; external gate remains; item-level confirmation required"
"P17-L0922","17","Technical SEO","922","bullet","Organization schema","Phase-level implementation evidence; exact statement requires direct confirmation","Complete on staging","0 technical crawl issues","Production indexability/Search Console","Phase implementation evidenced; external gate remains; item-level confirmation required"
"P17-L0923","17","Technical SEO","923","bullet","LocalBusiness schema","Phase-level implementation evidence; exact statement requires direct confirmation","Complete on staging","0 technical crawl issues","Production indexability/Search Console","Phase implementation evidenced; external gate remains; item-level confirmation required"
"P17-L0924","17","Technical SEO","924","bullet","ChildCare schema where appropriate","Phase-level implementation evidence; exact statement requires direct confirmation","Complete on staging","0 technical crawl issues","Production indexability/Search Console","Phase implementation evidenced; external gate remains; item-level confirmation required"
"P17-L0925","17","Technical SEO","925","bullet","School schema where appropriate","Phase-level implementation evidence; exact statement requires direct confirmation","Complete on staging","0 technical crawl issues","Production indexability/Search Console","Phase implementation evidenced; external gate remains; item-level confirmation required"
"P17-L0926","17","Technical SEO","926","bullet","FAQ schema only for visible FAQs","Phase-level implementation evidence; exact statement requires direct confirmation","Complete on staging","0 technical crawl issues","Production indexability/Search Console","Phase implementation evidenced; external gate remains; item-level confirmation required"
"P17-L0927","17","Technical SEO","927","bullet","Breadcrumb schema","Phase-level implementation evidence; exact statement requires direct confirmation","Complete on staging","0 technical crawl issues","Production indexability/Search Console","Phase implementation evidenced; external gate remains; item-level confirmation required"
"P17-L0928","17","Technical SEO","928","bullet","Review schema compliance","Phase-level implementation evidence; exact statement requires direct confirmation","Complete on staging","0 technical crawl issues","Production indexability/Search Console","Phase implementation evidenced; external gate remains; item-level confirmation required"
"P17-L0929","17","Technical SEO","929","bullet","JobPosting schema","Phase-level implementation evidence; exact statement requires direct confirmation","Complete on staging","0 technical crawl issues","Production indexability/Search Console","Phase implementation evidenced; external gate remains; item-level confirmation required"
"P17-L0930","17","Technical SEO","930","bullet","Video schema where applicable","Phase-level implementation evidence; exact statement requires direct confirmation","Complete on staging","0 technical crawl issues","Production indexability/Search Console","Phase implementation evidenced; external gate remains; item-level confirmation required"
"P17-L0932","17","Technical SEO","932","paragraph","Do not mark up reviews or ratings in ways that violate Google’s policies.","Phase-level implementation evidence; exact statement requires direct confirmation","Complete on staging","0 technical crawl issues","Production indexability/Search Console","Phase implementation evidenced; external gate remains; item-level confirmation required"
"P17-L0934","17","Technical SEO","934","paragraph","Do not use FAQ schema for hidden or repetitive content.","Phase-level implementation evidence; exact statement requires direct confirmation","Complete on staging","0 technical crawl issues","Production indexability/Search Console","Phase implementation evidenced; external gate remains; item-level confirmation required"
"P17-L0936","17","Technical SEO","936","paragraph","Ensure every indexable page has:","Phase-level implementation evidence; exact statement requires direct confirmation","Complete on staging","0 technical crawl issues","Production indexability/Search Console","Phase implementation evidenced; external gate remains; item-level confirmation required"
"P17-L0938","17","Technical SEO","938","bullet","One clear H1","Phase-level implementation evidence; exact statement requires direct confirmation","Complete on staging","0 technical crawl issues","Production indexability/Search Console","Phase implementation evidenced; external gate remains; item-level confirmation required"
"P17-L0939","17","Technical SEO","939","bullet","Unique title tag","Phase-level implementation evidence; exact statement requires direct confirmation","Complete on staging","0 technical crawl issues","Production indexability/Search Console","Phase implementation evidenced; external gate remains; item-level confirmation required"
"P17-L0940","17","Technical SEO","940","bullet","Unique meta description","Phase-level implementation evidence; exact statement requires direct confirmation","Complete on staging","0 technical crawl issues","Production indexability/Search Console","Phase implementation evidenced; external gate remains; item-level confirmation required"
"P17-L0941","17","Technical SEO","941","bullet","Logical heading structure","Phase-level implementation evidence; exact statement requires direct confirmation","Complete on staging","0 technical crawl issues","Production indexability/Search Console","Phase implementation evidenced; external gate remains; item-level confirmation required"
"P17-L0942","17","Technical SEO","942","bullet","Appropriate internal links","Phase-level implementation evidence; exact statement requires direct confirmation","Complete on staging","0 technical crawl issues","Production indexability/Search Console","Phase implementation evidenced; external gate remains; item-level confirmation required"
"P17-L0943","17","Technical SEO","943","bullet","Accurate canonical","Phase-level implementation evidence; exact statement requires direct confirmation","Complete on staging","0 technical crawl issues","Production indexability/Search Console","Phase implementation evidenced; external gate remains; item-level confirmation required"
"P17-L0944","17","Technical SEO","944","bullet","Relevant schema","Phase-level implementation evidence; exact statement requires direct confirmation","Complete on staging","0 technical crawl issues","Production indexability/Search Console","Phase implementation evidenced; external gate remains; item-level confirmation required"
"P17-L0945","17","Technical SEO","945","bullet","Useful content","Phase-level implementation evidence; exact statement requires direct confirmation","Complete on staging","0 technical crawl issues","Production indexability/Search Console","Phase implementation evidenced; external gate remains; item-level confirmation required"
"P17-L0946","17","Technical SEO","946","bullet","A conversion action","Phase-level implementation evidence; exact statement requires direct confirmation","Complete on staging","0 technical crawl issues","Production indexability/Search Console","Phase implementation evidenced; external gate remains; item-level confirmation required"
"P18-L0950","18","Local SEO","950","paragraph","For every real campus:","Phase-level implementation evidence; exact statement requires direct confirmation","Template/local data complete","Campus NAP/maps/coordinates","GBP and credential reconciliation","Phase implementation evidenced; external gate remains; item-level confirmation required"
"P18-L0952","18","Local SEO","952","bullet","Confirm exact name, address, and phone number","Phase-level implementation evidence; exact statement requires direct confirmation","Template/local data complete","Campus NAP/maps/coordinates","GBP and credential reconciliation","Phase implementation evidenced; external gate remains; item-level confirmation required"
"P18-L0953","18","Local SEO","953","bullet","Match the Google Business Profile","Phase-level implementation evidence; exact statement requires direct confirmation","Template/local data complete","Campus NAP/maps/coordinates","GBP and credential reconciliation","Phase implementation evidenced; external gate remains; item-level confirmation required"
"P18-L0954","18","Local SEO","954","bullet","Use consistent NAP information","Phase-level implementation evidence; exact statement requires direct confirmation","Template/local data complete","Campus NAP/maps/coordinates","GBP and credential reconciliation","Phase implementation evidenced; external gate remains; item-level confirmation required"
"P18-L0955","18","Local SEO","955","bullet","Link to the correct map listing","Phase-level implementation evidence; exact statement requires direct confirmation","Template/local data complete","Campus NAP/maps/coordinates","GBP and credential reconciliation","Phase implementation evidenced; external gate remains; item-level confirmation required"
"P18-L0956","18","Local SEO","956","bullet","Add local business schema","Phase-level implementation evidence; exact statement requires direct confirmation","Template/local data complete","Campus NAP/maps/coordinates","GBP and credential reconciliation","Phase implementation evidenced; external gate remains; item-level confirmation required"
"P18-L0957","18","Local SEO","957","bullet","Add service areas only when realistic","Phase-level implementation evidence; exact statement requires direct confirmation","Template/local data complete","Campus NAP/maps/coordinates","GBP and credential reconciliation","Phase implementation evidenced; external gate remains; item-level confirmation required"
"P18-L0958","18","Local SEO","958","bullet","Include accurate hours","Phase-level implementation evidence; exact statement requires direct confirmation","Template/local data complete","Campus NAP/maps/coordinates","GBP and credential reconciliation","Phase implementation evidenced; external gate remains; item-level confirmation required"
"P18-L0959","18","Local SEO","959","bullet","Include correct coordinates","Phase-level implementation evidence; exact statement requires direct confirmation","Template/local data complete","Campus NAP/maps/coordinates","GBP and credential reconciliation","Phase implementation evidenced; external gate remains; item-level confirmation required"
"P18-L0960","18","Local SEO","960","bullet","Include campus-specific images","Phase-level implementation evidence; exact statement requires direct confirmation","Template/local data complete","Campus NAP/maps/coordinates","GBP and credential reconciliation","Phase implementation evidenced; external gate remains; item-level confirmation required"
"P18-L0961","18","Local SEO","961","bullet","Link to licensing and quality information","Phase-level implementation evidence; exact statement requires direct confirmation","Template/local data complete","Campus NAP/maps/coordinates","GBP and credential reconciliation","Phase implementation evidenced; external gate remains; item-level confirmation required"
"P18-L0962","18","Local SEO","962","bullet","Add campus-specific reviews","Phase-level implementation evidence; exact statement requires direct confirmation","Template/local data complete","Campus NAP/maps/coordinates","GBP and credential reconciliation","Phase implementation evidenced; external gate remains; item-level confirmation required"
"P18-L0963","18","Local SEO","963","bullet","Avoid duplicate or keyword-stuffed business names","Phase-level implementation evidence; exact statement requires direct confirmation","Template/local data complete","Campus NAP/maps/coordinates","GBP and credential reconciliation","Phase implementation evidenced; external gate remains; item-level confirmation required"
"P18-L0965","18","Local SEO","965","paragraph","Create useful local content around real parent questions, not generic city pages.","Phase-level implementation evidence; exact statement requires direct confirmation","Template/local data complete","Campus NAP/maps/coordinates","GBP and credential reconciliation","Phase implementation evidenced; external gate remains; item-level confirmation required"
"P18-L0967","18","Local SEO","967","paragraph","Examples:","Phase-level implementation evidence; exact statement requires direct confirmation","Template/local data complete","Campus NAP/maps/coordinates","GBP and credential reconciliation","Phase implementation evidenced; external gate remains; item-level confirmation required"
"P18-L0969","18","Local SEO","969","bullet","How to choose infant care in East Cobb","Phase-level implementation evidence; exact statement requires direct confirmation","Template/local data complete","Campus NAP/maps/coordinates","GBP and credential reconciliation","Phase implementation evidenced; external gate remains; item-level confirmation required"
"P18-L0970","18","Local SEO","970","bullet","GA Pre-K enrollment near Johns Creek","Phase-level implementation evidence; exact statement requires direct confirmation","Template/local data complete","Campus NAP/maps/coordinates","GBP and credential reconciliation","Phase implementation evidenced; external gate remains; item-level confirmation required"
"P18-L0971","18","Local SEO","971","bullet","Before-school transportation options near a specific campus","Phase-level implementation evidence; exact statement requires direct confirmation","Template/local data complete","Campus NAP/maps/coordinates","GBP and credential reconciliation","Phase implementation evidenced; external gate remains; item-level confirmation required"
"P18-L0972","18","Local SEO","972","bullet","What to bring on the first day of preschool","Phase-level implementation evidence; exact statement requires direct confirmation","Template/local data complete","Campus NAP/maps/coordinates","GBP and credential reconciliation","Phase implementation evidenced; external gate remains; item-level confirmation required"
"P18-L0973","18","Local SEO","973","bullet","How Chroma prepares children for kindergarten","Phase-level implementation evidence; exact statement requires direct confirmation","Template/local data complete","Campus NAP/maps/coordinates","GBP and credential reconciliation","Phase implementation evidenced; external gate remains; item-level confirmation required"
"P18-L0975","18","Local SEO","975","paragraph","Every local article must be genuinely helpful and connected to a real campus.","Phase-level implementation evidence; exact statement requires direct confirmation","Template/local data complete","Campus NAP/maps/coordinates","GBP and credential reconciliation","Phase implementation evidenced; external gate remains; item-level confirmation required"
"P19-L0979","19","Accessibility","979","paragraph","Bring the website as close as reasonably possible to WCAG 2.2 AA.","Phase-level implementation evidence; exact statement requires direct confirmation","Automated theme work complete","48 Axe checks; theme-owned findings cleared","Manual SR and vendor chat semantics","Phase implementation evidenced; external gate remains; item-level confirmation required"
"P19-L0981","19","Accessibility","981","paragraph","Review:","Phase-level implementation evidence; exact statement requires direct confirmation","Automated theme work complete","48 Axe checks; theme-owned findings cleared","Manual SR and vendor chat semantics","Phase implementation evidenced; external gate remains; item-level confirmation required"
"P19-L0983","19","Accessibility","983","bullet","Color contrast","Phase-level implementation evidence; exact statement requires direct confirmation","Automated theme work complete","48 Axe checks; theme-owned findings cleared","Manual SR and vendor chat semantics","Phase implementation evidenced; external gate remains; item-level confirmation required"
"P19-L0984","19","Accessibility","984","bullet","Keyboard navigation","Phase-level implementation evidence; exact statement requires direct confirmation","Automated theme work complete","48 Axe checks; theme-owned findings cleared","Manual SR and vendor chat semantics","Phase implementation evidenced; external gate remains; item-level confirmation required"
"P19-L0985","19","Accessibility","985","bullet","Visible focus states","Phase-level implementation evidence; exact statement requires direct confirmation","Automated theme work complete","48 Axe checks; theme-owned findings cleared","Manual SR and vendor chat semantics","Phase implementation evidenced; external gate remains; item-level confirmation required"
"P19-L0986","19","Accessibility","986","bullet","Form labels","Phase-level implementation evidence; exact statement requires direct confirmation","Automated theme work complete","48 Axe checks; theme-owned findings cleared","Manual SR and vendor chat semantics","Phase implementation evidenced; external gate remains; item-level confirmation required"
"P19-L0987","19","Accessibility","987","bullet","Error messages","Phase-level implementation evidence; exact statement requires direct confirmation","Automated theme work complete","48 Axe checks; theme-owned findings cleared","Manual SR and vendor chat semantics","Phase implementation evidenced; external gate remains; item-level confirmation required"
"P19-L0988","19","Accessibility","988","bullet","Alt text","Phase-level implementation evidence; exact statement requires direct confirmation","Automated theme work complete","48 Axe checks; theme-owned findings cleared","Manual SR and vendor chat semantics","Phase implementation evidenced; external gate remains; item-level confirmation required"
"P19-L0989","19","Accessibility","989","bullet","Link descriptions","Phase-level implementation evidence; exact statement requires direct confirmation","Automated theme work complete","48 Axe checks; theme-owned findings cleared","Manual SR and vendor chat semantics","Phase implementation evidenced; external gate remains; item-level confirmation required"
"P19-L0990","19","Accessibility","990","bullet","Button labels","Phase-level implementation evidence; exact statement requires direct confirmation","Automated theme work complete","48 Axe checks; theme-owned findings cleared","Manual SR and vendor chat semantics","Phase implementation evidenced; external gate remains; item-level confirmation required"
"P19-L0991","19","Accessibility","991","bullet","Heading order","Phase-level implementation evidence; exact statement requires direct confirmation","Automated theme work complete","48 Axe checks; theme-owned findings cleared","Manual SR and vendor chat semantics","Phase implementation evidenced; external gate remains; item-level confirmation required"
"P19-L0992","19","Accessibility","992","bullet","Skip navigation","Phase-level implementation evidence; exact statement requires direct confirmation","Automated theme work complete","48 Axe checks; theme-owned findings cleared","Manual SR and vendor chat semantics","Phase implementation evidenced; external gate remains; item-level confirmation required"
"P19-L0993","19","Accessibility","993","bullet","ARIA usage","Phase-level implementation evidence; exact statement requires direct confirmation","Automated theme work complete","48 Axe checks; theme-owned findings cleared","Manual SR and vendor chat semantics","Phase implementation evidenced; external gate remains; item-level confirmation required"
"P19-L0994","19","Accessibility","994","bullet","Modal accessibility","Phase-level implementation evidence; exact statement requires direct confirmation","Automated theme work complete","48 Axe checks; theme-owned findings cleared","Manual SR and vendor chat semantics","Phase implementation evidenced; external gate remains; item-level confirmation required"
"P19-L0995","19","Accessibility","995","bullet","Mobile menu accessibility","Phase-level implementation evidence; exact statement requires direct confirmation","Automated theme work complete","48 Axe checks; theme-owned findings cleared","Manual SR and vendor chat semantics","Phase implementation evidenced; external gate remains; item-level confirmation required"
"P19-L0996","19","Accessibility","996","bullet","Captions and transcripts","Phase-level implementation evidence; exact statement requires direct confirmation","Automated theme work complete","48 Axe checks; theme-owned findings cleared","Manual SR and vendor chat semantics","Phase implementation evidenced; external gate remains; item-level confirmation required"
"P19-L0997","19","Accessibility","997","bullet","Reduced-motion support","Phase-level implementation evidence; exact statement requires direct confirmation","Automated theme work complete","48 Axe checks; theme-owned findings cleared","Manual SR and vendor chat semantics","Phase implementation evidenced; external gate remains; item-level confirmation required"
"P19-L0998","19","Accessibility","998","bullet","Touch-target size","Phase-level implementation evidence; exact statement requires direct confirmation","Automated theme work complete","48 Axe checks; theme-owned findings cleared","Manual SR and vendor chat semantics","Phase implementation evidenced; external gate remains; item-level confirmation required"
"P19-L0999","19","Accessibility","999","bullet","Font sizing","Phase-level implementation evidence; exact statement requires direct confirmation","Automated theme work complete","48 Axe checks; theme-owned findings cleared","Manual SR and vendor chat semantics","Phase implementation evidenced; external gate remains; item-level confirmation required"
"P19-L1000","19","Accessibility","1000","bullet","Form autocomplete","Phase-level implementation evidence; exact statement requires direct confirmation","Automated theme work complete","48 Axe checks; theme-owned findings cleared","Manual SR and vendor chat semantics","Phase implementation evidenced; external gate remains; item-level confirmation required"
"P19-L1001","19","Accessibility","1001","bullet","Screen-reader order","Phase-level implementation evidence; exact statement requires direct confirmation","Automated theme work complete","48 Axe checks; theme-owned findings cleared","Manual SR and vendor chat semantics","Phase implementation evidenced; external gate remains; item-level confirmation required"
"P19-L1003","19","Accessibility","1003","paragraph","Do not use alt text as an SEO keyword field.","Phase-level implementation evidence; exact statement requires direct confirmation","Automated theme work complete","48 Axe checks; theme-owned findings cleared","Manual SR and vendor chat semantics","Phase implementation evidenced; external gate remains; item-level confirmation required"
"P19-L1005","19","Accessibility","1005","paragraph","Describe images based on what they actually show.","Phase-level implementation evidence; exact statement requires direct confirmation","Automated theme work complete","48 Axe checks; theme-owned findings cleared","Manual SR and vendor chat semantics","Phase implementation evidenced; external gate remains; item-level confirmation required"
"P20-L1009","20","Performance and Mobile Experience","1009","paragraph","Optimize for mobile-first use.","Phase-level implementation evidence; exact statement requires direct confirmation","Remediation complete","Before/after Lighthouse evidence","Production cache/TTFB and field INP","Phase implementation evidenced; external gate remains; item-level confirmation required"
"P20-L1011","20","Performance and Mobile Experience","1011","paragraph","Review:","Phase-level implementation evidence; exact statement requires direct confirmation","Remediation complete","Before/after Lighthouse evidence","Production cache/TTFB and field INP","Phase implementation evidenced; external gate remains; item-level confirmation required"
"P20-L1013","20","Performance and Mobile Experience","1013","bullet","Largest Contentful Paint","Phase-level implementation evidence; exact statement requires direct confirmation","Remediation complete","Before/after Lighthouse evidence","Production cache/TTFB and field INP","Phase implementation evidenced; external gate remains; item-level confirmation required"
"P20-L1014","20","Performance and Mobile Experience","1014","bullet","Interaction to Next Paint","Phase-level implementation evidence; exact statement requires direct confirmation","Remediation complete","Before/after Lighthouse evidence","Production cache/TTFB and field INP","Phase implementation evidenced; external gate remains; item-level confirmation required"
"P20-L1015","20","Performance and Mobile Experience","1015","bullet","Cumulative Layout Shift","Phase-level implementation evidence; exact statement requires direct confirmation","Remediation complete","Before/after Lighthouse evidence","Production cache/TTFB and field INP","Phase implementation evidenced; external gate remains; item-level confirmation required"
"P20-L1016","20","Performance and Mobile Experience","1016","bullet","Total blocking time","Phase-level implementation evidence; exact statement requires direct confirmation","Remediation complete","Before/after Lighthouse evidence","Production cache/TTFB and field INP","Phase implementation evidenced; external gate remains; item-level confirmation required"
"P20-L1017","20","Performance and Mobile Experience","1017","bullet","Image size","Phase-level implementation evidence; exact statement requires direct confirmation","Remediation complete","Before/after Lighthouse evidence","Production cache/TTFB and field INP","Phase implementation evidenced; external gate remains; item-level confirmation required"
"P20-L1018","20","Performance and Mobile Experience","1018","bullet","WebP or AVIF conversion","Phase-level implementation evidence; exact statement requires direct confirmation","Remediation complete","Before/after Lighthouse evidence","Production cache/TTFB and field INP","Phase implementation evidenced; external gate remains; item-level confirmation required"
"P20-L1019","20","Performance and Mobile Experience","1019","bullet","Lazy loading","Phase-level implementation evidence; exact statement requires direct confirmation","Remediation complete","Before/after Lighthouse evidence","Production cache/TTFB and field INP","Phase implementation evidenced; external gate remains; item-level confirmation required"
"P20-L1020","20","Performance and Mobile Experience","1020","bullet","Preloading","Phase-level implementation evidence; exact statement requires direct confirmation","Remediation complete","Before/after Lighthouse evidence","Production cache/TTFB and field INP","Phase implementation evidenced; external gate remains; item-level confirmation required"
"P20-L1021","20","Performance and Mobile Experience","1021","bullet","Font loading","Phase-level implementation evidence; exact statement requires direct confirmation","Remediation complete","Before/after Lighthouse evidence","Production cache/TTFB and field INP","Phase implementation evidenced; external gate remains; item-level confirmation required"
"P20-L1022","20","Performance and Mobile Experience","1022","bullet","Unused CSS","Phase-level implementation evidence; exact statement requires direct confirmation","Remediation complete","Before/after Lighthouse evidence","Production cache/TTFB and field INP","Phase implementation evidenced; external gate remains; item-level confirmation required"
"P20-L1023","20","Performance and Mobile Experience","1023","bullet","Unused JavaScript","Phase-level implementation evidence; exact statement requires direct confirmation","Remediation complete","Before/after Lighthouse evidence","Production cache/TTFB and field INP","Phase implementation evidenced; external gate remains; item-level confirmation required"
"P20-L1024","20","Performance and Mobile Experience","1024","bullet","Plugin bloat","Phase-level implementation evidence; exact statement requires direct confirmation","Remediation complete","Before/after Lighthouse evidence","Production cache/TTFB and field INP","Phase implementation evidenced; external gate remains; item-level confirmation required"
"P20-L1025","20","Performance and Mobile Experience","1025","bullet","Third-party scripts","Phase-level implementation evidence; exact statement requires direct confirmation","Remediation complete","Before/after Lighthouse evidence","Production cache/TTFB and field INP","Phase implementation evidenced; external gate remains; item-level confirmation required"
"P20-L1026","20","Performance and Mobile Experience","1026","bullet","Video loading","Phase-level implementation evidence; exact statement requires direct confirmation","Remediation complete","Before/after Lighthouse evidence","Production cache/TTFB and field INP","Phase implementation evidenced; external gate remains; item-level confirmation required"
"P20-L1027","20","Performance and Mobile Experience","1027","bullet","Form loading","Phase-level implementation evidence; exact statement requires direct confirmation","Remediation complete","Before/after Lighthouse evidence","Production cache/TTFB and field INP","Phase implementation evidenced; external gate remains; item-level confirmation required"
"P20-L1028","20","Performance and Mobile Experience","1028","bullet","Map loading","Phase-level implementation evidence; exact statement requires direct confirmation","Remediation complete","Before/after Lighthouse evidence","Production cache/TTFB and field INP","Phase implementation evidenced; external gate remains; item-level confirmation required"
"P20-L1029","20","Performance and Mobile Experience","1029","bullet","Cache configuration","Phase-level implementation evidence; exact statement requires direct confirmation","Remediation complete","Before/after Lighthouse evidence","Production cache/TTFB and field INP","Phase implementation evidenced; external gate remains; item-level confirmation required"
"P20-L1030","20","Performance and Mobile Experience","1030","bullet","CDN","Phase-level implementation evidence; exact statement requires direct confirmation","Remediation complete","Before/after Lighthouse evidence","Production cache/TTFB and field INP","Phase implementation evidenced; external gate remains; item-level confirmation required"
"P20-L1031","20","Performance and Mobile Experience","1031","bullet","Server response time","Phase-level implementation evidence; exact statement requires direct confirmation","Remediation complete","Before/after Lighthouse evidence","Production cache/TTFB and field INP","Phase implementation evidenced; external gate remains; item-level confirmation required"
"P20-L1032","20","Performance and Mobile Experience","1032","bullet","Database cleanup","Phase-level implementation evidence; exact statement requires direct confirmation","Remediation complete","Before/after Lighthouse evidence","Production cache/TTFB and field INP","Phase implementation evidenced; external gate remains; item-level confirmation required"
"P20-L1034","20","Performance and Mobile Experience","1034","paragraph","Targets:","Phase-level implementation evidence; exact statement requires direct confirmation","Remediation complete","Before/after Lighthouse evidence","Production cache/TTFB and field INP","Phase implementation evidenced; external gate remains; item-level confirmation required"
"P20-L1036","20","Performance and Mobile Experience","1036","bullet","Mobile PageSpeed score of at least 85 where reasonably achievable","Phase-level implementation evidence; exact statement requires direct confirmation","Remediation complete","Before/after Lighthouse evidence","Production cache/TTFB and field INP","Phase implementation evidenced; external gate remains; item-level confirmation required"
"P20-L1037","20","Performance and Mobile Experience","1037","bullet","Desktop PageSpeed score of at least 95","Phase-level implementation evidence; exact statement requires direct confirmation","Remediation complete","Before/after Lighthouse evidence","Production cache/TTFB and field INP","Phase implementation evidenced; external gate remains; item-level confirmation required"
"P20-L1038","20","Performance and Mobile Experience","1038","bullet","LCP below 2.5 seconds","Phase-level implementation evidence; exact statement requires direct confirmation","Remediation complete","Before/after Lighthouse evidence","Production cache/TTFB and field INP","Phase implementation evidenced; external gate remains; item-level confirmation required"
"P20-L1039","20","Performance and Mobile Experience","1039","bullet","CLS below 0.1","Phase-level implementation evidence; exact statement requires direct confirmation","Remediation complete","Before/after Lighthouse evidence","Production cache/TTFB and field INP","Phase implementation evidenced; external gate remains; item-level confirmation required"
"P20-L1040","20","Performance and Mobile Experience","1040","bullet","INP below 200 milliseconds where possible","Phase-level implementation evidence; exact statement requires direct confirmation","Remediation complete","Before/after Lighthouse evidence","Production cache/TTFB and field INP","Phase implementation evidenced; external gate remains; item-level confirmation required"
"P20-L1042","20","Performance and Mobile Experience","1042","paragraph","Do not damage layout or functionality to chase a perfect testing score.","Phase-level implementation evidence; exact statement requires direct confirmation","Remediation complete","Before/after Lighthouse evidence","Production cache/TTFB and field INP","Phase implementation evidenced; external gate remains; item-level confirmation required"
"P20-L1044","20","Performance and Mobile Experience","1044","paragraph","Add a persistent mobile CTA bar with:","Phase-level implementation evidence; exact statement requires direct confirmation","Remediation complete","Before/after Lighthouse evidence","Production cache/TTFB and field INP","Phase implementation evidenced; external gate remains; item-level confirmation required"
"P20-L1046","20","Performance and Mobile Experience","1046","bullet","Call","Phase-level implementation evidence; exact statement requires direct confirmation","Remediation complete","Before/after Lighthouse evidence","Production cache/TTFB and field INP","Phase implementation evidenced; external gate remains; item-level confirmation required"
"P20-L1047","20","Performance and Mobile Experience","1047","bullet","Find a Campus","Phase-level implementation evidence; exact statement requires direct confirmation","Remediation complete","Before/after Lighthouse evidence","Production cache/TTFB and field INP","Phase implementation evidenced; external gate remains; item-level confirmation required"
"P20-L1048","20","Performance and Mobile Experience","1048","bullet","Schedule a Tour","Phase-level implementation evidence; exact statement requires direct confirmation","Remediation complete","Before/after Lighthouse evidence","Production cache/TTFB and field INP","Phase implementation evidenced; external gate remains; item-level confirmation required"
"P20-L1050","20","Performance and Mobile Experience","1050","paragraph","Keep it unobtrusive and accessible.","Phase-level implementation evidence; exact statement requires direct confirmation","Remediation complete","Before/after Lighthouse evidence","Production cache/TTFB and field INP","Phase implementation evidenced; external gate remains; item-level confirmation required"
"P21-L1054","21","Visual and Brand Consistency","1054","paragraph","Create or enforce a consistent design system for:","Phase-level implementation evidence; exact statement requires direct confirmation","Complete","78/78 responsive visual checks passed","Post-cutover browser spot-check","Phase implementation evidenced; external gate remains; item-level confirmation required"
"P21-L1056","21","Visual and Brand Consistency","1056","bullet","Typography","Phase-level implementation evidence; exact statement requires direct confirmation","Complete","78/78 responsive visual checks passed","Post-cutover browser spot-check","Phase implementation evidenced; external gate remains; item-level confirmation required"
"P21-L1057","21","Visual and Brand Consistency","1057","bullet","Heading sizes","Phase-level implementation evidence; exact statement requires direct confirmation","Complete","78/78 responsive visual checks passed","Post-cutover browser spot-check","Phase implementation evidenced; external gate remains; item-level confirmation required"
"P21-L1058","21","Visual and Brand Consistency","1058","bullet","Button styles","Phase-level implementation evidence; exact statement requires direct confirmation","Complete","78/78 responsive visual checks passed","Post-cutover browser spot-check","Phase implementation evidenced; external gate remains; item-level confirmation required"
"P21-L1059","21","Visual and Brand Consistency","1059","bullet","Form styles","Phase-level implementation evidence; exact statement requires direct confirmation","Complete","78/78 responsive visual checks passed","Post-cutover browser spot-check","Phase implementation evidenced; external gate remains; item-level confirmation required"
"P21-L1060","21","Visual and Brand Consistency","1060","bullet","Card styles","Phase-level implementation evidence; exact statement requires direct confirmation","Complete","78/78 responsive visual checks passed","Post-cutover browser spot-check","Phase implementation evidenced; external gate remains; item-level confirmation required"
"P21-L1061","21","Visual and Brand Consistency","1061","bullet","Icon styles","Phase-level implementation evidence; exact statement requires direct confirmation","Complete","78/78 responsive visual checks passed","Post-cutover browser spot-check","Phase implementation evidenced; external gate remains; item-level confirmation required"
"P21-L1062","21","Visual and Brand Consistency","1062","bullet","Image ratios","Phase-level implementation evidence; exact statement requires direct confirmation","Complete","78/78 responsive visual checks passed","Post-cutover browser spot-check","Phase implementation evidenced; external gate remains; item-level confirmation required"
"P21-L1063","21","Visual and Brand Consistency","1063","bullet","Spacing","Phase-level implementation evidence; exact statement requires direct confirmation","Complete","78/78 responsive visual checks passed","Post-cutover browser spot-check","Phase implementation evidenced; external gate remains; item-level confirmation required"
"P21-L1064","21","Visual and Brand Consistency","1064","bullet","Section padding","Phase-level implementation evidence; exact statement requires direct confirmation","Complete","78/78 responsive visual checks passed","Post-cutover browser spot-check","Phase implementation evidenced; external gate remains; item-level confirmation required"
"P21-L1065","21","Visual and Brand Consistency","1065","bullet","Border radius","Phase-level implementation evidence; exact statement requires direct confirmation","Complete","78/78 responsive visual checks passed","Post-cutover browser spot-check","Phase implementation evidenced; external gate remains; item-level confirmation required"
"P21-L1066","21","Visual and Brand Consistency","1066","bullet","Shadows","Phase-level implementation evidence; exact statement requires direct confirmation","Complete","78/78 responsive visual checks passed","Post-cutover browser spot-check","Phase implementation evidenced; external gate remains; item-level confirmation required"
"P21-L1067","21","Visual and Brand Consistency","1067","bullet","Color usage","Phase-level implementation evidence; exact statement requires direct confirmation","Complete","78/78 responsive visual checks passed","Post-cutover browser spot-check","Phase implementation evidenced; external gate remains; item-level confirmation required"
"P21-L1068","21","Visual and Brand Consistency","1068","bullet","Mobile breakpoints","Phase-level implementation evidence; exact statement requires direct confirmation","Complete","78/78 responsive visual checks passed","Post-cutover browser spot-check","Phase implementation evidenced; external gate remains; item-level confirmation required"
"P21-L1069","21","Visual and Brand Consistency","1069","bullet","Hover states","Phase-level implementation evidence; exact statement requires direct confirmation","Complete","78/78 responsive visual checks passed","Post-cutover browser spot-check","Phase implementation evidenced; external gate remains; item-level confirmation required"
"P21-L1070","21","Visual and Brand Consistency","1070","bullet","Accessibility states","Phase-level implementation evidence; exact statement requires direct confirmation","Complete","78/78 responsive visual checks passed","Post-cutover browser spot-check","Phase implementation evidenced; external gate remains; item-level confirmation required"
"P21-L1072","21","Visual and Brand Consistency","1072","paragraph","Use real Chroma photography wherever possible.","Phase-level implementation evidence; exact statement requires direct confirmation","Complete","78/78 responsive visual checks passed","Post-cutover browser spot-check","Phase implementation evidenced; external gate remains; item-level confirmation required"
"P21-L1074","21","Visual and Brand Consistency","1074","paragraph","Avoid excessive stock photography.","Phase-level implementation evidence; exact statement requires direct confirmation","Complete","78/78 responsive visual checks passed","Post-cutover browser spot-check","Phase implementation evidenced; external gate remains; item-level confirmation required"
"P21-L1076","21","Visual and Brand Consistency","1076","paragraph","Prioritize images showing:","Phase-level implementation evidence; exact statement requires direct confirmation","Complete","78/78 responsive visual checks passed","Post-cutover browser spot-check","Phase implementation evidenced; external gate remains; item-level confirmation required"
"P21-L1078","21","Visual and Brand Consistency","1078","bullet","Real classrooms","Phase-level implementation evidence; exact statement requires direct confirmation","Complete","78/78 responsive visual checks passed","Post-cutover browser spot-check","Phase implementation evidenced; external gate remains; item-level confirmation required"
"P21-L1079","21","Visual and Brand Consistency","1079","bullet","Teachers interacting with children","Phase-level implementation evidence; exact statement requires direct confirmation","Complete","78/78 responsive visual checks passed","Post-cutover browser spot-check","Phase implementation evidenced; external gate remains; item-level confirmation required"
"P21-L1080","21","Visual and Brand Consistency","1080","bullet","Campus exteriors","Phase-level implementation evidence; exact statement requires direct confirmation","Complete","78/78 responsive visual checks passed","Post-cutover browser spot-check","Phase implementation evidenced; external gate remains; item-level confirmation required"
"P21-L1081","21","Visual and Brand Consistency","1081","bullet","Playgrounds","Phase-level implementation evidence; exact statement requires direct confirmation","Complete","78/78 responsive visual checks passed","Post-cutover browser spot-check","Phase implementation evidenced; external gate remains; item-level confirmation required"
"P21-L1082","21","Visual and Brand Consistency","1082","bullet","Curriculum materials","Phase-level implementation evidence; exact statement requires direct confirmation","Complete","78/78 responsive visual checks passed","Post-cutover browser spot-check","Phase implementation evidenced; external gate remains; item-level confirmation required"
"P21-L1083","21","Visual and Brand Consistency","1083","bullet","Family events","Phase-level implementation evidence; exact statement requires direct confirmation","Complete","78/78 responsive visual checks passed","Post-cutover browser spot-check","Phase implementation evidenced; external gate remains; item-level confirmation required"
"P21-L1084","21","Visual and Brand Consistency","1084","bullet","Classroom projects","Phase-level implementation evidence; exact statement requires direct confirmation","Complete","78/78 responsive visual checks passed","Post-cutover browser spot-check","Phase implementation evidenced; external gate remains; item-level confirmation required"
"P21-L1085","21","Visual and Brand Consistency","1085","bullet","Leadership","Phase-level implementation evidence; exact statement requires direct confirmation","Complete","78/78 responsive visual checks passed","Post-cutover browser spot-check","Phase implementation evidenced; external gate remains; item-level confirmation required"
"P21-L1086","21","Visual and Brand Consistency","1086","bullet","Curriculum Studio","Phase-level implementation evidence; exact statement requires direct confirmation","Complete","78/78 responsive visual checks passed","Post-cutover browser spot-check","Phase implementation evidenced; external gate remains; item-level confirmation required"
"P21-L1087","21","Visual and Brand Consistency","1087","bullet","Therapy spaces","Phase-level implementation evidence; exact statement requires direct confirmation","Complete","78/78 responsive visual checks passed","Post-cutover browser spot-check","Phase implementation evidenced; external gate remains; item-level confirmation required"
"P21-L1089","21","Visual and Brand Consistency","1089","paragraph","Ensure signed photo permissions are on file.","Phase-level implementation evidence; exact statement requires direct confirmation","Complete","78/78 responsive visual checks passed","Post-cutover browser spot-check","Phase implementation evidenced; external gate remains; item-level confirmation required"
"P21-L1091","21","Visual and Brand Consistency","1091","paragraph","Do not visually overcrowd pages with too many decorative elements.","Phase-level implementation evidence; exact statement requires direct confirmation","Complete","78/78 responsive visual checks passed","Post-cutover browser spot-check","Phase implementation evidenced; external gate remains; item-level confirmation required"
"P22-L1095","22","Trust and Proof","1095","paragraph","Strengthen major claims using evidence.","Phase-level implementation evidence; exact statement requires direct confirmation","Safe implementation complete","Unsupported proof removed","Approved ratings/safety/credential evidence","Phase implementation evidenced; external gate remains; item-level confirmation required"
"P22-L1097","22","Trust and Proof","1097","paragraph","For “4.8 parent rating,” include:","Phase-level implementation evidence; exact statement requires direct confirmation","Safe implementation complete","Unsupported proof removed","Approved ratings/safety/credential evidence","Phase implementation evidenced; external gate remains; item-level confirmation required"
"P22-L1099","22","Trust and Proof","1099","bullet","Review platform","Phase-level implementation evidence; exact statement requires direct confirmation","Safe implementation complete","Unsupported proof removed","Approved ratings/safety/credential evidence","Phase implementation evidenced; external gate remains; item-level confirmation required"
"P22-L1100","22","Trust and Proof","1100","bullet","Number of reviews","Phase-level implementation evidence; exact statement requires direct confirmation","Safe implementation complete","Unsupported proof removed","Approved ratings/safety/credential evidence","Phase implementation evidenced; external gate remains; item-level confirmation required"
"P22-L1101","22","Trust and Proof","1101","bullet","Date updated","Phase-level implementation evidence; exact statement requires direct confirmation","Safe implementation complete","Unsupported proof removed","Approved ratings/safety/credential evidence","Phase implementation evidenced; external gate remains; item-level confirmation required"
"P22-L1102","22","Trust and Proof","1102","bullet","Link to reviews","Phase-level implementation evidence; exact statement requires direct confirmation","Safe implementation complete","Unsupported proof removed","Approved ratings/safety/credential evidence","Phase implementation evidenced; external gate remains; item-level confirmation required"
"P22-L1104","22","Trust and Proof","1104","paragraph","For “Kindergarten Ready,” include:","Phase-level implementation evidence; exact statement requires direct confirmation","Safe implementation complete","Unsupported proof removed","Approved ratings/safety/credential evidence","Phase implementation evidenced; external gate remains; item-level confirmation required"
"P22-L1106","22","Trust and Proof","1106","bullet","Clear explanation of what readiness means","Phase-level implementation evidence; exact statement requires direct confirmation","Safe implementation complete","Unsupported proof removed","Approved ratings/safety/credential evidence","Phase implementation evidenced; external gate remains; item-level confirmation required"
"P22-L1107","22","Trust and Proof","1107","bullet","Developmental domains","Phase-level implementation evidence; exact statement requires direct confirmation","Safe implementation complete","Unsupported proof removed","Approved ratings/safety/credential evidence","Phase implementation evidenced; external gate remains; item-level confirmation required"
"P22-L1108","22","Trust and Proof","1108","bullet","Sample skills","Phase-level implementation evidence; exact statement requires direct confirmation","Safe implementation complete","Unsupported proof removed","Approved ratings/safety/credential evidence","Phase implementation evidenced; external gate remains; item-level confirmation required"
"P22-L1109","22","Trust and Proof","1109","bullet","Avoid guaranteed outcomes","Phase-level implementation evidence; exact statement requires direct confirmation","Safe implementation complete","Unsupported proof removed","Approved ratings/safety/credential evidence","Phase implementation evidenced; external gate remains; item-level confirmation required"
"P22-L1111","22","Trust and Proof","1111","paragraph","For Curriculum Studio, include:","Phase-level implementation evidence; exact statement requires direct confirmation","Safe implementation complete","Unsupported proof removed","Approved ratings/safety/credential evidence","Phase implementation evidenced; external gate remains; item-level confirmation required"
"P22-L1113","22","Trust and Proof","1113","bullet","Screenshots or approved mockups","Phase-level implementation evidence; exact statement requires direct confirmation","Safe implementation complete","Unsupported proof removed","Approved ratings/safety/credential evidence","Phase implementation evidenced; external gate remains; item-level confirmation required"
"P22-L1114","22","Trust and Proof","1114","bullet","Example workflow","Phase-level implementation evidence; exact statement requires direct confirmation","Safe implementation complete","Unsupported proof removed","Approved ratings/safety/credential evidence","Phase implementation evidenced; external gate remains; item-level confirmation required"
"P22-L1115","22","Trust and Proof","1115","bullet","Clear privacy statement","Phase-level implementation evidence; exact statement requires direct confirmation","Safe implementation complete","Unsupported proof removed","Approved ratings/safety/credential evidence","Phase implementation evidenced; external gate remains; item-level confirmation required"
"P22-L1116","22","Trust and Proof","1116","bullet","How information supports lesson planning","Phase-level implementation evidence; exact statement requires direct confirmation","Safe implementation complete","Unsupported proof removed","Approved ratings/safety/credential evidence","Phase implementation evidenced; external gate remains; item-level confirmation required"
"P22-L1117","22","Trust and Proof","1117","bullet","What teachers and parents can expect","Phase-level implementation evidence; exact statement requires direct confirmation","Safe implementation complete","Unsupported proof removed","Approved ratings/safety/credential evidence","Phase implementation evidenced; external gate remains; item-level confirmation required"
"P22-L1119","22","Trust and Proof","1119","paragraph","For safety claims, explain:","Phase-level implementation evidence; exact statement requires direct confirmation","Safe implementation complete","Unsupported proof removed","Approved ratings/safety/credential evidence","Phase implementation evidenced; external gate remains; item-level confirmation required"
"P22-L1121","22","Trust and Proof","1121","bullet","Secure entry","Phase-level implementation evidence; exact statement requires direct confirmation","Safe implementation complete","Unsupported proof removed","Approved ratings/safety/credential evidence","Phase implementation evidenced; external gate remains; item-level confirmation required"
"P22-L1122","22","Trust and Proof","1122","bullet","Staff screening","Phase-level implementation evidence; exact statement requires direct confirmation","Safe implementation complete","Unsupported proof removed","Approved ratings/safety/credential evidence","Phase implementation evidenced; external gate remains; item-level confirmation required"
"P22-L1123","22","Trust and Proof","1123","bullet","Training","Phase-level implementation evidence; exact statement requires direct confirmation","Safe implementation complete","Unsupported proof removed","Approved ratings/safety/credential evidence","Phase implementation evidenced; external gate remains; item-level confirmation required"
"P22-L1124","22","Trust and Proof","1124","bullet","Supervision","Phase-level implementation evidence; exact statement requires direct confirmation","Safe implementation complete","Unsupported proof removed","Approved ratings/safety/credential evidence","Phase implementation evidenced; external gate remains; item-level confirmation required"
"P22-L1125","22","Trust and Proof","1125","bullet","Emergency preparedness","Phase-level implementation evidence; exact statement requires direct confirmation","Safe implementation complete","Unsupported proof removed","Approved ratings/safety/credential evidence","Phase implementation evidenced; external gate remains; item-level confirmation required"
"P22-L1126","22","Trust and Proof","1126","bullet","Camera policy","Phase-level implementation evidence; exact statement requires direct confirmation","Safe implementation complete","Unsupported proof removed","Approved ratings/safety/credential evidence","Phase implementation evidenced; external gate remains; item-level confirmation required"
"P22-L1127","22","Trust and Proof","1127","bullet","Parent access policy","Phase-level implementation evidence; exact statement requires direct confirmation","Safe implementation complete","Unsupported proof removed","Approved ratings/safety/credential evidence","Phase implementation evidenced; external gate remains; item-level confirmation required"
"P22-L1128","22","Trust and Proof","1128","bullet","Incident communication","Phase-level implementation evidence; exact statement requires direct confirmation","Safe implementation complete","Unsupported proof removed","Approved ratings/safety/credential evidence","Phase implementation evidenced; external gate remains; item-level confirmation required"
"P22-L1130","22","Trust and Proof","1130","paragraph","Do not use vague claims such as “the safest childcare” without defensible evidence.","Phase-level implementation evidence; exact statement requires direct confirmation","Safe implementation complete","Unsupported proof removed","Approved ratings/safety/credential evidence","Phase implementation evidenced; external gate remains; item-level confirmation required"
"P23-L1134","23","Analytics and Conversion Tracking","1134","paragraph","Verify and improve tracking for:","Phase-level implementation evidence; exact statement requires direct confirmation","Instrumentation-ready","Attribution parameters and conversion surfaces","Authenticated analytics/CRM proof","Phase implementation evidenced; external gate remains; item-level confirmation required"
"P23-L1136","23","Analytics and Conversion Tracking","1136","bullet","Tour form submissions","Phase-level implementation evidence; exact statement requires direct confirmation","Instrumentation-ready","Attribution parameters and conversion surfaces","Authenticated analytics/CRM proof","Phase implementation evidenced; external gate remains; item-level confirmation required"
"P23-L1137","23","Analytics and Conversion Tracking","1137","bullet","Calls","Phase-level implementation evidence; exact statement requires direct confirmation","Instrumentation-ready","Attribution parameters and conversion surfaces","Authenticated analytics/CRM proof","Phase implementation evidenced; external gate remains; item-level confirmation required"
"P23-L1138","23","Analytics and Conversion Tracking","1138","bullet","Click-to-call actions","Phase-level implementation evidence; exact statement requires direct confirmation","Instrumentation-ready","Attribution parameters and conversion surfaces","Authenticated analytics/CRM proof","Phase implementation evidenced; external gate remains; item-level confirmation required"
"P23-L1139","23","Analytics and Conversion Tracking","1139","bullet","Directions","Phase-level implementation evidence; exact statement requires direct confirmation","Instrumentation-ready","Attribution parameters and conversion surfaces","Authenticated analytics/CRM proof","Phase implementation evidenced; external gate remains; item-level confirmation required"
"P23-L1140","23","Analytics and Conversion Tracking","1140","bullet","Tuition requests","Phase-level implementation evidence; exact statement requires direct confirmation","Instrumentation-ready","Attribution parameters and conversion surfaces","Authenticated analytics/CRM proof","Phase implementation evidenced; external gate remains; item-level confirmation required"
"P23-L1141","23","Analytics and Conversion Tracking","1141","bullet","Application starts","Phase-level implementation evidence; exact statement requires direct confirmation","Instrumentation-ready","Attribution parameters and conversion surfaces","Authenticated analytics/CRM proof","Phase implementation evidenced; external gate remains; item-level confirmation required"
"P23-L1142","23","Analytics and Conversion Tracking","1142","bullet","Applications completed","Phase-level implementation evidence; exact statement requires direct confirmation","Instrumentation-ready","Attribution parameters and conversion surfaces","Authenticated analytics/CRM proof","Phase implementation evidenced; external gate remains; item-level confirmation required"
"P23-L1143","23","Analytics and Conversion Tracking","1143","bullet","Parent-portal clicks","Phase-level implementation evidence; exact statement requires direct confirmation","Instrumentation-ready","Attribution parameters and conversion surfaces","Authenticated analytics/CRM proof","Phase implementation evidenced; external gate remains; item-level confirmation required"
"P23-L1144","23","Analytics and Conversion Tracking","1144","bullet","Job applications","Phase-level implementation evidence; exact statement requires direct confirmation","Instrumentation-ready","Attribution parameters and conversion surfaces","Authenticated analytics/CRM proof","Phase implementation evidenced; external gate remains; item-level confirmation required"
"P23-L1145","23","Analytics and Conversion Tracking","1145","bullet","Early Start inquiries","Phase-level implementation evidence; exact statement requires direct confirmation","Instrumentation-ready","Attribution parameters and conversion surfaces","Authenticated analytics/CRM proof","Phase implementation evidenced; external gate remains; item-level confirmation required"
"P23-L1146","23","Analytics and Conversion Tracking","1146","bullet","Downloaded forms","Phase-level implementation evidence; exact statement requires direct confirmation","Instrumentation-ready","Attribution parameters and conversion surfaces","Authenticated analytics/CRM proof","Phase implementation evidenced; external gate remains; item-level confirmation required"
"P23-L1147","23","Analytics and Conversion Tracking","1147","bullet","Campus searches","Phase-level implementation evidence; exact statement requires direct confirmation","Instrumentation-ready","Attribution parameters and conversion surfaces","Authenticated analytics/CRM proof","Phase implementation evidenced; external gate remains; item-level confirmation required"
"P23-L1148","23","Analytics and Conversion Tracking","1148","bullet","Program-page engagement","Phase-level implementation evidence; exact statement requires direct confirmation","Instrumentation-ready","Attribution parameters and conversion surfaces","Authenticated analytics/CRM proof","Phase implementation evidenced; external gate remains; item-level confirmation required"
"P23-L1149","23","Analytics and Conversion Tracking","1149","bullet","Chat interactions","Phase-level implementation evidence; exact statement requires direct confirmation","Instrumentation-ready","Attribution parameters and conversion surfaces","Authenticated analytics/CRM proof","Phase implementation evidenced; external gate remains; item-level confirmation required"
"P23-L1150","23","Analytics and Conversion Tracking","1150","bullet","Tour scheduling","Phase-level implementation evidence; exact statement requires direct confirmation","Instrumentation-ready","Attribution parameters and conversion surfaces","Authenticated analytics/CRM proof","Phase implementation evidenced; external gate remains; item-level confirmation required"
"P23-L1151","23","Analytics and Conversion Tracking","1151","bullet","Tour attendance","Phase-level implementation evidence; exact statement requires direct confirmation","Instrumentation-ready","Attribution parameters and conversion surfaces","Authenticated analytics/CRM proof","Phase implementation evidenced; external gate remains; item-level confirmation required"
"P23-L1152","23","Analytics and Conversion Tracking","1152","bullet","Enrollment completion","Phase-level implementation evidence; exact statement requires direct confirmation","Instrumentation-ready","Attribution parameters and conversion surfaces","Authenticated analytics/CRM proof","Phase implementation evidenced; external gate remains; item-level confirmation required"
"P23-L1154","23","Analytics and Conversion Tracking","1154","paragraph","Use:","Phase-level implementation evidence; exact statement requires direct confirmation","Instrumentation-ready","Attribution parameters and conversion surfaces","Authenticated analytics/CRM proof","Phase implementation evidenced; external gate remains; item-level confirmation required"
"P23-L1156","23","Analytics and Conversion Tracking","1156","bullet","Google Analytics 4","Phase-level implementation evidence; exact statement requires direct confirmation","Instrumentation-ready","Attribution parameters and conversion surfaces","Authenticated analytics/CRM proof","Phase implementation evidenced; external gate remains; item-level confirmation required"
"P23-L1157","23","Analytics and Conversion Tracking","1157","bullet","Google Tag Manager","Phase-level implementation evidence; exact statement requires direct confirmation","Instrumentation-ready","Attribution parameters and conversion surfaces","Authenticated analytics/CRM proof","Phase implementation evidenced; external gate remains; item-level confirmation required"
"P23-L1158","23","Analytics and Conversion Tracking","1158","bullet","Google Ads conversion tracking","Phase-level implementation evidence; exact statement requires direct confirmation","Instrumentation-ready","Attribution parameters and conversion surfaces","Authenticated analytics/CRM proof","Phase implementation evidenced; external gate remains; item-level confirmation required"
"P23-L1159","23","Analytics and Conversion Tracking","1159","bullet","CRM source and campaign fields","Phase-level implementation evidence; exact statement requires direct confirmation","Instrumentation-ready","Attribution parameters and conversion surfaces","Authenticated analytics/CRM proof","Phase implementation evidenced; external gate remains; item-level confirmation required"
"P23-L1160","23","Analytics and Conversion Tracking","1160","bullet","UTM persistence","Phase-level implementation evidence; exact statement requires direct confirmation","Instrumentation-ready","Attribution parameters and conversion surfaces","Authenticated analytics/CRM proof","Phase implementation evidenced; external gate remains; item-level confirmation required"
"P23-L1161","23","Analytics and Conversion Tracking","1161","bullet","Call tracking where approved","Phase-level implementation evidence; exact statement requires direct confirmation","Instrumentation-ready","Attribution parameters and conversion surfaces","Authenticated analytics/CRM proof","Phase implementation evidenced; external gate remains; item-level confirmation required"
"P23-L1163","23","Analytics and Conversion Tracking","1163","paragraph","Ensure primary and secondary conversions are properly separated.","Phase-level implementation evidence; exact statement requires direct confirmation","Instrumentation-ready","Attribution parameters and conversion surfaces","Authenticated analytics/CRM proof","Phase implementation evidenced; external gate remains; item-level confirmation required"
"P23-L1165","23","Analytics and Conversion Tracking","1165","paragraph","Primary conversions should include:","Phase-level implementation evidence; exact statement requires direct confirmation","Instrumentation-ready","Attribution parameters and conversion surfaces","Authenticated analytics/CRM proof","Phase implementation evidenced; external gate remains; item-level confirmation required"
"P23-L1167","23","Analytics and Conversion Tracking","1167","bullet","Scheduled tour","Phase-level implementation evidence; exact statement requires direct confirmation","Instrumentation-ready","Attribution parameters and conversion surfaces","Authenticated analytics/CRM proof","Phase implementation evidenced; external gate remains; item-level confirmation required"
"P23-L1168","23","Analytics and Conversion Tracking","1168","bullet","Qualified tuition inquiry","Phase-level implementation evidence; exact statement requires direct confirmation","Instrumentation-ready","Attribution parameters and conversion surfaces","Authenticated analytics/CRM proof","Phase implementation evidenced; external gate remains; item-level confirmation required"
"P23-L1169","23","Analytics and Conversion Tracking","1169","bullet","Enrollment application","Phase-level implementation evidence; exact statement requires direct confirmation","Instrumentation-ready","Attribution parameters and conversion surfaces","Authenticated analytics/CRM proof","Phase implementation evidenced; external gate remains; item-level confirmation required"
"P23-L1170","23","Analytics and Conversion Tracking","1170","bullet","Phone lead","Phase-level implementation evidence; exact statement requires direct confirmation","Instrumentation-ready","Attribution parameters and conversion surfaces","Authenticated analytics/CRM proof","Phase implementation evidenced; external gate remains; item-level confirmation required"
"P23-L1171","23","Analytics and Conversion Tracking","1171","bullet","Early Start inquiry","Phase-level implementation evidence; exact statement requires direct confirmation","Instrumentation-ready","Attribution parameters and conversion surfaces","Authenticated analytics/CRM proof","Phase implementation evidenced; external gate remains; item-level confirmation required"
"P23-L1173","23","Analytics and Conversion Tracking","1173","paragraph","Do not treat every button click as a primary conversion.","Phase-level implementation evidence; exact statement requires direct confirmation","Instrumentation-ready","Attribution parameters and conversion surfaces","Authenticated analytics/CRM proof","Phase implementation evidenced; external gate remains; item-level confirmation required"
"P23-L1175","23","Analytics and Conversion Tracking","1175","paragraph","Test duplicate conversion firing.","Phase-level implementation evidence; exact statement requires direct confirmation","Instrumentation-ready","Attribution parameters and conversion surfaces","Authenticated analytics/CRM proof","Phase implementation evidenced; external gate remains; item-level confirmation required"
"P24-L1179","24","Privacy, Consent, and Compliance","1179","paragraph","Review:","Phase-level implementation evidence; exact statement requires direct confirmation","Safe template implementation complete","Privacy/Terms/consent-aware surfaces","Legal, consent, vendor, retention, security","Phase implementation evidenced; external gate remains; item-level confirmation required"
"P24-L1181","24","Privacy, Consent, and Compliance","1181","bullet","Privacy policy","Phase-level implementation evidence; exact statement requires direct confirmation","Safe template implementation complete","Privacy/Terms/consent-aware surfaces","Legal, consent, vendor, retention, security","Phase implementation evidenced; external gate remains; item-level confirmation required"
"P24-L1182","24","Privacy, Consent, and Compliance","1182","bullet","Terms of use","Phase-level implementation evidence; exact statement requires direct confirmation","Safe template implementation complete","Privacy/Terms/consent-aware surfaces","Legal, consent, vendor, retention, security","Phase implementation evidenced; external gate remains; item-level confirmation required"
"P24-L1183","24","Privacy, Consent, and Compliance","1183","bullet","Cookie disclosure","Phase-level implementation evidence; exact statement requires direct confirmation","Safe template implementation complete","Privacy/Terms/consent-aware surfaces","Legal, consent, vendor, retention, security","Phase implementation evidenced; external gate remains; item-level confirmation required"
"P24-L1184","24","Privacy, Consent, and Compliance","1184","bullet","Form consent","Phase-level implementation evidence; exact statement requires direct confirmation","Safe template implementation complete","Privacy/Terms/consent-aware surfaces","Legal, consent, vendor, retention, security","Phase implementation evidenced; external gate remains; item-level confirmation required"
"P24-L1185","24","Privacy, Consent, and Compliance","1185","bullet","SMS consent","Phase-level implementation evidence; exact statement requires direct confirmation","Safe template implementation complete","Privacy/Terms/consent-aware surfaces","Legal, consent, vendor, retention, security","Phase implementation evidenced; external gate remains; item-level confirmation required"
"P24-L1186","24","Privacy, Consent, and Compliance","1186","bullet","Email consent","Phase-level implementation evidence; exact statement requires direct confirmation","Safe template implementation complete","Privacy/Terms/consent-aware surfaces","Legal, consent, vendor, retention, security","Phase implementation evidenced; external gate remains; item-level confirmation required"
"P24-L1187","24","Privacy, Consent, and Compliance","1187","bullet","Children’s privacy language","Phase-level implementation evidence; exact statement requires direct confirmation","Safe template implementation complete","Privacy/Terms/consent-aware surfaces","Legal, consent, vendor, retention, security","Phase implementation evidenced; external gate remains; item-level confirmation required"
"P24-L1188","24","Privacy, Consent, and Compliance","1188","bullet","Health-information forms","Phase-level implementation evidence; exact statement requires direct confirmation","Safe template implementation complete","Privacy/Terms/consent-aware surfaces","Legal, consent, vendor, retention, security","Phase implementation evidenced; external gate remains; item-level confirmation required"
"P24-L1189","24","Privacy, Consent, and Compliance","1189","bullet","Therapy inquiries","Phase-level implementation evidence; exact statement requires direct confirmation","Safe template implementation complete","Privacy/Terms/consent-aware surfaces","Legal, consent, vendor, retention, security","Phase implementation evidenced; external gate remains; item-level confirmation required"
"P24-L1190","24","Privacy, Consent, and Compliance","1190","bullet","Analytics scripts","Phase-level implementation evidence; exact statement requires direct confirmation","Safe template implementation complete","Privacy/Terms/consent-aware surfaces","Legal, consent, vendor, retention, security","Phase implementation evidenced; external gate remains; item-level confirmation required"
"P24-L1191","24","Privacy, Consent, and Compliance","1191","bullet","Third-party trackers","Phase-level implementation evidence; exact statement requires direct confirmation","Safe template implementation complete","Privacy/Terms/consent-aware surfaces","Legal, consent, vendor, retention, security","Phase implementation evidenced; external gate remains; item-level confirmation required"
"P24-L1192","24","Privacy, Consent, and Compliance","1192","bullet","Embedded tools","Phase-level implementation evidence; exact statement requires direct confirmation","Safe template implementation complete","Privacy/Terms/consent-aware surfaces","Legal, consent, vendor, retention, security","Phase implementation evidenced; external gate remains; item-level confirmation required"
"P24-L1193","24","Privacy, Consent, and Compliance","1193","bullet","Retargeting tags","Phase-level implementation evidence; exact statement requires direct confirmation","Safe template implementation complete","Privacy/Terms/consent-aware surfaces","Legal, consent, vendor, retention, security","Phase implementation evidenced; external gate remains; item-level confirmation required"
"P24-L1195","24","Privacy, Consent, and Compliance","1195","paragraph","Do not collect sensitive health or developmental information through ordinary unsecured marketing forms.","Phase-level implementation evidence; exact statement requires direct confirmation","Safe template implementation complete","Privacy/Terms/consent-aware surfaces","Legal, consent, vendor, retention, security","Phase implementation evidenced; external gate remains; item-level confirmation required"
"P24-L1197","24","Privacy, Consent, and Compliance","1197","paragraph","Route clinical or therapy information through an appropriate secure process.","Phase-level implementation evidence; exact statement requires direct confirmation","Safe template implementation complete","Privacy/Terms/consent-aware surfaces","Legal, consent, vendor, retention, security","Phase implementation evidenced; external gate remains; item-level confirmation required"
"P24-L1199","24","Privacy, Consent, and Compliance","1199","paragraph","Add a cookie-consent mechanism if legally or operationally required.","Phase-level implementation evidence; exact statement requires direct confirmation","Safe template implementation complete","Privacy/Terms/consent-aware surfaces","Legal, consent, vendor, retention, security","Phase implementation evidenced; external gate remains; item-level confirmation required"
"P25-L1203","25","Final Quality Assurance","1203","paragraph","Before launch, manually test:","Phase-level implementation evidence; exact statement requires direct confirmation","Automated staging QA complete","Crawl, 78 template checks, Axe, interactions, lint/build","Production/authenticated/manual release QA","Phase implementation evidenced; external gate remains; item-level confirmation required"
"P25-L1205","25","Final Quality Assurance","1205","bullet","Every menu item","Phase-level implementation evidence; exact statement requires direct confirmation","Automated staging QA complete","Crawl, 78 template checks, Axe, interactions, lint/build","Production/authenticated/manual release QA","Phase implementation evidenced; external gate remains; item-level confirmation required"
"P25-L1206","25","Final Quality Assurance","1206","bullet","Every CTA","Phase-level implementation evidence; exact statement requires direct confirmation","Automated staging QA complete","Crawl, 78 template checks, Axe, interactions, lint/build","Production/authenticated/manual release QA","Phase implementation evidenced; external gate remains; item-level confirmation required"
"P25-L1207","25","Final Quality Assurance","1207","bullet","Every form","Phase-level implementation evidence; exact statement requires direct confirmation","Automated staging QA complete","Crawl, 78 template checks, Axe, interactions, lint/build","Production/authenticated/manual release QA","Phase implementation evidenced; external gate remains; item-level confirmation required"
"P25-L1208","25","Final Quality Assurance","1208","bullet","Every phone number","Phase-level implementation evidence; exact statement requires direct confirmation","Automated staging QA complete","Crawl, 78 template checks, Axe, interactions, lint/build","Production/authenticated/manual release QA","Phase implementation evidenced; external gate remains; item-level confirmation required"
"P25-L1209","25","Final Quality Assurance","1209","bullet","Every email address","Phase-level implementation evidence; exact statement requires direct confirmation","Automated staging QA complete","Crawl, 78 template checks, Axe, interactions, lint/build","Production/authenticated/manual release QA","Phase implementation evidenced; external gate remains; item-level confirmation required"
"P25-L1210","25","Final Quality Assurance","1210","bullet","Every campus map","Phase-level implementation evidence; exact statement requires direct confirmation","Automated staging QA complete","Crawl, 78 template checks, Axe, interactions, lint/build","Production/authenticated/manual release QA","Phase implementation evidenced; external gate remains; item-level confirmation required"
"P25-L1211","25","Final Quality Assurance","1211","bullet","Every downloadable file","Phase-level implementation evidence; exact statement requires direct confirmation","Automated staging QA complete","Crawl, 78 template checks, Axe, interactions, lint/build","Production/authenticated/manual release QA","Phase implementation evidenced; external gate remains; item-level confirmation required"
"P25-L1212","25","Final Quality Assurance","1212","bullet","Every social link","Phase-level implementation evidence; exact statement requires direct confirmation","Automated staging QA complete","Crawl, 78 template checks, Axe, interactions, lint/build","Production/authenticated/manual release QA","Phase implementation evidenced; external gate remains; item-level confirmation required"
"P25-L1213","25","Final Quality Assurance","1213","bullet","Every campus tour route","Phase-level implementation evidence; exact statement requires direct confirmation","Automated staging QA complete","Crawl, 78 template checks, Axe, interactions, lint/build","Production/authenticated/manual release QA","Phase implementation evidenced; external gate remains; item-level confirmation required"
"P25-L1214","25","Final Quality Assurance","1214","bullet","Every confirmation page","Phase-level implementation evidence; exact statement requires direct confirmation","Automated staging QA complete","Crawl, 78 template checks, Axe, interactions, lint/build","Production/authenticated/manual release QA","Phase implementation evidenced; external gate remains; item-level confirmation required"
"P25-L1215","25","Final Quality Assurance","1215","bullet","Every automated email","Phase-level implementation evidence; exact statement requires direct confirmation","Automated staging QA complete","Crawl, 78 template checks, Axe, interactions, lint/build","Production/authenticated/manual release QA","Phase implementation evidenced; external gate remains; item-level confirmation required"
"P25-L1216","25","Final Quality Assurance","1216","bullet","Every automated text","Phase-level implementation evidence; exact statement requires direct confirmation","Automated staging QA complete","Crawl, 78 template checks, Axe, interactions, lint/build","Production/authenticated/manual release QA","Phase implementation evidenced; external gate remains; item-level confirmation required"
"P25-L1217","25","Final Quality Assurance","1217","bullet","Desktop view","Phase-level implementation evidence; exact statement requires direct confirmation","Automated staging QA complete","Crawl, 78 template checks, Axe, interactions, lint/build","Production/authenticated/manual release QA","Phase implementation evidenced; external gate remains; item-level confirmation required"
"P25-L1218","25","Final Quality Assurance","1218","bullet","Tablet view","Phase-level implementation evidence; exact statement requires direct confirmation","Automated staging QA complete","Crawl, 78 template checks, Axe, interactions, lint/build","Production/authenticated/manual release QA","Phase implementation evidenced; external gate remains; item-level confirmation required"
"P25-L1219","25","Final Quality Assurance","1219","bullet","iPhone view","Phase-level implementation evidence; exact statement requires direct confirmation","Automated staging QA complete","Crawl, 78 template checks, Axe, interactions, lint/build","Production/authenticated/manual release QA","Phase implementation evidenced; external gate remains; item-level confirmation required"
"P25-L1220","25","Final Quality Assurance","1220","bullet","Android view","Phase-level implementation evidence; exact statement requires direct confirmation","Automated staging QA complete","Crawl, 78 template checks, Axe, interactions, lint/build","Production/authenticated/manual release QA","Phase implementation evidenced; external gate remains; item-level confirmation required"
"P25-L1221","25","Final Quality Assurance","1221","bullet","Chrome","Phase-level implementation evidence; exact statement requires direct confirmation","Automated staging QA complete","Crawl, 78 template checks, Axe, interactions, lint/build","Production/authenticated/manual release QA","Phase implementation evidenced; external gate remains; item-level confirmation required"
"P25-L1222","25","Final Quality Assurance","1222","bullet","Safari","Phase-level implementation evidence; exact statement requires direct confirmation","Automated staging QA complete","Crawl, 78 template checks, Axe, interactions, lint/build","Production/authenticated/manual release QA","Phase implementation evidenced; external gate remains; item-level confirmation required"
"P25-L1223","25","Final Quality Assurance","1223","bullet","Edge","Phase-level implementation evidence; exact statement requires direct confirmation","Automated staging QA complete","Crawl, 78 template checks, Axe, interactions, lint/build","Production/authenticated/manual release QA","Phase implementation evidenced; external gate remains; item-level confirmation required"
"P25-L1224","25","Final Quality Assurance","1224","bullet","Firefox","Phase-level implementation evidence; exact statement requires direct confirmation","Automated staging QA complete","Crawl, 78 template checks, Axe, interactions, lint/build","Production/authenticated/manual release QA","Phase implementation evidenced; external gate remains; item-level confirmation required"
"P25-L1226","25","Final Quality Assurance","1226","paragraph","Check for:","Phase-level implementation evidence; exact statement requires direct confirmation","Automated staging QA complete","Crawl, 78 template checks, Axe, interactions, lint/build","Production/authenticated/manual release QA","Phase implementation evidenced; external gate remains; item-level confirmation required"
"P25-L1228","25","Final Quality Assurance","1228","bullet","Broken links","Phase-level implementation evidence; exact statement requires direct confirmation","Automated staging QA complete","Crawl, 78 template checks, Axe, interactions, lint/build","Production/authenticated/manual release QA","Phase implementation evidenced; external gate remains; item-level confirmation required"
"P25-L1229","25","Final Quality Assurance","1229","bullet","Placeholder text","Phase-level implementation evidence; exact statement requires direct confirmation","Automated staging QA complete","Crawl, 78 template checks, Axe, interactions, lint/build","Production/authenticated/manual release QA","Phase implementation evidenced; external gate remains; item-level confirmation required"
"P25-L1230","25","Final Quality Assurance","1230","bullet","Duplicate sections","Phase-level implementation evidence; exact statement requires direct confirmation","Automated staging QA complete","Crawl, 78 template checks, Axe, interactions, lint/build","Production/authenticated/manual release QA","Phase implementation evidenced; external gate remains; item-level confirmation required"
"P25-L1231","25","Final Quality Assurance","1231","bullet","Incorrect campuses","Phase-level implementation evidence; exact statement requires direct confirmation","Automated staging QA complete","Crawl, 78 template checks, Axe, interactions, lint/build","Production/authenticated/manual release QA","Phase implementation evidenced; external gate remains; item-level confirmation required"
"P25-L1232","25","Final Quality Assurance","1232","bullet","Incorrect staff names","Phase-level implementation evidence; exact statement requires direct confirmation","Automated staging QA complete","Crawl, 78 template checks, Axe, interactions, lint/build","Production/authenticated/manual release QA","Phase implementation evidenced; external gate remains; item-level confirmation required"
"P25-L1233","25","Final Quality Assurance","1233","bullet","Incorrect hours","Phase-level implementation evidence; exact statement requires direct confirmation","Automated staging QA complete","Crawl, 78 template checks, Axe, interactions, lint/build","Production/authenticated/manual release QA","Phase implementation evidenced; external gate remains; item-level confirmation required"
"P25-L1234","25","Final Quality Assurance","1234","bullet","Incorrect app names","Phase-level implementation evidence; exact statement requires direct confirmation","Automated staging QA complete","Crawl, 78 template checks, Axe, interactions, lint/build","Production/authenticated/manual release QA","Phase implementation evidenced; external gate remains; item-level confirmation required"
"P25-L1235","25","Final Quality Assurance","1235","bullet","Incorrect program ages","Phase-level implementation evidence; exact statement requires direct confirmation","Automated staging QA complete","Crawl, 78 template checks, Axe, interactions, lint/build","Production/authenticated/manual release QA","Phase implementation evidenced; external gate remains; item-level confirmation required"
"P25-L1236","25","Final Quality Assurance","1236","bullet","Inaccurate accreditation statements","Phase-level implementation evidence; exact statement requires direct confirmation","Automated staging QA complete","Crawl, 78 template checks, Axe, interactions, lint/build","Production/authenticated/manual release QA","Phase implementation evidenced; external gate remains; item-level confirmation required"
"P25-L1237","25","Final Quality Assurance","1237","bullet","Outdated documents","Phase-level implementation evidence; exact statement requires direct confirmation","Automated staging QA complete","Crawl, 78 template checks, Axe, interactions, lint/build","Production/authenticated/manual release QA","Phase implementation evidenced; external gate remains; item-level confirmation required"
"P25-L1238","25","Final Quality Assurance","1238","bullet","Form-routing failures","Phase-level implementation evidence; exact statement requires direct confirmation","Automated staging QA complete","Crawl, 78 template checks, Axe, interactions, lint/build","Production/authenticated/manual release QA","Phase implementation evidenced; external gate remains; item-level confirmation required"
"P25-L1239","25","Final Quality Assurance","1239","bullet","Mobile overlap","Phase-level implementation evidence; exact statement requires direct confirmation","Automated staging QA complete","Crawl, 78 template checks, Axe, interactions, lint/build","Production/authenticated/manual release QA","Phase implementation evidenced; external gate remains; item-level confirmation required"
"P25-L1240","25","Final Quality Assurance","1240","bullet","Footer problems","Phase-level implementation evidence; exact statement requires direct confirmation","Automated staging QA complete","Crawl, 78 template checks, Axe, interactions, lint/build","Production/authenticated/manual release QA","Phase implementation evidenced; external gate remains; item-level confirmation required"
"P25-L1241","25","Final Quality Assurance","1241","bullet","Content below the footer","Phase-level implementation evidence; exact statement requires direct confirmation","Automated staging QA complete","Crawl, 78 template checks, Axe, interactions, lint/build","Production/authenticated/manual release QA","Phase implementation evidenced; external gate remains; item-level confirmation required"
"P25-L1242","25","Final Quality Assurance","1242","bullet","Indexable staging pages","Phase-level implementation evidence; exact statement requires direct confirmation","Automated staging QA complete","Crawl, 78 template checks, Axe, interactions, lint/build","Production/authenticated/manual release QA","Phase implementation evidenced; external gate remains; item-level confirmation required"
"P25-L1243","25","Final Quality Assurance","1243","bullet","Accidental noindex tags","Phase-level implementation evidence; exact statement requires direct confirmation","Automated staging QA complete","Crawl, 78 template checks, Axe, interactions, lint/build","Production/authenticated/manual release QA","Phase implementation evidenced; external gate remains; item-level confirmation required"
"P25-L1244","25","Final Quality Assurance","1244","bullet","Missing canonical tags","Phase-level implementation evidence; exact statement requires direct confirmation","Automated staging QA complete","Crawl, 78 template checks, Axe, interactions, lint/build","Production/authenticated/manual release QA","Phase implementation evidenced; external gate remains; item-level confirmation required"
"P25-L1245","25","Final Quality Assurance","1245","bullet","Broken schema","Phase-level implementation evidence; exact statement requires direct confirmation","Automated staging QA complete","Crawl, 78 template checks, Axe, interactions, lint/build","Production/authenticated/manual release QA","Phase implementation evidenced; external gate remains; item-level confirmation required"
"P25-L1247","25","Final Quality Assurance","1247","paragraph","Run:","Phase-level implementation evidence; exact statement requires direct confirmation","Automated staging QA complete","Crawl, 78 template checks, Axe, interactions, lint/build","Production/authenticated/manual release QA","Phase implementation evidenced; external gate remains; item-level confirmation required"
"P25-L1249","25","Final Quality Assurance","1249","bullet","Spellcheck","Phase-level implementation evidence; exact statement requires direct confirmation","Automated staging QA complete","Crawl, 78 template checks, Axe, interactions, lint/build","Production/authenticated/manual release QA","Phase implementation evidenced; external gate remains; item-level confirmation required"
"P25-L1250","25","Final Quality Assurance","1250","bullet","Grammar check","Phase-level implementation evidence; exact statement requires direct confirmation","Automated staging QA complete","Crawl, 78 template checks, Axe, interactions, lint/build","Production/authenticated/manual release QA","Phase implementation evidenced; external gate remains; item-level confirmation required"
"P25-L1251","25","Final Quality Assurance","1251","bullet","Link checker","Phase-level implementation evidence; exact statement requires direct confirmation","Automated staging QA complete","Crawl, 78 template checks, Axe, interactions, lint/build","Production/authenticated/manual release QA","Phase implementation evidenced; external gate remains; item-level confirmation required"
"P25-L1252","25","Final Quality Assurance","1252","bullet","Accessibility audit","Phase-level implementation evidence; exact statement requires direct confirmation","Automated staging QA complete","Crawl, 78 template checks, Axe, interactions, lint/build","Production/authenticated/manual release QA","Phase implementation evidenced; external gate remains; item-level confirmation required"
"P25-L1253","25","Final Quality Assurance","1253","bullet","Lighthouse","Phase-level implementation evidence; exact statement requires direct confirmation","Automated staging QA complete","Crawl, 78 template checks, Axe, interactions, lint/build","Production/authenticated/manual release QA","Phase implementation evidenced; external gate remains; item-level confirmation required"
"P25-L1254","25","Final Quality Assurance","1254","bullet","PageSpeed Insights","Phase-level implementation evidence; exact statement requires direct confirmation","Automated staging QA complete","Crawl, 78 template checks, Axe, interactions, lint/build","Production/authenticated/manual release QA","Phase implementation evidenced; external gate remains; item-level confirmation required"
"P25-L1255","25","Final Quality Assurance","1255","bullet","Search Console inspection","Phase-level implementation evidence; exact statement requires direct confirmation","Automated staging QA complete","Crawl, 78 template checks, Axe, interactions, lint/build","Production/authenticated/manual release QA","Phase implementation evidenced; external gate remains; item-level confirmation required"
"P25-L1256","25","Final Quality Assurance","1256","bullet","Schema validation","Phase-level implementation evidence; exact statement requires direct confirmation","Automated staging QA complete","Crawl, 78 template checks, Axe, interactions, lint/build","Production/authenticated/manual release QA","Phase implementation evidenced; external gate remains; item-level confirmation required"
"P25-L1257","25","Final Quality Assurance","1257","bullet","Mobile usability test","Phase-level implementation evidence; exact statement requires direct confirmation","Automated staging QA complete","Crawl, 78 template checks, Axe, interactions, lint/build","Production/authenticated/manual release QA","Phase implementation evidenced; external gate remains; item-level confirmation required"
"P25-L1258","25","Final Quality Assurance","1258","bullet","Security scan","Phase-level implementation evidence; exact statement requires direct confirmation","Automated staging QA complete","Crawl, 78 template checks, Axe, interactions, lint/build","Production/authenticated/manual release QA","Phase implementation evidenced; external gate remains; item-level confirmation required"
"P25-L1259","25","Final Quality Assurance","1259","bullet","Backup verification","Phase-level implementation evidence; exact statement requires direct confirmation","Automated staging QA complete","Crawl, 78 template checks, Axe, interactions, lint/build","Production/authenticated/manual release QA","Phase implementation evidenced; external gate remains; item-level confirmation required"
"P25-L1263","25","Final Quality Assurance","1263","paragraph","Provide the following after completing the work:","Phase-level implementation evidence; exact statement requires direct confirmation","Automated staging QA complete","Crawl, 78 template checks, Axe, interactions, lint/build","Production/authenticated/manual release QA","Phase implementation evidenced; external gate remains; item-level confirmation required"
"P25-L1267","25","1. Executive Summary","1267","paragraph","Include:","Phase-level implementation evidence; exact statement requires direct confirmation","Automated staging QA complete","Crawl, 78 template checks, Axe, interactions, lint/build","Production/authenticated/manual release QA","Phase implementation evidenced; external gate remains; item-level confirmation required"
"P25-L1269","25","1. Executive Summary","1269","bullet","Major issues found","Phase-level implementation evidence; exact statement requires direct confirmation","Automated staging QA complete","Crawl, 78 template checks, Axe, interactions, lint/build","Production/authenticated/manual release QA","Phase implementation evidenced; external gate remains; item-level confirmation required"
"P25-L1270","25","1. Executive Summary","1270","bullet","Major fixes completed","Phase-level implementation evidence; exact statement requires direct confirmation","Automated staging QA complete","Crawl, 78 template checks, Axe, interactions, lint/build","Production/authenticated/manual release QA","Phase implementation evidenced; external gate remains; item-level confirmation required"
"P25-L1271","25","1. Executive Summary","1271","bullet","Remaining items requiring management confirmation","Phase-level implementation evidence; exact statement requires direct confirmation","Automated staging QA complete","Crawl, 78 template checks, Axe, interactions, lint/build","Production/authenticated/manual release QA","Phase implementation evidenced; external gate remains; item-level confirmation required"
"P25-L1272","25","1. Executive Summary","1272","bullet","Expected impact on trust, SEO, and conversions","Phase-level implementation evidence; exact statement requires direct confirmation","Automated staging QA complete","Crawl, 78 template checks, Axe, interactions, lint/build","Production/authenticated/manual release QA","Phase implementation evidenced; external gate remains; item-level confirmation required"
"P25-L1276","25","2. Change Log","1276","paragraph","For every changed page, document:","Phase-level implementation evidence; exact statement requires direct confirmation","Automated staging QA complete","Crawl, 78 template checks, Axe, interactions, lint/build","Production/authenticated/manual release QA","Phase implementation evidenced; external gate remains; item-level confirmation required"
"P25-L1278","25","2. Change Log","1278","bullet","URL","Phase-level implementation evidence; exact statement requires direct confirmation","Automated staging QA complete","Crawl, 78 template checks, Axe, interactions, lint/build","Production/authenticated/manual release QA","Phase implementation evidenced; external gate remains; item-level confirmation required"
"P25-L1279","25","2. Change Log","1279","bullet","Previous issue","Phase-level implementation evidence; exact statement requires direct confirmation","Automated staging QA complete","Crawl, 78 template checks, Axe, interactions, lint/build","Production/authenticated/manual release QA","Phase implementation evidenced; external gate remains; item-level confirmation required"
"P25-L1280","25","2. Change Log","1280","bullet","Change made","Phase-level implementation evidence; exact statement requires direct confirmation","Automated staging QA complete","Crawl, 78 template checks, Axe, interactions, lint/build","Production/authenticated/manual release QA","Phase implementation evidenced; external gate remains; item-level confirmation required"
"P25-L1281","25","2. Change Log","1281","bullet","Reason","Phase-level implementation evidence; exact statement requires direct confirmation","Automated staging QA complete","Crawl, 78 template checks, Axe, interactions, lint/build","Production/authenticated/manual release QA","Phase implementation evidenced; external gate remains; item-level confirmation required"
"P25-L1282","25","2. Change Log","1282","bullet","Status","Phase-level implementation evidence; exact statement requires direct confirmation","Automated staging QA complete","Crawl, 78 template checks, Axe, interactions, lint/build","Production/authenticated/manual release QA","Phase implementation evidenced; external gate remains; item-level confirmation required"
"P25-L1283","25","2. Change Log","1283","bullet","Any required follow-up","Phase-level implementation evidence; exact statement requires direct confirmation","Automated staging QA complete","Crawl, 78 template checks, Axe, interactions, lint/build","Production/authenticated/manual release QA","Phase implementation evidenced; external gate remains; item-level confirmation required"
"P25-L1287","25","3. Fact-Verification List","1287","paragraph","Provide a list of all facts requiring Chroma management confirmation, including:","Phase-level implementation evidence; exact statement requires direct confirmation","Automated staging QA complete","Crawl, 78 template checks, Axe, interactions, lint/build","Production/authenticated/manual release QA","Phase implementation evidenced; external gate remains; item-level confirmation required"
"P25-L1289","25","3. Fact-Verification List","1289","bullet","Current number of campuses","Phase-level implementation evidence; exact statement requires direct confirmation","Automated staging QA complete","Crawl, 78 template checks, Axe, interactions, lint/build","Production/authenticated/manual release QA","Phase implementation evidenced; external gate remains; item-level confirmation required"
"P25-L1290","25","3. Fact-Verification List","1290","bullet","Official company description","Phase-level implementation evidence; exact statement requires direct confirmation","Automated staging QA complete","Crawl, 78 template checks, Axe, interactions, lint/build","Production/authenticated/manual release QA","Phase implementation evidenced; external gate remains; item-level confirmation required"
"P25-L1291","25","3. Fact-Verification List","1291","bullet","Current parent app","Phase-level implementation evidence; exact statement requires direct confirmation","Automated staging QA complete","Crawl, 78 template checks, Axe, interactions, lint/build","Production/authenticated/manual release QA","Phase implementation evidenced; external gate remains; item-level confirmation required"
"P25-L1292","25","3. Fact-Verification List","1292","bullet","Campus hours","Phase-level implementation evidence; exact statement requires direct confirmation","Automated staging QA complete","Crawl, 78 template checks, Axe, interactions, lint/build","Production/authenticated/manual release QA","Phase implementation evidenced; external gate remains; item-level confirmation required"
"P25-L1293","25","3. Fact-Verification List","1293","bullet","CAPS participation","Phase-level implementation evidence; exact statement requires direct confirmation","Automated staging QA complete","Crawl, 78 template checks, Axe, interactions, lint/build","Production/authenticated/manual release QA","Phase implementation evidenced; external gate remains; item-level confirmation required"
"P25-L1294","25","3. Fact-Verification List","1294","bullet","GA Pre-K campuses","Phase-level implementation evidence; exact statement requires direct confirmation","Automated staging QA complete","Crawl, 78 template checks, Axe, interactions, lint/build","Production/authenticated/manual release QA","Phase implementation evidenced; external gate remains; item-level confirmation required"
"P25-L1295","25","3. Fact-Verification List","1295","bullet","Kindergarten campuses","Phase-level implementation evidence; exact statement requires direct confirmation","Automated staging QA complete","Crawl, 78 template checks, Axe, interactions, lint/build","Production/authenticated/manual release QA","Phase implementation evidenced; external gate remains; item-level confirmation required"
"P25-L1296","25","3. Fact-Verification List","1296","bullet","Transportation routes","Phase-level implementation evidence; exact statement requires direct confirmation","Automated staging QA complete","Crawl, 78 template checks, Axe, interactions, lint/build","Production/authenticated/manual release QA","Phase implementation evidenced; external gate remains; item-level confirmation required"
"P25-L1297","25","3. Fact-Verification List","1297","bullet","Campus directors","Phase-level implementation evidence; exact statement requires direct confirmation","Automated staging QA complete","Crawl, 78 template checks, Axe, interactions, lint/build","Production/authenticated/manual release QA","Phase implementation evidenced; external gate remains; item-level confirmation required"
"P25-L1298","25","3. Fact-Verification List","1298","bullet","Campus features","Phase-level implementation evidence; exact statement requires direct confirmation","Automated staging QA complete","Crawl, 78 template checks, Axe, interactions, lint/build","Production/authenticated/manual release QA","Phase implementation evidenced; external gate remains; item-level confirmation required"
"P25-L1299","25","3. Fact-Verification List","1299","bullet","Accreditation scope","Phase-level implementation evidence; exact statement requires direct confirmation","Automated staging QA complete","Crawl, 78 template checks, Axe, interactions, lint/build","Production/authenticated/manual release QA","Phase implementation evidenced; external gate remains; item-level confirmation required"
"P25-L1300","25","3. Fact-Verification List","1300","bullet","Therapy-service availability","Phase-level implementation evidence; exact statement requires direct confirmation","Automated staging QA complete","Crawl, 78 template checks, Axe, interactions, lint/build","Production/authenticated/manual release QA","Phase implementation evidenced; external gate remains; item-level confirmation required"
"P25-L1301","25","3. Fact-Verification List","1301","bullet","Tuition display policy","Phase-level implementation evidence; exact statement requires direct confirmation","Automated staging QA complete","Crawl, 78 template checks, Axe, interactions, lint/build","Production/authenticated/manual release QA","Phase implementation evidenced; external gate remains; item-level confirmation required"
"P25-L1302","25","3. Fact-Verification List","1302","bullet","Availability-status process","Phase-level implementation evidence; exact statement requires direct confirmation","Automated staging QA complete","Crawl, 78 template checks, Axe, interactions, lint/build","Production/authenticated/manual release QA","Phase implementation evidenced; external gate remains; item-level confirmation required"
"P25-L1306","25","4. Redirect Map","1306","paragraph","List:","Phase-level implementation evidence; exact statement requires direct confirmation","Automated staging QA complete","Crawl, 78 template checks, Axe, interactions, lint/build","Production/authenticated/manual release QA","Phase implementation evidenced; external gate remains; item-level confirmation required"
"P25-L1308","25","4. Redirect Map","1308","bullet","Deleted URLs","Phase-level implementation evidence; exact statement requires direct confirmation","Automated staging QA complete","Crawl, 78 template checks, Axe, interactions, lint/build","Production/authenticated/manual release QA","Phase implementation evidenced; external gate remains; item-level confirmation required"
"P25-L1309","25","4. Redirect Map","1309","bullet","Old URLs","Phase-level implementation evidence; exact statement requires direct confirmation","Automated staging QA complete","Crawl, 78 template checks, Axe, interactions, lint/build","Production/authenticated/manual release QA","Phase implementation evidenced; external gate remains; item-level confirmation required"
"P25-L1310","25","4. Redirect Map","1310","bullet","Destination URLs","Phase-level implementation evidence; exact statement requires direct confirmation","Automated staging QA complete","Crawl, 78 template checks, Axe, interactions, lint/build","Production/authenticated/manual release QA","Phase implementation evidenced; external gate remains; item-level confirmation required"
"P25-L1311","25","4. Redirect Map","1311","bullet","Redirect type","Phase-level implementation evidence; exact statement requires direct confirmation","Automated staging QA complete","Crawl, 78 template checks, Axe, interactions, lint/build","Production/authenticated/manual release QA","Phase implementation evidenced; external gate remains; item-level confirmation required"
"P25-L1312","25","4. Redirect Map","1312","bullet","Reason","Phase-level implementation evidence; exact statement requires direct confirmation","Automated staging QA complete","Crawl, 78 template checks, Axe, interactions, lint/build","Production/authenticated/manual release QA","Phase implementation evidenced; external gate remains; item-level confirmation required"
"P25-L1316","25","5. SEO Report","1316","paragraph","Include:","Phase-level implementation evidence; exact statement requires direct confirmation","Automated staging QA complete","Crawl, 78 template checks, Axe, interactions, lint/build","Production/authenticated/manual release QA","Phase implementation evidenced; external gate remains; item-level confirmation required"
"P25-L1318","25","5. SEO Report","1318","bullet","Indexable pages","Phase-level implementation evidence; exact statement requires direct confirmation","Automated staging QA complete","Crawl, 78 template checks, Axe, interactions, lint/build","Production/authenticated/manual release QA","Phase implementation evidenced; external gate remains; item-level confirmation required"
"P25-L1319","25","5. SEO Report","1319","bullet","Noindexed pages","Phase-level implementation evidence; exact statement requires direct confirmation","Automated staging QA complete","Crawl, 78 template checks, Axe, interactions, lint/build","Production/authenticated/manual release QA","Phase implementation evidenced; external gate remains; item-level confirmation required"
"P25-L1320","25","5. SEO Report","1320","bullet","Deleted pages","Phase-level implementation evidence; exact statement requires direct confirmation","Automated staging QA complete","Crawl, 78 template checks, Axe, interactions, lint/build","Production/authenticated/manual release QA","Phase implementation evidenced; external gate remains; item-level confirmation required"
"P25-L1321","25","5. SEO Report","1321","bullet","Duplicate-content fixes","Phase-level implementation evidence; exact statement requires direct confirmation","Automated staging QA complete","Crawl, 78 template checks, Axe, interactions, lint/build","Production/authenticated/manual release QA","Phase implementation evidenced; external gate remains; item-level confirmation required"
"P25-L1322","25","5. SEO Report","1322","bullet","Metadata updates","Phase-level implementation evidence; exact statement requires direct confirmation","Automated staging QA complete","Crawl, 78 template checks, Axe, interactions, lint/build","Production/authenticated/manual release QA","Phase implementation evidenced; external gate remains; item-level confirmation required"
"P25-L1323","25","5. SEO Report","1323","bullet","Schema updates","Phase-level implementation evidence; exact statement requires direct confirmation","Automated staging QA complete","Crawl, 78 template checks, Axe, interactions, lint/build","Production/authenticated/manual release QA","Phase implementation evidenced; external gate remains; item-level confirmation required"
"P25-L1324","25","5. SEO Report","1324","bullet","Local SEO changes","Phase-level implementation evidence; exact statement requires direct confirmation","Automated staging QA complete","Crawl, 78 template checks, Axe, interactions, lint/build","Production/authenticated/manual release QA","Phase implementation evidenced; external gate remains; item-level confirmation required"
"P25-L1325","25","5. SEO Report","1325","bullet","Internal-linking changes","Phase-level implementation evidence; exact statement requires direct confirmation","Automated staging QA complete","Crawl, 78 template checks, Axe, interactions, lint/build","Production/authenticated/manual release QA","Phase implementation evidenced; external gate remains; item-level confirmation required"
"P25-L1326","25","5. SEO Report","1326","bullet","Technical problems resolved","Phase-level implementation evidence; exact statement requires direct confirmation","Automated staging QA complete","Crawl, 78 template checks, Axe, interactions, lint/build","Production/authenticated/manual release QA","Phase implementation evidenced; external gate remains; item-level confirmation required"
"P25-L1330","25","6. Conversion Report","1330","paragraph","Include:","Phase-level implementation evidence; exact statement requires direct confirmation","Automated staging QA complete","Crawl, 78 template checks, Axe, interactions, lint/build","Production/authenticated/manual release QA","Phase implementation evidenced; external gate remains; item-level confirmation required"
"P25-L1332","25","6. Conversion Report","1332","bullet","Tour-flow changes","Phase-level implementation evidence; exact statement requires direct confirmation","Automated staging QA complete","Crawl, 78 template checks, Axe, interactions, lint/build","Production/authenticated/manual release QA","Phase implementation evidenced; external gate remains; item-level confirmation required"
"P25-L1333","25","6. Conversion Report","1333","bullet","Form changes","Phase-level implementation evidence; exact statement requires direct confirmation","Automated staging QA complete","Crawl, 78 template checks, Axe, interactions, lint/build","Production/authenticated/manual release QA","Phase implementation evidenced; external gate remains; item-level confirmation required"
"P25-L1334","25","6. Conversion Report","1334","bullet","CTA changes","Phase-level implementation evidence; exact statement requires direct confirmation","Automated staging QA complete","Crawl, 78 template checks, Axe, interactions, lint/build","Production/authenticated/manual release QA","Phase implementation evidenced; external gate remains; item-level confirmation required"
"P25-L1335","25","6. Conversion Report","1335","bullet","Campus-level routing","Phase-level implementation evidence; exact statement requires direct confirmation","Automated staging QA complete","Crawl, 78 template checks, Axe, interactions, lint/build","Production/authenticated/manual release QA","Phase implementation evidenced; external gate remains; item-level confirmation required"
"P25-L1336","25","6. Conversion Report","1336","bullet","CRM tracking","Phase-level implementation evidence; exact statement requires direct confirmation","Automated staging QA complete","Crawl, 78 template checks, Axe, interactions, lint/build","Production/authenticated/manual release QA","Phase implementation evidenced; external gate remains; item-level confirmation required"
"P25-L1337","25","6. Conversion Report","1337","bullet","Analytics events","Phase-level implementation evidence; exact statement requires direct confirmation","Automated staging QA complete","Crawl, 78 template checks, Axe, interactions, lint/build","Production/authenticated/manual release QA","Phase implementation evidenced; external gate remains; item-level confirmation required"
"P25-L1338","25","6. Conversion Report","1338","bullet","Mobile conversion improvements","Phase-level implementation evidence; exact statement requires direct confirmation","Automated staging QA complete","Crawl, 78 template checks, Axe, interactions, lint/build","Production/authenticated/manual release QA","Phase implementation evidenced; external gate remains; item-level confirmation required"
"P25-L1342","25","7. Performance Report","1342","paragraph","Provide before-and-after results for:","Phase-level implementation evidence; exact statement requires direct confirmation","Automated staging QA complete","Crawl, 78 template checks, Axe, interactions, lint/build","Production/authenticated/manual release QA","Phase implementation evidenced; external gate remains; item-level confirmation required"
"P25-L1344","25","7. Performance Report","1344","bullet","Mobile PageSpeed","Phase-level implementation evidence; exact statement requires direct confirmation","Automated staging QA complete","Crawl, 78 template checks, Axe, interactions, lint/build","Production/authenticated/manual release QA","Phase implementation evidenced; external gate remains; item-level confirmation required"
"P25-L1345","25","7. Performance Report","1345","bullet","Desktop PageSpeed","Phase-level implementation evidence; exact statement requires direct confirmation","Automated staging QA complete","Crawl, 78 template checks, Axe, interactions, lint/build","Production/authenticated/manual release QA","Phase implementation evidenced; external gate remains; item-level confirmation required"
"P25-L1346","25","7. Performance Report","1346","bullet","LCP","Phase-level implementation evidence; exact statement requires direct confirmation","Automated staging QA complete","Crawl, 78 template checks, Axe, interactions, lint/build","Production/authenticated/manual release QA","Phase implementation evidenced; external gate remains; item-level confirmation required"
"P25-L1347","25","7. Performance Report","1347","bullet","CLS","Phase-level implementation evidence; exact statement requires direct confirmation","Automated staging QA complete","Crawl, 78 template checks, Axe, interactions, lint/build","Production/authenticated/manual release QA","Phase implementation evidenced; external gate remains; item-level confirmation required"
"P25-L1348","25","7. Performance Report","1348","bullet","INP","Phase-level implementation evidence; exact statement requires direct confirmation","Automated staging QA complete","Crawl, 78 template checks, Axe, interactions, lint/build","Production/authenticated/manual release QA","Phase implementation evidenced; external gate remains; item-level confirmation required"
"P25-L1349","25","7. Performance Report","1349","bullet","Page weight","Phase-level implementation evidence; exact statement requires direct confirmation","Automated staging QA complete","Crawl, 78 template checks, Axe, interactions, lint/build","Production/authenticated/manual release QA","Phase implementation evidenced; external gate remains; item-level confirmation required"
"P25-L1350","25","7. Performance Report","1350","bullet","Request count","Phase-level implementation evidence; exact statement requires direct confirmation","Automated staging QA complete","Crawl, 78 template checks, Axe, interactions, lint/build","Production/authenticated/manual release QA","Phase implementation evidenced; external gate remains; item-level confirmation required"
"P25-L1354","25","8. Final Website Score","1354","paragraph","Rate the completed website out of 10 across:","Phase-level implementation evidence; exact statement requires direct confirmation","Automated staging QA complete","Crawl, 78 template checks, Axe, interactions, lint/build","Production/authenticated/manual release QA","Phase implementation evidenced; external gate remains; item-level confirmation required"
"P25-L1356","25","8. Final Website Score","1356","bullet","Brand","Phase-level implementation evidence; exact statement requires direct confirmation","Automated staging QA complete","Crawl, 78 template checks, Axe, interactions, lint/build","Production/authenticated/manual release QA","Phase implementation evidenced; external gate remains; item-level confirmation required"
"P25-L1357","25","8. Final Website Score","1357","bullet","Content","Phase-level implementation evidence; exact statement requires direct confirmation","Automated staging QA complete","Crawl, 78 template checks, Axe, interactions, lint/build","Production/authenticated/manual release QA","Phase implementation evidenced; external gate remains; item-level confirmation required"
"P25-L1358","25","8. Final Website Score","1358","bullet","Accuracy","Phase-level implementation evidence; exact statement requires direct confirmation","Automated staging QA complete","Crawl, 78 template checks, Axe, interactions, lint/build","Production/authenticated/manual release QA","Phase implementation evidenced; external gate remains; item-level confirmation required"
"P25-L1359","25","8. Final Website Score","1359","bullet","Trust","Phase-level implementation evidence; exact statement requires direct confirmation","Automated staging QA complete","Crawl, 78 template checks, Axe, interactions, lint/build","Production/authenticated/manual release QA","Phase implementation evidenced; external gate remains; item-level confirmation required"
"P25-L1360","25","8. Final Website Score","1360","bullet","SEO","Phase-level implementation evidence; exact statement requires direct confirmation","Automated staging QA complete","Crawl, 78 template checks, Axe, interactions, lint/build","Production/authenticated/manual release QA","Phase implementation evidenced; external gate remains; item-level confirmation required"
"P25-L1361","25","8. Final Website Score","1361","bullet","Local SEO","Phase-level implementation evidence; exact statement requires direct confirmation","Automated staging QA complete","Crawl, 78 template checks, Axe, interactions, lint/build","Production/authenticated/manual release QA","Phase implementation evidenced; external gate remains; item-level confirmation required"
"P25-L1362","25","8. Final Website Score","1362","bullet","Conversion","Phase-level implementation evidence; exact statement requires direct confirmation","Automated staging QA complete","Crawl, 78 template checks, Axe, interactions, lint/build","Production/authenticated/manual release QA","Phase implementation evidenced; external gate remains; item-level confirmation required"
"P25-L1363","25","8. Final Website Score","1363","bullet","Mobile usability","Phase-level implementation evidence; exact statement requires direct confirmation","Automated staging QA complete","Crawl, 78 template checks, Axe, interactions, lint/build","Production/authenticated/manual release QA","Phase implementation evidenced; external gate remains; item-level confirmation required"
"P25-L1364","25","8. Final Website Score","1364","bullet","Accessibility","Phase-level implementation evidence; exact statement requires direct confirmation","Automated staging QA complete","Crawl, 78 template checks, Axe, interactions, lint/build","Production/authenticated/manual release QA","Phase implementation evidenced; external gate remains; item-level confirmation required"
"P25-L1365","25","8. Final Website Score","1365","bullet","Performance","Phase-level implementation evidence; exact statement requires direct confirmation","Automated staging QA complete","Crawl, 78 template checks, Axe, interactions, lint/build","Production/authenticated/manual release QA","Phase implementation evidenced; external gate remains; item-level confirmation required"
"P25-L1367","25","8. Final Website Score","1367","paragraph","Do not declare the site 10/10 merely because tasks were completed. Identify any remaining limitations honestly.","Phase-level implementation evidence; exact statement requires direct confirmation","Automated staging QA complete","Crawl, 78 template checks, Axe, interactions, lint/build","Production/authenticated/manual release QA","Phase implementation evidenced; external gate remains; item-level confirmation required"
"P25-L1371","25","8. Final Website Score","1371","paragraph","Complete the work in this order:","Phase-level implementation evidence; exact statement requires direct confirmation","Automated staging QA complete","Crawl, 78 template checks, Axe, interactions, lint/build","Production/authenticated/manual release QA","Phase implementation evidenced; external gate remains; item-level confirmation required"
"P25-L1375","25","Critical","1375","numbered","Back up the website.","Phase-level implementation evidence; exact statement requires direct confirmation","Automated staging QA complete","Crawl, 78 template checks, Axe, interactions, lint/build","Production/authenticated/manual release QA","Phase implementation evidenced; external gate remains; item-level confirmation required"
"P25-L1376","25","Critical","1376","numbered","Create or verify staging.","Phase-level implementation evidence; exact statement requires direct confirmation","Automated staging QA complete","Crawl, 78 template checks, Axe, interactions, lint/build","Production/authenticated/manual release QA","Phase implementation evidenced; external gate remains; item-level confirmation required"
"P25-L1377","25","Critical","1377","numbered","Remove harmful and injected SEO content.","Phase-level implementation evidence; exact statement requires direct confirmation","Automated staging QA complete","Crawl, 78 template checks, Axe, interactions, lint/build","Production/authenticated/manual release QA","Phase implementation evidenced; external gate remains; item-level confirmation required"
"P25-L1378","25","Critical","1378","numbered","Remove false location and community claims.","Phase-level implementation evidence; exact statement requires direct confirmation","Automated staging QA complete","Crawl, 78 template checks, Axe, interactions, lint/build","Production/authenticated/manual release QA","Phase implementation evidenced; external gate remains; item-level confirmation required"
"P25-L1379","25","Critical","1379","numbered","Correct factual inconsistencies.","Phase-level implementation evidence; exact statement requires direct confirmation","Automated staging QA complete","Crawl, 78 template checks, Axe, interactions, lint/build","Production/authenticated/manual release QA","Phase implementation evidenced; external gate remains; item-level confirmation required"
"P25-L1380","25","Critical","1380","numbered","Fix spelling and grammar.","Phase-level implementation evidence; exact statement requires direct confirmation","Automated staging QA complete","Crawl, 78 template checks, Axe, interactions, lint/build","Production/authenticated/manual release QA","Phase implementation evidenced; external gate remains; item-level confirmation required"
"P25-L1381","25","Critical","1381","numbered","Verify campus-level claims.","Phase-level implementation evidence; exact statement requires direct confirmation","Automated staging QA complete","Crawl, 78 template checks, Axe, interactions, lint/build","Production/authenticated/manual release QA","Phase implementation evidenced; external gate remains; item-level confirmation required"
"P25-L1382","25","Critical","1382","numbered","Repair broken forms and tour routes.","Phase-level implementation evidence; exact statement requires direct confirmation","Automated staging QA complete","Crawl, 78 template checks, Axe, interactions, lint/build","Production/authenticated/manual release QA","Phase implementation evidenced; external gate remains; item-level confirmation required"
"P25-L1386","25","High Priority","1386","numbered","Improve homepage structure.","Phase-level implementation evidence; exact statement requires direct confirmation","Automated staging QA complete","Crawl, 78 template checks, Axe, interactions, lint/build","Production/authenticated/manual release QA","Phase implementation evidenced; external gate remains; item-level confirmation required"
"P25-L1387","25","High Priority","1387","numbered","Strengthen Curriculum Studio positioning.","Phase-level implementation evidence; exact statement requires direct confirmation","Automated staging QA complete","Crawl, 78 template checks, Axe, interactions, lint/build","Production/authenticated/manual release QA","Phase implementation evidenced; external gate remains; item-level confirmation required"
"P25-L1388","25","High Priority","1388","numbered","Improve program pages.","Phase-level implementation evidence; exact statement requires direct confirmation","Automated staging QA complete","Crawl, 78 template checks, Axe, interactions, lint/build","Production/authenticated/manual release QA","Phase implementation evidenced; external gate remains; item-level confirmation required"
"P25-L1389","25","High Priority","1389","numbered","Rebuild campus pages.","Phase-level implementation evidence; exact statement requires direct confirmation","Automated staging QA complete","Crawl, 78 template checks, Axe, interactions, lint/build","Production/authenticated/manual release QA","Phase implementation evidenced; external gate remains; item-level confirmation required"
"P25-L1390","25","High Priority","1390","numbered","Standardize CTAs.","Phase-level implementation evidence; exact statement requires direct confirmation","Automated staging QA complete","Crawl, 78 template checks, Axe, interactions, lint/build","Production/authenticated/manual release QA","Phase implementation evidenced; external gate remains; item-level confirmation required"
"P25-L1391","25","High Priority","1391","numbered","Improve tour scheduling.","Phase-level implementation evidence; exact statement requires direct confirmation","Automated staging QA complete","Crawl, 78 template checks, Axe, interactions, lint/build","Production/authenticated/manual release QA","Phase implementation evidenced; external gate remains; item-level confirmation required"
"P25-L1392","25","High Priority","1392","numbered","Clarify accreditation.","Phase-level implementation evidence; exact statement requires direct confirmation","Automated staging QA complete","Crawl, 78 template checks, Axe, interactions, lint/build","Production/authenticated/manual release QA","Phase implementation evidenced; external gate remains; item-level confirmation required"
"P25-L1393","25","High Priority","1393","numbered","Improve technical and local SEO.","Phase-level implementation evidence; exact statement requires direct confirmation","Automated staging QA complete","Crawl, 78 template checks, Axe, interactions, lint/build","Production/authenticated/manual release QA","Phase implementation evidenced; external gate remains; item-level confirmation required"
"P25-L1397","25","Enhancement","1397","numbered","Improve availability and tuition visibility.","Phase-level implementation evidence; exact statement requires direct confirmation","Automated staging QA complete","Crawl, 78 template checks, Axe, interactions, lint/build","Production/authenticated/manual release QA","Phase implementation evidenced; external gate remains; item-level confirmation required"
"P25-L1398","25","Enhancement","1398","numbered","Add stronger evidence and parent proof.","Phase-level implementation evidence; exact statement requires direct confirmation","Automated staging QA complete","Crawl, 78 template checks, Axe, interactions, lint/build","Production/authenticated/manual release QA","Phase implementation evidenced; external gate remains; item-level confirmation required"
"P25-L1399","25","Enhancement","1399","numbered","Improve accessibility.","Phase-level implementation evidence; exact statement requires direct confirmation","Automated staging QA complete","Crawl, 78 template checks, Axe, interactions, lint/build","Production/authenticated/manual release QA","Phase implementation evidenced; external gate remains; item-level confirmation required"
"P25-L1400","25","Enhancement","1400","numbered","Improve site speed.","Phase-level implementation evidence; exact statement requires direct confirmation","Automated staging QA complete","Crawl, 78 template checks, Axe, interactions, lint/build","Production/authenticated/manual release QA","Phase implementation evidenced; external gate remains; item-level confirmation required"
"P25-L1401","25","Enhancement","1401","numbered","Upgrade analytics and attribution.","Phase-level implementation evidence; exact statement requires direct confirmation","Automated staging QA complete","Crawl, 78 template checks, Axe, interactions, lint/build","Production/authenticated/manual release QA","Phase implementation evidenced; external gate remains; item-level confirmation required"
"P25-L1402","25","Enhancement","1402","numbered","Improve Careers and Early Start pages.","Phase-level implementation evidence; exact statement requires direct confirmation","Automated staging QA complete","Crawl, 78 template checks, Axe, interactions, lint/build","Production/authenticated/manual release QA","Phase implementation evidenced; external gate remains; item-level confirmation required"
"P25-L1403","25","Enhancement","1403","numbered","Add useful local content.","Phase-level implementation evidence; exact statement requires direct confirmation","Automated staging QA complete","Crawl, 78 template checks, Axe, interactions, lint/build","Production/authenticated/manual release QA","Phase implementation evidenced; external gate remains; item-level confirmation required"
"P25-L1407","25","Enhancement","1407","paragraph","Do not publish changes involving the following without management confirmation:","Phase-level implementation evidence; exact statement requires direct confirmation","Automated staging QA complete","Crawl, 78 template checks, Axe, interactions, lint/build","Production/authenticated/manual release QA","Phase implementation evidenced; external gate remains; item-level confirmation required"
"P25-L1409","25","Enhancement","1409","bullet","Campus count","Phase-level implementation evidence; exact statement requires direct confirmation","Automated staging QA complete","Crawl, 78 template checks, Axe, interactions, lint/build","Production/authenticated/manual release QA","Phase implementation evidenced; external gate remains; item-level confirmation required"
"P25-L1410","25","Enhancement","1410","bullet","Accreditations","Phase-level implementation evidence; exact statement requires direct confirmation","Automated staging QA complete","Crawl, 78 template checks, Axe, interactions, lint/build","Production/authenticated/manual release QA","Phase implementation evidenced; external gate remains; item-level confirmation required"
"P25-L1411","25","Enhancement","1411","bullet","Tuition","Phase-level implementation evidence; exact statement requires direct confirmation","Automated staging QA complete","Crawl, 78 template checks, Axe, interactions, lint/build","Production/authenticated/manual release QA","Phase implementation evidenced; external gate remains; item-level confirmation required"
"P25-L1412","25","Enhancement","1412","bullet","Parent communication platform","Phase-level implementation evidence; exact statement requires direct confirmation","Automated staging QA complete","Crawl, 78 template checks, Axe, interactions, lint/build","Production/authenticated/manual release QA","Phase implementation evidenced; external gate remains; item-level confirmation required"
"P25-L1413","25","Enhancement","1413","bullet","Campus hours","Phase-level implementation evidence; exact statement requires direct confirmation","Automated staging QA complete","Crawl, 78 template checks, Axe, interactions, lint/build","Production/authenticated/manual release QA","Phase implementation evidenced; external gate remains; item-level confirmation required"
"P25-L1414","25","Enhancement","1414","bullet","CAPS participation","Phase-level implementation evidence; exact statement requires direct confirmation","Automated staging QA complete","Crawl, 78 template checks, Axe, interactions, lint/build","Production/authenticated/manual release QA","Phase implementation evidenced; external gate remains; item-level confirmation required"
"P25-L1415","25","Enhancement","1415","bullet","GA Pre-K availability","Phase-level implementation evidence; exact statement requires direct confirmation","Automated staging QA complete","Crawl, 78 template checks, Axe, interactions, lint/build","Production/authenticated/manual release QA","Phase implementation evidenced; external gate remains; item-level confirmation required"
"P25-L1416","25","Enhancement","1416","bullet","Kindergarten availability","Phase-level implementation evidence; exact statement requires direct confirmation","Automated staging QA complete","Crawl, 78 template checks, Axe, interactions, lint/build","Production/authenticated/manual release QA","Phase implementation evidenced; external gate remains; item-level confirmation required"
"P25-L1417","25","Enhancement","1417","bullet","Transportation routes","Phase-level implementation evidence; exact statement requires direct confirmation","Automated staging QA complete","Crawl, 78 template checks, Axe, interactions, lint/build","Production/authenticated/manual release QA","Phase implementation evidenced; external gate remains; item-level confirmation required"
"P25-L1418","25","Enhancement","1418","bullet","Therapy services","Phase-level implementation evidence; exact statement requires direct confirmation","Automated staging QA complete","Crawl, 78 template checks, Axe, interactions, lint/build","Production/authenticated/manual release QA","Phase implementation evidenced; external gate remains; item-level confirmation required"
"P25-L1419","25","Enhancement","1419","bullet","Staff biographies","Phase-level implementation evidence; exact statement requires direct confirmation","Automated staging QA complete","Crawl, 78 template checks, Axe, interactions, lint/build","Production/authenticated/manual release QA","Phase implementation evidenced; external gate remains; item-level confirmation required"
"P25-L1420","25","Enhancement","1420","bullet","Parent reviews","Phase-level implementation evidence; exact statement requires direct confirmation","Automated staging QA complete","Crawl, 78 template checks, Axe, interactions, lint/build","Production/authenticated/manual release QA","Phase implementation evidenced; external gate remains; item-level confirmation required"
"P25-L1421","25","Enhancement","1421","bullet","Campus features","Phase-level implementation evidence; exact statement requires direct confirmation","Automated staging QA complete","Crawl, 78 template checks, Axe, interactions, lint/build","Production/authenticated/manual release QA","Phase implementation evidenced; external gate remains; item-level confirmation required"
"P25-L1422","25","Enhancement","1422","bullet","Real-time openings","Phase-level implementation evidence; exact statement requires direct confirmation","Automated staging QA complete","Crawl, 78 template checks, Axe, interactions, lint/build","Production/authenticated/manual release QA","Phase implementation evidenced; external gate remains; item-level confirmation required"
"P25-L1423","25","Enhancement","1423","bullet","Legal or privacy language","Phase-level implementation evidence; exact statement requires direct confirmation","Automated staging QA complete","Crawl, 78 template checks, Axe, interactions, lint/build","Production/authenticated/manual release QA","Phase implementation evidenced; external gate remains; item-level confirmation required"
"P25-L1425","25","Enhancement","1425","paragraph","For each uncertain item, use a visible internal placeholder such as:","Phase-level implementation evidence; exact statement requires direct confirmation","Automated staging QA complete","Crawl, 78 template checks, Axe, interactions, lint/build","Production/authenticated/manual release QA","Phase implementation evidenced; external gate remains; item-level confirmation required"
"P25-L1427","25","Enhancement","1427","paragraph","“MANAGEMENT CONFIRMATION REQUIRED — DO NOT PUBLISH”","Phase-level implementation evidence; exact statement requires direct confirmation","Automated staging QA complete","Crawl, 78 template checks, Axe, interactions, lint/build","Production/authenticated/manual release QA","Phase implementation evidenced; external gate remains; item-level confirmation required"
"P25-L1429","25","Enhancement","1429","paragraph","Do not display that placeholder publicly.","Phase-level implementation evidence; exact statement requires direct confirmation","Automated staging QA complete","Crawl, 78 template checks, Axe, interactions, lint/build","Production/authenticated/manual release QA","Phase implementation evidenced; external gate remains; item-level confirmation required"
"P25-L1433","25","Enhancement","1433","paragraph","The completed website should make a parent feel:","Phase-level implementation evidence; exact statement requires direct confirmation","Automated staging QA complete","Crawl, 78 template checks, Axe, interactions, lint/build","Production/authenticated/manual release QA","Phase implementation evidenced; external gate remains; item-level confirmation required"
"P25-L1435","25","Enhancement","1435","bullet","Chroma is established and trustworthy.","Phase-level implementation evidence; exact statement requires direct confirmation","Automated staging QA complete","Crawl, 78 template checks, Axe, interactions, lint/build","Production/authenticated/manual release QA","Phase implementation evidenced; external gate remains; item-level confirmation required"
"P25-L1436","25","Enhancement","1436","bullet","Chroma is warm and family-centered.","Phase-level implementation evidence; exact statement requires direct confirmation","Automated staging QA complete","Crawl, 78 template checks, Axe, interactions, lint/build","Production/authenticated/manual release QA","Phase implementation evidenced; external gate remains; item-level confirmation required"
"P25-L1437","25","Enhancement","1437","bullet","Chroma is educationally intentional.","Phase-level implementation evidence; exact statement requires direct confirmation","Automated staging QA complete","Crawl, 78 template checks, Axe, interactions, lint/build","Production/authenticated/manual release QA","Phase implementation evidenced; external gate remains; item-level confirmation required"
"P25-L1438","25","Enhancement","1438","bullet","Chroma has systems that support consistency.","Phase-level implementation evidence; exact statement requires direct confirmation","Automated staging QA complete","Crawl, 78 template checks, Axe, interactions, lint/build","Production/authenticated/manual release QA","Phase implementation evidenced; external gate remains; item-level confirmation required"
"P25-L1439","25","Enhancement","1439","bullet","Chroma understands the whole child.","Phase-level implementation evidence; exact statement requires direct confirmation","Automated staging QA complete","Crawl, 78 template checks, Axe, interactions, lint/build","Production/authenticated/manual release QA","Phase implementation evidenced; external gate remains; item-level confirmation required"
"P25-L1440","25","Enhancement","1440","bullet","Chroma invests in teachers.","Phase-level implementation evidence; exact statement requires direct confirmation","Automated staging QA complete","Crawl, 78 template checks, Axe, interactions, lint/build","Production/authenticated/manual release QA","Phase implementation evidenced; external gate remains; item-level confirmation required"
"P25-L1441","25","Enhancement","1441","bullet","Chroma uses technology thoughtfully.","Phase-level implementation evidence; exact statement requires direct confirmation","Automated staging QA complete","Crawl, 78 template checks, Axe, interactions, lint/build","Production/authenticated/manual release QA","Phase implementation evidenced; external gate remains; item-level confirmation required"
"P25-L1442","25","Enhancement","1442","bullet","Chroma can support their child from infancy through school readiness.","Phase-level implementation evidence; exact statement requires direct confirmation","Automated staging QA complete","Crawl, 78 template checks, Axe, interactions, lint/build","Production/authenticated/manual release QA","Phase implementation evidenced; external gate remains; item-level confirmation required"
"P25-L1443","25","Enhancement","1443","bullet","It is easy to find the right campus.","Phase-level implementation evidence; exact statement requires direct confirmation","Automated staging QA complete","Crawl, 78 template checks, Axe, interactions, lint/build","Production/authenticated/manual release QA","Phase implementation evidenced; external gate remains; item-level confirmation required"
"P25-L1444","25","Enhancement","1444","bullet","It is easy to understand the programs.","Phase-level implementation evidence; exact statement requires direct confirmation","Automated staging QA complete","Crawl, 78 template checks, Axe, interactions, lint/build","Production/authenticated/manual release QA","Phase implementation evidenced; external gate remains; item-level confirmation required"
"P25-L1445","25","Enhancement","1445","bullet","It is easy to schedule a tour.","Phase-level implementation evidence; exact statement requires direct confirmation","Automated staging QA complete","Crawl, 78 template checks, Axe, interactions, lint/build","Production/authenticated/manual release QA","Phase implementation evidenced; external gate remains; item-level confirmation required"
"P25-L1446","25","Enhancement","1446","bullet","Every statement appears accurate and credible.","Phase-level implementation evidence; exact statement requires direct confirmation","Automated staging QA complete","Crawl, 78 template checks, Axe, interactions, lint/build","Production/authenticated/manual release QA","Phase implementation evidenced; external gate remains; item-level confirmation required"
"P25-L1448","25","Enhancement","1448","paragraph","The website should not feel like:","Phase-level implementation evidence; exact statement requires direct confirmation","Automated staging QA complete","Crawl, 78 template checks, Axe, interactions, lint/build","Production/authenticated/manual release QA","Phase implementation evidenced; external gate remains; item-level confirmation required"
"P25-L1450","25","Enhancement","1450","bullet","A generic daycare template","Phase-level implementation evidence; exact statement requires direct confirmation","Automated staging QA complete","Crawl, 78 template checks, Axe, interactions, lint/build","Production/authenticated/manual release QA","Phase implementation evidenced; external gate remains; item-level confirmation required"
"P25-L1451","25","Enhancement","1451","bullet","A national franchise","Phase-level implementation evidence; exact statement requires direct confirmation","Automated staging QA complete","Crawl, 78 template checks, Axe, interactions, lint/build","Production/authenticated/manual release QA","Phase implementation evidenced; external gate remains; item-level confirmation required"
"P25-L1452","25","Enhancement","1452","bullet","A keyword-driven SEO project","Phase-level implementation evidence; exact statement requires direct confirmation","Automated staging QA complete","Crawl, 78 template checks, Axe, interactions, lint/build","Production/authenticated/manual release QA","Phase implementation evidenced; external gate remains; item-level confirmation required"
"P25-L1453","25","Enhancement","1453","bullet","An unfinished AI-generated website","Phase-level implementation evidence; exact statement requires direct confirmation","Automated staging QA complete","Crawl, 78 template checks, Axe, interactions, lint/build","Production/authenticated/manual release QA","Phase implementation evidenced; external gate remains; item-level confirmation required"
"P25-L1454","25","Enhancement","1454","bullet","A collection of copied campus pages","Phase-level implementation evidence; exact statement requires direct confirmation","Automated staging QA complete","Crawl, 78 template checks, Axe, interactions, lint/build","Production/authenticated/manual release QA","Phase implementation evidenced; external gate remains; item-level confirmation required"
"P25-L1455","25","Enhancement","1455","bullet","A site with exaggerated or unsupported claims","Phase-level implementation evidence; exact statement requires direct confirmation","Automated staging QA complete","Crawl, 78 template checks, Axe, interactions, lint/build","Production/authenticated/manual release QA","Phase implementation evidenced; external gate remains; item-level confirmation required"
"P25-L1457","25","Enhancement","1457","paragraph","Begin by creating the complete audit, page inventory, issue list, and fact-verification list. Then implement the critical fixes in staging, followed by conversion, SEO, design, accessibility, and performance improvements. Do not publish until the full QA checklist is completed.","Phase-level implementation evidence; exact statement requires direct confirmation","Automated staging QA complete","Crawl, 78 template checks, Axe, interactions, lint/build","Production/authenticated/manual release QA","Phase implementation evidenced; external gate remains; item-level confirmation required"
