"url","status","finalUrl","redirectHops","rateLimited","providerValidated","broken","error","scope"
"https://x3yyntt5tp-staging.wpdns.site/es/","200","https://x3yyntt5tp-staging.wpdns.site/es/","0","false","false","false","","internal"
"https://x3yyntt5tp-staging.wpdns.site/es/about/","200","https://x3yyntt5tp-staging.wpdns.site/es/about/","0","false","false","false","","internal"
"https://x3yyntt5tp-staging.wpdns.site/es/curriculum/","200","https://x3yyntt5tp-staging.wpdns.site/es/curriculum/","0","false","false","false","","internal"
"https://x3yyntt5tp-staging.wpdns.site/es/parents/","200","https://x3yyntt5tp-staging.wpdns.site/es/parents/","0","false","false","false","","internal"
"https://x3yyntt5tp-staging.wpdns.site/es/programs/","200","https://x3yyntt5tp-staging.wpdns.site/es/programs/","0","false","false","false","","internal"
"https://x3yyntt5tp-staging.wpdns.site/es/careers/","200","https://x3yyntt5tp-staging.wpdns.site/es/careers/","0","false","false","false","","internal"
"https://x3yyntt5tp-staging.wpdns.site/es/contact-us/","200","https://x3yyntt5tp-staging.wpdns.site/es/contact-us/","0","false","false","false","","internal"
"https://x3yyntt5tp-staging.wpdns.site/es/locations/","200","https://x3yyntt5tp-staging.wpdns.site/es/locations/","0","false","false","false","","internal"
"https://x3yyntt5tp-staging.wpdns.site/schedule-a-tour/","200","https://x3yyntt5tp-staging.wpdns.site/schedule-a-tour/","0","false","false","false","","internal"
"https://x3yyntt5tp-staging.wpdns.site/programs/","200","https://x3yyntt5tp-staging.wpdns.site/programs/","0","false","false","false","","internal"
"https://x3yyntt5tp-staging.wpdns.site/es/schedule-a-tour/?campus=6779","200","https://x3yyntt5tp-staging.wpdns.site/es/schedule-a-tour/?campus=6779","0","false","false","false","","internal"
"https://x3yyntt5tp-staging.wpdns.site/es/locations/chroma-early-learning-academy-chadwick/","200","https://x3yyntt5tp-staging.wpdns.site/es/locations/chroma-early-learning-academy-chadwick/","0","false","false","false","","internal"
"https://x3yyntt5tp-staging.wpdns.site/es/schedule-a-tour/?campus=4406","200","https://x3yyntt5tp-staging.wpdns.site/es/schedule-a-tour/?campus=4406","0","false","false","false","","internal"
"https://x3yyntt5tp-staging.wpdns.site/es/locations/cherokee-campus/","200","https://x3yyntt5tp-staging.wpdns.site/es/locations/cherokee-campus/","0","false","false","false","","internal"
"https://x3yyntt5tp-staging.wpdns.site/es/schedule-a-tour/?campus=4289","200","https://x3yyntt5tp-staging.wpdns.site/es/schedule-a-tour/?campus=4289","0","false","false","false","","internal"
"https://x3yyntt5tp-staging.wpdns.site/es/locations/pleasanthill-campus-duluth/","200","https://x3yyntt5tp-staging.wpdns.site/es/locations/pleasanthill-campus-duluth/","0","false","false","false","","internal"
"https://x3yyntt5tp-staging.wpdns.site/es/schedule-a-tour/?campus=4410","200","https://x3yyntt5tp-staging.wpdns.site/es/schedule-a-tour/?campus=4410","0","false","false","false","","internal"
"https://x3yyntt5tp-staging.wpdns.site/es/locations/ellenwood-campus/","200","https://x3yyntt5tp-staging.wpdns.site/es/locations/ellenwood-campus/","0","false","false","false","","internal"
"https://x3yyntt5tp-staging.wpdns.site/es/schedule-a-tour/?campus=6781","200","https://x3yyntt5tp-staging.wpdns.site/es/schedule-a-tour/?campus=6781","0","false","false","false","","internal"
"https://x3yyntt5tp-staging.wpdns.site/es/locations/chroma-early-learning-academy-grayson/","200","https://x3yyntt5tp-staging.wpdns.site/es/locations/chroma-early-learning-academy-grayson/","0","false","false","false","","internal"
"https://x3yyntt5tp-staging.wpdns.site/es/schedule-a-tour/?campus=4237","200","https://x3yyntt5tp-staging.wpdns.site/es/schedule-a-tour/?campus=4237","0","false","false","false","","internal"
"https://x3yyntt5tp-staging.wpdns.site/es/locations/johns-creek/","200","https://x3yyntt5tp-staging.wpdns.site/es/locations/johns-creek/","0","false","false","false","","internal"
"https://x3yyntt5tp-staging.wpdns.site/es/schedule-a-tour/?campus=4414","200","https://x3yyntt5tp-staging.wpdns.site/es/schedule-a-tour/?campus=4414","0","false","false","false","","internal"
"https://x3yyntt5tp-staging.wpdns.site/es/locations/jonesboro-campus/","200","https://x3yyntt5tp-staging.wpdns.site/es/locations/jonesboro-campus/","0","false","false","false","","internal"
"https://x3yyntt5tp-staging.wpdns.site/es/schedule-a-tour/?campus=4288","200","https://x3yyntt5tp-staging.wpdns.site/es/schedule-a-tour/?campus=4288","0","false","false","false","","internal"
"https://x3yyntt5tp-staging.wpdns.site/es/locations/lawrenceville-campus/","200","https://x3yyntt5tp-staging.wpdns.site/es/locations/lawrenceville-campus/","0","false","false","false","","internal"
"https://x3yyntt5tp-staging.wpdns.site/es/schedule-a-tour/?campus=4407","200","https://x3yyntt5tp-staging.wpdns.site/es/schedule-a-tour/?campus=4407","0","false","false","false","","internal"
"https://x3yyntt5tp-staging.wpdns.site/es/locations/lilburn-campus/","200","https://x3yyntt5tp-staging.wpdns.site/es/locations/lilburn-campus/","0","false","false","false","","internal"
"https://x3yyntt5tp-staging.wpdns.site/es/schedule-a-tour/?campus=4408","200","https://x3yyntt5tp-staging.wpdns.site/es/schedule-a-tour/?campus=4408","0","false","false","false","","internal"
"https://x3yyntt5tp-staging.wpdns.site/es/locations/east-cobb-campus/","200","https://x3yyntt5tp-staging.wpdns.site/es/locations/east-cobb-campus/","0","false","false","false","","internal"
"https://x3yyntt5tp-staging.wpdns.site/es/schedule-a-tour/?campus=4336","200","https://x3yyntt5tp-staging.wpdns.site/es/schedule-a-tour/?campus=4336","0","false","false","false","","internal"
"https://x3yyntt5tp-staging.wpdns.site/es/locations/mcdonough/","200","https://x3yyntt5tp-staging.wpdns.site/es/locations/mcdonough/","0","false","false","false","","internal"
"https://x3yyntt5tp-staging.wpdns.site/es/schedule-a-tour/?campus=4417","200","https://x3yyntt5tp-staging.wpdns.site/es/schedule-a-tour/?campus=4417","0","false","false","false","","internal"
"https://x3yyntt5tp-staging.wpdns.site/es/locations/midway-campus/","200","https://x3yyntt5tp-staging.wpdns.site/es/locations/midway-campus/","0","false","false","false","","internal"
"https://x3yyntt5tp-staging.wpdns.site/es/schedule-a-tour/?campus=4419","200","https://x3yyntt5tp-staging.wpdns.site/es/schedule-a-tour/?campus=4419","0","false","false","false","","internal"
"https://x3yyntt5tp-staging.wpdns.site/es/locations/north-hall-campus-murraysville/","200","https://x3yyntt5tp-staging.wpdns.site/es/locations/north-hall-campus-murraysville/","0","false","false","false","","internal"
"https://x3yyntt5tp-staging.wpdns.site/es/schedule-a-tour/?campus=8641","200","https://x3yyntt5tp-staging.wpdns.site/es/schedule-a-tour/?campus=8641","0","false","false","false","","internal"
"https://x3yyntt5tp-staging.wpdns.site/es/locations/parklake-campus/","200","https://x3yyntt5tp-staging.wpdns.site/es/locations/parklake-campus/","0","false","false","false","","internal"
"https://x3yyntt5tp-staging.wpdns.site/es/schedule-a-tour/?campus=4415","200","https://x3yyntt5tp-staging.wpdns.site/es/schedule-a-tour/?campus=4415","0","false","false","false","","internal"
"https://x3yyntt5tp-staging.wpdns.site/es/locations/rivergreen-campus/","200","https://x3yyntt5tp-staging.wpdns.site/es/locations/rivergreen-campus/","0","false","false","false","","internal"
"https://x3yyntt5tp-staging.wpdns.site/es/schedule-a-tour/?campus=4409","200","https://x3yyntt5tp-staging.wpdns.site/es/schedule-a-tour/?campus=4409","0","false","false","false","","internal"
"https://x3yyntt5tp-staging.wpdns.site/es/locations/roswell-campus/","200","https://x3yyntt5tp-staging.wpdns.site/es/locations/roswell-campus/","0","false","false","false","","internal"
"https://x3yyntt5tp-staging.wpdns.site/es/schedule-a-tour/?campus=4413","200","https://x3yyntt5tp-staging.wpdns.site/es/schedule-a-tour/?campus=4413","0","false","false","false","","internal"
"https://x3yyntt5tp-staging.wpdns.site/es/locations/satellite-bvd-campus/","200","https://x3yyntt5tp-staging.wpdns.site/es/locations/satellite-bvd-campus/","0","false","false","false","","internal"
"https://x3yyntt5tp-staging.wpdns.site/es/schedule-a-tour/?campus=4420","200","https://x3yyntt5tp-staging.wpdns.site/es/schedule-a-tour/?campus=4420","0","false","false","false","","internal"
"https://x3yyntt5tp-staging.wpdns.site/es/locations/newnan/","200","https://x3yyntt5tp-staging.wpdns.site/es/locations/newnan/","0","false","false","false","","internal"
"https://x3yyntt5tp-staging.wpdns.site/es/schedule-a-tour/?campus=4416","200","https://x3yyntt5tp-staging.wpdns.site/es/schedule-a-tour/?campus=4416","0","false","false","false","","internal"
"https://x3yyntt5tp-staging.wpdns.site/es/locations/south-cobb-campus-austell/","200","https://x3yyntt5tp-staging.wpdns.site/es/locations/south-cobb-campus-austell/","0","false","false","false","","internal"
"https://x3yyntt5tp-staging.wpdns.site/es/schedule-a-tour/?campus=6782","200","https://x3yyntt5tp-staging.wpdns.site/es/schedule-a-tour/?campus=6782","0","false","false","false","","internal"
"https://x3yyntt5tp-staging.wpdns.site/es/locations/chroma-early-learning-academy-stockbridge/","200","https://x3yyntt5tp-staging.wpdns.site/es/locations/chroma-early-learning-academy-stockbridge/","0","false","false","false","","internal"
"https://x3yyntt5tp-staging.wpdns.site/es/schedule-a-tour/?campus=6780","200","https://x3yyntt5tp-staging.wpdns.site/es/schedule-a-tour/?campus=6780","0","false","false","false","","internal"
"https://x3yyntt5tp-staging.wpdns.site/es/locations/chroma-early-learning-academy-sugarloaf-pkwy/","200","https://x3yyntt5tp-staging.wpdns.site/es/locations/chroma-early-learning-academy-sugarloaf-pkwy/","0","false","false","false","","internal"
"https://x3yyntt5tp-staging.wpdns.site/es/schedule-a-tour/?campus=4290","200","https://x3yyntt5tp-staging.wpdns.site/es/schedule-a-tour/?campus=4290","0","false","false","false","","internal"
"https://x3yyntt5tp-staging.wpdns.site/es/locations/tramore-campus-austell/","200","https://x3yyntt5tp-staging.wpdns.site/es/locations/tramore-campus-austell/","0","false","false","false","","internal"
"https://x3yyntt5tp-staging.wpdns.site/es/schedule-a-tour/?campus=4287","200","https://x3yyntt5tp-staging.wpdns.site/es/schedule-a-tour/?campus=4287","0","false","false","false","","internal"
"https://x3yyntt5tp-staging.wpdns.site/es/locations/tyrone-campus/","200","https://x3yyntt5tp-staging.wpdns.site/es/locations/tyrone-campus/","0","false","false","false","","internal"
"https://x3yyntt5tp-staging.wpdns.site/es/schedule-a-tour/?campus=4411","200","https://x3yyntt5tp-staging.wpdns.site/es/schedule-a-tour/?campus=4411","0","false","false","false","","internal"
"https://x3yyntt5tp-staging.wpdns.site/es/locations/west-cobb-campus/","200","https://x3yyntt5tp-staging.wpdns.site/es/locations/west-cobb-campus/","0","false","false","false","","internal"
"https://x3yyntt5tp-staging.wpdns.site/es/stories/","200","https://x3yyntt5tp-staging.wpdns.site/es/stories/","0","false","false","false","","internal"
"https://x3yyntt5tp-staging.wpdns.site/es/employers/","200","https://x3yyntt5tp-staging.wpdns.site/es/employers/","0","false","false","false","","internal"
"https://x3yyntt5tp-staging.wpdns.site/es/communities/","200","https://x3yyntt5tp-staging.wpdns.site/es/communities/","0","false","false","false","","internal"
"https://x3yyntt5tp-staging.wpdns.site/es/schedule-a-tour/","200","https://x3yyntt5tp-staging.wpdns.site/es/schedule-a-tour/","0","false","false","false","","internal"
"https://x3yyntt5tp-staging.wpdns.site/2026/05/22/georgia-pre-k-parent-guide/","200","https://x3yyntt5tp-staging.wpdns.site/2026/05/22/georgia-pre-k-parent-guide/","0","false","false","false","","internal"
"https://x3yyntt5tp-staging.wpdns.site/es/2026/01/13/explore-the-link-between-care-quality-and-education-pricing/","200","https://x3yyntt5tp-staging.wpdns.site/es/2026/01/13/explore-the-link-between-care-quality-and-education-pricing/","0","false","false","false","","internal"
"https://x3yyntt5tp-staging.wpdns.site/es/newsroom/","200","https://x3yyntt5tp-staging.wpdns.site/es/newsroom/","0","false","false","false","","internal"
"https://x3yyntt5tp-staging.wpdns.site/","200","https://x3yyntt5tp-staging.wpdns.site/","0","false","false","false","","internal"
"https://x3yyntt5tp-staging.wpdns.site/es/privacy-policy/","200","https://x3yyntt5tp-staging.wpdns.site/es/privacy-policy/","0","false","false","false","","internal"
"https://x3yyntt5tp-staging.wpdns.site/es/terms-of-service/","200","https://x3yyntt5tp-staging.wpdns.site/es/terms-of-service/","0","false","false","false","","internal"
"https://x3yyntt5tp-staging.wpdns.site/stories/","200","https://x3yyntt5tp-staging.wpdns.site/stories/","0","false","false","false","","internal"
"https://x3yyntt5tp-staging.wpdns.site/locations/","200","https://x3yyntt5tp-staging.wpdns.site/locations/","0","false","false","false","","internal"
"https://x3yyntt5tp-staging.wpdns.site/programs/kindergarten/","200","https://x3yyntt5tp-staging.wpdns.site/programs/kindergarten/","0","false","false","false","","internal"
"https://x3yyntt5tp-staging.wpdns.site/programs/preschool/","200","https://x3yyntt5tp-staging.wpdns.site/programs/preschool/","0","false","false","false","","internal"
"https://x3yyntt5tp-staging.wpdns.site/guides/how-to-choose-daycare-georgia/","200","https://x3yyntt5tp-staging.wpdns.site/2025/12/29/top-questions-to-ask-childcare-providers/","1","false","false","false","","internal"
"https://x3yyntt5tp-staging.wpdns.site/guides/daycare-costs-georgia-2026/","200","https://x3yyntt5tp-staging.wpdns.site/2025/12/26/chroma-early-learning-academy-tuition-fees-guide/","1","false","false","false","","internal"
"https://x3yyntt5tp-staging.wpdns.site/guides/ga-pre-k-vs-private-pre-k/","200","https://x3yyntt5tp-staging.wpdns.site/2025/12/26/georgia-pre-k-eligibility-requirements-application-guide/","1","false","false","false","","internal"
"https://x3yyntt5tp-staging.wpdns.site/schedule-tour/","200","https://x3yyntt5tp-staging.wpdns.site/schedule-a-tour/","1","false","false","false","","internal"
"https://x3yyntt5tp-staging.wpdns.site/programs/ga-pre-k/","200","https://x3yyntt5tp-staging.wpdns.site/programs/ga-pre-k/","0","false","false","false","","internal"
"https://x3yyntt5tp-staging.wpdns.site/2025/12/30/childcare-preschool-in-austell-ga-south-cobb-campus-by-chroma/","200","https://x3yyntt5tp-staging.wpdns.site/2025/12/30/childcare-preschool-in-austell-ga-south-cobb-campus-by-chroma/","0","false","false","false","","internal"
"https://x3yyntt5tp-staging.wpdns.site/2025/12/03/chroma-academy-teaching-staff-who-educates-your-child-and-how-their-qualifications-ensure-quality-early-childhood-education/","200","https://x3yyntt5tp-staging.wpdns.site/2025/12/03/chroma-academy-teaching-staff-who-educates-your-child-and-how-their-qualifications-ensure-quality-early-childhood-education/","0","false","false","false","","internal"
"https://x3yyntt5tp-staging.wpdns.site/2025/12/26/setting-healthy-boundaries-with-your-children/","200","https://x3yyntt5tp-staging.wpdns.site/2025/12/26/setting-healthy-boundaries-with-your-children/","0","false","false","false","","internal"
"https://x3yyntt5tp-staging.wpdns.site/curriculum/","200","https://x3yyntt5tp-staging.wpdns.site/curriculum/","0","false","false","false","","internal"
"https://x3yyntt5tp-staging.wpdns.site/contact-us/","200","https://x3yyntt5tp-staging.wpdns.site/contact-us/","0","false","false","false","","internal"
"https://x3yyntt5tp-staging.wpdns.site/about/","200","https://x3yyntt5tp-staging.wpdns.site/about/","0","false","false","false","","internal"
"https://x3yyntt5tp-staging.wpdns.site/parents/","200","https://x3yyntt5tp-staging.wpdns.site/parents/","0","false","false","false","","internal"
"https://x3yyntt5tp-staging.wpdns.site/chroma-early-start/","200","https://x3yyntt5tp-staging.wpdns.site/chroma-early-start/","0","false","false","false","","internal"
"https://x3yyntt5tp-staging.wpdns.site/summer-camp-discover-go/","200","https://x3yyntt5tp-staging.wpdns.site/summer-camp-discover-go/","0","false","false","false","","internal"
"https://x3yyntt5tp-staging.wpdns.site/programs/rising-kindergarten/","200","https://x3yyntt5tp-staging.wpdns.site/programs/rising-kindergarten/","0","false","false","false","","internal"
"https://x3yyntt5tp-staging.wpdns.site/programs/rising-pre-k/","200","https://x3yyntt5tp-staging.wpdns.site/programs/rising-pre-k/","0","false","false","false","","internal"
"https://x3yyntt5tp-staging.wpdns.site/programs/parents-day-out/","200","https://x3yyntt5tp-staging.wpdns.site/programs/parents-day-out/","0","false","false","false","","internal"
"https://x3yyntt5tp-staging.wpdns.site/programs/camp-summer-winter-fall/","200","https://x3yyntt5tp-staging.wpdns.site/programs/camp-summer-winter-fall/","0","false","false","false","","internal"
"https://x3yyntt5tp-staging.wpdns.site/programs/after-school/","200","https://x3yyntt5tp-staging.wpdns.site/programs/after-school/","0","false","false","false","","internal"
"https://x3yyntt5tp-staging.wpdns.site/employers/","200","https://x3yyntt5tp-staging.wpdns.site/employers/","0","false","false","false","","internal"
"https://x3yyntt5tp-staging.wpdns.site/communities/","200","https://x3yyntt5tp-staging.wpdns.site/communities/","0","false","false","false","","internal"
"https://x3yyntt5tp-staging.wpdns.site/2026/01/13/explore-the-link-between-care-quality-and-education-pricing/","200","https://x3yyntt5tp-staging.wpdns.site/2026/01/13/explore-the-link-between-care-quality-and-education-pricing/","0","false","false","false","","internal"
"https://x3yyntt5tp-staging.wpdns.site/newsroom/","200","https://x3yyntt5tp-staging.wpdns.site/newsroom/","0","false","false","false","","internal"
"https://x3yyntt5tp-staging.wpdns.site/privacy-policy/","200","https://x3yyntt5tp-staging.wpdns.site/privacy-policy/","0","false","false","false","","internal"
"https://x3yyntt5tp-staging.wpdns.site/terms-of-service/","200","https://x3yyntt5tp-staging.wpdns.site/terms-of-service/","0","false","false","false","","internal"
"https://x3yyntt5tp-staging.wpdns.site/es/programs/rising-kindergarten/","200","https://x3yyntt5tp-staging.wpdns.site/es/programs/rising-kindergarten/","0","false","false","false","","internal"
"https://x3yyntt5tp-staging.wpdns.site/es/programs/rising-pre-k/","200","https://x3yyntt5tp-staging.wpdns.site/es/programs/rising-pre-k/","0","false","false","false","","internal"
"https://x3yyntt5tp-staging.wpdns.site/es/programs/kindergarten/","200","https://x3yyntt5tp-staging.wpdns.site/es/programs/kindergarten/","0","false","false","false","","internal"
"https://x3yyntt5tp-staging.wpdns.site/es/programs/parents-day-out/","200","https://x3yyntt5tp-staging.wpdns.site/es/programs/parents-day-out/","0","false","false","false","","internal"
"https://x3yyntt5tp-staging.wpdns.site/es/programs/camp-summer-winter-fall/","200","https://x3yyntt5tp-staging.wpdns.site/es/programs/camp-summer-winter-fall/","0","false","false","false","","internal"
"https://x3yyntt5tp-staging.wpdns.site/es/programs/after-school/","200","https://x3yyntt5tp-staging.wpdns.site/es/programs/after-school/","0","false","false","false","","internal"
"https://x3yyntt5tp-staging.wpdns.site/locations/parklake-campus/","200","https://x3yyntt5tp-staging.wpdns.site/locations/parklake-campus/","0","false","false","false","","internal"
"https://x3yyntt5tp-staging.wpdns.site/schedule-a-tour/?campus=6779","200","https://x3yyntt5tp-staging.wpdns.site/schedule-a-tour/?campus=6779","0","false","false","false","","internal"
"https://x3yyntt5tp-staging.wpdns.site/locations/chroma-early-learning-academy-chadwick/","200","https://x3yyntt5tp-staging.wpdns.site/locations/chroma-early-learning-academy-chadwick/","0","false","false","false","","internal"
"https://x3yyntt5tp-staging.wpdns.site/schedule-a-tour/?campus=4406","200","https://x3yyntt5tp-staging.wpdns.site/schedule-a-tour/?campus=4406","0","false","false","false","","internal"
"https://x3yyntt5tp-staging.wpdns.site/locations/cherokee-campus/","200","https://x3yyntt5tp-staging.wpdns.site/locations/cherokee-campus/","0","false","false","false","","internal"
"https://x3yyntt5tp-staging.wpdns.site/schedule-a-tour/?campus=4289","200","https://x3yyntt5tp-staging.wpdns.site/schedule-a-tour/?campus=4289","0","false","false","false","","internal"
"https://x3yyntt5tp-staging.wpdns.site/locations/pleasanthill-campus-duluth/","200","https://x3yyntt5tp-staging.wpdns.site/locations/pleasanthill-campus-duluth/","0","false","false","false","","internal"
"https://x3yyntt5tp-staging.wpdns.site/schedule-a-tour/?campus=4410","200","https://x3yyntt5tp-staging.wpdns.site/schedule-a-tour/?campus=4410","0","false","false","false","","internal"
"https://x3yyntt5tp-staging.wpdns.site/locations/ellenwood-campus/","200","https://x3yyntt5tp-staging.wpdns.site/locations/ellenwood-campus/","0","false","false","false","","internal"
"https://x3yyntt5tp-staging.wpdns.site/schedule-a-tour/?campus=6781","200","https://x3yyntt5tp-staging.wpdns.site/schedule-a-tour/?campus=6781","0","false","false","false","","internal"
"https://x3yyntt5tp-staging.wpdns.site/locations/chroma-early-learning-academy-grayson/","200","https://x3yyntt5tp-staging.wpdns.site/locations/chroma-early-learning-academy-grayson/","0","false","false","false","","internal"
"https://x3yyntt5tp-staging.wpdns.site/schedule-a-tour/?campus=4237","200","https://x3yyntt5tp-staging.wpdns.site/schedule-a-tour/?campus=4237","0","false","false","false","","internal"
"https://x3yyntt5tp-staging.wpdns.site/locations/johns-creek/","200","https://x3yyntt5tp-staging.wpdns.site/locations/johns-creek/","0","false","false","false","","internal"
"https://x3yyntt5tp-staging.wpdns.site/schedule-a-tour/?campus=4414","200","https://x3yyntt5tp-staging.wpdns.site/schedule-a-tour/?campus=4414","0","false","false","false","","internal"
"https://x3yyntt5tp-staging.wpdns.site/locations/jonesboro-campus/","200","https://x3yyntt5tp-staging.wpdns.site/locations/jonesboro-campus/","0","false","false","false","","internal"
"https://x3yyntt5tp-staging.wpdns.site/schedule-a-tour/?campus=4288","200","https://x3yyntt5tp-staging.wpdns.site/schedule-a-tour/?campus=4288","0","false","false","false","","internal"
"https://x3yyntt5tp-staging.wpdns.site/locations/lawrenceville-campus/","200","https://x3yyntt5tp-staging.wpdns.site/locations/lawrenceville-campus/","0","false","false","false","","internal"
"https://x3yyntt5tp-staging.wpdns.site/schedule-a-tour/?campus=4407","200","https://x3yyntt5tp-staging.wpdns.site/schedule-a-tour/?campus=4407","0","false","false","false","","internal"
"https://x3yyntt5tp-staging.wpdns.site/locations/lilburn-campus/","200","https://x3yyntt5tp-staging.wpdns.site/locations/lilburn-campus/","0","false","false","false","","internal"
"https://x3yyntt5tp-staging.wpdns.site/schedule-a-tour/?campus=4408","200","https://x3yyntt5tp-staging.wpdns.site/schedule-a-tour/?campus=4408","0","false","false","false","","internal"
"https://x3yyntt5tp-staging.wpdns.site/locations/east-cobb-campus/","200","https://x3yyntt5tp-staging.wpdns.site/locations/east-cobb-campus/","0","false","false","false","","internal"
"https://x3yyntt5tp-staging.wpdns.site/schedule-a-tour/?campus=4336","200","https://x3yyntt5tp-staging.wpdns.site/schedule-a-tour/?campus=4336","0","false","false","false","","internal"
"https://x3yyntt5tp-staging.wpdns.site/locations/mcdonough/","200","https://x3yyntt5tp-staging.wpdns.site/locations/mcdonough/","0","false","false","false","","internal"
"https://x3yyntt5tp-staging.wpdns.site/schedule-a-tour/?campus=4417","200","https://x3yyntt5tp-staging.wpdns.site/schedule-a-tour/?campus=4417","0","false","false","false","","internal"
"https://x3yyntt5tp-staging.wpdns.site/locations/midway-campus/","200","https://x3yyntt5tp-staging.wpdns.site/locations/midway-campus/","0","false","false","false","","internal"
"https://x3yyntt5tp-staging.wpdns.site/schedule-a-tour/?campus=4419","200","https://x3yyntt5tp-staging.wpdns.site/schedule-a-tour/?campus=4419","0","false","false","false","","internal"
"https://x3yyntt5tp-staging.wpdns.site/locations/north-hall-campus-murraysville/","200","https://x3yyntt5tp-staging.wpdns.site/locations/north-hall-campus-murraysville/","0","false","false","false","","internal"
"https://x3yyntt5tp-staging.wpdns.site/schedule-a-tour/?campus=8641","200","https://x3yyntt5tp-staging.wpdns.site/schedule-a-tour/?campus=8641","0","false","false","false","","internal"
"https://x3yyntt5tp-staging.wpdns.site/schedule-a-tour/?campus=4415","200","https://x3yyntt5tp-staging.wpdns.site/schedule-a-tour/?campus=4415","0","false","false","false","","internal"
"https://x3yyntt5tp-staging.wpdns.site/locations/rivergreen-campus/","200","https://x3yyntt5tp-staging.wpdns.site/locations/rivergreen-campus/","0","false","false","false","","internal"
"https://x3yyntt5tp-staging.wpdns.site/schedule-a-tour/?campus=4409","200","https://x3yyntt5tp-staging.wpdns.site/schedule-a-tour/?campus=4409","0","false","false","false","","internal"
"https://x3yyntt5tp-staging.wpdns.site/locations/roswell-campus/","200","https://x3yyntt5tp-staging.wpdns.site/locations/roswell-campus/","0","false","false","false","","internal"
"https://x3yyntt5tp-staging.wpdns.site/schedule-a-tour/?campus=4413","200","https://x3yyntt5tp-staging.wpdns.site/schedule-a-tour/?campus=4413","0","false","false","false","","internal"
"https://x3yyntt5tp-staging.wpdns.site/locations/satellite-bvd-campus/","200","https://x3yyntt5tp-staging.wpdns.site/locations/satellite-bvd-campus/","0","false","false","false","","internal"
"https://x3yyntt5tp-staging.wpdns.site/schedule-a-tour/?campus=4420","200","https://x3yyntt5tp-staging.wpdns.site/schedule-a-tour/?campus=4420","0","false","false","false","","internal"
"https://x3yyntt5tp-staging.wpdns.site/locations/newnan/","200","https://x3yyntt5tp-staging.wpdns.site/locations/newnan/","0","false","false","false","","internal"
"https://x3yyntt5tp-staging.wpdns.site/schedule-a-tour/?campus=4416","200","https://x3yyntt5tp-staging.wpdns.site/schedule-a-tour/?campus=4416","0","false","false","false","","internal"
"https://x3yyntt5tp-staging.wpdns.site/locations/south-cobb-campus-austell/","200","https://x3yyntt5tp-staging.wpdns.site/locations/south-cobb-campus-austell/","0","false","false","false","","internal"
"https://x3yyntt5tp-staging.wpdns.site/schedule-a-tour/?campus=6782","200","https://x3yyntt5tp-staging.wpdns.site/schedule-a-tour/?campus=6782","0","false","false","false","","internal"
"https://x3yyntt5tp-staging.wpdns.site/locations/chroma-early-learning-academy-stockbridge/","200","https://x3yyntt5tp-staging.wpdns.site/locations/chroma-early-learning-academy-stockbridge/","0","false","false","false","","internal"
"https://x3yyntt5tp-staging.wpdns.site/schedule-a-tour/?campus=6780","200","https://x3yyntt5tp-staging.wpdns.site/schedule-a-tour/?campus=6780","0","false","false","false","","internal"
"https://x3yyntt5tp-staging.wpdns.site/locations/chroma-early-learning-academy-sugarloaf-pkwy/","200","https://x3yyntt5tp-staging.wpdns.site/locations/chroma-early-learning-academy-sugarloaf-pkwy/","0","false","false","false","","internal"
"https://x3yyntt5tp-staging.wpdns.site/schedule-a-tour/?campus=4290","200","https://x3yyntt5tp-staging.wpdns.site/schedule-a-tour/?campus=4290","0","false","false","false","","internal"
"https://x3yyntt5tp-staging.wpdns.site/locations/tramore-campus-austell/","200","https://x3yyntt5tp-staging.wpdns.site/locations/tramore-campus-austell/","0","false","false","false","","internal"
"https://x3yyntt5tp-staging.wpdns.site/schedule-a-tour/?campus=4287","200","https://x3yyntt5tp-staging.wpdns.site/schedule-a-tour/?campus=4287","0","false","false","false","","internal"
"https://x3yyntt5tp-staging.wpdns.site/locations/tyrone-campus/","200","https://x3yyntt5tp-staging.wpdns.site/locations/tyrone-campus/","0","false","false","false","","internal"
"https://x3yyntt5tp-staging.wpdns.site/schedule-a-tour/?campus=4411","200","https://x3yyntt5tp-staging.wpdns.site/schedule-a-tour/?campus=4411","0","false","false","false","","internal"
"https://x3yyntt5tp-staging.wpdns.site/locations/west-cobb-campus/","200","https://x3yyntt5tp-staging.wpdns.site/locations/west-cobb-campus/","0","false","false","false","","internal"
"https://x3yyntt5tp-staging.wpdns.site/wp-content/uploads/2026/04/Lawrenceville_Summer-ee62ed6c-9a82-4201-89fe-29859583089a.pdf","200","https://x3yyntt5tp-staging.wpdns.site/wp-content/uploads/2026/04/Lawrenceville_Summer-ee62ed6c-9a82-4201-89fe-29859583089a.pdf","0","false","false","false","","internal"
"https://x3yyntt5tp-staging.wpdns.site/wp-content/uploads/2026/04/Lilburn_Summer_Camp-a5b24478-504f-4b5d-b67a-d6e089592fc2.pdf","200","https://x3yyntt5tp-staging.wpdns.site/wp-content/uploads/2026/04/Lilburn_Summer_Camp-a5b24478-504f-4b5d-b67a-d6e089592fc2.pdf","0","false","false","false","","internal"
"https://x3yyntt5tp-staging.wpdns.site/wp-content/uploads/2025/11/Satellite.pdf","200","https://x3yyntt5tp-staging.wpdns.site/wp-content/uploads/2025/11/Satellite.pdf","0","false","false","false","","internal"
"https://x3yyntt5tp-staging.wpdns.site/wp-content/uploads/2025/11/South-Cobb.pdf","200","https://x3yyntt5tp-staging.wpdns.site/wp-content/uploads/2025/11/South-Cobb.pdf","0","false","false","false","","internal"
"https://x3yyntt5tp-staging.wpdns.site/wp-content/uploads/2025/11/Tramore.pdf","200","https://x3yyntt5tp-staging.wpdns.site/wp-content/uploads/2025/11/Tramore.pdf","0","false","false","false","","internal"
"https://x3yyntt5tp-staging.wpdns.site/wp-content/uploads/2025/11/West-Cobb.pdf","200","https://x3yyntt5tp-staging.wpdns.site/wp-content/uploads/2025/11/West-Cobb.pdf","0","false","false","false","","internal"
"https://x3yyntt5tp-staging.wpdns.site/wp-content/uploads/2025/11/Cherokee.pdf","200","https://x3yyntt5tp-staging.wpdns.site/wp-content/uploads/2025/11/Cherokee.pdf","0","false","false","false","","internal"
"https://x3yyntt5tp-staging.wpdns.site/wp-content/uploads/2025/11/Johns-Creek.pdf","200","https://x3yyntt5tp-staging.wpdns.site/wp-content/uploads/2025/11/Johns-Creek.pdf","0","false","false","false","","internal"
"https://x3yyntt5tp-staging.wpdns.site/wp-content/uploads/2025/11/Midway.pdf","200","https://x3yyntt5tp-staging.wpdns.site/wp-content/uploads/2025/11/Midway.pdf","0","false","false","false","","internal"
"https://x3yyntt5tp-staging.wpdns.site/wp-content/uploads/2026/04/North_Hall_Summer-e40e6d93-644d-461e-9752-4332df22f90f.pdf","200","https://x3yyntt5tp-staging.wpdns.site/wp-content/uploads/2026/04/North_Hall_Summer-e40e6d93-644d-461e-9752-4332df22f90f.pdf","0","false","false","false","","internal"
"https://x3yyntt5tp-staging.wpdns.site/wp-content/uploads/2025/11/Rivergreen.pdf","200","https://x3yyntt5tp-staging.wpdns.site/wp-content/uploads/2025/11/Rivergreen.pdf","0","false","false","false","","internal"
"https://x3yyntt5tp-staging.wpdns.site/wp-content/uploads/2025/11/Jonesboro.pdf","200","https://x3yyntt5tp-staging.wpdns.site/wp-content/uploads/2025/11/Jonesboro.pdf","0","false","false","false","","internal"
"https://x3yyntt5tp-staging.wpdns.site/wp-content/uploads/2025/11/Tyrone.pdf","200","https://x3yyntt5tp-staging.wpdns.site/wp-content/uploads/2025/11/Tyrone.pdf","0","false","false","false","","internal"
"https://x3yyntt5tp-staging.wpdns.site/es/summer-camp-discover-go/","200","https://x3yyntt5tp-staging.wpdns.site/es/summer-camp-discover-go/","0","false","false","false","","internal"
"https://x3yyntt5tp-staging.wpdns.site/es/chroma-early-start/","200","https://x3yyntt5tp-staging.wpdns.site/es/chroma-early-start/","0","false","false","false","","internal"
"https://x3yyntt5tp-staging.wpdns.site/programs/infant-care/","200","https://x3yyntt5tp-staging.wpdns.site/programs/infant-care/","0","false","false","false","","internal"
"https://x3yyntt5tp-staging.wpdns.site/2025/12/26/loving-infant-care-programs-nurturing-your-babys-growth/","200","https://x3yyntt5tp-staging.wpdns.site/2025/12/26/loving-infant-care-programs-nurturing-your-babys-growth/","0","false","false","false","","internal"
"https://x3yyntt5tp-staging.wpdns.site/2025/12/26/georgia-pre-k-lottery-program-in-roswell-ga/","200","https://x3yyntt5tp-staging.wpdns.site/2025/12/26/georgia-pre-k-lottery-program-in-roswell-ga/","0","false","false","false","","internal"
"https://x3yyntt5tp-staging.wpdns.site/2025/12/26/recognizing-supporting-adhd-in-early-childhood/","200","https://x3yyntt5tp-staging.wpdns.site/2025/12/26/recognizing-supporting-adhd-in-early-childhood/","0","false","false","false","","internal"
"https://x3yyntt5tp-staging.wpdns.site/es/2025/12/26/introducing-stem-concepts-to-preschoolers/","200","https://x3yyntt5tp-staging.wpdns.site/es/2025/12/26/introducing-stem-concepts-to-preschoolers/","0","false","false","false","","internal"
"https://x3yyntt5tp-staging.wpdns.site/es/2025/12/26/creative-art-projects-for-kids-at-home/","200","https://x3yyntt5tp-staging.wpdns.site/es/2025/12/26/creative-art-projects-for-kids-at-home/","0","false","false","false","","internal"
"https://x3yyntt5tp-staging.wpdns.site/es/2025/12/26/quick-healthy-snack-ideas-for-toddlers/","200","https://x3yyntt5tp-staging.wpdns.site/es/2025/12/26/quick-healthy-snack-ideas-for-toddlers/","0","false","false","false","","internal"
"https://x3yyntt5tp-staging.wpdns.site/es/childcare/woodstock/","200","https://x3yyntt5tp-staging.wpdns.site/es/childcare/woodstock/","0","false","false","false","","internal"
"https://x3yyntt5tp-staging.wpdns.site/es/parents-day-out-in-duluth-ga/","200","https://x3yyntt5tp-staging.wpdns.site/es/parents-day-out-in-duluth-ga/","0","false","false","false","","internal"
"https://x3yyntt5tp-staging.wpdns.site/es/childcare/hampton/","200","https://x3yyntt5tp-staging.wpdns.site/es/childcare/hampton/","0","false","false","false","","internal"
"https://x3yyntt5tp-staging.wpdns.site/es/preschool-in-duluth-ga/","200","https://x3yyntt5tp-staging.wpdns.site/es/preschool-in-duluth-ga/","0","false","false","false","","internal"
"https://x3yyntt5tp-staging.wpdns.site/es/childcare/milton/","200","https://x3yyntt5tp-staging.wpdns.site/es/childcare/milton/","0","false","false","false","","internal"
"https://x3yyntt5tp-staging.wpdns.site/2025/12/10/chroma-early-learning-academy-announces-12th-metro-atlanta-location-in-canton-ga/","200","https://x3yyntt5tp-staging.wpdns.site/2025/12/10/chroma-early-learning-academy-announces-12th-metro-atlanta-location-in-canton-ga/","0","false","false","false","","internal"
"https://x3yyntt5tp-staging.wpdns.site/2025/12/02/chroma-early-learning-academy-expands-to-16-metro-atlanta-campuses-with-three-strategic-acquisitions/","200","https://x3yyntt5tp-staging.wpdns.site/2025/12/02/chroma-early-learning-academy-expands-to-16-metro-atlanta-campuses-with-three-strategic-acquisitions/","0","false","false","false","","internal"
"https://x3yyntt5tp-staging.wpdns.site/2025/12/10/chroma-early-learning-academy-opens-registration-for-2025-summer-camp-and-georgia-pre-k-programs/","200","https://x3yyntt5tp-staging.wpdns.site/2025/12/10/chroma-early-learning-academy-opens-registration-for-2025-summer-camp-and-georgia-pre-k-programs/","0","false","false","false","","internal"
"https://x3yyntt5tp-staging.wpdns.site/es/2025/12/10/chroma-early-learning-academy-opens-registration-for-2025-summer-camp-and-georgia-pre-k-programs/","200","https://x3yyntt5tp-staging.wpdns.site/es/2025/12/10/chroma-early-learning-academy-opens-registration-for-2025-summer-camp-and-georgia-pre-k-programs/","0","false","false","false","","internal"
"https://x3yyntt5tp-staging.wpdns.site/es/2025/12/02/chroma-early-learning-academy-expands-to-16-metro-atlanta-campuses-with-three-strategic-acquisitions/","200","https://x3yyntt5tp-staging.wpdns.site/es/2025/12/02/chroma-early-learning-academy-expands-to-16-metro-atlanta-campuses-with-three-strategic-acquisitions/","0","false","false","false","","internal"
"https://x3yyntt5tp-staging.wpdns.site/es/2025/12/10/chroma-early-learning-academy-announces-12th-metro-atlanta-location-in-canton-ga/","200","https://x3yyntt5tp-staging.wpdns.site/es/2025/12/10/chroma-early-learning-academy-announces-12th-metro-atlanta-location-in-canton-ga/","0","false","false","false","","internal"
"https://x3yyntt5tp-staging.wpdns.site/2025/12/26/kindergarten-readiness-programs-in-duluth-ga/","200","https://x3yyntt5tp-staging.wpdns.site/2025/12/26/kindergarten-readiness-programs-in-duluth-ga/","0","false","false","false","","internal"
"https://x3yyntt5tp-staging.wpdns.site/programs/toddler-care/","200","https://x3yyntt5tp-staging.wpdns.site/programs/toddler-care/","0","false","false","false","","internal"
"https://x3yyntt5tp-staging.wpdns.site/2025/12/30/childcare-preschool-in-austell-ga-tramore-campus-by-chroma/","200","https://x3yyntt5tp-staging.wpdns.site/2025/12/30/childcare-preschool-in-austell-ga-tramore-campus-by-chroma/","0","false","false","false","","internal"
"https://x3yyntt5tp-staging.wpdns.site/2025/12/26/developing-infant-fine-gross-motor-skills/","200","https://x3yyntt5tp-staging.wpdns.site/2025/12/26/developing-infant-fine-gross-motor-skills/","0","false","false","false","","internal"
"https://x3yyntt5tp-staging.wpdns.site/2025/12/11/how-to-choose-a-preschool-or-daycare-centre-essential-questions-to-ask-for-parents/","200","https://x3yyntt5tp-staging.wpdns.site/2025/12/11/how-to-choose-a-preschool-or-daycare-centre-essential-questions-to-ask-for-parents/","0","false","false","false","","internal"
"https://x3yyntt5tp-staging.wpdns.site/2025/12/26/engaging-toddler-care-programs-in-marietta-georgia/","200","https://x3yyntt5tp-staging.wpdns.site/2025/12/26/engaging-toddler-care-programs-in-marietta-georgia/","0","false","false","false","","internal"
"https://x3yyntt5tp-staging.wpdns.site/es/2025/12/26/diverse-enrichment-activities-in-after-school-programs/","200","https://x3yyntt5tp-staging.wpdns.site/es/2025/12/26/diverse-enrichment-activities-in-after-school-programs/","0","false","false","false","","internal"
"https://x3yyntt5tp-staging.wpdns.site/es/2025/12/10/signs-your-child-is-ready-for-preschool-the-ultimate-preschool-readiness-checklist-and-guide/","200","https://x3yyntt5tp-staging.wpdns.site/es/2025/12/10/signs-your-child-is-ready-for-preschool-the-ultimate-preschool-readiness-checklist-and-guide/","0","false","false","false","","internal"
"https://x3yyntt5tp-staging.wpdns.site/2025/12/26/benefits-of-early-intervention-programs-for-children/","200","https://x3yyntt5tp-staging.wpdns.site/2025/12/26/benefits-of-early-intervention-programs-for-children/","0","false","false","false","","internal"
"https://x3yyntt5tp-staging.wpdns.site/2025/12/26/top-classroom-management-strategies-for-preschool/","200","https://x3yyntt5tp-staging.wpdns.site/2025/12/26/top-classroom-management-strategies-for-preschool/","0","false","false","false","","internal"
"https://x3yyntt5tp-staging.wpdns.site/2025/12/26/tips-for-creating-inclusive-classrooms-for-all-learners/","200","https://x3yyntt5tp-staging.wpdns.site/2025/12/26/tips-for-creating-inclusive-classrooms-for-all-learners/","0","false","false","false","","internal"
"https://x3yyntt5tp-staging.wpdns.site/es/2025/12/26/engaging-toddler-care-programs-in-smyrna-ga/","200","https://x3yyntt5tp-staging.wpdns.site/es/2025/12/26/engaging-toddler-care-programs-in-smyrna-ga/","0","false","false","false","","internal"
"https://x3yyntt5tp-staging.wpdns.site/es/2025/12/26/childcare-preschool-services-in-cobb-county-ga/","200","https://x3yyntt5tp-staging.wpdns.site/es/2025/12/26/childcare-preschool-services-in-cobb-county-ga/","0","false","false","false","","internal"
"https://x3yyntt5tp-staging.wpdns.site/es/2025/12/30/trusted-childcare-preschool-in-roswell-ga-chroma-academy/","200","https://x3yyntt5tp-staging.wpdns.site/es/2025/12/30/trusted-childcare-preschool-in-roswell-ga-chroma-academy/","0","false","false","false","","internal"
"https://x3yyntt5tp-staging.wpdns.site/2025/12/26/the-role-of-ai-in-early-childhood-education/","200","https://x3yyntt5tp-staging.wpdns.site/2025/12/26/the-role-of-ai-in-early-childhood-education/","0","false","false","false","","internal"
"https://x3yyntt5tp-staging.wpdns.site/2025/12/26/effective-positive-discipline-techniques-for-young-children/","200","https://x3yyntt5tp-staging.wpdns.site/2025/12/26/effective-positive-discipline-techniques-for-young-children/","0","false","false","false","","internal"
"https://x3yyntt5tp-staging.wpdns.site/2025/12/03/early-childhood-assessment-methods-explained-comprehensive-guide-to-child-development-and-kindergarten-readiness/","200","https://x3yyntt5tp-staging.wpdns.site/2025/12/03/early-childhood-assessment-methods-explained-comprehensive-guide-to-child-development-and-kindergarten-readiness/","0","false","false","false","","internal"
"https://x3yyntt5tp-staging.wpdns.site/es/2025/12/26/exploring-global-early-education-models-practices/","200","https://x3yyntt5tp-staging.wpdns.site/es/2025/12/26/exploring-global-early-education-models-practices/","0","false","false","false","","internal"
"https://x3yyntt5tp-staging.wpdns.site/es/2025/12/26/nurturing-infant-care-programs-in-decatur-ga/","200","https://x3yyntt5tp-staging.wpdns.site/es/2025/12/26/nurturing-infant-care-programs-in-decatur-ga/","0","false","false","false","","internal"
"https://x3yyntt5tp-staging.wpdns.site/es/2025/12/26/how-to-create-a-cozy-reading-nook-for-kids/","200","https://x3yyntt5tp-staging.wpdns.site/es/2025/12/26/how-to-create-a-cozy-reading-nook-for-kids/","0","false","false","false","","internal"
"https://x3yyntt5tp-staging.wpdns.site/2025/12/26/effective-potty-training-support-in-toddler-programs/","200","https://x3yyntt5tp-staging.wpdns.site/2025/12/26/effective-potty-training-support-in-toddler-programs/","0","false","false","false","","internal"
"https://x3yyntt5tp-staging.wpdns.site/2025/12/26/nurturing-infant-care-programs-in-johns-creek-ga/","200","https://x3yyntt5tp-staging.wpdns.site/2025/12/26/nurturing-infant-care-programs-in-johns-creek-ga/","0","false","false","false","","internal"
"https://x3yyntt5tp-staging.wpdns.site/2025/12/10/your-daycare-tour-questions-a-parents-essential-checklist/","200","https://x3yyntt5tp-staging.wpdns.site/2025/12/10/your-daycare-tour-questions-a-parents-essential-checklist/","0","false","false","false","","internal"
"https://x3yyntt5tp-staging.wpdns.site/es/2025/12/26/the-art-of-storytelling-for-children/","200","https://x3yyntt5tp-staging.wpdns.site/es/2025/12/26/the-art-of-storytelling-for-children/","0","false","false","false","","internal"
"https://x3yyntt5tp-staging.wpdns.site/es/2025/12/26/tips-for-fostering-toddler-independence/","200","https://x3yyntt5tp-staging.wpdns.site/es/2025/12/26/tips-for-fostering-toddler-independence/","0","false","false","false","","internal"
"https://x3yyntt5tp-staging.wpdns.site/es/2025/12/29/helping-children-cope-with-family-changes/","200","https://x3yyntt5tp-staging.wpdns.site/es/2025/12/29/helping-children-cope-with-family-changes/","0","false","false","false","","internal"
"https://x3yyntt5tp-staging.wpdns.site/2025/12/26/introducing-stem-concepts-to-preschoolers/","200","https://x3yyntt5tp-staging.wpdns.site/2025/12/26/introducing-stem-concepts-to-preschoolers/","0","false","false","false","","internal"
"https://x3yyntt5tp-staging.wpdns.site/es/2025/12/26/effective-homework-help-in-our-after-school-program/","200","https://x3yyntt5tp-staging.wpdns.site/es/2025/12/26/effective-homework-help-in-our-after-school-program/","0","false","false","false","","internal"
"https://x3yyntt5tp-staging.wpdns.site/es/2025/12/26/top-rated-preschool-programs-in-johns-creek-ga/","200","https://x3yyntt5tp-staging.wpdns.site/es/2025/12/26/top-rated-preschool-programs-in-johns-creek-ga/","0","false","false","false","","internal"
"https://x3yyntt5tp-staging.wpdns.site/es/2025/12/26/childcare-preschool-services-in-fulton-county-ga/","200","https://x3yyntt5tp-staging.wpdns.site/es/2025/12/26/childcare-preschool-services-in-fulton-county-ga/","0","false","false","false","","internal"
"https://x3yyntt5tp-staging.wpdns.site/2025/12/26/tips-for-establishing-healthy-sleep-routines-for-kids/","200","https://x3yyntt5tp-staging.wpdns.site/2025/12/26/tips-for-establishing-healthy-sleep-routines-for-kids/","0","false","false","false","","internal"
"https://x3yyntt5tp-staging.wpdns.site/2025/12/29/home-daycare-vs-childcare-center-a-comparison/","200","https://x3yyntt5tp-staging.wpdns.site/2025/12/29/home-daycare-vs-childcare-center-a-comparison/","0","false","false","false","","internal"
"https://x3yyntt5tp-staging.wpdns.site/es/2025/12/26/essential-training-for-early-childhood-educators/","200","https://x3yyntt5tp-staging.wpdns.site/es/2025/12/26/essential-training-for-early-childhood-educators/","0","false","false","false","","internal"
"https://x3yyntt5tp-staging.wpdns.site/es/2025/12/02/choosing-between-full-day-and-half-day-preschool-practical-guidance-every-parent-can-use/","200","https://x3yyntt5tp-staging.wpdns.site/es/2025/12/02/choosing-between-full-day-and-half-day-preschool-practical-guidance-every-parent-can-use/","0","false","false","false","","internal"
"https://x3yyntt5tp-staging.wpdns.site/2025/12/26/how-to-choose-the-best-preschool-for-your-child/","200","https://x3yyntt5tp-staging.wpdns.site/2025/12/26/how-to-choose-the-best-preschool-for-your-child/","0","false","false","false","","internal"
"https://x3yyntt5tp-staging.wpdns.site/2025/12/30/trusted-childcare-preschool-in-roswell-ga-chroma-academy/","200","https://x3yyntt5tp-staging.wpdns.site/2025/12/30/trusted-childcare-preschool-in-roswell-ga-chroma-academy/","0","false","false","false","","internal"
"https://x3yyntt5tp-staging.wpdns.site/2025/12/26/strategies-for-preventing-teacher-burnout/","200","https://x3yyntt5tp-staging.wpdns.site/2025/12/26/strategies-for-preventing-teacher-burnout/","0","false","false","false","","internal"
"https://x3yyntt5tp-staging.wpdns.site/es/2025/12/26/schedule-a-tour-of-our-early-learning-academy/","200","https://x3yyntt5tp-staging.wpdns.site/es/2025/12/26/schedule-a-tour-of-our-early-learning-academy/","0","false","false","false","","internal"
"https://x3yyntt5tp-staging.wpdns.site/es/2025/12/29/strategies-for-supporting-children-with-autism-spectrum-disorder/","200","https://x3yyntt5tp-staging.wpdns.site/es/2025/12/29/strategies-for-supporting-children-with-autism-spectrum-disorder/","0","false","false","false","","internal"
"https://x3yyntt5tp-staging.wpdns.site/es/2025/12/29/strategies-for-preventing-childhood-obesity/","200","https://x3yyntt5tp-staging.wpdns.site/es/2025/12/29/strategies-for-preventing-childhood-obesity/","0","false","false","false","","internal"
"https://x3yyntt5tp-staging.wpdns.site/2025/12/02/the-psychology-behind-toy-throwing-understanding-your-childs-behavior/","200","https://x3yyntt5tp-staging.wpdns.site/2025/12/02/the-psychology-behind-toy-throwing-understanding-your-childs-behavior/","0","false","false","false","","internal"
"https://x3yyntt5tp-staging.wpdns.site/2025/12/26/creative-date-night-ideas-for-busy-parents/","200","https://x3yyntt5tp-staging.wpdns.site/2025/12/26/creative-date-night-ideas-for-busy-parents/","0","false","false","false","","internal"
"https://x3yyntt5tp-staging.wpdns.site/2025/12/16/early-education-trends-us-2025-key-insights-and-best-practices-for-future-learning/","200","https://x3yyntt5tp-staging.wpdns.site/2025/12/16/early-education-trends-us-2025-key-insights-and-best-practices-for-future-learning/","0","false","false","false","","internal"
"https://x3yyntt5tp-staging.wpdns.site/2025/12/26/typical-daily-schedule-in-our-infant-care-program/","200","https://x3yyntt5tp-staging.wpdns.site/2025/12/26/typical-daily-schedule-in-our-infant-care-program/","0","false","false","false","","internal"
"https://x3yyntt5tp-staging.wpdns.site/2025/12/26/chroma-early-learning-academy-tuition-fees-guide/","200","https://x3yyntt5tp-staging.wpdns.site/2025/12/26/chroma-early-learning-academy-tuition-fees-guide/","0","false","false","false","","internal"
"https://x3yyntt5tp-staging.wpdns.site/es/2025/12/02/the-psychology-behind-toy-throwing-understanding-your-childs-behavior/","200","https://x3yyntt5tp-staging.wpdns.site/es/2025/12/02/the-psychology-behind-toy-throwing-understanding-your-childs-behavior/","0","false","false","false","","internal"
"https://x3yyntt5tp-staging.wpdns.site/es/2025/12/30/childcare-preschool-in-east-marietta-ga-chroma-academy/","200","https://x3yyntt5tp-staging.wpdns.site/es/2025/12/30/childcare-preschool-in-east-marietta-ga-chroma-academy/","0","false","false","false","","internal"
"https://x3yyntt5tp-staging.wpdns.site/es/2025/12/03/play-based-learning-curriculum-examples-for-early-childhood-effective-activities-and-benefits/","200","https://x3yyntt5tp-staging.wpdns.site/es/2025/12/03/play-based-learning-curriculum-examples-for-early-childhood-effective-activities-and-benefits/","0","false","false","false","","internal"
"https://x3yyntt5tp-staging.wpdns.site/2025/12/26/the-importance-of-reading-aloud-to-young-children/","200","https://x3yyntt5tp-staging.wpdns.site/2025/12/26/the-importance-of-reading-aloud-to-young-children/","0","false","false","false","","internal"
"https://x3yyntt5tp-staging.wpdns.site/2025/12/26/guide-to-choosing-the-right-infant-daycare/","200","https://x3yyntt5tp-staging.wpdns.site/2025/12/26/guide-to-choosing-the-right-infant-daycare/","0","false","false","false","","internal"
"https://x3yyntt5tp-staging.wpdns.site/2025/12/30/childcare-preschool-in-jonesboro-ga-chroma-academy/","200","https://x3yyntt5tp-staging.wpdns.site/2025/12/30/childcare-preschool-in-jonesboro-ga-chroma-academy/","0","false","false","false","","internal"
"https://x3yyntt5tp-staging.wpdns.site/es/2025/12/26/top-rated-preschool-programs-in-alpharetta-ga/","200","https://x3yyntt5tp-staging.wpdns.site/es/2025/12/26/top-rated-preschool-programs-in-alpharetta-ga/","0","false","false","false","","internal"
"https://x3yyntt5tp-staging.wpdns.site/es/2025/12/26/daycare-vs-nanny-which-is-right-for-your-family/","200","https://x3yyntt5tp-staging.wpdns.site/es/2025/12/26/daycare-vs-nanny-which-is-right-for-your-family/","0","false","false","false","","internal"
"https://x3yyntt5tp-staging.wpdns.site/2025/12/26/key-benefits-of-enrolling-in-after-school-programs/","200","https://x3yyntt5tp-staging.wpdns.site/2025/12/26/key-benefits-of-enrolling-in-after-school-programs/","0","false","false","false","","internal"
"https://x3yyntt5tp-staging.wpdns.site/2025/12/26/after-school-programs-in-decatur-ga/","200","https://x3yyntt5tp-staging.wpdns.site/2025/12/26/after-school-programs-in-decatur-ga/","0","false","false","false","","internal"
"https://x3yyntt5tp-staging.wpdns.site/2025/12/26/the-importance-of-outdoor-play-for-child-development/","200","https://x3yyntt5tp-staging.wpdns.site/2025/12/26/the-importance-of-outdoor-play-for-child-development/","0","false","false","false","","internal"
"https://x3yyntt5tp-staging.wpdns.site/es/2025/12/30/childcare-preschool-in-ellenwood-ga-chroma-academy/","200","https://x3yyntt5tp-staging.wpdns.site/es/2025/12/30/childcare-preschool-in-ellenwood-ga-chroma-academy/","0","false","false","false","","internal"
"https://x3yyntt5tp-staging.wpdns.site/es/2025/12/16/how-to-strengthen-home-school-connections-for-early-learners-to-boost-family-engagement-and-child-development/","200","https://x3yyntt5tp-staging.wpdns.site/es/2025/12/16/how-to-strengthen-home-school-connections-for-early-learners-to-boost-family-engagement-and-child-development/","0","false","false","false","","internal"
"https://x3yyntt5tp-staging.wpdns.site/2025/12/26/fostering-problem-solving-skills-in-preschoolers/","200","https://x3yyntt5tp-staging.wpdns.site/2025/12/26/fostering-problem-solving-skills-in-preschoolers/","0","false","false","false","","internal"
"https://x3yyntt5tp-staging.wpdns.site/2025/12/29/strategies-for-preventing-childhood-obesity/","200","https://x3yyntt5tp-staging.wpdns.site/2025/12/29/strategies-for-preventing-childhood-obesity/","0","false","false","false","","internal"
"https://x3yyntt5tp-staging.wpdns.site/es/2025/12/26/boosting-infant-cognitive-development-activities/","200","https://x3yyntt5tp-staging.wpdns.site/es/2025/12/26/boosting-infant-cognitive-development-activities/","0","false","false","false","","internal"
"https://x3yyntt5tp-staging.wpdns.site/es/2025/12/26/understanding-infant-feeding-schedules-nutrition/","200","https://x3yyntt5tp-staging.wpdns.site/es/2025/12/26/understanding-infant-feeding-schedules-nutrition/","0","false","false","false","","internal"
"https://x3yyntt5tp-staging.wpdns.site/es/2025/12/26/how-to-choose-the-best-preschool-for-your-child/","200","https://x3yyntt5tp-staging.wpdns.site/es/2025/12/26/how-to-choose-the-best-preschool-for-your-child/","0","false","false","false","","internal"
"https://x3yyntt5tp-staging.wpdns.site/2025/12/26/the-art-of-storytelling-for-children/","200","https://x3yyntt5tp-staging.wpdns.site/2025/12/26/the-art-of-storytelling-for-children/","0","false","false","false","","internal"
"https://x3yyntt5tp-staging.wpdns.site/2025/12/26/fostering-creativity-with-arts-crafts-for-toddlers/","200","https://x3yyntt5tp-staging.wpdns.site/2025/12/26/fostering-creativity-with-arts-crafts-for-toddlers/","0","false","false","false","","internal"
"https://x3yyntt5tp-staging.wpdns.site/2025/12/03/the-critical-role-of-a-structured-curriculum-in-early-childhood-education-success-benefits-impact-and-kindergarten-readiness/","200","https://x3yyntt5tp-staging.wpdns.site/2025/12/03/the-critical-role-of-a-structured-curriculum-in-early-childhood-education-success-benefits-impact-and-kindergarten-readiness/","0","false","false","false","","internal"
"https://x3yyntt5tp-staging.wpdns.site/es/2025/12/10/enroll-at-chroma-academy-mcdonough-preschool-childcare-for-quality-early-learning/","200","https://x3yyntt5tp-staging.wpdns.site/es/2025/12/10/enroll-at-chroma-academy-mcdonough-preschool-childcare-for-quality-early-learning/","0","false","false","false","","internal"
"https://x3yyntt5tp-staging.wpdns.site/2025/12/29/helping-children-cope-with-family-changes/","200","https://x3yyntt5tp-staging.wpdns.site/2025/12/29/helping-children-cope-with-family-changes/","0","false","false","false","","internal"
"https://x3yyntt5tp-staging.wpdns.site/2025/12/26/the-benefits-of-play-based-learning-in-preschool/","200","https://x3yyntt5tp-staging.wpdns.site/2025/12/26/the-benefits-of-play-based-learning-in-preschool/","0","false","false","false","","internal"
"https://x3yyntt5tp-staging.wpdns.site/2025/12/26/effective-homework-help-in-our-after-school-program/","200","https://x3yyntt5tp-staging.wpdns.site/2025/12/26/effective-homework-help-in-our-after-school-program/","0","false","false","false","","internal"
"https://x3yyntt5tp-staging.wpdns.site/es/2025/12/26/strategies-for-managing-sibling-rivalry-effectively/","200","https://x3yyntt5tp-staging.wpdns.site/es/2025/12/26/strategies-for-managing-sibling-rivalry-effectively/","0","false","false","false","","internal"
"https://x3yyntt5tp-staging.wpdns.site/es/2025/12/04/how-integrating-technology-in-early-childhood-curriculum-boosts-learning-and-prepares-children-for-the-future/","200","https://x3yyntt5tp-staging.wpdns.site/es/2025/12/04/how-integrating-technology-in-early-childhood-curriculum-boosts-learning-and-prepares-children-for-the-future/","0","false","false","false","","internal"
"https://x3yyntt5tp-staging.wpdns.site/2025/12/26/preschool-vs-daycare-which-is-right-for-your-child/","200","https://x3yyntt5tp-staging.wpdns.site/2025/12/26/preschool-vs-daycare-which-is-right-for-your-child/","0","false","false","false","","internal"
"https://x3yyntt5tp-staging.wpdns.site/2025/12/26/childcare-subsidies-financial-aid-options/","200","https://x3yyntt5tp-staging.wpdns.site/2025/12/26/childcare-subsidies-financial-aid-options/","0","false","false","false","","internal"
"https://x3yyntt5tp-staging.wpdns.site/es/2025/12/26/building-early-math-skills-in-preschool-programs/","200","https://x3yyntt5tp-staging.wpdns.site/es/2025/12/26/building-early-math-skills-in-preschool-programs/","0","false","false","false","","internal"
"https://x3yyntt5tp-staging.wpdns.site/es/2025/12/30/trusted-childcare-preschool-in-lilburn-ga-chroma-academy/","200","https://x3yyntt5tp-staging.wpdns.site/es/2025/12/30/trusted-childcare-preschool-in-lilburn-ga-chroma-academy/","0","false","false","false","","internal"
"https://x3yyntt5tp-staging.wpdns.site/es/2025/12/26/best-infant-care-programs-in-atlanta-georgia/","200","https://x3yyntt5tp-staging.wpdns.site/es/2025/12/26/best-infant-care-programs-in-atlanta-georgia/","0","false","false","false","","internal"
"https://x3yyntt5tp-staging.wpdns.site/2025/12/26/essential-resources-for-parents-of-special-needs-children/","200","https://x3yyntt5tp-staging.wpdns.site/2025/12/26/essential-resources-for-parents-of-special-needs-children/","0","false","false","false","","internal"
"https://x3yyntt5tp-staging.wpdns.site/2025/12/03/play-based-learning-curriculum-examples-for-early-childhood-effective-activities-and-benefits/","200","https://x3yyntt5tp-staging.wpdns.site/2025/12/03/play-based-learning-curriculum-examples-for-early-childhood-effective-activities-and-benefits/","0","false","false","false","","internal"
"https://x3yyntt5tp-staging.wpdns.site/2025/12/30/childcare-preschool-in-ellenwood-ga-chroma-academy/","200","https://x3yyntt5tp-staging.wpdns.site/2025/12/30/childcare-preschool-in-ellenwood-ga-chroma-academy/","0","false","false","false","","internal"
"https://x3yyntt5tp-staging.wpdns.site/es/2025/12/26/frequently-asked-questions-about-enrollment/","200","https://x3yyntt5tp-staging.wpdns.site/es/2025/12/26/frequently-asked-questions-about-enrollment/","0","false","false","false","","internal"
"https://x3yyntt5tp-staging.wpdns.site/2025/12/10/top-strategies-to-boost-employee-retention-and-build-long-term-organizational-loyalty/","200","https://x3yyntt5tp-staging.wpdns.site/2025/12/10/top-strategies-to-boost-employee-retention-and-build-long-term-organizational-loyalty/","0","false","false","false","","internal"
"https://x3yyntt5tp-staging.wpdns.site/2025/12/26/creative-art-projects-for-kids-at-home/","200","https://x3yyntt5tp-staging.wpdns.site/2025/12/26/creative-art-projects-for-kids-at-home/","0","false","false","false","","internal"
"https://x3yyntt5tp-staging.wpdns.site/es/2025/12/26/georgia-pre-k-lottery-program-in-duluth-ga/","200","https://x3yyntt5tp-staging.wpdns.site/es/2025/12/26/georgia-pre-k-lottery-program-in-duluth-ga/","0","false","false","false","","internal"
"https://x3yyntt5tp-staging.wpdns.site/es/2025/12/26/the-importance-of-reading-aloud-to-young-children/","200","https://x3yyntt5tp-staging.wpdns.site/es/2025/12/26/the-importance-of-reading-aloud-to-young-children/","0","false","false","false","","internal"
"https://x3yyntt5tp-staging.wpdns.site/es/2025/12/27/required-enrollment-forms-and-documents-for-registration/","200","https://x3yyntt5tp-staging.wpdns.site/es/2025/12/27/required-enrollment-forms-and-documents-for-registration/","0","false","false","false","","internal"
"https://x3yyntt5tp-staging.wpdns.site/2025/12/02/how-to-raise-a-smarter-child-before-age-3-proven-brain-development-activities-and-early-intelligence-tips/","200","https://x3yyntt5tp-staging.wpdns.site/2025/12/02/how-to-raise-a-smarter-child-before-age-3-proven-brain-development-activities-and-early-intelligence-tips/","0","false","false","false","","internal"
"https://x3yyntt5tp-staging.wpdns.site/2025/12/26/frequently-asked-questions-about-enrollment/","200","https://x3yyntt5tp-staging.wpdns.site/2025/12/26/frequently-asked-questions-about-enrollment/","0","false","false","false","","internal"
"https://x3yyntt5tp-staging.wpdns.site/2025/12/27/engaging-toddler-care-programs-in-roswell-ga/","200","https://x3yyntt5tp-staging.wpdns.site/2025/12/27/engaging-toddler-care-programs-in-roswell-ga/","0","false","false","false","","internal"
"https://x3yyntt5tp-staging.wpdns.site/es/2025/12/26/after-school-programs-in-decatur-ga/","200","https://x3yyntt5tp-staging.wpdns.site/es/2025/12/26/after-school-programs-in-decatur-ga/","0","false","false","false","","internal"
"https://x3yyntt5tp-staging.wpdns.site/2025/12/03/the-wrong-way-to-raise-confidence/","200","https://x3yyntt5tp-staging.wpdns.site/2025/12/03/the-wrong-way-to-raise-confidence/","0","false","false","false","","internal"
"https://x3yyntt5tp-staging.wpdns.site/2025/12/29/strategies-for-supporting-children-with-autism-spectrum-disorder/","200","https://x3yyntt5tp-staging.wpdns.site/2025/12/29/strategies-for-supporting-children-with-autism-spectrum-disorder/","0","false","false","false","","internal"
"https://x3yyntt5tp-staging.wpdns.site/2025/12/26/tips-for-fostering-toddler-independence/","200","https://x3yyntt5tp-staging.wpdns.site/2025/12/26/tips-for-fostering-toddler-independence/","0","false","false","false","","internal"
"https://x3yyntt5tp-staging.wpdns.site/es/2025/12/26/top-rated-preschool-programs-in-decatur-ga/","200","https://x3yyntt5tp-staging.wpdns.site/es/2025/12/26/top-rated-preschool-programs-in-decatur-ga/","0","false","false","false","","internal"
"https://x3yyntt5tp-staging.wpdns.site/es/2025/12/26/addressing-social-challenges-in-school-age-children/","200","https://x3yyntt5tp-staging.wpdns.site/es/2025/12/26/addressing-social-challenges-in-school-age-children/","0","false","false","false","","internal"
"https://x3yyntt5tp-staging.wpdns.site/2025/12/26/introducing-mindfulness-practices-for-children/","200","https://x3yyntt5tp-staging.wpdns.site/2025/12/26/introducing-mindfulness-practices-for-children/","0","false","false","false","","internal"
"https://x3yyntt5tp-staging.wpdns.site/2025/12/26/the-benefits-of-outdoor-learning-in-early-education/","200","https://x3yyntt5tp-staging.wpdns.site/2025/12/26/the-benefits-of-outdoor-learning-in-early-education/","0","false","false","false","","internal"
"https://x3yyntt5tp-staging.wpdns.site/2025/12/02/how-nutrition-impacts-early-learning-and-behavior-essential-insights-for-child-brain-development-and-cognitive-function/","200","https://x3yyntt5tp-staging.wpdns.site/2025/12/02/how-nutrition-impacts-early-learning-and-behavior-essential-insights-for-child-brain-development-and-cognitive-function/","0","false","false","false","","internal"
"https://x3yyntt5tp-staging.wpdns.site/2025/12/26/kindergarten-readiness-programs-in-marietta-ga/","200","https://x3yyntt5tp-staging.wpdns.site/2025/12/26/kindergarten-readiness-programs-in-marietta-ga/","0","false","false","false","","internal"
"https://x3yyntt5tp-staging.wpdns.site/es/2025/12/26/recognizing-supporting-adhd-in-early-childhood/","200","https://x3yyntt5tp-staging.wpdns.site/es/2025/12/26/recognizing-supporting-adhd-in-early-childhood/","0","false","false","false","","internal"
"https://x3yyntt5tp-staging.wpdns.site/es/2025/12/26/kindergarten-readiness-programs-in-duluth-ga/","200","https://x3yyntt5tp-staging.wpdns.site/es/2025/12/26/kindergarten-readiness-programs-in-duluth-ga/","0","false","false","false","","internal"
"https://x3yyntt5tp-staging.wpdns.site/2025/12/26/how-to-create-a-cozy-reading-nook-for-kids/","200","https://x3yyntt5tp-staging.wpdns.site/2025/12/26/how-to-create-a-cozy-reading-nook-for-kids/","0","false","false","false","","internal"
"https://x3yyntt5tp-staging.wpdns.site/2025/12/26/how-to-build-self-esteem-in-young-children/","200","https://x3yyntt5tp-staging.wpdns.site/2025/12/26/how-to-build-self-esteem-in-young-children/","0","false","false","false","","internal"
"https://x3yyntt5tp-staging.wpdns.site/es/2025/12/26/fostering-strong-parent-teacher-relationships/","200","https://x3yyntt5tp-staging.wpdns.site/es/2025/12/26/fostering-strong-parent-teacher-relationships/","0","false","false","false","","internal"
"https://x3yyntt5tp-staging.wpdns.site/es/2025/12/26/easy-science-experiments-for-kids-at-home/","200","https://x3yyntt5tp-staging.wpdns.site/es/2025/12/26/easy-science-experiments-for-kids-at-home/","0","false","false","false","","internal"
"https://x3yyntt5tp-staging.wpdns.site/2025/12/26/implementing-personalized-learning-in-preschool/","200","https://x3yyntt5tp-staging.wpdns.site/2025/12/26/implementing-personalized-learning-in-preschool/","0","false","false","false","","internal"
"https://x3yyntt5tp-staging.wpdns.site/2025/12/26/chroma-early-learning-academy-mission-core-values/","200","https://x3yyntt5tp-staging.wpdns.site/2025/12/26/chroma-early-learning-academy-mission-core-values/","0","false","false","false","","internal"
"https://x3yyntt5tp-staging.wpdns.site/2025/12/02/how-reading-aloud-builds-your-childs-brain/","200","https://x3yyntt5tp-staging.wpdns.site/2025/12/02/how-reading-aloud-builds-your-childs-brain/","0","false","false","false","","internal"
"https://x3yyntt5tp-staging.wpdns.site/es/2025/12/26/essential-back-to-school-tips-for-parents-kids/","200","https://x3yyntt5tp-staging.wpdns.site/es/2025/12/26/essential-back-to-school-tips-for-parents-kids/","0","false","false","false","","internal"
"https://x3yyntt5tp-staging.wpdns.site/2025/12/26/best-infant-care-programs-in-atlanta-georgia/","200","https://x3yyntt5tp-staging.wpdns.site/2025/12/26/best-infant-care-programs-in-atlanta-georgia/","0","false","false","false","","internal"
"https://x3yyntt5tp-staging.wpdns.site/2025/12/26/nurturing-infant-care-programs-in-peachtree-corners-ga/","200","https://x3yyntt5tp-staging.wpdns.site/2025/12/26/nurturing-infant-care-programs-in-peachtree-corners-ga/","0","false","false","false","","internal"
"https://x3yyntt5tp-staging.wpdns.site/2025/12/26/childcare-preschool-services-in-gwinnett-county-ga/","200","https://x3yyntt5tp-staging.wpdns.site/2025/12/26/childcare-preschool-services-in-gwinnett-county-ga/","0","false","false","false","","internal"
"https://x3yyntt5tp-staging.wpdns.site/es/2025/12/26/developing-infant-fine-gross-motor-skills/","200","https://x3yyntt5tp-staging.wpdns.site/es/2025/12/26/developing-infant-fine-gross-motor-skills/","0","false","false","false","","internal"
"https://x3yyntt5tp-staging.wpdns.site/es/2025/12/26/the-importance-of-outdoor-play-for-child-development/","200","https://x3yyntt5tp-staging.wpdns.site/es/2025/12/26/the-importance-of-outdoor-play-for-child-development/","0","false","false","false","","internal"
"https://x3yyntt5tp-staging.wpdns.site/2025/12/26/nurturing-infant-care-programs-in-decatur-ga/","200","https://x3yyntt5tp-staging.wpdns.site/2025/12/26/nurturing-infant-care-programs-in-decatur-ga/","0","false","false","false","","internal"
"https://x3yyntt5tp-staging.wpdns.site/es/2025/12/26/engaging-toddler-care-programs-in-duluth-ga/","200","https://x3yyntt5tp-staging.wpdns.site/es/2025/12/26/engaging-toddler-care-programs-in-duluth-ga/","0","false","false","false","","internal"
"https://x3yyntt5tp-staging.wpdns.site/es/2025/12/27/engaging-toddler-care-programs-in-roswell-ga/","200","https://x3yyntt5tp-staging.wpdns.site/es/2025/12/27/engaging-toddler-care-programs-in-roswell-ga/","0","false","false","false","","internal"
"https://x3yyntt5tp-staging.wpdns.site/2025/12/04/the-importance-of-play-in-early-childhood-development-benefits-activities-and-learning-outcomes/","200","https://x3yyntt5tp-staging.wpdns.site/2025/12/04/the-importance-of-play-in-early-childhood-development-benefits-activities-and-learning-outcomes/","0","false","false","false","","internal"
"https://x3yyntt5tp-staging.wpdns.site/2025/12/26/supporting-cognitive-development-in-school-age-children/","200","https://x3yyntt5tp-staging.wpdns.site/2025/12/26/supporting-cognitive-development-in-school-age-children/","0","false","false","false","","internal"
"https://x3yyntt5tp-staging.wpdns.site/es/2025/12/03/key-signs-your-child-is-ready-for-kindergarten-academic-and-social-readiness-indicators-for-parents/","200","https://x3yyntt5tp-staging.wpdns.site/es/2025/12/03/key-signs-your-child-is-ready-for-kindergarten-academic-and-social-readiness-indicators-for-parents/","0","false","false","false","","internal"
"https://x3yyntt5tp-staging.wpdns.site/es/2025/12/16/loving-infant-care-programs-nurturing-your-babys-needs/","200","https://x3yyntt5tp-staging.wpdns.site/es/2025/12/16/loving-infant-care-programs-nurturing-your-babys-needs/","0","false","false","false","","internal"
"https://x3yyntt5tp-staging.wpdns.site/es/2025/12/26/understanding-individualized-education-plans-ieps/","200","https://x3yyntt5tp-staging.wpdns.site/es/2025/12/26/understanding-individualized-education-plans-ieps/","0","false","false","false","","internal"
"https://x3yyntt5tp-staging.wpdns.site/es/2025/12/02/how-to-raise-a-smarter-child-before-age-3-proven-brain-development-activities-and-early-intelligence-tips/","200","https://x3yyntt5tp-staging.wpdns.site/es/2025/12/02/how-to-raise-a-smarter-child-before-age-3-proven-brain-development-activities-and-early-intelligence-tips/","0","false","false","false","","internal"
"https://x3yyntt5tp-staging.wpdns.site/es/2025/12/03/how-parent-involvement-shapes-curriculum-success-in-early-learning/","200","https://x3yyntt5tp-staging.wpdns.site/es/2025/12/03/how-parent-involvement-shapes-curriculum-success-in-early-learning/","0","false","false","false","","internal"
"https://x3yyntt5tp-staging.wpdns.site/es/2025/12/16/essential-curriculum-assessment-tools-for-early-learners/","200","https://x3yyntt5tp-staging.wpdns.site/es/2025/12/16/essential-curriculum-assessment-tools-for-early-learners/","0","false","false","false","","internal"
"https://x3yyntt5tp-staging.wpdns.site/2025/12/03/why-early-learning-assessments-are-essential-for-your-childs-success-at-chroma-academy/","200","https://x3yyntt5tp-staging.wpdns.site/2025/12/03/why-early-learning-assessments-are-essential-for-your-childs-success-at-chroma-academy/","0","false","false","false","","internal"
"https://x3yyntt5tp-staging.wpdns.site/2025/12/26/nurturing-infant-care-programs-in-sandy-springs-ga/","200","https://x3yyntt5tp-staging.wpdns.site/2025/12/26/nurturing-infant-care-programs-in-sandy-springs-ga/","0","false","false","false","","internal"
"https://x3yyntt5tp-staging.wpdns.site/es/2025/12/26/understanding-childhood-growth-spurts-development/","200","https://x3yyntt5tp-staging.wpdns.site/es/2025/12/26/understanding-childhood-growth-spurts-development/","0","false","false","false","","internal"
"https://x3yyntt5tp-staging.wpdns.site/es/2025/12/26/premier-preschool-programs-in-atlanta-georgia/","200","https://x3yyntt5tp-staging.wpdns.site/es/2025/12/26/premier-preschool-programs-in-atlanta-georgia/","0","false","false","false","","internal"
"https://x3yyntt5tp-staging.wpdns.site/programs/pre-k-prep/","200","https://x3yyntt5tp-staging.wpdns.site/programs/pre-k-prep/","0","false","false","false","","internal"
"https://x3yyntt5tp-staging.wpdns.site/2025/12/26/quick-healthy-snack-ideas-for-toddlers/","200","https://x3yyntt5tp-staging.wpdns.site/2025/12/26/quick-healthy-snack-ideas-for-toddlers/","0","false","false","false","","internal"
"https://x3yyntt5tp-staging.wpdns.site/2025/12/26/childcare-preschool-services-in-fulton-county-ga/","200","https://x3yyntt5tp-staging.wpdns.site/2025/12/26/childcare-preschool-services-in-fulton-county-ga/","0","false","false","false","","internal"
"https://x3yyntt5tp-staging.wpdns.site/2025/12/04/flexible-learning-areas-for-toddlers-explained-benefits-design-and-adaptable-classroom-ideas/","200","https://x3yyntt5tp-staging.wpdns.site/2025/12/04/flexible-learning-areas-for-toddlers-explained-benefits-design-and-adaptable-classroom-ideas/","0","false","false","false","","internal"
"https://x3yyntt5tp-staging.wpdns.site/es/programs/pre-k-prep/","200","https://x3yyntt5tp-staging.wpdns.site/es/programs/pre-k-prep/","0","false","false","false","","internal"
"https://x3yyntt5tp-staging.wpdns.site/es/2025/12/26/the-benefits-of-outdoor-learning-in-early-education/","200","https://x3yyntt5tp-staging.wpdns.site/es/2025/12/26/the-benefits-of-outdoor-learning-in-early-education/","0","false","false","false","","internal"
"https://x3yyntt5tp-staging.wpdns.site/es/2025/12/26/effective-positive-discipline-techniques-for-young-children/","200","https://x3yyntt5tp-staging.wpdns.site/es/2025/12/26/effective-positive-discipline-techniques-for-young-children/","0","false","false","false","","internal"
"https://x3yyntt5tp-staging.wpdns.site/es/2025/12/26/engaging-math-games-for-preschoolers-at-home/","200","https://x3yyntt5tp-staging.wpdns.site/es/2025/12/26/engaging-math-games-for-preschoolers-at-home/","0","false","false","false","","internal"
"https://x3yyntt5tp-staging.wpdns.site/childcare/lilburn/","200","https://x3yyntt5tp-staging.wpdns.site/childcare/lilburn/","0","false","false","false","","internal"
"https://x3yyntt5tp-staging.wpdns.site/2025/12/26/developing-essential-social-skills-for-kindergarten/","200","https://x3yyntt5tp-staging.wpdns.site/2025/12/26/developing-essential-social-skills-for-kindergarten/","0","false","false","false","","internal"
"https://x3yyntt5tp-staging.wpdns.site/2025/12/26/diverse-enrichment-activities-in-after-school-programs/","200","https://x3yyntt5tp-staging.wpdns.site/2025/12/26/diverse-enrichment-activities-in-after-school-programs/","0","false","false","false","","internal"
"https://x3yyntt5tp-staging.wpdns.site/es/2025/12/27/recognizing-developmental-red-flags-in-children/","200","https://x3yyntt5tp-staging.wpdns.site/es/2025/12/27/recognizing-developmental-red-flags-in-children/","0","false","false","false","","internal"
"https://x3yyntt5tp-staging.wpdns.site/es/2025/12/30/childcare-preschool-in-austell-ga-tramore-campus-by-chroma/","200","https://x3yyntt5tp-staging.wpdns.site/es/2025/12/30/childcare-preschool-in-austell-ga-tramore-campus-by-chroma/","0","false","false","false","","internal"
"https://x3yyntt5tp-staging.wpdns.site/careers/","200","https://x3yyntt5tp-staging.wpdns.site/careers/","0","false","false","false","","internal"
"https://x3yyntt5tp-staging.wpdns.site/2025/12/04/empowering-families-through-effective-collaboration-in-early-childhood-education/","200","https://x3yyntt5tp-staging.wpdns.site/2025/12/04/empowering-families-through-effective-collaboration-in-early-childhood-education/","0","false","false","false","","internal"
"https://x3yyntt5tp-staging.wpdns.site/2025/12/26/is-your-kid-ready-for-preschool-hilarious-signs-to-spot/","200","https://x3yyntt5tp-staging.wpdns.site/2025/12/26/is-your-kid-ready-for-preschool-hilarious-signs-to-spot/","0","false","false","false","","internal"
"https://x3yyntt5tp-staging.wpdns.site/es/2025/12/03/8-pediatric-respiratory-distress-signs-every-parent-should-know/","200","https://x3yyntt5tp-staging.wpdns.site/es/2025/12/03/8-pediatric-respiratory-distress-signs-every-parent-should-know/","0","false","false","false","","internal"
"https://x3yyntt5tp-staging.wpdns.site/2025/12/26/our-emergency-preparedness-plan-for-childcare-safety/","200","https://x3yyntt5tp-staging.wpdns.site/2025/12/26/our-emergency-preparedness-plan-for-childcare-safety/","0","false","false","false","","internal"
"https://x3yyntt5tp-staging.wpdns.site/2025/12/29/promoting-healthy-eating-habits-for-young-children/","200","https://x3yyntt5tp-staging.wpdns.site/2025/12/29/promoting-healthy-eating-habits-for-young-children/","0","false","false","false","","internal"
"https://x3yyntt5tp-staging.wpdns.site/es/2025/12/26/supporting-toddler-language-development-communication/","200","https://x3yyntt5tp-staging.wpdns.site/es/2025/12/26/supporting-toddler-language-development-communication/","0","false","false","false","","internal"
"https://x3yyntt5tp-staging.wpdns.site/es/2025/12/30/childcare-preschool-in-murraysville-ga-north-hall-campus-by-chroma/","200","https://x3yyntt5tp-staging.wpdns.site/es/2025/12/30/childcare-preschool-in-murraysville-ga-north-hall-campus-by-chroma/","0","false","false","false","","internal"
"https://x3yyntt5tp-staging.wpdns.site/es/2025/12/26/strategies-for-coping-with-separation-anxiety-in-children/","200","https://x3yyntt5tp-staging.wpdns.site/es/2025/12/26/strategies-for-coping-with-separation-anxiety-in-children/","0","false","false","false","","internal"
"https://x3yyntt5tp-staging.wpdns.site/2025/12/26/essential-back-to-school-tips-for-parents-kids/","200","https://x3yyntt5tp-staging.wpdns.site/2025/12/26/essential-back-to-school-tips-for-parents-kids/","0","false","false","false","","internal"
"https://x3yyntt5tp-staging.wpdns.site/es/2025/12/04/essential-technology-tools-for-early-childhood-learning-benefits-applications-and-parent-guidance/","200","https://x3yyntt5tp-staging.wpdns.site/es/2025/12/04/essential-technology-tools-for-early-childhood-learning-benefits-applications-and-parent-guidance/","0","false","false","false","","internal"
"https://x3yyntt5tp-staging.wpdns.site/es/2025/12/11/how-to-choose-a-preschool-or-daycare-centre-essential-questions-to-ask-for-parents/","200","https://x3yyntt5tp-staging.wpdns.site/es/2025/12/11/how-to-choose-a-preschool-or-daycare-centre-essential-questions-to-ask-for-parents/","0","false","false","false","","internal"
"https://x3yyntt5tp-staging.wpdns.site/2025/12/26/after-school-programs-in-alpharetta-ga/","200","https://x3yyntt5tp-staging.wpdns.site/2025/12/26/after-school-programs-in-alpharetta-ga/","0","false","false","false","","internal"
"https://x3yyntt5tp-staging.wpdns.site/es/2025/12/26/childcare-preschool-services-in-dekalb-county-ga/","200","https://x3yyntt5tp-staging.wpdns.site/es/2025/12/26/childcare-preschool-services-in-dekalb-county-ga/","0","false","false","false","","internal"
"https://x3yyntt5tp-staging.wpdns.site/2025/12/26/kindergarten-readiness-programs-in-roswell-ga/","200","https://x3yyntt5tp-staging.wpdns.site/2025/12/26/kindergarten-readiness-programs-in-roswell-ga/","0","false","false","false","","internal"
"https://x3yyntt5tp-staging.wpdns.site/2025/12/26/creative-family-bonding-activities-for-all-ages/","200","https://x3yyntt5tp-staging.wpdns.site/2025/12/26/creative-family-bonding-activities-for-all-ages/","0","false","false","false","","internal"
"https://x3yyntt5tp-staging.wpdns.site/es/2025/12/26/fostering-creativity-with-arts-crafts-for-toddlers/","200","https://x3yyntt5tp-staging.wpdns.site/es/2025/12/26/fostering-creativity-with-arts-crafts-for-toddlers/","0","false","false","false","","internal"
"https://x3yyntt5tp-staging.wpdns.site/2025/12/26/benefits-of-inquiry-based-learning-in-early-childhood/","200","https://x3yyntt5tp-staging.wpdns.site/2025/12/26/benefits-of-inquiry-based-learning-in-early-childhood/","0","false","false","false","","internal"
"https://x3yyntt5tp-staging.wpdns.site/2025/12/26/fostering-strong-parent-teacher-relationships/","200","https://x3yyntt5tp-staging.wpdns.site/2025/12/26/fostering-strong-parent-teacher-relationships/","0","false","false","false","","internal"
"https://x3yyntt5tp-staging.wpdns.site/2025/12/26/top-rated-preschool-programs-in-johns-creek-ga/","200","https://x3yyntt5tp-staging.wpdns.site/2025/12/26/top-rated-preschool-programs-in-johns-creek-ga/","0","false","false","false","","internal"
"https://x3yyntt5tp-staging.wpdns.site/es/2025/12/10/how-workplace-culture-shapes-employee-retention-key-factors-and-practical-strategies/","200","https://x3yyntt5tp-staging.wpdns.site/es/2025/12/10/how-workplace-culture-shapes-employee-retention-key-factors-and-practical-strategies/","0","false","false","false","","internal"
"https://x3yyntt5tp-staging.wpdns.site/es/2025/12/16/early-education-trends-us-2025-key-insights-and-best-practices-for-future-learning/","200","https://x3yyntt5tp-staging.wpdns.site/es/2025/12/16/early-education-trends-us-2025-key-insights-and-best-practices-for-future-learning/","0","false","false","false","","internal"
"https://x3yyntt5tp-staging.wpdns.site/2025/12/09/chroma-early-learning-academy-design-principles-explained-understanding-the-chroma-spectrum-early-learning-framework/","200","https://x3yyntt5tp-staging.wpdns.site/2025/12/09/chroma-early-learning-academy-design-principles-explained-understanding-the-chroma-spectrum-early-learning-framework/","0","false","false","false","","internal"
"https://x3yyntt5tp-staging.wpdns.site/2025/12/26/meet-our-dedicated-early-learning-academy-team/","200","https://x3yyntt5tp-staging.wpdns.site/2025/12/26/meet-our-dedicated-early-learning-academy-team/","0","false","false","false","","internal"
"https://x3yyntt5tp-staging.wpdns.site/2025/12/26/developing-strong-social-skills-in-preschoolers/","200","https://x3yyntt5tp-staging.wpdns.site/2025/12/26/developing-strong-social-skills-in-preschoolers/","0","false","false","false","","internal"
"https://x3yyntt5tp-staging.wpdns.site/2025/12/10/why-children-need-movement-every-day/","200","https://x3yyntt5tp-staging.wpdns.site/2025/12/10/why-children-need-movement-every-day/","0","false","false","false","","internal"
"https://x3yyntt5tp-staging.wpdns.site/2025/12/03/key-signs-your-child-is-ready-for-kindergarten-academic-and-social-readiness-indicators-for-parents/","200","https://x3yyntt5tp-staging.wpdns.site/2025/12/03/key-signs-your-child-is-ready-for-kindergarten-academic-and-social-readiness-indicators-for-parents/","0","false","false","false","","internal"
"https://x3yyntt5tp-staging.wpdns.site/2025/12/27/recognizing-developmental-red-flags-in-children/","200","https://x3yyntt5tp-staging.wpdns.site/2025/12/27/recognizing-developmental-red-flags-in-children/","0","false","false","false","","internal"
"https://x3yyntt5tp-staging.wpdns.site/es/2025/12/09/interactive-learning-apps-revolutionizing-early-childhood-education-benefits-selection-and-future-trends/","200","https://x3yyntt5tp-staging.wpdns.site/es/2025/12/09/interactive-learning-apps-revolutionizing-early-childhood-education-benefits-selection-and-future-trends/","0","false","false","false","","internal"
"https://x3yyntt5tp-staging.wpdns.site/es/2025/12/26/tips-for-establishing-healthy-sleep-routines-for-kids/","200","https://x3yyntt5tp-staging.wpdns.site/es/2025/12/26/tips-for-establishing-healthy-sleep-routines-for-kids/","0","false","false","false","","internal"
"https://x3yyntt5tp-staging.wpdns.site/es/2025/12/26/finding-support-groups-for-new-parents/","200","https://x3yyntt5tp-staging.wpdns.site/es/2025/12/26/finding-support-groups-for-new-parents/","0","false","false","false","","internal"
"https://x3yyntt5tp-staging.wpdns.site/2025/12/29/helping-children-cope-with-stress-anxiety/","200","https://x3yyntt5tp-staging.wpdns.site/2025/12/29/helping-children-cope-with-stress-anxiety/","0","false","false","false","","internal"
"https://x3yyntt5tp-staging.wpdns.site/2025/12/26/benefits-of-music-and-movement-in-early-childhood/","200","https://x3yyntt5tp-staging.wpdns.site/2025/12/26/benefits-of-music-and-movement-in-early-childhood/","0","false","false","false","","internal"
"https://x3yyntt5tp-staging.wpdns.site/2025/12/26/georgia-pre-k-lottery-program-in-marietta-ga/","200","https://x3yyntt5tp-staging.wpdns.site/2025/12/26/georgia-pre-k-lottery-program-in-marietta-ga/","0","false","false","false","","internal"
"https://x3yyntt5tp-staging.wpdns.site/es/2025/12/26/childcare-preschool-services-in-gwinnett-county-ga/","200","https://x3yyntt5tp-staging.wpdns.site/es/2025/12/26/childcare-preschool-services-in-gwinnett-county-ga/","0","false","false","false","","internal"
"https://x3yyntt5tp-staging.wpdns.site/2025/12/30/childcare-preschool-in-east-marietta-ga-chroma-academy/","200","https://x3yyntt5tp-staging.wpdns.site/2025/12/30/childcare-preschool-in-east-marietta-ga-chroma-academy/","0","false","false","false","","internal"
"https://x3yyntt5tp-staging.wpdns.site/es/2025/12/26/benefits-of-early-intervention-programs-for-children/","200","https://x3yyntt5tp-staging.wpdns.site/es/2025/12/26/benefits-of-early-intervention-programs-for-children/","0","false","false","false","","internal"
"https://x3yyntt5tp-staging.wpdns.site/es/2025/12/26/after-school-programs-in-sandy-springs-ga/","200","https://x3yyntt5tp-staging.wpdns.site/es/2025/12/26/after-school-programs-in-sandy-springs-ga/","0","false","false","false","","internal"
"https://x3yyntt5tp-staging.wpdns.site/2025/12/03/how-quality-of-care-influences-pricing-in-early-childhood-education-services/","200","https://x3yyntt5tp-staging.wpdns.site/2025/12/03/how-quality-of-care-influences-pricing-in-early-childhood-education-services/","0","false","false","false","","internal"
"https://x3yyntt5tp-staging.wpdns.site/2025/12/26/after-school-programs-in-peachtree-corners-ga/","200","https://x3yyntt5tp-staging.wpdns.site/2025/12/26/after-school-programs-in-peachtree-corners-ga/","0","false","false","false","","internal"
"https://x3yyntt5tp-staging.wpdns.site/es/2025/12/16/chroma-academy-parent-involvement-tactics-for-effective-family-engagement-in-early-learning/","200","https://x3yyntt5tp-staging.wpdns.site/es/2025/12/16/chroma-academy-parent-involvement-tactics-for-effective-family-engagement-in-early-learning/","0","false","false","false","","internal"
"https://x3yyntt5tp-staging.wpdns.site/es/2025/12/26/strategies-for-preventing-teacher-burnout/","200","https://x3yyntt5tp-staging.wpdns.site/es/2025/12/26/strategies-for-preventing-teacher-burnout/","0","false","false","false","","internal"
"https://x3yyntt5tp-staging.wpdns.site/es/2025/12/27/mastering-toddler-behavior-effective-tantrum-solutions/","200","https://x3yyntt5tp-staging.wpdns.site/es/2025/12/27/mastering-toddler-behavior-effective-tantrum-solutions/","0","false","false","false","","internal"
"https://x3yyntt5tp-staging.wpdns.site/2025/12/26/understanding-our-childcare-illness-policy/","200","https://x3yyntt5tp-staging.wpdns.site/2025/12/26/understanding-our-childcare-illness-policy/","0","false","false","false","","internal"
"https://x3yyntt5tp-staging.wpdns.site/es/2025/12/26/the-role-of-ai-in-early-childhood-education/","200","https://x3yyntt5tp-staging.wpdns.site/es/2025/12/26/the-role-of-ai-in-early-childhood-education/","0","false","false","false","","internal"
"https://x3yyntt5tp-staging.wpdns.site/es/2025/12/26/is-your-kid-ready-for-preschool-hilarious-signs-to-spot/","200","https://x3yyntt5tp-staging.wpdns.site/es/2025/12/26/is-your-kid-ready-for-preschool-hilarious-signs-to-spot/","0","false","false","false","","internal"
"https://x3yyntt5tp-staging.wpdns.site/es/2025/12/26/how-to-talk-to-kids-about-difficult-topics/","200","https://x3yyntt5tp-staging.wpdns.site/es/2025/12/26/how-to-talk-to-kids-about-difficult-topics/","0","false","false","false","","internal"
"https://x3yyntt5tp-staging.wpdns.site/2025/12/26/understanding-infant-feeding-schedules-nutrition/","200","https://x3yyntt5tp-staging.wpdns.site/2025/12/26/understanding-infant-feeding-schedules-nutrition/","0","false","false","false","","internal"
"https://x3yyntt5tp-staging.wpdns.site/es/2025/12/26/after-school-programs-in-alpharetta-ga/","200","https://x3yyntt5tp-staging.wpdns.site/es/2025/12/26/after-school-programs-in-alpharetta-ga/","0","false","false","false","","internal"
"https://x3yyntt5tp-staging.wpdns.site/2025/12/03/how-preschool-prepares-children-for-kindergarten-success-benefits-skills-and-readiness-strategies/","200","https://x3yyntt5tp-staging.wpdns.site/2025/12/03/how-preschool-prepares-children-for-kindergarten-success-benefits-skills-and-readiness-strategies/","0","false","false","false","","internal"
"https://x3yyntt5tp-staging.wpdns.site/2025/12/03/10-practical-steps-to-budget-for-your-childs-early-education-expenses-year-round/","200","https://x3yyntt5tp-staging.wpdns.site/2025/12/03/10-practical-steps-to-budget-for-your-childs-early-education-expenses-year-round/","0","false","false","false","","internal"
"https://x3yyntt5tp-staging.wpdns.site/es/2025/12/03/why-early-learning-assessments-are-essential-for-your-childs-success-at-chroma-academy/","200","https://x3yyntt5tp-staging.wpdns.site/es/2025/12/03/why-early-learning-assessments-are-essential-for-your-childs-success-at-chroma-academy/","0","false","false","false","","internal"
"https://x3yyntt5tp-staging.wpdns.site/es/2025/12/26/faqs-about-daily-operations-academy-policies/","200","https://x3yyntt5tp-staging.wpdns.site/es/2025/12/26/faqs-about-daily-operations-academy-policies/","0","false","false","false","","internal"
"https://x3yyntt5tp-staging.wpdns.site/es/2025/12/26/typical-daily-schedule-in-our-infant-care-program/","200","https://x3yyntt5tp-staging.wpdns.site/es/2025/12/26/typical-daily-schedule-in-our-infant-care-program/","0","false","false","false","","internal"
"https://x3yyntt5tp-staging.wpdns.site/2025/12/03/8-pediatric-respiratory-distress-signs-every-parent-should-know/","200","https://x3yyntt5tp-staging.wpdns.site/2025/12/03/8-pediatric-respiratory-distress-signs-every-parent-should-know/","0","false","false","false","","internal"
"https://x3yyntt5tp-staging.wpdns.site/es/2025/12/26/introducing-mindfulness-practices-for-children/","200","https://x3yyntt5tp-staging.wpdns.site/es/2025/12/26/introducing-mindfulness-practices-for-children/","0","false","false","false","","internal"
"https://x3yyntt5tp-staging.wpdns.site/2025/12/26/premier-preschool-programs-in-atlanta-georgia/","200","https://x3yyntt5tp-staging.wpdns.site/2025/12/26/premier-preschool-programs-in-atlanta-georgia/","0","false","false","false","","internal"
"https://x3yyntt5tp-staging.wpdns.site/2025/12/26/finding-support-groups-for-new-parents/","200","https://x3yyntt5tp-staging.wpdns.site/2025/12/26/finding-support-groups-for-new-parents/","0","false","false","false","","internal"
"https://x3yyntt5tp-staging.wpdns.site/es/2025/12/04/comparing-chroma-early-learning-academys-quality-to-other-local-preschools-a-detailed-analysis-of-early-childhood-education-standards-and-programs/","200","https://x3yyntt5tp-staging.wpdns.site/es/2025/12/04/comparing-chroma-early-learning-academys-quality-to-other-local-preschools-a-detailed-analysis-of-early-childhood-education-standards-and-programs/","0","false","false","false","","internal"
"https://x3yyntt5tp-staging.wpdns.site/es/2025/12/26/effective-potty-training-support-in-toddler-programs/","200","https://x3yyntt5tp-staging.wpdns.site/es/2025/12/26/effective-potty-training-support-in-toddler-programs/","0","false","false","false","","internal"
"https://x3yyntt5tp-staging.wpdns.site/2025/12/09/interactive-learning-apps-revolutionizing-early-childhood-education-benefits-selection-and-future-trends/","200","https://x3yyntt5tp-staging.wpdns.site/2025/12/09/interactive-learning-apps-revolutionizing-early-childhood-education-benefits-selection-and-future-trends/","0","false","false","false","","internal"
"https://x3yyntt5tp-staging.wpdns.site/2025/12/02/the-surprising-benefits-of-early-childhood-education-why-it-matters-for-your-childs-development-and-future-success/","200","https://x3yyntt5tp-staging.wpdns.site/2025/12/02/the-surprising-benefits-of-early-childhood-education-why-it-matters-for-your-childs-development-and-future-success/","0","false","false","false","","internal"
"https://x3yyntt5tp-staging.wpdns.site/2025/12/26/engaging-sensory-activities-for-infant-development/","200","https://x3yyntt5tp-staging.wpdns.site/2025/12/26/engaging-sensory-activities-for-infant-development/","0","false","false","false","","internal"
"https://x3yyntt5tp-staging.wpdns.site/2025/12/26/supporting-toddler-language-development-communication/","200","https://x3yyntt5tp-staging.wpdns.site/2025/12/26/supporting-toddler-language-development-communication/","0","false","false","false","","internal"
"https://x3yyntt5tp-staging.wpdns.site/2025/12/11/why-sleep-is-the-secret-ingredient-to-better-behavior-understanding-the-child-sleep-behavior-connection-for-parents-and-caregivers/","200","https://x3yyntt5tp-staging.wpdns.site/2025/12/11/why-sleep-is-the-secret-ingredient-to-better-behavior-understanding-the-child-sleep-behavior-connection-for-parents-and-caregivers/","0","false","false","false","","internal"
"https://x3yyntt5tp-staging.wpdns.site/es/2025/12/02/how-nutrition-impacts-early-learning-and-behavior-essential-insights-for-child-brain-development-and-cognitive-function/","200","https://x3yyntt5tp-staging.wpdns.site/es/2025/12/02/how-nutrition-impacts-early-learning-and-behavior-essential-insights-for-child-brain-development-and-cognitive-function/","0","false","false","false","","internal"
"https://x3yyntt5tp-staging.wpdns.site/es/2025/12/26/easy-diy-learning-games-for-young-children/","200","https://x3yyntt5tp-staging.wpdns.site/es/2025/12/26/easy-diy-learning-games-for-young-children/","0","false","false","false","","internal"
"https://x3yyntt5tp-staging.wpdns.site/es/2025/12/26/after-school-programs-in-johns-creek-ga/","200","https://x3yyntt5tp-staging.wpdns.site/es/2025/12/26/after-school-programs-in-johns-creek-ga/","0","false","false","false","","internal"
"https://x3yyntt5tp-staging.wpdns.site/es/2025/12/26/healthy-screen-time-guidelines-for-young-children/","200","https://x3yyntt5tp-staging.wpdns.site/es/2025/12/26/healthy-screen-time-guidelines-for-young-children/","0","false","false","false","","internal"
"https://x3yyntt5tp-staging.wpdns.site/2025/12/27/required-enrollment-forms-and-documents-for-registration/","200","https://x3yyntt5tp-staging.wpdns.site/2025/12/27/required-enrollment-forms-and-documents-for-registration/","0","false","false","false","","internal"
"https://x3yyntt5tp-staging.wpdns.site/es/2025/12/02/why-you-should-not-over-react-when-your-child-gets-hurt-calm-parenting-and-emotional-support-strategies/","200","https://x3yyntt5tp-staging.wpdns.site/es/2025/12/02/why-you-should-not-over-react-when-your-child-gets-hurt-calm-parenting-and-emotional-support-strategies/","0","false","false","false","","internal"
"https://x3yyntt5tp-staging.wpdns.site/es/2025/12/03/10-practical-steps-to-budget-for-your-childs-early-education-expenses-year-round/","200","https://x3yyntt5tp-staging.wpdns.site/es/2025/12/03/10-practical-steps-to-budget-for-your-childs-early-education-expenses-year-round/","0","false","false","false","","internal"
"https://x3yyntt5tp-staging.wpdns.site/es/2025/12/10/top-strategies-to-boost-employee-retention-and-build-long-term-organizational-loyalty/","200","https://x3yyntt5tp-staging.wpdns.site/es/2025/12/10/top-strategies-to-boost-employee-retention-and-build-long-term-organizational-loyalty/","0","false","false","false","","internal"
"https://x3yyntt5tp-staging.wpdns.site/2025/12/26/nurturing-toddler-emotional-growth-regulation/","200","https://x3yyntt5tp-staging.wpdns.site/2025/12/26/nurturing-toddler-emotional-growth-regulation/","0","false","false","false","","internal"
"https://x3yyntt5tp-staging.wpdns.site/es/2025/12/26/kindergarten-readiness-programs-in-smyrna-ga/","200","https://x3yyntt5tp-staging.wpdns.site/es/2025/12/26/kindergarten-readiness-programs-in-smyrna-ga/","0","false","false","false","","internal"
"https://x3yyntt5tp-staging.wpdns.site/es/2025/12/29/promoting-healthy-eating-habits-for-young-children/","200","https://x3yyntt5tp-staging.wpdns.site/es/2025/12/29/promoting-healthy-eating-habits-for-young-children/","0","false","false","false","","internal"
"https://x3yyntt5tp-staging.wpdns.site/es/2025/12/26/essential-kindergarten-readiness-checklist-for-parents/","200","https://x3yyntt5tp-staging.wpdns.site/es/2025/12/26/essential-kindergarten-readiness-checklist-for-parents/","0","false","false","false","","internal"
"https://x3yyntt5tp-staging.wpdns.site/2025/12/26/comprehensive-allergy-management-in-our-childcare-centers/","200","https://x3yyntt5tp-staging.wpdns.site/2025/12/26/comprehensive-allergy-management-in-our-childcare-centers/","0","false","false","false","","internal"
"https://x3yyntt5tp-staging.wpdns.site/2025/12/04/how-integrating-technology-in-early-childhood-curriculum-boosts-learning-and-prepares-children-for-the-future/","200","https://x3yyntt5tp-staging.wpdns.site/2025/12/04/how-integrating-technology-in-early-childhood-curriculum-boosts-learning-and-prepares-children-for-the-future/","0","false","false","false","","internal"
"https://x3yyntt5tp-staging.wpdns.site/es/2025/12/26/key-benefits-of-enrolling-in-georgia-pre-k/","200","https://x3yyntt5tp-staging.wpdns.site/es/2025/12/26/key-benefits-of-enrolling-in-georgia-pre-k/","0","false","false","false","","internal"
"https://x3yyntt5tp-staging.wpdns.site/2025/12/26/essential-dental-health-tips-for-young-children/","200","https://x3yyntt5tp-staging.wpdns.site/2025/12/26/essential-dental-health-tips-for-young-children/","0","false","false","false","","internal"
"https://x3yyntt5tp-staging.wpdns.site/es/2025/12/26/nurturing-infant-care-programs-in-sandy-springs-ga/","200","https://x3yyntt5tp-staging.wpdns.site/es/2025/12/26/nurturing-infant-care-programs-in-sandy-springs-ga/","0","false","false","false","","internal"
"https://x3yyntt5tp-staging.wpdns.site/es/2025/12/04/safe-and-stimulating-learning-environments-for-early-learners-ensuring-childcare-safety-and-engaging-developmental-activities/","200","https://x3yyntt5tp-staging.wpdns.site/es/2025/12/04/safe-and-stimulating-learning-environments-for-early-learners-ensuring-childcare-safety-and-engaging-developmental-activities/","0","false","false","false","","internal"
"https://x3yyntt5tp-staging.wpdns.site/2025/12/30/secure-the-best-childcare-in-alpharetta-ga-midway-campus/","200","https://x3yyntt5tp-staging.wpdns.site/2025/12/30/secure-the-best-childcare-in-alpharetta-ga-midway-campus/","0","false","false","false","","internal"
"https://x3yyntt5tp-staging.wpdns.site/es/2025/12/30/childcare-preschool-in-tyrone-ga-chroma-academy/","200","https://x3yyntt5tp-staging.wpdns.site/es/2025/12/30/childcare-preschool-in-tyrone-ga-chroma-academy/","0","false","false","false","","internal"
"https://x3yyntt5tp-staging.wpdns.site/es/2025/12/26/key-benefits-of-enrolling-in-after-school-programs/","200","https://x3yyntt5tp-staging.wpdns.site/es/2025/12/26/key-benefits-of-enrolling-in-after-school-programs/","0","false","false","false","","internal"
"https://x3yyntt5tp-staging.wpdns.site/es/2025/12/29/home-daycare-vs-childcare-center-a-comparison/","200","https://x3yyntt5tp-staging.wpdns.site/es/2025/12/29/home-daycare-vs-childcare-center-a-comparison/","0","false","false","false","","internal"
"https://x3yyntt5tp-staging.wpdns.site/es/2025/12/30/childcare-preschool-in-jonesboro-ga-chroma-academy/","200","https://x3yyntt5tp-staging.wpdns.site/es/2025/12/30/childcare-preschool-in-jonesboro-ga-chroma-academy/","0","false","false","false","","internal"
"https://x3yyntt5tp-staging.wpdns.site/es/2025/12/26/implementing-personalized-learning-in-preschool/","200","https://x3yyntt5tp-staging.wpdns.site/es/2025/12/26/implementing-personalized-learning-in-preschool/","0","false","false","false","","internal"
"https://x3yyntt5tp-staging.wpdns.site/2025/12/10/5-things-to-say-instead-of-stop-crying/","200","https://x3yyntt5tp-staging.wpdns.site/2025/12/10/5-things-to-say-instead-of-stop-crying/","0","false","false","false","","internal"
"https://x3yyntt5tp-staging.wpdns.site/es/2025/12/26/montessori-vs-reggio-emilia-which-is-best/","200","https://x3yyntt5tp-staging.wpdns.site/es/2025/12/26/montessori-vs-reggio-emilia-which-is-best/","0","false","false","false","","internal"
"https://x3yyntt5tp-staging.wpdns.site/2025/12/26/engaging-math-games-for-preschoolers-at-home/","200","https://x3yyntt5tp-staging.wpdns.site/2025/12/26/engaging-math-games-for-preschoolers-at-home/","0","false","false","false","","internal"
"https://x3yyntt5tp-staging.wpdns.site/es/2025/12/26/benefits-of-music-and-movement-in-early-childhood/","200","https://x3yyntt5tp-staging.wpdns.site/es/2025/12/26/benefits-of-music-and-movement-in-early-childhood/","0","false","false","false","","internal"
"https://x3yyntt5tp-staging.wpdns.site/es/2025/12/30/quality-childcare-preschool-in-duluth-ga-downtown-campus-by-chroma/","200","https://x3yyntt5tp-staging.wpdns.site/es/2025/12/30/quality-childcare-preschool-in-duluth-ga-downtown-campus-by-chroma/","0","false","false","false","","internal"
"https://x3yyntt5tp-staging.wpdns.site/2025/12/26/guide-to-child-development-stages-ages-milestones/","200","https://x3yyntt5tp-staging.wpdns.site/2025/12/26/guide-to-child-development-stages-ages-milestones/","0","false","false","false","","internal"
"https://x3yyntt5tp-staging.wpdns.site/2025/12/10/enroll-at-chroma-academy-mcdonough-preschool-childcare-for-quality-early-learning/","200","https://x3yyntt5tp-staging.wpdns.site/2025/12/10/enroll-at-chroma-academy-mcdonough-preschool-childcare-for-quality-early-learning/","0","false","false","false","","internal"
"https://x3yyntt5tp-staging.wpdns.site/es/2025/12/26/early-literacy-development-in-our-programs/","200","https://x3yyntt5tp-staging.wpdns.site/es/2025/12/26/early-literacy-development-in-our-programs/","0","false","false","false","","internal"
"https://x3yyntt5tp-staging.wpdns.site/es/2025/12/26/essential-resources-for-parents-of-special-needs-children/","200","https://x3yyntt5tp-staging.wpdns.site/es/2025/12/26/essential-resources-for-parents-of-special-needs-children/","0","false","false","false","","internal"
"https://x3yyntt5tp-staging.wpdns.site/2025/12/26/strategies-for-coping-with-separation-anxiety-in-children/","200","https://x3yyntt5tp-staging.wpdns.site/2025/12/26/strategies-for-coping-with-separation-anxiety-in-children/","0","false","false","false","","internal"
"https://x3yyntt5tp-staging.wpdns.site/2025/12/26/daycare-vs-nanny-which-is-right-for-your-family/","200","https://x3yyntt5tp-staging.wpdns.site/2025/12/26/daycare-vs-nanny-which-is-right-for-your-family/","0","false","false","false","","internal"
"https://x3yyntt5tp-staging.wpdns.site/2025/12/04/comparing-chroma-early-learning-academys-quality-to-other-local-preschools-a-detailed-analysis-of-early-childhood-education-standards-and-programs/","200","https://x3yyntt5tp-staging.wpdns.site/2025/12/04/comparing-chroma-early-learning-academys-quality-to-other-local-preschools-a-detailed-analysis-of-early-childhood-education-standards-and-programs/","0","false","false","false","","internal"
"https://x3yyntt5tp-staging.wpdns.site/es/2025/12/10/top-10-employee-retention-strategies-that-boost-job-satisfaction-and-cut-turnover/","200","https://x3yyntt5tp-staging.wpdns.site/es/2025/12/10/top-10-employee-retention-strategies-that-boost-job-satisfaction-and-cut-turnover/","0","false","false","false","","internal"
"https://x3yyntt5tp-staging.wpdns.site/es/2025/12/03/how-preschool-prepares-children-for-kindergarten-success-benefits-skills-and-readiness-strategies/","200","https://x3yyntt5tp-staging.wpdns.site/es/2025/12/03/how-preschool-prepares-children-for-kindergarten-success-benefits-skills-and-readiness-strategies/","0","false","false","false","","internal"
"https://x3yyntt5tp-staging.wpdns.site/es/2025/12/04/why-early-childhood-education-matters-for-development-key-benefits-and-parental-guidance/","200","https://x3yyntt5tp-staging.wpdns.site/es/2025/12/04/why-early-childhood-education-matters-for-development-key-benefits-and-parental-guidance/","0","false","false","false","","internal"
"https://x3yyntt5tp-staging.wpdns.site/2025/12/26/fostering-social-emotional-learning-in-early-childhood/","200","https://x3yyntt5tp-staging.wpdns.site/2025/12/26/fostering-social-emotional-learning-in-early-childhood/","0","false","false","false","","internal"
"https://x3yyntt5tp-staging.wpdns.site/es/2025/12/26/engaging-sensory-activities-for-infant-development/","200","https://x3yyntt5tp-staging.wpdns.site/es/2025/12/26/engaging-sensory-activities-for-infant-development/","0","false","false","false","","internal"
"https://x3yyntt5tp-staging.wpdns.site/es/2025/12/26/our-emergency-preparedness-plan-for-childcare-safety/","200","https://x3yyntt5tp-staging.wpdns.site/es/2025/12/26/our-emergency-preparedness-plan-for-childcare-safety/","0","false","false","false","","internal"
"https://x3yyntt5tp-staging.wpdns.site/2025/12/30/quality-childcare-preschool-in-duluth-ga-downtown-campus-by-chroma/","200","https://x3yyntt5tp-staging.wpdns.site/2025/12/30/quality-childcare-preschool-in-duluth-ga-downtown-campus-by-chroma/","0","false","false","false","","internal"
"https://x3yyntt5tp-staging.wpdns.site/es/2025/12/10/5-things-to-say-instead-of-stop-crying/","200","https://x3yyntt5tp-staging.wpdns.site/es/2025/12/10/5-things-to-say-instead-of-stop-crying/","0","false","false","false","","internal"
"https://x3yyntt5tp-staging.wpdns.site/2025/12/26/georgia-pre-k-eligibility-requirements-application-guide/","200","https://x3yyntt5tp-staging.wpdns.site/2025/12/26/georgia-pre-k-eligibility-requirements-application-guide/","0","false","false","false","","internal"
"https://x3yyntt5tp-staging.wpdns.site/2025/12/02/chroma-early-learning-academy-your-premier-choice-for-daycare-and-preschool-in-alpharetta-milton-and-cumming-ga/","200","https://x3yyntt5tp-staging.wpdns.site/2025/12/02/chroma-early-learning-academy-your-premier-choice-for-daycare-and-preschool-in-alpharetta-milton-and-cumming-ga/","0","false","false","false","","internal"
"https://x3yyntt5tp-staging.wpdns.site/es/2025/12/29/fostering-emotional-readiness-for-kindergarten-success/","200","https://x3yyntt5tp-staging.wpdns.site/es/2025/12/29/fostering-emotional-readiness-for-kindergarten-success/","0","false","false","false","","internal"
"https://x3yyntt5tp-staging.wpdns.site/2025/12/26/after-school-programs-in-atlanta-georgia/","200","https://x3yyntt5tp-staging.wpdns.site/2025/12/26/after-school-programs-in-atlanta-georgia/","0","false","false","false","","internal"
"https://x3yyntt5tp-staging.wpdns.site/2025/12/30/trusted-childcare-preschool-in-lilburn-ga-chroma-academy/","200","https://x3yyntt5tp-staging.wpdns.site/2025/12/30/trusted-childcare-preschool-in-lilburn-ga-chroma-academy/","0","false","false","false","","internal"
"https://x3yyntt5tp-staging.wpdns.site/es/2025/12/26/fun-summer-learning-activities-for-children/","200","https://x3yyntt5tp-staging.wpdns.site/es/2025/12/26/fun-summer-learning-activities-for-children/","0","false","false","false","","internal"
"https://x3yyntt5tp-staging.wpdns.site/2025/12/29/nurturing-infant-care-programs-in-alpharetta-ga/","200","https://x3yyntt5tp-staging.wpdns.site/2025/12/29/nurturing-infant-care-programs-in-alpharetta-ga/","0","false","false","false","","internal"
"https://x3yyntt5tp-staging.wpdns.site/2025/12/10/how-workplace-culture-shapes-employee-retention-key-factors-and-practical-strategies/","200","https://x3yyntt5tp-staging.wpdns.site/2025/12/10/how-workplace-culture-shapes-employee-retention-key-factors-and-practical-strategies/","0","false","false","false","","internal"
"https://x3yyntt5tp-staging.wpdns.site/2025/12/26/top-benefits-of-professional-infant-care-for-early-development/","200","https://x3yyntt5tp-staging.wpdns.site/2025/12/26/top-benefits-of-professional-infant-care-for-early-development/","0","false","false","false","","internal"
"https://x3yyntt5tp-staging.wpdns.site/es/2025/12/26/tips-for-creating-inclusive-classrooms-for-all-learners/","200","https://x3yyntt5tp-staging.wpdns.site/es/2025/12/26/tips-for-creating-inclusive-classrooms-for-all-learners/","0","false","false","false","","internal"
"https://x3yyntt5tp-staging.wpdns.site/es/2025/12/10/learn-how-play-based-learning-transforms-early-childhood-education-for-holistic-child-development/","200","https://x3yyntt5tp-staging.wpdns.site/es/2025/12/10/learn-how-play-based-learning-transforms-early-childhood-education-for-holistic-child-development/","0","false","false","false","","internal"
"https://x3yyntt5tp-staging.wpdns.site/2025/12/26/understanding-childhood-growth-spurts-development/","200","https://x3yyntt5tp-staging.wpdns.site/2025/12/26/understanding-childhood-growth-spurts-development/","0","false","false","false","","internal"
"https://x3yyntt5tp-staging.wpdns.site/es/2025/12/26/top-rated-preschool-programs-in-peachtree-corners-ga/","200","https://x3yyntt5tp-staging.wpdns.site/es/2025/12/26/top-rated-preschool-programs-in-peachtree-corners-ga/","0","false","false","false","","internal"
"https://x3yyntt5tp-staging.wpdns.site/2025/12/03/how-parent-involvement-shapes-curriculum-success-in-early-learning/","200","https://x3yyntt5tp-staging.wpdns.site/2025/12/03/how-parent-involvement-shapes-curriculum-success-in-early-learning/","0","false","false","false","","internal"
"https://x3yyntt5tp-staging.wpdns.site/2025/12/26/after-school-programs-in-sandy-springs-ga/","200","https://x3yyntt5tp-staging.wpdns.site/2025/12/26/after-school-programs-in-sandy-springs-ga/","0","false","false","false","","internal"
"https://x3yyntt5tp-staging.wpdns.site/2025/12/27/tips-for-effective-communication-with-toddlers/","200","https://x3yyntt5tp-staging.wpdns.site/2025/12/27/tips-for-effective-communication-with-toddlers/","0","false","false","false","","internal"
"https://x3yyntt5tp-staging.wpdns.site/es/2025/12/26/top-classroom-management-strategies-for-preschool/","200","https://x3yyntt5tp-staging.wpdns.site/es/2025/12/26/top-classroom-management-strategies-for-preschool/","0","false","false","false","","internal"
"https://x3yyntt5tp-staging.wpdns.site/es/2025/12/03/the-wrong-way-to-raise-confidence/","200","https://x3yyntt5tp-staging.wpdns.site/es/2025/12/03/the-wrong-way-to-raise-confidence/","0","false","false","false","","internal"
"https://x3yyntt5tp-staging.wpdns.site/2025/12/26/fun-summer-learning-activities-for-children/","200","https://x3yyntt5tp-staging.wpdns.site/2025/12/26/fun-summer-learning-activities-for-children/","0","false","false","false","","internal"
"https://x3yyntt5tp-staging.wpdns.site/2025/12/30/rivergreen-campus-childcare-preschool-in-canton-ga-chroma/","200","https://x3yyntt5tp-staging.wpdns.site/2025/12/30/rivergreen-campus-childcare-preschool-in-canton-ga-chroma/","0","false","false","false","","internal"
"https://x3yyntt5tp-staging.wpdns.site/es/2025/12/26/nurturing-infant-care-programs-in-peachtree-corners-ga/","200","https://x3yyntt5tp-staging.wpdns.site/es/2025/12/26/nurturing-infant-care-programs-in-peachtree-corners-ga/","0","false","false","false","","internal"
"https://x3yyntt5tp-staging.wpdns.site/es/2025/12/10/why-children-need-movement-every-day/","200","https://x3yyntt5tp-staging.wpdns.site/es/2025/12/10/why-children-need-movement-every-day/","0","false","false","false","","internal"
"https://x3yyntt5tp-staging.wpdns.site/es/2025/12/26/guide-to-child-development-stages-ages-milestones/","200","https://x3yyntt5tp-staging.wpdns.site/es/2025/12/26/guide-to-child-development-stages-ages-milestones/","0","false","false","false","","internal"
"https://x3yyntt5tp-staging.wpdns.site/2025/12/30/childcare-preschool-in-tyrone-ga-chroma-academy/","200","https://x3yyntt5tp-staging.wpdns.site/2025/12/30/childcare-preschool-in-tyrone-ga-chroma-academy/","0","false","false","false","","internal"
"https://x3yyntt5tp-staging.wpdns.site/2025/12/26/childcare-preschool-services-in-dekalb-county-ga/","200","https://x3yyntt5tp-staging.wpdns.site/2025/12/26/childcare-preschool-services-in-dekalb-county-ga/","0","false","false","false","","internal"
"https://x3yyntt5tp-staging.wpdns.site/2025/12/04/safe-and-stimulating-learning-environments-for-early-learners-ensuring-childcare-safety-and-engaging-developmental-activities/","200","https://x3yyntt5tp-staging.wpdns.site/2025/12/04/safe-and-stimulating-learning-environments-for-early-learners-ensuring-childcare-safety-and-engaging-developmental-activities/","0","false","false","false","","internal"
"https://x3yyntt5tp-staging.wpdns.site/2025/12/26/top-rated-preschool-programs-in-sandy-springs-ga/","200","https://x3yyntt5tp-staging.wpdns.site/2025/12/26/top-rated-preschool-programs-in-sandy-springs-ga/","0","false","false","false","","internal"
"https://x3yyntt5tp-staging.wpdns.site/2025/12/26/ensure-childcare-safety-our-commitment-to-health-policies/","200","https://x3yyntt5tp-staging.wpdns.site/2025/12/26/ensure-childcare-safety-our-commitment-to-health-policies/","0","false","false","false","","internal"
"https://x3yyntt5tp-staging.wpdns.site/es/2025/12/30/childcare-preschool-in-newnan-ga-shenandoah-campus-by-chroma/","200","https://x3yyntt5tp-staging.wpdns.site/es/2025/12/30/childcare-preschool-in-newnan-ga-shenandoah-campus-by-chroma/","0","false","false","false","","internal"
"https://x3yyntt5tp-staging.wpdns.site/2025/12/26/early-literacy-development-in-our-programs/","200","https://x3yyntt5tp-staging.wpdns.site/2025/12/26/early-literacy-development-in-our-programs/","0","false","false","false","","internal"
"https://x3yyntt5tp-staging.wpdns.site/es/2025/12/29/top-questions-to-ask-childcare-providers/","200","https://x3yyntt5tp-staging.wpdns.site/es/2025/12/29/top-questions-to-ask-childcare-providers/","0","false","false","false","","internal"
"https://x3yyntt5tp-staging.wpdns.site/es/2025/12/26/strategies-for-coping-with-parental-burnout/","200","https://x3yyntt5tp-staging.wpdns.site/es/2025/12/26/strategies-for-coping-with-parental-burnout/","0","false","false","false","","internal"
"https://x3yyntt5tp-staging.wpdns.site/es/2025/12/09/chroma-early-learning-academy-design-principles-explained-understanding-the-chroma-spectrum-early-learning-framework/","200","https://x3yyntt5tp-staging.wpdns.site/es/2025/12/09/chroma-early-learning-academy-design-principles-explained-understanding-the-chroma-spectrum-early-learning-framework/","0","false","false","false","","internal"
"https://x3yyntt5tp-staging.wpdns.site/2025/12/30/childcare-preschool-on-satellite-boulevard-duluth-ga-chroma/","200","https://x3yyntt5tp-staging.wpdns.site/2025/12/30/childcare-preschool-on-satellite-boulevard-duluth-ga-chroma/","0","false","false","false","","internal"
"https://x3yyntt5tp-staging.wpdns.site/2025/12/30/childcare-preschool-in-newnan-ga-shenandoah-campus-by-chroma/","200","https://x3yyntt5tp-staging.wpdns.site/2025/12/30/childcare-preschool-in-newnan-ga-shenandoah-campus-by-chroma/","0","false","false","false","","internal"
"https://x3yyntt5tp-staging.wpdns.site/es/2025/12/26/how-to-build-self-esteem-in-young-children/","200","https://x3yyntt5tp-staging.wpdns.site/es/2025/12/26/how-to-build-self-esteem-in-young-children/","0","false","false","false","","internal"
"https://x3yyntt5tp-staging.wpdns.site/es/2025/12/26/preschool-vs-daycare-which-is-right-for-your-child/","200","https://x3yyntt5tp-staging.wpdns.site/es/2025/12/26/preschool-vs-daycare-which-is-right-for-your-child/","0","false","false","false","","internal"
"https://x3yyntt5tp-staging.wpdns.site/2025/12/26/engaging-toddler-care-programs-in-smyrna-ga/","200","https://x3yyntt5tp-staging.wpdns.site/2025/12/26/engaging-toddler-care-programs-in-smyrna-ga/","0","false","false","false","","internal"
"https://x3yyntt5tp-staging.wpdns.site/es/2025/12/30/childcare-preschool-in-austell-ga-south-cobb-campus-by-chroma/","200","https://x3yyntt5tp-staging.wpdns.site/es/2025/12/30/childcare-preschool-in-austell-ga-south-cobb-campus-by-chroma/","0","false","false","false","","internal"
"https://x3yyntt5tp-staging.wpdns.site/es/2025/12/26/ensure-childcare-safety-our-commitment-to-health-policies/","200","https://x3yyntt5tp-staging.wpdns.site/es/2025/12/26/ensure-childcare-safety-our-commitment-to-health-policies/","0","false","false","false","","internal"
"https://x3yyntt5tp-staging.wpdns.site/2025/12/26/boosting-infant-cognitive-development-activities/","200","https://x3yyntt5tp-staging.wpdns.site/2025/12/26/boosting-infant-cognitive-development-activities/","0","false","false","false","","internal"
"https://x3yyntt5tp-staging.wpdns.site/2025/12/26/healthy-screen-time-guidelines-for-young-children/","200","https://x3yyntt5tp-staging.wpdns.site/2025/12/26/healthy-screen-time-guidelines-for-young-children/","0","false","false","false","","internal"
"https://x3yyntt5tp-staging.wpdns.site/2025/12/26/building-early-math-skills-in-preschool-programs/","200","https://x3yyntt5tp-staging.wpdns.site/2025/12/26/building-early-math-skills-in-preschool-programs/","0","false","false","false","","internal"
"https://x3yyntt5tp-staging.wpdns.site/2025/12/26/benefits-of-gamification-in-early-childhood-learning/","200","https://x3yyntt5tp-staging.wpdns.site/2025/12/26/benefits-of-gamification-in-early-childhood-learning/","0","false","false","false","","internal"
"https://x3yyntt5tp-staging.wpdns.site/es/2025/12/29/understanding-childcare-accreditation-its-importance/","200","https://x3yyntt5tp-staging.wpdns.site/es/2025/12/29/understanding-childcare-accreditation-its-importance/","0","false","false","false","","internal"
"https://x3yyntt5tp-staging.wpdns.site/es/2025/12/26/nurturing-toddler-emotional-growth-regulation/","200","https://x3yyntt5tp-staging.wpdns.site/es/2025/12/26/nurturing-toddler-emotional-growth-regulation/","0","false","false","false","","internal"
"https://x3yyntt5tp-staging.wpdns.site/es/2025/12/26/top-rated-preschool-programs-in-sandy-springs-ga/","200","https://x3yyntt5tp-staging.wpdns.site/es/2025/12/26/top-rated-preschool-programs-in-sandy-springs-ga/","0","false","false","false","","internal"
"https://x3yyntt5tp-staging.wpdns.site/2025/12/26/how-to-talk-to-kids-about-difficult-topics/","200","https://x3yyntt5tp-staging.wpdns.site/2025/12/26/how-to-talk-to-kids-about-difficult-topics/","0","false","false","false","","internal"
"https://x3yyntt5tp-staging.wpdns.site/es/2025/12/03/chroma-academy-teaching-staff-who-educates-your-child-and-how-their-qualifications-ensure-quality-early-childhood-education/","200","https://x3yyntt5tp-staging.wpdns.site/es/2025/12/03/chroma-academy-teaching-staff-who-educates-your-child-and-how-their-qualifications-ensure-quality-early-childhood-education/","0","false","false","false","","internal"
"https://x3yyntt5tp-staging.wpdns.site/2025/12/26/montessori-vs-reggio-emilia-which-is-best/","200","https://x3yyntt5tp-staging.wpdns.site/2025/12/26/montessori-vs-reggio-emilia-which-is-best/","0","false","false","false","","internal"
"https://x3yyntt5tp-staging.wpdns.site/2025/12/04/essential-technology-tools-for-early-childhood-learning-benefits-applications-and-parent-guidance/","200","https://x3yyntt5tp-staging.wpdns.site/2025/12/04/essential-technology-tools-for-early-childhood-learning-benefits-applications-and-parent-guidance/","0","false","false","false","","internal"
"https://x3yyntt5tp-staging.wpdns.site/es/2025/12/26/georgia-pre-k-eligibility-requirements-application-guide/","200","https://x3yyntt5tp-staging.wpdns.site/es/2025/12/26/georgia-pre-k-eligibility-requirements-application-guide/","0","false","false","false","","internal"
"https://x3yyntt5tp-staging.wpdns.site/es/2025/12/02/the-surprising-benefits-of-early-childhood-education-why-it-matters-for-your-childs-development-and-future-success/","200","https://x3yyntt5tp-staging.wpdns.site/es/2025/12/02/the-surprising-benefits-of-early-childhood-education-why-it-matters-for-your-childs-development-and-future-success/","0","false","false","false","","internal"
"https://x3yyntt5tp-staging.wpdns.site/2025/12/26/strategies-for-managing-sibling-rivalry-effectively/","200","https://x3yyntt5tp-staging.wpdns.site/2025/12/26/strategies-for-managing-sibling-rivalry-effectively/","0","false","false","false","","internal"
"https://x3yyntt5tp-staging.wpdns.site/2025/12/02/why-you-should-not-over-react-when-your-child-gets-hurt-calm-parenting-and-emotional-support-strategies/","200","https://x3yyntt5tp-staging.wpdns.site/2025/12/02/why-you-should-not-over-react-when-your-child-gets-hurt-calm-parenting-and-emotional-support-strategies/","0","false","false","false","","internal"
"https://x3yyntt5tp-staging.wpdns.site/es/2025/12/29/helping-children-cope-with-stress-anxiety/","200","https://x3yyntt5tp-staging.wpdns.site/es/2025/12/29/helping-children-cope-with-stress-anxiety/","0","false","false","false","","internal"
"https://x3yyntt5tp-staging.wpdns.site/es/2025/12/03/early-childhood-assessment-methods-explained-comprehensive-guide-to-child-development-and-kindergarten-readiness/","200","https://x3yyntt5tp-staging.wpdns.site/es/2025/12/03/early-childhood-assessment-methods-explained-comprehensive-guide-to-child-development-and-kindergarten-readiness/","0","false","false","false","","internal"
"https://x3yyntt5tp-staging.wpdns.site/2025/12/26/mini-scientists-how-curiosity-fuels-early-stem-learning/","200","https://x3yyntt5tp-staging.wpdns.site/2025/12/26/mini-scientists-how-curiosity-fuels-early-stem-learning/","0","false","false","false","","internal"
"https://x3yyntt5tp-staging.wpdns.site/es/2025/12/26/benefits-of-gamification-in-early-childhood-learning/","200","https://x3yyntt5tp-staging.wpdns.site/es/2025/12/26/benefits-of-gamification-in-early-childhood-learning/","0","false","false","false","","internal"
"https://x3yyntt5tp-staging.wpdns.site/2025/12/26/after-school-programs-in-johns-creek-ga/","200","https://x3yyntt5tp-staging.wpdns.site/2025/12/26/after-school-programs-in-johns-creek-ga/","0","false","false","false","","internal"
"https://x3yyntt5tp-staging.wpdns.site/es/2025/12/10/how-employee-benefits-surveys-boost-retention-and-support-business-growth/","200","https://x3yyntt5tp-staging.wpdns.site/es/2025/12/10/how-employee-benefits-surveys-boost-retention-and-support-business-growth/","0","false","false","false","","internal"
"https://x3yyntt5tp-staging.wpdns.site/2025/12/16/how-to-strengthen-home-school-connections-for-early-learners-to-boost-family-engagement-and-child-development/","200","https://x3yyntt5tp-staging.wpdns.site/2025/12/16/how-to-strengthen-home-school-connections-for-early-learners-to-boost-family-engagement-and-child-development/","0","false","false","false","","internal"
"https://x3yyntt5tp-staging.wpdns.site/es/2025/12/26/georgia-pre-k-lottery-program-in-smyrna-ga/","200","https://x3yyntt5tp-staging.wpdns.site/es/2025/12/26/georgia-pre-k-lottery-program-in-smyrna-ga/","0","false","false","false","","internal"
"https://x3yyntt5tp-staging.wpdns.site/2025/12/26/exploring-global-early-education-models-practices/","200","https://x3yyntt5tp-staging.wpdns.site/2025/12/26/exploring-global-early-education-models-practices/","0","false","false","false","","internal"
"https://x3yyntt5tp-staging.wpdns.site/2025/12/26/tips-for-planning-family-vacations-with-kids/","200","https://x3yyntt5tp-staging.wpdns.site/2025/12/26/tips-for-planning-family-vacations-with-kids/","0","false","false","false","","internal"
"https://x3yyntt5tp-staging.wpdns.site/2025/12/30/childcare-preschool-in-murraysville-ga-north-hall-campus-by-chroma/","200","https://x3yyntt5tp-staging.wpdns.site/2025/12/30/childcare-preschool-in-murraysville-ga-north-hall-campus-by-chroma/","0","false","false","false","","internal"
"https://x3yyntt5tp-staging.wpdns.site/es/2025/12/30/secure-the-best-childcare-in-alpharetta-ga-midway-campus/","200","https://x3yyntt5tp-staging.wpdns.site/es/2025/12/30/secure-the-best-childcare-in-alpharetta-ga-midway-campus/","0","false","false","false","","internal"
"https://x3yyntt5tp-staging.wpdns.site/2025/12/26/tips-for-preparing-your-child-for-daycare/","200","https://x3yyntt5tp-staging.wpdns.site/2025/12/26/tips-for-preparing-your-child-for-daycare/","0","false","false","false","","internal"
"https://x3yyntt5tp-staging.wpdns.site/es/2025/12/26/how-nutrition-impacts-early-learning-and-behavior/","200","https://x3yyntt5tp-staging.wpdns.site/es/2025/12/26/how-nutrition-impacts-early-learning-and-behavior/","0","false","false","false","","internal"
"https://x3yyntt5tp-staging.wpdns.site/es/2025/12/04/empowering-families-through-effective-collaboration-in-early-childhood-education/","200","https://x3yyntt5tp-staging.wpdns.site/es/2025/12/04/empowering-families-through-effective-collaboration-in-early-childhood-education/","0","false","false","false","","internal"
"https://x3yyntt5tp-staging.wpdns.site/es/2025/12/04/flexible-learning-areas-for-toddlers-explained-benefits-design-and-adaptable-classroom-ideas/","200","https://x3yyntt5tp-staging.wpdns.site/es/2025/12/04/flexible-learning-areas-for-toddlers-explained-benefits-design-and-adaptable-classroom-ideas/","0","false","false","false","","internal"
"https://x3yyntt5tp-staging.wpdns.site/es/2025/12/26/foods-to-boost-your-childs-immunity/","200","https://x3yyntt5tp-staging.wpdns.site/es/2025/12/26/foods-to-boost-your-childs-immunity/","0","false","false","false","","internal"
"https://x3yyntt5tp-staging.wpdns.site/2025/12/16/chroma-academy-parent-involvement-tactics-for-effective-family-engagement-in-early-learning/","200","https://x3yyntt5tp-staging.wpdns.site/2025/12/16/chroma-academy-parent-involvement-tactics-for-effective-family-engagement-in-early-learning/","0","false","false","false","","internal"
"https://x3yyntt5tp-staging.wpdns.site/es/2025/12/26/georgia-pre-k-lottery-program-in-marietta-ga/","200","https://x3yyntt5tp-staging.wpdns.site/es/2025/12/26/georgia-pre-k-lottery-program-in-marietta-ga/","0","false","false","false","","internal"
"https://x3yyntt5tp-staging.wpdns.site/2025/12/16/essential-curriculum-assessment-tools-for-early-learners/","200","https://x3yyntt5tp-staging.wpdns.site/2025/12/16/essential-curriculum-assessment-tools-for-early-learners/","0","false","false","false","","internal"
"https://x3yyntt5tp-staging.wpdns.site/es/2025/12/03/how-quality-of-care-influences-pricing-in-early-childhood-education-services/","200","https://x3yyntt5tp-staging.wpdns.site/es/2025/12/03/how-quality-of-care-influences-pricing-in-early-childhood-education-services/","0","false","false","false","","internal"
"https://x3yyntt5tp-staging.wpdns.site/2025/12/10/learn-how-play-based-learning-transforms-early-childhood-education-for-holistic-child-development/","200","https://x3yyntt5tp-staging.wpdns.site/2025/12/10/learn-how-play-based-learning-transforms-early-childhood-education-for-holistic-child-development/","0","false","false","false","","internal"
"https://x3yyntt5tp-staging.wpdns.site/es/2025/12/30/cherokee-academy-by-chroma-childcare-preschool-in-canton-ga/","200","https://x3yyntt5tp-staging.wpdns.site/es/2025/12/30/cherokee-academy-by-chroma-childcare-preschool-in-canton-ga/","0","false","false","false","","internal"
"https://x3yyntt5tp-staging.wpdns.site/2025/12/26/top-rated-preschool-programs-in-peachtree-corners-ga/","200","https://x3yyntt5tp-staging.wpdns.site/2025/12/26/top-rated-preschool-programs-in-peachtree-corners-ga/","0","false","false","false","","internal"
"https://x3yyntt5tp-staging.wpdns.site/es/2025/12/26/tips-for-preparing-your-child-for-daycare/","200","https://x3yyntt5tp-staging.wpdns.site/es/2025/12/26/tips-for-preparing-your-child-for-daycare/","0","false","false","false","","internal"
"https://x3yyntt5tp-staging.wpdns.site/es/programs/ga-pre-k/","200","https://x3yyntt5tp-staging.wpdns.site/es/programs/ga-pre-k/","0","false","false","false","","internal"
"https://x3yyntt5tp-staging.wpdns.site/es/2025/12/26/understanding-our-childcare-illness-policy/","200","https://x3yyntt5tp-staging.wpdns.site/es/2025/12/26/understanding-our-childcare-illness-policy/","0","false","false","false","","internal"
"https://x3yyntt5tp-staging.wpdns.site/es/2025/12/26/essential-dental-health-tips-for-young-children/","200","https://x3yyntt5tp-staging.wpdns.site/es/2025/12/26/essential-dental-health-tips-for-young-children/","0","false","false","false","","internal"
"https://x3yyntt5tp-staging.wpdns.site/es/2025/12/26/fostering-problem-solving-skills-in-preschoolers/","200","https://x3yyntt5tp-staging.wpdns.site/es/2025/12/26/fostering-problem-solving-skills-in-preschoolers/","0","false","false","false","","internal"
"https://x3yyntt5tp-staging.wpdns.site/es/2025/12/26/georgia-pre-k-lottery-program-in-roswell-ga/","200","https://x3yyntt5tp-staging.wpdns.site/es/2025/12/26/georgia-pre-k-lottery-program-in-roswell-ga/","0","false","false","false","","internal"
"https://x3yyntt5tp-staging.wpdns.site/es/2025/12/26/childcare-subsidies-financial-aid-options/","200","https://x3yyntt5tp-staging.wpdns.site/es/2025/12/26/childcare-subsidies-financial-aid-options/","0","false","false","false","","internal"
"https://x3yyntt5tp-staging.wpdns.site/2025/12/03/why-preschool-education-is-crucial-for-early-development-key-benefits-and-preparation-for-lifelong-success/","200","https://x3yyntt5tp-staging.wpdns.site/2025/12/03/why-preschool-education-is-crucial-for-early-development-key-benefits-and-preparation-for-lifelong-success/","0","false","false","false","","internal"
"https://x3yyntt5tp-staging.wpdns.site/2025/12/26/georgia-pre-k-lottery-program-in-duluth-ga/","200","https://x3yyntt5tp-staging.wpdns.site/2025/12/26/georgia-pre-k-lottery-program-in-duluth-ga/","0","false","false","false","","internal"
"https://x3yyntt5tp-staging.wpdns.site/es/2025/12/26/the-benefits-of-play-based-learning-in-preschool/","200","https://x3yyntt5tp-staging.wpdns.site/es/2025/12/26/the-benefits-of-play-based-learning-in-preschool/","0","false","false","false","","internal"
"https://x3yyntt5tp-staging.wpdns.site/2025/12/26/practicing-mindful-parenting-for-a-calmer-home/","200","https://x3yyntt5tp-staging.wpdns.site/2025/12/26/practicing-mindful-parenting-for-a-calmer-home/","0","false","false","false","","internal"
"https://x3yyntt5tp-staging.wpdns.site/2025/12/26/key-toddler-developmental-milestones-how-we-support-them/","200","https://x3yyntt5tp-staging.wpdns.site/2025/12/26/key-toddler-developmental-milestones-how-we-support-them/","0","false","false","false","","internal"
"https://x3yyntt5tp-staging.wpdns.site/es/2025/12/26/nurturing-infant-care-programs-in-johns-creek-ga/","200","https://x3yyntt5tp-staging.wpdns.site/es/2025/12/26/nurturing-infant-care-programs-in-johns-creek-ga/","0","false","false","false","","internal"
"https://x3yyntt5tp-staging.wpdns.site/es/2025/12/26/after-school-programs-in-atlanta-georgia/","200","https://x3yyntt5tp-staging.wpdns.site/es/2025/12/26/after-school-programs-in-atlanta-georgia/","0","false","false","false","","internal"
"https://x3yyntt5tp-staging.wpdns.site/2025/12/26/essential-training-for-early-childhood-educators/","200","https://x3yyntt5tp-staging.wpdns.site/2025/12/26/essential-training-for-early-childhood-educators/","0","false","false","false","","internal"
"https://x3yyntt5tp-staging.wpdns.site/es/2025/12/26/kindergarten-readiness-programs-in-roswell-ga/","200","https://x3yyntt5tp-staging.wpdns.site/es/2025/12/26/kindergarten-readiness-programs-in-roswell-ga/","0","false","false","false","","internal"
"https://x3yyntt5tp-staging.wpdns.site/2025/12/26/how-nutrition-impacts-early-learning-and-behavior/","200","https://x3yyntt5tp-staging.wpdns.site/2025/12/26/how-nutrition-impacts-early-learning-and-behavior/","0","false","false","false","","internal"
"https://x3yyntt5tp-staging.wpdns.site/es/2025/12/02/how-reading-aloud-builds-your-childs-brain/","200","https://x3yyntt5tp-staging.wpdns.site/es/2025/12/02/how-reading-aloud-builds-your-childs-brain/","0","false","false","false","","internal"
"https://x3yyntt5tp-staging.wpdns.site/2025/12/26/top-rated-preschool-programs-in-decatur-ga/","200","https://x3yyntt5tp-staging.wpdns.site/2025/12/26/top-rated-preschool-programs-in-decatur-ga/","0","false","false","false","","internal"
"https://x3yyntt5tp-staging.wpdns.site/2025/12/26/easy-science-experiments-for-kids-at-home/","200","https://x3yyntt5tp-staging.wpdns.site/2025/12/26/easy-science-experiments-for-kids-at-home/","0","false","false","false","","internal"
"https://x3yyntt5tp-staging.wpdns.site/es/2025/12/26/fostering-social-emotional-learning-in-early-childhood/","200","https://x3yyntt5tp-staging.wpdns.site/es/2025/12/26/fostering-social-emotional-learning-in-early-childhood/","0","false","false","false","","internal"
"https://x3yyntt5tp-staging.wpdns.site/2025/12/11/4-things-to-say-when-your-child-isnt-listening-that-actually-work/","200","https://x3yyntt5tp-staging.wpdns.site/2025/12/11/4-things-to-say-when-your-child-isnt-listening-that-actually-work/","0","false","false","false","","internal"
"https://x3yyntt5tp-staging.wpdns.site/2025/12/26/georgia-pre-k-lottery-program-in-smyrna-ga/","200","https://x3yyntt5tp-staging.wpdns.site/2025/12/26/georgia-pre-k-lottery-program-in-smyrna-ga/","0","false","false","false","","internal"
"https://x3yyntt5tp-staging.wpdns.site/es/2025/12/26/mini-scientists-how-curiosity-fuels-early-stem-learning/","200","https://x3yyntt5tp-staging.wpdns.site/es/2025/12/26/mini-scientists-how-curiosity-fuels-early-stem-learning/","0","false","false","false","","internal"
"https://x3yyntt5tp-staging.wpdns.site/2025/12/26/understanding-individualized-education-plans-ieps/","200","https://x3yyntt5tp-staging.wpdns.site/2025/12/26/understanding-individualized-education-plans-ieps/","0","false","false","false","","internal"
"https://x3yyntt5tp-staging.wpdns.site/es/2025/12/26/comprehensive-allergy-management-in-our-childcare-centers/","200","https://x3yyntt5tp-staging.wpdns.site/es/2025/12/26/comprehensive-allergy-management-in-our-childcare-centers/","0","false","false","false","","internal"
"https://x3yyntt5tp-staging.wpdns.site/es/2025/12/26/practicing-mindful-parenting-for-a-calmer-home/","200","https://x3yyntt5tp-staging.wpdns.site/es/2025/12/26/practicing-mindful-parenting-for-a-calmer-home/","0","false","false","false","","internal"
"https://x3yyntt5tp-staging.wpdns.site/es/programs/infant-care/","200","https://x3yyntt5tp-staging.wpdns.site/es/programs/infant-care/","0","false","false","false","","internal"
"https://x3yyntt5tp-staging.wpdns.site/es/programs/toddler-care/","200","https://x3yyntt5tp-staging.wpdns.site/es/programs/toddler-care/","0","false","false","false","","internal"
"https://x3yyntt5tp-staging.wpdns.site/es/programs/preschool/","200","https://x3yyntt5tp-staging.wpdns.site/es/programs/preschool/","0","false","false","false","","internal"
"https://x3yyntt5tp-staging.wpdns.site/es/2025/12/26/meet-our-dedicated-early-learning-academy-team/","200","https://x3yyntt5tp-staging.wpdns.site/es/2025/12/26/meet-our-dedicated-early-learning-academy-team/","0","false","false","false","","internal"
"https://x3yyntt5tp-staging.wpdns.site/es/2025/12/03/the-critical-role-of-a-structured-curriculum-in-early-childhood-education-success-benefits-impact-and-kindergarten-readiness/","200","https://x3yyntt5tp-staging.wpdns.site/es/2025/12/03/the-critical-role-of-a-structured-curriculum-in-early-childhood-education-success-benefits-impact-and-kindergarten-readiness/","0","false","false","false","","internal"
"https://x3yyntt5tp-staging.wpdns.site/2025/12/02/choosing-between-full-day-and-half-day-preschool-practical-guidance-every-parent-can-use/","200","https://x3yyntt5tp-staging.wpdns.site/2025/12/02/choosing-between-full-day-and-half-day-preschool-practical-guidance-every-parent-can-use/","0","false","false","false","","internal"
"https://x3yyntt5tp-staging.wpdns.site/es/2025/12/27/tips-for-effective-communication-with-toddlers/","200","https://x3yyntt5tp-staging.wpdns.site/es/2025/12/27/tips-for-effective-communication-with-toddlers/","0","false","false","false","","internal"
"https://x3yyntt5tp-staging.wpdns.site/es/2025/12/04/the-importance-of-play-in-early-childhood-development-benefits-activities-and-learning-outcomes/","200","https://x3yyntt5tp-staging.wpdns.site/es/2025/12/04/the-importance-of-play-in-early-childhood-development-benefits-activities-and-learning-outcomes/","0","false","false","false","","internal"
"https://x3yyntt5tp-staging.wpdns.site/2025/12/26/time-management-strategies-for-working-parents/","200","https://x3yyntt5tp-staging.wpdns.site/2025/12/26/time-management-strategies-for-working-parents/","0","false","false","false","","internal"
"https://x3yyntt5tp-staging.wpdns.site/es/2025/12/09/integrating-technology-in-early-childhood-education-for-better-outcomes-benefits-tools-and-parental-guidance/","200","https://x3yyntt5tp-staging.wpdns.site/es/2025/12/09/integrating-technology-in-early-childhood-education-for-better-outcomes-benefits-tools-and-parental-guidance/","0","false","false","false","","internal"
"https://x3yyntt5tp-staging.wpdns.site/2026/01/07/early-education-expansion-chroma-academys-19-new-locations/","200","https://x3yyntt5tp-staging.wpdns.site/2026/01/07/early-education-expansion-chroma-academys-19-new-locations/","0","false","false","false","","internal"
"https://x3yyntt5tp-staging.wpdns.site/es/2026/01/07/early-education-expansion-chroma-academys-19-new-locations/","200","https://x3yyntt5tp-staging.wpdns.site/es/2026/01/07/early-education-expansion-chroma-academys-19-new-locations/","0","false","false","false","","internal"
"https://x3yyntt5tp-staging.wpdns.site/2025/12/26/kindergarten-readiness-programs-in-smyrna-ga/","200","https://x3yyntt5tp-staging.wpdns.site/2025/12/26/kindergarten-readiness-programs-in-smyrna-ga/","0","false","false","false","","internal"
"https://x3yyntt5tp-staging.wpdns.site/2025/12/26/engaging-toddler-care-programs-in-duluth-ga/","200","https://x3yyntt5tp-staging.wpdns.site/2025/12/26/engaging-toddler-care-programs-in-duluth-ga/","0","false","false","false","","internal"
"https://x3yyntt5tp-staging.wpdns.site/2025/12/26/essential-guide-choosing-a-preschool-with-key-questions/","200","https://x3yyntt5tp-staging.wpdns.site/2025/12/26/essential-guide-choosing-a-preschool-with-key-questions/","0","false","false","false","","internal"
"https://x3yyntt5tp-staging.wpdns.site/childcare/alpharetta/","200","https://x3yyntt5tp-staging.wpdns.site/childcare/alpharetta/","0","false","false","false","","internal"
"https://x3yyntt5tp-staging.wpdns.site/childcare/austell/","200","https://x3yyntt5tp-staging.wpdns.site/childcare/austell/","0","false","false","false","","internal"
"https://x3yyntt5tp-staging.wpdns.site/childcare/ballground/","200","https://x3yyntt5tp-staging.wpdns.site/childcare/ballground/","0","false","false","false","","internal"
"https://x3yyntt5tp-staging.wpdns.site/childcare/canton/","200","https://x3yyntt5tp-staging.wpdns.site/childcare/canton/","0","false","false","false","","internal"
"https://x3yyntt5tp-staging.wpdns.site/childcare/clermont/","200","https://x3yyntt5tp-staging.wpdns.site/childcare/clermont/","0","false","false","false","","internal"
"https://x3yyntt5tp-staging.wpdns.site/childcare/cumming/","200","https://x3yyntt5tp-staging.wpdns.site/childcare/cumming/","0","false","false","false","","internal"
"https://x3yyntt5tp-staging.wpdns.site/childcare/dahlonega/","200","https://x3yyntt5tp-staging.wpdns.site/childcare/dahlonega/","0","false","false","false","","internal"
"https://x3yyntt5tp-staging.wpdns.site/childcare/dawsonville/","200","https://x3yyntt5tp-staging.wpdns.site/childcare/dawsonville/","0","false","false","false","","internal"
"https://x3yyntt5tp-staging.wpdns.site/childcare/decatur/","200","https://x3yyntt5tp-staging.wpdns.site/childcare/decatur/","0","false","false","false","","internal"
"https://x3yyntt5tp-staging.wpdns.site/childcare/duluth/","200","https://x3yyntt5tp-staging.wpdns.site/childcare/duluth/","0","false","false","false","","internal"
"https://x3yyntt5tp-staging.wpdns.site/childcare/east-cobb/","200","https://x3yyntt5tp-staging.wpdns.site/childcare/east-cobb/","0","false","false","false","","internal"
"https://x3yyntt5tp-staging.wpdns.site/childcare/ellenwood/","200","https://x3yyntt5tp-staging.wpdns.site/childcare/ellenwood/","0","false","false","false","","internal"
"https://x3yyntt5tp-staging.wpdns.site/childcare/fairburn/","200","https://x3yyntt5tp-staging.wpdns.site/childcare/fairburn/","0","false","false","false","","internal"
"https://x3yyntt5tp-staging.wpdns.site/childcare/fayetteville/","200","https://x3yyntt5tp-staging.wpdns.site/childcare/fayetteville/","0","false","false","false","","internal"
"https://x3yyntt5tp-staging.wpdns.site/childcare/gainesville/","200","https://x3yyntt5tp-staging.wpdns.site/childcare/gainesville/","0","false","false","false","","internal"
"https://x3yyntt5tp-staging.wpdns.site/childcare/griffin/","200","https://x3yyntt5tp-staging.wpdns.site/childcare/griffin/","0","false","false","false","","internal"
"https://x3yyntt5tp-staging.wpdns.site/childcare/hampton/","200","https://x3yyntt5tp-staging.wpdns.site/childcare/hampton/","0","false","false","false","","internal"
"https://x3yyntt5tp-staging.wpdns.site/childcare/jasper/","200","https://x3yyntt5tp-staging.wpdns.site/childcare/jasper/","0","false","false","false","","internal"
"https://x3yyntt5tp-staging.wpdns.site/childcare/johns-creek/","200","https://x3yyntt5tp-staging.wpdns.site/childcare/johns-creek/","0","false","false","false","","internal"
"https://x3yyntt5tp-staging.wpdns.site/childcare/jonesboro/","200","https://x3yyntt5tp-staging.wpdns.site/childcare/jonesboro/","0","false","false","false","","internal"
"https://x3yyntt5tp-staging.wpdns.site/childcare/kennesaw/","200","https://x3yyntt5tp-staging.wpdns.site/childcare/kennesaw/","0","false","false","false","","internal"
"https://x3yyntt5tp-staging.wpdns.site/childcare/lafayette/","200","https://x3yyntt5tp-staging.wpdns.site/locations/","1","false","false","false","","internal"
"https://x3yyntt5tp-staging.wpdns.site/childcare/lawrenceville/","200","https://x3yyntt5tp-staging.wpdns.site/childcare/lawrenceville/","0","false","false","false","","internal"
"https://x3yyntt5tp-staging.wpdns.site/childcare/lithia-springs/","200","https://x3yyntt5tp-staging.wpdns.site/childcare/lithia-springs/","0","false","false","false","","internal"
"https://x3yyntt5tp-staging.wpdns.site/childcare/locust-grove/","200","https://x3yyntt5tp-staging.wpdns.site/childcare/locust-grove/","0","false","false","false","","internal"
"https://x3yyntt5tp-staging.wpdns.site/childcare/lovejoy/","200","https://x3yyntt5tp-staging.wpdns.site/childcare/lovejoy/","0","false","false","false","","internal"
"https://x3yyntt5tp-staging.wpdns.site/childcare/mableton/","200","https://x3yyntt5tp-staging.wpdns.site/childcare/mableton/","0","false","false","false","","internal"
"https://x3yyntt5tp-staging.wpdns.site/childcare/marietta/","200","https://x3yyntt5tp-staging.wpdns.site/childcare/marietta/","0","false","false","false","","internal"
"https://x3yyntt5tp-staging.wpdns.site/childcare/mcdonough/","200","https://x3yyntt5tp-staging.wpdns.site/childcare/mcdonough/","0","false","false","false","","internal"
"https://x3yyntt5tp-staging.wpdns.site/childcare/milton/","200","https://x3yyntt5tp-staging.wpdns.site/childcare/milton/","0","false","false","false","","internal"
"https://x3yyntt5tp-staging.wpdns.site/childcare/morrow/","200","https://x3yyntt5tp-staging.wpdns.site/childcare/morrow/","0","false","false","false","","internal"
"https://x3yyntt5tp-staging.wpdns.site/childcare/murrayville/","200","https://x3yyntt5tp-staging.wpdns.site/childcare/murrayville/","0","false","false","false","","internal"
"https://x3yyntt5tp-staging.wpdns.site/childcare/newnan/","200","https://x3yyntt5tp-staging.wpdns.site/childcare/newnan/","0","false","false","false","","internal"
"https://x3yyntt5tp-staging.wpdns.site/childcare/norcross/","200","https://x3yyntt5tp-staging.wpdns.site/childcare/norcross/","0","false","false","false","","internal"
"https://x3yyntt5tp-staging.wpdns.site/childcare/north-hall/","200","https://x3yyntt5tp-staging.wpdns.site/childcare/north-hall/","0","false","false","false","","internal"
"https://x3yyntt5tp-staging.wpdns.site/childcare/palmetto/","200","https://x3yyntt5tp-staging.wpdns.site/childcare/palmetto/","0","false","false","false","","internal"
"https://x3yyntt5tp-staging.wpdns.site/childcare/peachtree-city/","200","https://x3yyntt5tp-staging.wpdns.site/childcare/peachtree-city/","0","false","false","false","","internal"
"https://x3yyntt5tp-staging.wpdns.site/childcare/peachtree-corners/","200","https://x3yyntt5tp-staging.wpdns.site/childcare/peachtree-corners/","0","false","false","false","","internal"
"https://x3yyntt5tp-staging.wpdns.site/childcare/powder-springs/","200","https://x3yyntt5tp-staging.wpdns.site/childcare/powder-springs/","0","false","false","false","","internal"
"https://x3yyntt5tp-staging.wpdns.site/childcare/rex/","200","https://x3yyntt5tp-staging.wpdns.site/childcare/rex/","0","false","false","false","","internal"
"https://x3yyntt5tp-staging.wpdns.site/childcare/roswell/","200","https://x3yyntt5tp-staging.wpdns.site/childcare/roswell/","0","false","false","false","","internal"
"https://x3yyntt5tp-staging.wpdns.site/childcare/snellville/","200","https://x3yyntt5tp-staging.wpdns.site/childcare/snellville/","0","false","false","false","","internal"
"https://x3yyntt5tp-staging.wpdns.site/childcare/stockbridge/","429","https://x3yyntt5tp-staging.wpdns.site/childcare/stockbridge/","0","true","false","false","","internal"
"https://x3yyntt5tp-staging.wpdns.site/childcare/stone-mountain/","429","https://x3yyntt5tp-staging.wpdns.site/childcare/stone-mountain/","0","true","false","false","","internal"
"https://x3yyntt5tp-staging.wpdns.site/childcare/tucker/","429","https://x3yyntt5tp-staging.wpdns.site/childcare/tucker/","0","true","false","false","","internal"
"https://x3yyntt5tp-staging.wpdns.site/childcare/tyrone/","429","https://x3yyntt5tp-staging.wpdns.site/childcare/tyrone/","0","true","false","false","","internal"
"https://x3yyntt5tp-staging.wpdns.site/childcare/waleska/","429","https://x3yyntt5tp-staging.wpdns.site/childcare/waleska/","0","true","false","false","","internal"
"https://x3yyntt5tp-staging.wpdns.site/childcare/west-cobb/","429","https://x3yyntt5tp-staging.wpdns.site/childcare/west-cobb/","0","true","false","false","","internal"
"https://x3yyntt5tp-staging.wpdns.site/childcare/woodstock/","429","https://x3yyntt5tp-staging.wpdns.site/childcare/woodstock/","0","true","false","false","","internal"
"https://x3yyntt5tp-staging.wpdns.site/es/childcare/alpharetta/","429","https://x3yyntt5tp-staging.wpdns.site/es/childcare/alpharetta/","0","true","false","false","","internal"
"https://x3yyntt5tp-staging.wpdns.site/es/childcare/austell/","429","https://x3yyntt5tp-staging.wpdns.site/es/childcare/austell/","0","true","false","false","","internal"
"https://x3yyntt5tp-staging.wpdns.site/es/childcare/ballground/","429","https://x3yyntt5tp-staging.wpdns.site/es/childcare/ballground/","0","true","false","false","","internal"
"https://x3yyntt5tp-staging.wpdns.site/es/childcare/canton/","429","https://x3yyntt5tp-staging.wpdns.site/es/childcare/canton/","0","true","false","false","","internal"
"https://x3yyntt5tp-staging.wpdns.site/es/childcare/clermont/","429","https://x3yyntt5tp-staging.wpdns.site/es/childcare/clermont/","0","true","false","false","","internal"
"https://x3yyntt5tp-staging.wpdns.site/es/childcare/cumming/","429","https://x3yyntt5tp-staging.wpdns.site/es/childcare/cumming/","0","true","false","false","","internal"
"https://x3yyntt5tp-staging.wpdns.site/es/childcare/dahlonega/","429","https://x3yyntt5tp-staging.wpdns.site/es/childcare/dahlonega/","0","true","false","false","","internal"
"https://x3yyntt5tp-staging.wpdns.site/es/childcare/dawsonville/","429","https://x3yyntt5tp-staging.wpdns.site/es/childcare/dawsonville/","0","true","false","false","","internal"
"https://x3yyntt5tp-staging.wpdns.site/es/childcare/decatur/","429","https://x3yyntt5tp-staging.wpdns.site/es/childcare/decatur/","0","true","false","false","","internal"
"https://x3yyntt5tp-staging.wpdns.site/es/childcare/duluth/","429","https://x3yyntt5tp-staging.wpdns.site/es/childcare/duluth/","0","true","false","false","","internal"
"https://x3yyntt5tp-staging.wpdns.site/es/childcare/east-cobb/","429","https://x3yyntt5tp-staging.wpdns.site/es/childcare/east-cobb/","0","true","false","false","","internal"
"https://x3yyntt5tp-staging.wpdns.site/es/childcare/ellenwood/","429","https://x3yyntt5tp-staging.wpdns.site/es/childcare/ellenwood/","0","true","false","false","","internal"
"https://x3yyntt5tp-staging.wpdns.site/es/childcare/fairburn/","429","https://x3yyntt5tp-staging.wpdns.site/es/childcare/fairburn/","0","true","false","false","","internal"
"https://x3yyntt5tp-staging.wpdns.site/es/childcare/fayetteville/","429","https://x3yyntt5tp-staging.wpdns.site/es/childcare/fayetteville/","0","true","false","false","","internal"
"https://x3yyntt5tp-staging.wpdns.site/es/childcare/gainesville/","429","https://x3yyntt5tp-staging.wpdns.site/es/childcare/gainesville/","0","true","false","false","","internal"
"https://x3yyntt5tp-staging.wpdns.site/es/childcare/griffin/","429","https://x3yyntt5tp-staging.wpdns.site/es/childcare/griffin/","0","true","false","false","","internal"
"https://x3yyntt5tp-staging.wpdns.site/es/childcare/jasper/","429","https://x3yyntt5tp-staging.wpdns.site/es/childcare/jasper/","0","true","false","false","","internal"
"https://x3yyntt5tp-staging.wpdns.site/es/childcare/johns-creek/","429","https://x3yyntt5tp-staging.wpdns.site/es/childcare/johns-creek/","0","true","false","false","","internal"
"https://x3yyntt5tp-staging.wpdns.site/es/childcare/jonesboro/","429","https://x3yyntt5tp-staging.wpdns.site/es/childcare/jonesboro/","0","true","false","false","","internal"
"https://x3yyntt5tp-staging.wpdns.site/es/childcare/kennesaw/","429","https://x3yyntt5tp-staging.wpdns.site/es/childcare/kennesaw/","0","true","false","false","","internal"
"https://x3yyntt5tp-staging.wpdns.site/es/childcare/lawrenceville/","429","https://x3yyntt5tp-staging.wpdns.site/es/childcare/lawrenceville/","0","true","false","false","","internal"
"https://x3yyntt5tp-staging.wpdns.site/es/childcare/lilburn/","429","https://x3yyntt5tp-staging.wpdns.site/es/childcare/lilburn/","0","true","false","false","","internal"
"https://x3yyntt5tp-staging.wpdns.site/es/childcare/lithia-springs/","429","https://x3yyntt5tp-staging.wpdns.site/es/childcare/lithia-springs/","0","true","false","false","","internal"
"https://x3yyntt5tp-staging.wpdns.site/es/childcare/locust-grove/","429","https://x3yyntt5tp-staging.wpdns.site/es/childcare/locust-grove/","0","true","false","false","","internal"
"https://x3yyntt5tp-staging.wpdns.site/es/childcare/lovejoy/","429","https://x3yyntt5tp-staging.wpdns.site/es/childcare/lovejoy/","0","true","false","false","","internal"
"https://x3yyntt5tp-staging.wpdns.site/es/childcare/mableton/","429","https://x3yyntt5tp-staging.wpdns.site/es/childcare/mableton/","0","true","false","false","","internal"
"https://x3yyntt5tp-staging.wpdns.site/es/childcare/marietta/","429","https://x3yyntt5tp-staging.wpdns.site/es/childcare/marietta/","0","true","false","false","","internal"
"https://x3yyntt5tp-staging.wpdns.site/es/childcare/mcdonough/","429","https://x3yyntt5tp-staging.wpdns.site/es/childcare/mcdonough/","0","true","false","false","","internal"
"https://x3yyntt5tp-staging.wpdns.site/es/childcare/morrow/","429","https://x3yyntt5tp-staging.wpdns.site/es/childcare/morrow/","0","true","false","false","","internal"
"https://x3yyntt5tp-staging.wpdns.site/es/childcare/murrayville/","429","https://x3yyntt5tp-staging.wpdns.site/es/childcare/murrayville/","0","true","false","false","","internal"
"https://x3yyntt5tp-staging.wpdns.site/es/childcare/newnan/","429","https://x3yyntt5tp-staging.wpdns.site/es/childcare/newnan/","0","true","false","false","","internal"
"https://x3yyntt5tp-staging.wpdns.site/es/childcare/norcross/","429","https://x3yyntt5tp-staging.wpdns.site/es/childcare/norcross/","0","true","false","false","","internal"
"https://x3yyntt5tp-staging.wpdns.site/es/childcare/north-hall/","429","https://x3yyntt5tp-staging.wpdns.site/es/childcare/north-hall/","0","true","false","false","","internal"
"https://x3yyntt5tp-staging.wpdns.site/es/childcare/palmetto/","429","https://x3yyntt5tp-staging.wpdns.site/es/childcare/palmetto/","0","true","false","false","","internal"
"https://x3yyntt5tp-staging.wpdns.site/es/childcare/peachtree-city/","429","https://x3yyntt5tp-staging.wpdns.site/es/childcare/peachtree-city/","0","true","false","false","","internal"
"https://x3yyntt5tp-staging.wpdns.site/es/childcare/peachtree-corners/","429","https://x3yyntt5tp-staging.wpdns.site/es/childcare/peachtree-corners/","0","true","false","false","","internal"
"https://x3yyntt5tp-staging.wpdns.site/es/childcare/powder-springs/","429","https://x3yyntt5tp-staging.wpdns.site/es/childcare/powder-springs/","0","true","false","false","","internal"
"https://x3yyntt5tp-staging.wpdns.site/es/childcare/rex/","429","https://x3yyntt5tp-staging.wpdns.site/es/childcare/rex/","0","true","false","false","","internal"
"https://x3yyntt5tp-staging.wpdns.site/es/childcare/roswell/","429","https://x3yyntt5tp-staging.wpdns.site/es/childcare/roswell/","0","true","false","false","","internal"
"https://x3yyntt5tp-staging.wpdns.site/es/childcare/snellville/","429","https://x3yyntt5tp-staging.wpdns.site/es/childcare/snellville/","0","true","false","false","","internal"
"https://x3yyntt5tp-staging.wpdns.site/es/childcare/stockbridge/","429","https://x3yyntt5tp-staging.wpdns.site/es/childcare/stockbridge/","0","true","false","false","","internal"
"https://x3yyntt5tp-staging.wpdns.site/es/childcare/stone-mountain/","429","https://x3yyntt5tp-staging.wpdns.site/es/childcare/stone-mountain/","0","true","false","false","","internal"
"https://x3yyntt5tp-staging.wpdns.site/es/childcare/tucker/","429","https://x3yyntt5tp-staging.wpdns.site/es/childcare/tucker/","0","true","false","false","","internal"
"https://x3yyntt5tp-staging.wpdns.site/es/childcare/tyrone/","429","https://x3yyntt5tp-staging.wpdns.site/es/childcare/tyrone/","0","true","false","false","","internal"
"https://x3yyntt5tp-staging.wpdns.site/es/childcare/waleska/","429","https://x3yyntt5tp-staging.wpdns.site/es/childcare/waleska/","0","true","false","false","","internal"
"https://x3yyntt5tp-staging.wpdns.site/es/childcare/west-cobb/","429","https://x3yyntt5tp-staging.wpdns.site/es/childcare/west-cobb/","0","true","false","false","","internal"
"https://x3yyntt5tp-staging.wpdns.site/es/2025/12/10/your-daycare-tour-questions-a-parents-essential-checklist/","429","https://x3yyntt5tp-staging.wpdns.site/es/2025/12/10/your-daycare-tour-questions-a-parents-essential-checklist/","0","true","false","false","","internal"
"https://x3yyntt5tp-staging.wpdns.site/2025/12/29/fostering-emotional-readiness-for-kindergarten-success/","200","https://x3yyntt5tp-staging.wpdns.site/2025/12/29/fostering-emotional-readiness-for-kindergarten-success/","0","false","false","false","","internal"
"https://x3yyntt5tp-staging.wpdns.site/es/2025/12/04/chroma-early-learning-academy-enrollment-faqs-you-need-to-know-complete-guide-to-programs-process-and-parent-resources/","200","https://x3yyntt5tp-staging.wpdns.site/es/2025/12/04/chroma-early-learning-academy-enrollment-faqs-you-need-to-know-complete-guide-to-programs-process-and-parent-resources/","0","false","false","false","","internal"
"https://x3yyntt5tp-staging.wpdns.site/blog/","429","https://x3yyntt5tp-staging.wpdns.site/blog/","0","true","false","false","","internal"
"https://x3yyntt5tp-staging.wpdns.site/2025/12/26/addressing-social-challenges-in-school-age-children/","200","https://x3yyntt5tp-staging.wpdns.site/2025/12/26/addressing-social-challenges-in-school-age-children/","0","false","false","false","","internal"
"https://x3yyntt5tp-staging.wpdns.site/2025/12/10/top-10-employee-retention-strategies-that-boost-job-satisfaction-and-cut-turnover/","200","https://x3yyntt5tp-staging.wpdns.site/2025/12/10/top-10-employee-retention-strategies-that-boost-job-satisfaction-and-cut-turnover/","0","false","false","false","","internal"
"https://x3yyntt5tp-staging.wpdns.site/2025/12/04/chroma-early-learning-academy-enrollment-faqs-you-need-to-know-complete-guide-to-programs-process-and-parent-resources/","200","https://x3yyntt5tp-staging.wpdns.site/2025/12/04/chroma-early-learning-academy-enrollment-faqs-you-need-to-know-complete-guide-to-programs-process-and-parent-resources/","0","false","false","false","","internal"
"https://x3yyntt5tp-staging.wpdns.site/es/2025/12/26/tips-for-managing-household-chores-with-kids/","429","https://x3yyntt5tp-staging.wpdns.site/es/2025/12/26/tips-for-managing-household-chores-with-kids/","0","true","false","false","","internal"
"https://x3yyntt5tp-staging.wpdns.site/2025/12/26/easy-diy-learning-games-for-young-children/","200","https://x3yyntt5tp-staging.wpdns.site/2025/12/26/easy-diy-learning-games-for-young-children/","0","false","false","false","","internal"
"https://x3yyntt5tp-staging.wpdns.site/2025/12/29/top-questions-to-ask-childcare-providers/","200","https://x3yyntt5tp-staging.wpdns.site/2025/12/29/top-questions-to-ask-childcare-providers/","0","false","false","false","","internal"
"https://x3yyntt5tp-staging.wpdns.site/es/2025/12/26/top-benefits-of-professional-infant-care-for-early-development/","200","https://x3yyntt5tp-staging.wpdns.site/es/2025/12/26/top-benefits-of-professional-infant-care-for-early-development/","0","false","false","false","","internal"
"https://x3yyntt5tp-staging.wpdns.site/2025/12/10/signs-your-child-is-ready-for-preschool-the-ultimate-preschool-readiness-checklist-and-guide/","200","https://x3yyntt5tp-staging.wpdns.site/2025/12/10/signs-your-child-is-ready-for-preschool-the-ultimate-preschool-readiness-checklist-and-guide/","0","false","false","false","","internal"
"https://x3yyntt5tp-staging.wpdns.site/2025/12/26/childcare-preschool-services-in-cobb-county-ga/","429","https://x3yyntt5tp-staging.wpdns.site/2025/12/26/childcare-preschool-services-in-cobb-county-ga/","0","true","false","false","","internal"
"https://x3yyntt5tp-staging.wpdns.site/stories/?category=newsroom","200","https://x3yyntt5tp-staging.wpdns.site/stories/?category=newsroom","0","false","false","false","","internal"
"https://x3yyntt5tp-staging.wpdns.site/stories/?category=uncategorized","200","https://x3yyntt5tp-staging.wpdns.site/stories/?category=uncategorized","0","false","false","false","","internal"
"https://x3yyntt5tp-staging.wpdns.site/2025/12/30/cherokee-academy-by-chroma-childcare-preschool-in-canton-ga/","429","https://x3yyntt5tp-staging.wpdns.site/2025/12/30/cherokee-academy-by-chroma-childcare-preschool-in-canton-ga/","0","true","false","false","","internal"
"https://x3yyntt5tp-staging.wpdns.site/2025/12/30/childcare-preschool-in-lawrenceville-ga-chroma-academy/","429","https://x3yyntt5tp-staging.wpdns.site/2025/12/30/childcare-preschool-in-lawrenceville-ga-chroma-academy/","0","true","false","false","","internal"
"https://x3yyntt5tp-staging.wpdns.site/2025/12/29/understanding-childcare-accreditation-its-importance/","200","https://x3yyntt5tp-staging.wpdns.site/2025/12/29/understanding-childcare-accreditation-its-importance/","0","false","false","false","","internal"
"https://x3yyntt5tp-staging.wpdns.site/2025/12/27/mastering-toddler-behavior-effective-tantrum-solutions/","200","https://x3yyntt5tp-staging.wpdns.site/2025/12/27/mastering-toddler-behavior-effective-tantrum-solutions/","0","false","false","false","","internal"
"https://x3yyntt5tp-staging.wpdns.site/stories/?paged=2","429","https://x3yyntt5tp-staging.wpdns.site/stories/page/2/","1","true","false","false","","internal"
"https://x3yyntt5tp-staging.wpdns.site/stories/?paged=3","429","https://x3yyntt5tp-staging.wpdns.site/stories/page/3/","1","true","false","false","","internal"
"https://x3yyntt5tp-staging.wpdns.site/stories/?paged=4","429","https://x3yyntt5tp-staging.wpdns.site/stories/page/4/","1","true","false","false","","internal"
"https://x3yyntt5tp-staging.wpdns.site/stories/?paged=5","429","https://x3yyntt5tp-staging.wpdns.site/stories/page/5/","1","true","false","false","","internal"
"https://x3yyntt5tp-staging.wpdns.site/stories/?paged=6","429","https://x3yyntt5tp-staging.wpdns.site/stories/page/6/","1","true","false","false","","internal"
"https://x3yyntt5tp-staging.wpdns.site/es/stories/?category=newsroom","200","https://x3yyntt5tp-staging.wpdns.site/es/stories/?category=newsroom","0","false","false","false","","internal"
"https://x3yyntt5tp-staging.wpdns.site/es/stories/?category=uncategorized","200","https://x3yyntt5tp-staging.wpdns.site/es/stories/?category=uncategorized","0","false","false","false","","internal"
"https://x3yyntt5tp-staging.wpdns.site/es/2025/12/30/childcare-preschool-on-satellite-boulevard-duluth-ga-chroma/","429","https://x3yyntt5tp-staging.wpdns.site/es/2025/12/30/childcare-preschool-on-satellite-boulevard-duluth-ga-chroma/","0","true","false","false","","internal"
"https://x3yyntt5tp-staging.wpdns.site/es/2025/12/30/rivergreen-campus-childcare-preschool-in-canton-ga-chroma/","429","https://x3yyntt5tp-staging.wpdns.site/es/2025/12/30/rivergreen-campus-childcare-preschool-in-canton-ga-chroma/","0","true","false","false","","internal"
"https://x3yyntt5tp-staging.wpdns.site/es/2025/12/30/childcare-preschool-in-lawrenceville-ga-chroma-academy/","429","https://x3yyntt5tp-staging.wpdns.site/es/2025/12/30/childcare-preschool-in-lawrenceville-ga-chroma-academy/","0","true","false","false","","internal"
"https://x3yyntt5tp-staging.wpdns.site/es/2025/12/29/nurturing-infant-care-programs-in-alpharetta-ga/","429","https://x3yyntt5tp-staging.wpdns.site/es/2025/12/29/nurturing-infant-care-programs-in-alpharetta-ga/","0","true","false","false","","internal"
"https://x3yyntt5tp-staging.wpdns.site/es/2025/12/26/supporting-cognitive-development-in-school-age-children/","200","https://x3yyntt5tp-staging.wpdns.site/es/2025/12/26/supporting-cognitive-development-in-school-age-children/","0","false","false","false","","internal"
"https://x3yyntt5tp-staging.wpdns.site/es/stories/?paged=2","429","https://x3yyntt5tp-staging.wpdns.site/es/stories/page/2/","1","true","false","false","","internal"
"https://x3yyntt5tp-staging.wpdns.site/es/stories/?paged=3","429","https://x3yyntt5tp-staging.wpdns.site/es/stories/page/3/","1","true","false","false","","internal"
"https://x3yyntt5tp-staging.wpdns.site/es/stories/?paged=4","429","https://x3yyntt5tp-staging.wpdns.site/es/stories/page/4/","1","true","false","false","","internal"
"https://x3yyntt5tp-staging.wpdns.site/es/stories/?paged=5","429","https://x3yyntt5tp-staging.wpdns.site/es/stories/page/5/","1","true","false","false","","internal"
"https://x3yyntt5tp-staging.wpdns.site/es/stories/?paged=6","200","https://x3yyntt5tp-staging.wpdns.site/es/stories/page/6/","1","false","false","false","","internal"
"https://www.google.com/maps/dir?api=1&destination=1479+Purcell+Rd%2C+Lawrenceville%2C+GA+30043%2C+Lawrenceville%2C+GA%2C+30043","404","https://www.google.com/maps/dir?api=1&destination=1479+Purcell+Rd%2C+Lawrenceville%2C+GA+30043%2C+Lawrenceville%2C+GA%2C+30043","0","false","true","false","","external"
"https://www.google.com/maps/dir?api=1&destination=1205+Upper+Burris+Road%2C+Canton%2C+GA%2C+30114","404","https://www.google.com/maps/dir?api=1&destination=1205+Upper+Burris+Road%2C+Canton%2C+GA%2C+30114","0","false","true","false","","external"
"https://www.google.com/maps/dir?api=1&destination=3152+Creek+Dr+NW%2C+Duluth%2C+GA+30096%2C+Estados+Unidos%2C+Duluth%2C+GA%2C+30096","404","https://www.google.com/maps/dir?api=1&destination=3152+Creek+Dr+NW%2C+Duluth%2C+GA+30096%2C+Estados+Unidos%2C+Duluth%2C+GA%2C+30096","0","false","true","false","","external"
"https://www.google.com/maps/dir?api=1&destination=2765+E+Atlanta+Rd%2C+Ellenwood%2C+GA%2C+30294","404","https://www.google.com/maps/dir?api=1&destination=2765+E+Atlanta+Rd%2C+Ellenwood%2C+GA%2C+30294","0","false","true","false","","external"
"https://www.google.com/maps/dir?api=1&destination=550+Grayson+Pkwy%2C+Grayson%2C+GA%2C+30017","404","https://www.google.com/maps/dir?api=1&destination=550+Grayson+Pkwy%2C+Grayson%2C+GA%2C+30017","0","false","true","false","","external"
"https://www.google.com/maps/dir?api=1&destination=3580+Old+Alabama+Rd%2C+Johns+Creek%2C+GA%2C+30022","404","https://www.google.com/maps/dir?api=1&destination=3580+Old+Alabama+Rd%2C+Johns+Creek%2C+GA%2C+30022","0","false","true","false","","external"
"https://www.google.com/maps/dir?api=1&destination=1832+Noahs+Ark+Road%2C+Jonesboro%2C+GA%2C+30236","404","https://www.google.com/maps/dir?api=1&destination=1832+Noahs+Ark+Road%2C+Jonesboro%2C+GA%2C+30236","0","false","true","false","","external"
"https://www.google.com/maps/dir?api=1&destination=3650+Club+Drive%2C+Lawrenceville%2C+GA%2C+30044","404","https://www.google.com/maps/dir?api=1&destination=3650+Club+Drive%2C+Lawrenceville%2C+GA%2C+30044","0","false","true","false","","external"
"https://www.google.com/maps/dir?api=1&destination=917+Killian+Hill+Road+Southwest%2C+Lilburn%2C+GA%2C+30047","404","https://www.google.com/maps/dir?api=1&destination=917+Killian+Hill+Road+Southwest%2C+Lilburn%2C+GA%2C+30047","0","false","true","false","","external"
"https://www.google.com/maps/dir?api=1&destination=2499+Shallowford+Road+NE%2C+Marietta%2C+GA%2C+30066","404","https://www.google.com/maps/dir?api=1&destination=2499+Shallowford+Road+NE%2C+Marietta%2C+GA%2C+30066","0","false","true","false","","external"
"https://www.google.com/maps/dir?api=1&destination=90+Hunters+Chase%2C+Mcdonough%2C+GA%2C+30253","404","https://www.google.com/maps/dir?api=1&destination=90+Hunters+Chase%2C+Mcdonough%2C+GA%2C+30253","0","false","true","false","","external"
"https://www.google.com/maps/dir?api=1&destination=4015+Discovery+Dr%2C+Alpharetta%2C+GA%2C+30004","404","https://www.google.com/maps/dir?api=1&destination=4015+Discovery+Dr%2C+Alpharetta%2C+GA%2C+30004","0","false","true","false","","external"
"https://www.google.com/maps/dir?api=1&destination=5760+Wade+Whelchel+Road%2C+Murraysville%2C+GA%2C+30564","404","https://www.google.com/maps/dir?api=1&destination=5760+Wade+Whelchel+Road%2C+Murraysville%2C+GA%2C+30564","0","false","true","false","","external"
"https://www.google.com/maps/dir?api=1&destination=2309+Parklake+Dr+NE+%23250%2C+Atlanta%2C+GA%2C+30345","404","https://www.google.com/maps/dir?api=1&destination=2309+Parklake+Dr+NE+%23250%2C+Atlanta%2C+GA%2C+30345","0","false","true","false","","external"
"https://www.google.com/maps/dir?api=1&destination=200+River+Green+Avenue%2C+Canton%2C+GA%2C+30114","404","https://www.google.com/maps/dir?api=1&destination=200+River+Green+Avenue%2C+Canton%2C+GA%2C+30114","0","false","true","false","","external"
"https://www.google.com/maps/dir?api=1&destination=1255+Upper+Hembree+Rd%2C+Roswell%2C+GA%2C+30076","404","https://www.google.com/maps/dir?api=1&destination=1255+Upper+Hembree+Rd%2C+Roswell%2C+GA%2C+30076","0","false","true","false","","external"
"https://www.google.com/maps/dir?api=1&destination=3730+Satellite+Boulevard%2C+Duluth%2C+GA%2C+30096","404","https://www.google.com/maps/dir?api=1&destination=3730+Satellite+Boulevard%2C+Duluth%2C+GA%2C+30096","0","false","true","false","","external"
"https://www.google.com/maps/dir?api=1&destination=40+Bledsoe+Rd%2C+Newnan%2C+GA%2C+30265","404","https://www.google.com/maps/dir?api=1&destination=40+Bledsoe+Rd%2C+Newnan%2C+GA%2C+30265","0","false","true","false","","external"
"https://www.google.com/maps/dir?api=1&destination=7225+Premier+Lane%2C+Austell%2C+GA%2C+30168","404","https://www.google.com/maps/dir?api=1&destination=7225+Premier+Lane%2C+Austell%2C+GA%2C+30168","0","false","true","false","","external"
"https://www.google.com/maps/dir?api=1&destination=300+Inverness+Ave%2C+McDonough%2C+GA%2C+30253","404","https://www.google.com/maps/dir?api=1&destination=300+Inverness+Ave%2C+McDonough%2C+GA%2C+30253","0","false","true","false","","external"
"https://www.google.com/maps/dir?api=1&destination=3155+Sugarloaf+Pkwy%2C+Lawrenceville%2C+GA%2C+30045","404","https://www.google.com/maps/dir?api=1&destination=3155+Sugarloaf+Pkwy%2C+Lawrenceville%2C+GA%2C+30045","0","false","true","false","","external"
"https://www.google.com/maps/dir?api=1&destination=2081+Mesa+Valley+Way%2C+Austell%2C+GA%2C+30106","404","https://www.google.com/maps/dir?api=1&destination=2081+Mesa+Valley+Way%2C+Austell%2C+GA%2C+30106","0","false","true","false","","external"
"https://www.google.com/maps/dir?api=1&destination=291+Jenkins+Road%2C+Tyrone%2C+GA%2C+30290","404","https://www.google.com/maps/dir?api=1&destination=291+Jenkins+Road%2C+Tyrone%2C+GA%2C+30290","0","false","true","false","","external"
"https://www.google.com/maps/dir?api=1&destination=2424+Powder+Springs+Rd+SW%2C+Marietta%2C+GA%2C+30064","404","https://www.google.com/maps/dir?api=1&destination=2424+Powder+Springs+Rd+SW%2C+Marietta%2C+GA%2C+30064","0","false","true","false","","external"
"https://www.facebook.com/ChromaPreschool","200","https://www.facebook.com/ChromaPreschool","0","false","false","false","","external"
"https://www.instagram.com/chromapreschool","200","https://www.instagram.com/chromapreschool","0","false","false","false","","external"
"https://www.decal.ga.gov/Prek/Default.aspx","200","https://www.decal.ga.gov/Prek/Default.aspx","0","false","false","false","","external"
"https://www.decal.ga.gov/Prek/GELDS.aspx","200","https://www.decal.ga.gov/Prek/GELDS.aspx","0","false","false","false","","external"
"https://qualityrated.decal.ga.gov/","200","https://qualityrated.decal.ga.gov/","0","false","false","false","","external"
"https://georgia.gov/organization/department-early-care-and-learning","200","https://georgia.gov/organization/department-early-care-and-learning","0","false","false","false","","external"
"https://www.google.com/maps/search?api=1&query=33.8491%2C-84.2710","404","https://www.google.com/maps/search?api=1&query=33.8491%2C-84.2710","0","false","true","false","","external"
"https://api.leadconnectorhq.com/widget/booking/oBWiUT60u40kpCsAM0CE","200","https://api.leadconnectorhq.com/widget/booking/oBWiUT60u40kpCsAM0CE","0","false","false","false","","external"
"https://api.leadconnectorhq.com/widget/booking/wn8LROmFCXUdOX0taZaI","200","https://api.leadconnectorhq.com/widget/booking/wn8LROmFCXUdOX0taZaI","0","false","false","false","","external"
"https://www.google.com/maps/dir?api=1&destination=3152+Creek+Dr+NW%2C+Duluth%2C+GA+30096%2C+United+States%2C+Duluth%2C+GA%2C+30096","404","https://www.google.com/maps/dir?api=1&destination=3152+Creek+Dr+NW%2C+Duluth%2C+GA+30096%2C+United+States%2C+Duluth%2C+GA%2C+30096","0","false","true","false","","external"
"https://www.google.com/maps/dir?api=1&destination=5760+Wade+Whelchel+Road%2C+Murrayville%2C+GA%2C+30564","404","https://www.google.com/maps/dir?api=1&destination=5760+Wade+Whelchel+Road%2C+Murrayville%2C+GA%2C+30564","0","false","true","false","","external"
"https://www.google.com/maps/dir?api=1&destination=3730+Satellite+Blvd%2C+Duluth%2C+GA%2C+30096","404","https://www.google.com/maps/dir?api=1&destination=3730+Satellite+Blvd%2C+Duluth%2C+GA%2C+30096","0","false","true","false","","external"
"https://www.google.com/maps/search?api=1&query=33.5019030%2C-84.1839980","404","https://www.google.com/maps/search?api=1&query=33.5019030%2C-84.1839980","0","false","true","false","","external"
"https://api.leadconnectorhq.com/widget/booking/BMBXxtsWQzChtj6KX104","200","https://api.leadconnectorhq.com/widget/booking/BMBXxtsWQzChtj6KX104","0","false","false","false","","external"
"https://www.google.com/maps/search?api=1&query=33.8916793%2C-83.9608666","404","https://www.google.com/maps/search?api=1&query=33.8916793%2C-83.9608666","0","false","true","false","","external"
"https://api.leadconnectorhq.com/widget/booking/DLsmw93ZEEpM0kZigr7s","200","https://api.leadconnectorhq.com/widget/booking/DLsmw93ZEEpM0kZigr7s","0","false","false","false","","external"
"https://www.google.com/maps/search?api=1&query=33.9211835%2C-84.0093449","404","https://www.google.com/maps/search?api=1&query=33.9211835%2C-84.0093449","0","false","true","false","","external"
"https://api.leadconnectorhq.com/widget/booking/NqFdIITIDzM9j0xaxZQw","200","https://api.leadconnectorhq.com/widget/booking/NqFdIITIDzM9j0xaxZQw","0","false","false","false","","external"
"https://www.google.com/maps/search?api=1&query=34.0036%2C-84.0095","404","https://www.google.com/maps/search?api=1&query=34.0036%2C-84.0095","0","false","true","false","","external"
"https://api.leadconnectorhq.com/widget/booking/qqekul20rH0iU9Yrhfp2","200","https://api.leadconnectorhq.com/widget/booking/qqekul20rH0iU9Yrhfp2","0","false","false","false","","external"
"https://api.leadconnectorhq.com/widget/booking/67769JnL2EBl6QgdmKQE","200","https://api.leadconnectorhq.com/widget/booking/67769JnL2EBl6QgdmKQE","0","false","false","false","","external"
"https://api.leadconnectorhq.com/widget/booking/JeuEbfbkP6QQmVWzsWtC","200","https://api.leadconnectorhq.com/widget/booking/JeuEbfbkP6QQmVWzsWtC","0","false","false","false","","external"
"https://api.leadconnectorhq.com/widget/booking/ukoSiUWI3SmpZmOdAqKk","200","https://api.leadconnectorhq.com/widget/booking/ukoSiUWI3SmpZmOdAqKk","0","false","false","false","","external"
"https://api.leadconnectorhq.com/widget/booking/SKL3QivWiTnZZpXCsWKm","200","https://api.leadconnectorhq.com/widget/booking/SKL3QivWiTnZZpXCsWKm","0","false","false","false","","external"
"https://api.leadconnectorhq.com/widget/booking/XTJdgrBnFuTEdlUHVkm5","200","https://api.leadconnectorhq.com/widget/booking/XTJdgrBnFuTEdlUHVkm5","0","false","false","false","","external"
"https://api.leadconnectorhq.com/widget/booking/c1YRju3iSSjKS30ZU6SG","200","https://api.leadconnectorhq.com/widget/booking/c1YRju3iSSjKS30ZU6SG","0","false","false","false","","external"
"https://api.leadconnectorhq.com/widget/booking/mM8ZYTz4ihytfH7fOuwn","200","https://api.leadconnectorhq.com/widget/booking/mM8ZYTz4ihytfH7fOuwn","0","false","false","false","","external"
"https://api.leadconnectorhq.com/widget/booking/zECE5s1LMyXEhyBX9f38","200","https://api.leadconnectorhq.com/widget/booking/zECE5s1LMyXEhyBX9f38","0","false","false","false","","external"
"https://api.leadconnectorhq.com/widget/booking/bvRtKWyDdeT04M7xqMFp","200","https://api.leadconnectorhq.com/widget/booking/bvRtKWyDdeT04M7xqMFp","0","false","false","false","","external"
"https://api.leadconnectorhq.com/widget/booking/eBCQKlKCgf29jlX9k29e","200","https://api.leadconnectorhq.com/widget/booking/eBCQKlKCgf29jlX9k29e","0","false","false","false","","external"
"https://api.leadconnectorhq.com/widget/booking/xKWofoDv0arqql9eWSEb","200","https://api.leadconnectorhq.com/widget/booking/xKWofoDv0arqql9eWSEb","0","false","false","false","","external"
"https://api.leadconnectorhq.com/widget/booking/rXhS111FzGCyP4wL6AxX","200","https://api.leadconnectorhq.com/widget/booking/rXhS111FzGCyP4wL6AxX","0","false","false","false","","external"
"https://api.leadconnectorhq.com/widget/booking/UiR6wCBt9bHaEqymFSYN","200","https://api.leadconnectorhq.com/widget/booking/UiR6wCBt9bHaEqymFSYN","0","false","false","false","","external"
"https://api.leadconnectorhq.com/widget/booking/tIPQTdmWIh0f5bix6BYI","200","https://api.leadconnectorhq.com/widget/booking/tIPQTdmWIh0f5bix6BYI","0","false","false","false","","external"
"https://api.leadconnectorhq.com/widget/booking/xWGlsOdqIKse4lsMLc7l","200","https://api.leadconnectorhq.com/widget/booking/xWGlsOdqIKse4lsMLc7l","0","false","false","false","","external"
"https://api.leadconnectorhq.com/widget/booking/3thRnaBKafPMVuUkOSdw","200","https://api.leadconnectorhq.com/widget/booking/3thRnaBKafPMVuUkOSdw","0","false","false","false","","external"
"https://api.leadconnectorhq.com/widget/booking/Gh2zOnIVd1IBVglg6J5A","200","https://api.leadconnectorhq.com/widget/booking/Gh2zOnIVd1IBVglg6J5A","0","false","false","false","","external"
"https://api.leadconnectorhq.com/widget/booking/zYzlgeGyekHDHA7krGXI","200","https://api.leadconnectorhq.com/widget/booking/zYzlgeGyekHDHA7krGXI","0","false","false","false","","external"
"https://chromaearlystart.com/","200","https://chromaearlystart.com/","0","false","false","false","","external"
"https://chromaearlystart.com/contact","200","https://chromaearlystart.com/contact/","1","false","false","false","","external"
"https://chromaearlystart.com/programs/speech-therapy","200","https://chromaearlystart.com/programs/speech-therapy/","1","false","false","false","","external"
"https://chromaearlystart.com/programs/occupational-therapy","200","https://chromaearlystart.com/programs/occupational-therapy/","1","false","false","false","","external"
"https://chromaearlystart.com/programs/aba-therapy","200","https://chromaearlystart.com/programs/aba-therapy/","1","false","false","false","","external"
"https://chromaela.com/","200","https://chromaela.com/","0","false","false","false","","external"
"https://chromaela.com/locations","200","https://chromaela.com/locations/","1","false","false","false","","external"
"https://chromaela.com/es/childcare/woodstock","200","https://chromaela.com/es/childcare/woodstock/","1","false","false","false","","external"
"https://chromaela.com/programs","200","https://chromaela.com/programs/","1","false","false","false","","external"
"https://chromaela.com/parents","200","https://chromaela.com/parents/","1","false","false","false","","external"
"https://chromaela.com/programs/preschool","200","https://chromaela.com/programs/preschool","0","false","false","false","","external"
"https://chromaela.com/es/parents-day-out-in-duluth-ga","200","https://chromaela.com/es/parents-day-out-in-duluth-ga/","1","false","false","false","","external"
"https://chromaela.com/es/childcare/hampton","200","https://chromaela.com/es/childcare/hampton/","1","false","false","false","","external"
"https://chromaela.com/programs/ga-pre-k","200","https://chromaela.com/programs/ga-pre-k","0","false","false","false","","external"
"https://chromaela.com/es/preschool-in-duluth-ga","200","https://chromaela.com/es/preschool-in-duluth-ga/","1","false","false","false","","external"
"https://chromaela.com/about","200","https://chromaela.com/about/","1","false","false","false","","external"
"https://chromaela.com/locations/jonesboro-campus","200","https://chromaela.com/locations/jonesboro-campus/","1","false","false","false","","external"
"https://chromaela.com/es/childcare/milton","200","https://chromaela.com/es/childcare/milton/","1","false","false","false","","external"
"https://chromaela.com/schedule-a-tour","200","https://chromaela.com/schedule-a-tour/","1","false","false","false","","external"
"https://chromaela.com/2025/12/26/kindergarten-readiness-programs-in-duluth-ga","200","https://chromaela.com/2025/12/26/kindergarten-readiness-programs-in-duluth-ga/","1","false","false","false","","external"
"https://chromaela.com/programs/after-school","200","https://chromaela.com/programs/after-school","0","false","false","false","","external"
"https://chromaela.com/locations/lawrenceville-campus","200","https://chromaela.com/locations/lawrenceville-campus/","1","false","false","false","","external"
"https://chromaela.com/programs/toddler-care","200","https://chromaela.com/programs/toddler-care","0","false","false","false","","external"
"https://chromaela.com/2025/12/26/creative-date-night-ideas-for-busy-parents","200","https://chromaela.com/2025/12/26/creative-date-night-ideas-for-busy-parents/","1","false","false","false","","external"
"https://chromaela.com/programs/pre-k-prep","200","https://chromaela.com/programs/pre-k-prep","0","false","false","false","","external"
"https://chromaela.com/programs/infant-care","200","https://chromaela.com/programs/infant-care","0","false","false","false","","external"
"https://chromaela.com/stories","200","https://chromaela.com/stories/","1","false","false","false","","external"
"https://chromaela.com/childcare/lilburn","200","https://chromaela.com/childcare/lilburn/","1","false","false","false","","external"
"https://chromaela.com/locations/johns-creek","200","https://chromaela.com/locations/johns-creek/","1","false","false","false","","external"
"https://chromaela.com/careers","200","https://chromaela.com/careers/","1","false","false","false","","external"
"https://chromaela.com/2025/12/04/empowering-families-through-effective-collaboration-in-early-childhood-education","200","https://chromaela.com/2025/12/04/empowering-families-through-effective-collaboration-in-early-childhood-education/","1","false","false","false","","external"
"https://chromaela.com/locations/cherokee-campus","200","https://chromaela.com/locations/cherokee-campus/","1","false","false","false","","external"
"https://chromaela.com/locations/satellite-bvd-campus","200","https://chromaela.com/locations/satellite-bvd-campus/","1","false","false","false","","external"
"https://chromaela.com/locations/roswell-campus","200","https://chromaela.com/locations/roswell-campus/","1","false","false","false","","external"
"https://chromaela.com/locations/lilburn-campus","200","https://chromaela.com/locations/lilburn-campus/","1","false","false","false","","external"
"https://chromaela.com/contact-us","200","https://chromaela.com/contact-us/","1","false","false","false","","external"
"https://chromaela.com/locations/tyrone-campus","200","https://chromaela.com/locations/tyrone-campus/","1","false","false","false","","external"
"https://chromaela.com/locations/east-cobb-campus","200","https://chromaela.com/locations/east-cobb-campus/","1","false","false","false","","external"
"https://chromaela.com/locations/pleasanthill-campus-duluth","200","https://chromaela.com/locations/pleasanthill-campus-duluth/","1","false","false","false","","external"
"https://chromaela.com/locations/ellenwood-campus","200","https://chromaela.com/locations/ellenwood-campus/","1","false","false","false","","external"
"https://chromaela.com/locations/west-cobb-campus","200","https://chromaela.com/locations/west-cobb-campus/","1","false","false","false","","external"
"https://chromaela.com/locations/newnan","200","https://chromaela.com/locations/newnan/","1","false","false","false","","external"
"https://chromaela.com/communities","200","https://chromaela.com/communities/","1","false","false","false","","external"
"https://chromaela.com/locations/midway-campus","200","https://chromaela.com/locations/midway-campus/","1","false","false","false","","external"
"https://www.chromaela.com/","200","https://chromaela.com/","1","false","false","false","","external"
"https://nerdfighteria.info/v/7KPaxKUDj6I","200","https://nerdfighteria.info/v/7KPaxKUDj6I","0","false","false","false","","external"
"https://chromaela.com/2025/12/03/10-practical-steps-to-budget-for-your-childs-early-education-expenses-year-round","200","https://chromaela.com/2025/12/03/10-practical-steps-to-budget-for-your-childs-early-education-expenses-year-round/","1","false","false","false","","external"
"https://www.prnewswire.com/news-releases/chroma-early-learning-academy-announces-12th-metro-atlanta-location-in-canton-ga-302375428.html","200","https://www.prnewswire.com/news-releases/chroma-early-learning-academy-announces-12th-metro-atlanta-location-in-canton-ga-302375428.html","0","false","false","false","","external"
"https://www.prnewswire.com/news/chroma-early-learning-academy","200","https://www.prnewswire.com/news/chroma-early-learning-academy/","1","false","false","false","","external"
"https://www.prnewswire.com/news-releases/chroma-early-learning-academy-expands-to-16-metro-atlanta-campuses-with-three-strategic-acquisitions-302561037.html","200","https://www.prnewswire.com/news-releases/chroma-early-learning-academy-expands-to-16-metro-atlanta-campuses-with-three-strategic-acquisitions-302561037.html","0","false","false","false","","external"
"https://www.prnewswire.com/news-releases/chroma-early-learning-academy-opens-13th-metro-atlanta-location-in-mcdonough-ga-302436359.html","200","https://www.prnewswire.com/news-releases/chroma-early-learning-academy-opens-13th-metro-atlanta-location-in-mcdonough-ga-302436359.html","0","false","false","false","","external"
"https://www.prnewswire.com/news-releases/policy-public-interest-latest-news/education-list","200","https://www.prnewswire.com/news-releases/policy-public-interest-latest-news/education-list/","1","false","false","false","","external"
"https://www.prnewswire.com/news-releases/multicultural-latest-news/children-related-news-list","200","https://www.prnewswire.com/news-releases/multicultural-latest-news/children-related-news-list/","1","false","false","false","","external"
"https://www.prnewswire.com/news-releases/general-business-latest-news/corporate-expansion-list","200","https://www.prnewswire.com/news-releases/general-business-latest-news/corporate-expansion-list/","1","false","false","false","","external"
"https://www.prnewswire.com/news-releases","200","https://www.prnewswire.com/news-releases/","1","false","false","false","","external"
"https://www.prnewswire.com/news-releases/chroma-early-learning-academy-opens-registration-for-2025-summer-camp-and-georgia-pre-k-programs-302434025.html","200","https://www.prnewswire.com/news-releases/chroma-early-learning-academy-opens-registration-for-2025-summer-camp-and-georgia-pre-k-programs-302434025.html","0","false","false","false","","external"
"https://c212.net/c/link?t=0&l=en&o=4409679-1&h=72125855&u=http%3A%2F%2Fx3yyntt5tp-staging.wpdns.site%2F&a=www.ChromaELA.com","200","https://c212.net/c/link?t=0&l=en&o=4409679-1&h=72125855&u=http%3A%2F%2Fx3yyntt5tp-staging.wpdns.site%2F&a=www.ChromaELA.com","0","false","false","false","","external"
"https://www.prnewswire.com/news-releases/business-technology-latest-news/computer-electronics-list","200","https://www.prnewswire.com/news-releases/business-technology-latest-news/computer-electronics-list/","1","false","false","false","","external"
"https://www.prnewswire.com/news-releases/general-business-latest-news/new-products-services-list","200","https://www.prnewswire.com/news-releases/general-business-latest-news/new-products-services-list/","1","false","false","false","","external"
"https://c212.net/c/link?t=0&l=en&o=4409679-1&h=72125855&u=http%3A%2F%2Fwww.chromaela.com%2F&a=www.ChromaELA.com","200","https://chromaela.com/","3","false","false","false","","external"
"https://chromaela.com/blog","200","https://chromaela.com/blog/","1","false","false","false","","external"
"https://chromaela.com/2025/12/03/key-signs-your-child-is-ready-for-kindergarten-academic-and-social-readiness-indicators-for-parents","200","https://chromaela.com/2025/12/03/key-signs-your-child-is-ready-for-kindergarten-academic-and-social-readiness-indicators-for-parents/","1","false","false","false","","external"
"https://edge.prnewswire.com/c/link?t=0&l=en&o=4513077-1&h=1843029264&u=https%3A%2F%2Fx3yyntt5tp-staging.wpdns.site%2F&a=x3yyntt5tp-staging.wpdns.site","200","https://edge.prnewswire.com/c/link?t=0&l=en&o=4513077-1&h=1843029264&u=https%3A%2F%2Fx3yyntt5tp-staging.wpdns.site%2F&a=x3yyntt5tp-staging.wpdns.site","0","false","false","false","","external"
"https://www.prnewswire.com/amplify-platform?site_refer=press-release-widget","200","https://www.prnewswire.com/amplify-platform/?site_refer=press-release-widget","1","false","false","false","","external"
"https://edge.prnewswire.com/c/link?t=0&l=en&o=4513077-1&h=1843029264&u=https%3A%2F%2Fwww.chromaela.com%2F&a=www.chromaela.com","200","https://chromaela.com/","2","false","false","false","","external"
"https://www.google.com/maps/search?api=1&query=33.39936%2C-84.750983","404","https://www.google.com/maps/search?api=1&query=33.39936%2C-84.750983","0","false","true","false","","external"
"https://www.google.com/maps/search?api=1&query=34.4228388%2C-83.8835539","404","https://www.google.com/maps/search?api=1&query=34.4228388%2C-83.8835539","0","false","true","false","","external"
"https://www.google.com/maps/search?api=1&query=34.1556591%2C-84.2448638","404","https://www.google.com/maps/search?api=1&query=34.1556591%2C-84.2448638","0","false","true","false","","external"
"https://www.google.com/maps/search?api=1&query=33.7778694%2C-84.5651223","404","https://www.google.com/maps/search?api=1&query=33.7778694%2C-84.5651223","0","false","true","false","","external"
"https://www.google.com/maps/search?api=1&query=34.2145313%2C-84.5262186","404","https://www.google.com/maps/search?api=1&query=34.2145313%2C-84.5262186","0","false","true","false","","external"
"https://www.google.com/maps/search?api=1&query=33.4938883%2C-84.3298115","404","https://www.google.com/maps/search?api=1&query=33.4938883%2C-84.3298115","0","false","true","false","","external"
"https://www.google.com/maps/search?api=1&query=33.9563258%2C-84.1381592","404","https://www.google.com/maps/search?api=1&query=33.9563258%2C-84.1381592","0","false","true","false","","external"
"https://www.google.com/maps/search?api=1&query=33.8737104%2C-84.6265554","404","https://www.google.com/maps/search?api=1&query=33.8737104%2C-84.6265554","0","false","true","false","","external"
"https://www.google.com/maps/search?api=1&query=33.6152419%2C-84.2444789","404","https://www.google.com/maps/search?api=1&query=33.6152419%2C-84.2444789","0","false","true","false","","external"
"https://www.google.com/maps/search?api=1&query=34.0668783%2C-84.3226899","404","https://www.google.com/maps/search?api=1&query=34.0668783%2C-84.3226899","0","false","true","false","","external"
"https://www.google.com/maps/search?api=1&query=34.0419908%2C-84.4790683","404","https://www.google.com/maps/search?api=1&query=34.0419908%2C-84.4790683","0","false","true","false","","external"
"https://www.google.com/maps/search?api=1&query=33.8686888%2C-84.0968565","404","https://www.google.com/maps/search?api=1&query=33.8686888%2C-84.0968565","0","false","true","false","","external"
"https://www.google.com/maps/search?api=1&query=34.3468408%2C-84.4919414","404","https://www.google.com/maps/search?api=1&query=34.3468408%2C-84.4919414","0","false","true","false","","external"
"https://app.acquire4hire.com/careers/a/details/1/58491","200","https://app.acquire4hire.com/careers/a/details/1/58491","0","false","false","false","","external"
"https://app.acquire4hire.com/careers/a/details/1/68082","200","https://app.acquire4hire.com/careers/a/details/1/68082","0","false","false","false","","external"
"https://app.acquire4hire.com/careers/a/details/1/68714","200","https://app.acquire4hire.com/careers/a/details/1/68714","0","false","false","false","","external"
"https://app.acquire4hire.com/careers/a/details/1/68956","200","https://app.acquire4hire.com/careers/a/details/1/68956","0","false","false","false","","external"
"https://app.acquire4hire.com/careers/a/details/1/72505","200","https://app.acquire4hire.com/careers/a/details/1/72505","0","false","false","false","","external"
"https://app.acquire4hire.com/careers/a/details/1/90329","200","https://app.acquire4hire.com/careers/a/details/1/90329","0","false","false","false","","external"
"https://app.acquire4hire.com/careers/a/details/1/95551","200","https://app.acquire4hire.com/careers/a/details/1/95551","0","false","false","false","","external"
"https://app.acquire4hire.com/careers/a/details/1/101647","200","https://app.acquire4hire.com/careers/a/details/1/101647","0","false","false","false","","external"
"https://app.acquire4hire.com/careers/a/details/1/102285","200","https://app.acquire4hire.com/careers/a/details/1/102285","0","false","false","false","","external"
"https://app.acquire4hire.com/careers/a/details/1/109900","200","https://app.acquire4hire.com/careers/a/details/1/109900","0","false","false","false","","external"
"https://app.acquire4hire.com/careers/a/details/1/125878","200","https://app.acquire4hire.com/careers/a/details/1/125878","0","false","false","false","","external"
"https://app.acquire4hire.com/careers/a/details/1/125879","200","https://app.acquire4hire.com/careers/a/details/1/125879","0","false","false","false","","external"
"https://app.acquire4hire.com/careers/a/details/1/133840","200","https://app.acquire4hire.com/careers/a/details/1/133840","0","false","false","false","","external"
"https://app.acquire4hire.com/careers/a/details/1/134938","200","https://app.acquire4hire.com/careers/a/details/1/134938","0","false","false","false","","external"
"https://app.acquire4hire.com/careers/a/details/1/136322","200","https://app.acquire4hire.com/careers/a/details/1/136322","0","false","false","false","","external"
"https://app.acquire4hire.com/careers/a/details/1/136391","200","https://app.acquire4hire.com/careers/a/details/1/136391","0","false","false","false","","external"
"https://app.acquire4hire.com/careers/a/details/1/136938","200","https://app.acquire4hire.com/careers/a/details/1/136938","0","false","false","false","","external"
"https://app.acquire4hire.com/careers/a/details/1/139615","200","https://app.acquire4hire.com/careers/a/details/1/139615","0","false","false","false","","external"
"https://app.acquire4hire.com/careers/a/details/1/140103","200","https://app.acquire4hire.com/careers/a/details/1/140103","0","false","false","false","","external"
"https://app.acquire4hire.com/careers/a/details/1/144630","200","https://app.acquire4hire.com/careers/a/details/1/144630","0","false","false","false","","external"
"https://app.acquire4hire.com/careers/a/details/1/144632","200","https://app.acquire4hire.com/careers/a/details/1/144632","0","false","false","false","","external"
"https://app.acquire4hire.com/careers/a/details/1/150721","200","https://app.acquire4hire.com/careers/a/details/1/150721","0","false","false","false","","external"
"https://app.acquire4hire.com/careers/a/details/1/151168","200","https://app.acquire4hire.com/careers/a/details/1/151168","0","false","false","false","","external"
"https://app.acquire4hire.com/careers/a/details/1/151688","200","https://app.acquire4hire.com/careers/a/details/1/151688","0","false","false","false","","external"
"https://app.acquire4hire.com/careers/a/details/1/152706","200","https://app.acquire4hire.com/careers/a/details/1/152706","0","false","false","false","","external"
"https://app.acquire4hire.com/careers/a/details/1/152710","200","https://app.acquire4hire.com/careers/a/details/1/152710","0","false","false","false","","external"
"https://app.acquire4hire.com/careers/a/details/1/152714","200","https://app.acquire4hire.com/careers/a/details/1/152714","0","false","false","false","","external"
"https://app.acquire4hire.com/careers/a/details/1/153552","200","https://app.acquire4hire.com/careers/a/details/1/153552","0","false","false","false","","external"
"https://app.acquire4hire.com/careers/a/details/1/165356","200","https://app.acquire4hire.com/careers/a/details/1/165356","0","false","false","false","","external"
"https://app.acquire4hire.com/careers/a/details/1/170344","200","https://app.acquire4hire.com/careers/a/details/1/170344","0","false","false","false","","external"
"https://app.acquire4hire.com/careers/a/details/1/170747","200","https://app.acquire4hire.com/careers/a/details/1/170747","0","false","false","false","","external"
"https://app.acquire4hire.com/careers/a/details/1/171176","200","https://app.acquire4hire.com/careers/a/details/1/171176","0","false","false","false","","external"
"https://app.acquire4hire.com/careers/a/details/1/171177","200","https://app.acquire4hire.com/careers/a/details/1/171177","0","false","false","false","","external"
"https://app.acquire4hire.com/careers/a/details/1/171178","200","https://app.acquire4hire.com/careers/a/details/1/171178","0","false","false","false","","external"
"https://app.acquire4hire.com/careers/a/details/1/176536","200","https://app.acquire4hire.com/careers/a/details/1/176536","0","false","false","false","","external"
"https://app.acquire4hire.com/careers/a/details/1/176537","200","https://app.acquire4hire.com/careers/a/details/1/176537","0","false","false","false","","external"
"https://app.acquire4hire.com/careers/a/details/1/178324","200","https://app.acquire4hire.com/careers/a/details/1/178324","0","false","false","false","","external"
"https://app.acquire4hire.com/careers/a/details/1/178506","200","https://app.acquire4hire.com/careers/a/details/1/178506","0","false","false","false","","external"
"https://app.acquire4hire.com/careers/a/details/1/179139","200","https://app.acquire4hire.com/careers/a/details/1/179139","0","false","false","false","","external"
"https://app.acquire4hire.com/careers/a/details/1/179938","200","https://app.acquire4hire.com/careers/a/details/1/179938","0","false","false","false","","external"
"https://app.acquire4hire.com/careers/a/details/1/180236","200","https://app.acquire4hire.com/careers/a/details/1/180236","0","false","false","false","","external"
"https://app.acquire4hire.com/careers/a/details/1/180261","200","https://app.acquire4hire.com/careers/a/details/1/180261","0","false","false","false","","external"
"https://app.acquire4hire.com/careers/a/details/1/180262","200","https://app.acquire4hire.com/careers/a/details/1/180262","0","false","false","false","","external"
"https://app.acquire4hire.com/careers/a/details/1/180274","200","https://app.acquire4hire.com/careers/a/details/1/180274","0","false","false","false","","external"
"https://app.acquire4hire.com/careers/a/details/1/180330","200","https://app.acquire4hire.com/careers/a/details/1/180330","0","false","false","false","","external"
"https://app.acquire4hire.com/careers/a/details/1/180331","200","https://app.acquire4hire.com/careers/a/details/1/180331","0","false","false","false","","external"
"https://app.acquire4hire.com/careers/a/details/1/180409","200","https://app.acquire4hire.com/careers/a/details/1/180409","0","false","false","false","","external"
"https://app.acquire4hire.com/careers/a/details/1/180411","200","https://app.acquire4hire.com/careers/a/details/1/180411","0","false","false","false","","external"
"https://app.acquire4hire.com/careers/a/details/1/180498","200","https://app.acquire4hire.com/careers/a/details/1/180498","0","false","false","false","","external"
"https://app.acquire4hire.com/careers/a/details/1/180528","200","https://app.acquire4hire.com/careers/a/details/1/180528","0","false","false","false","","external"
"https://app.acquire4hire.com/careers/a/details/1/180637","200","https://app.acquire4hire.com/careers/a/details/1/180637","0","false","false","false","","external"
"https://app.acquire4hire.com/careers/a/details/1/180688","200","https://app.acquire4hire.com/careers/a/details/1/180688","0","false","false","false","","external"
"https://app.acquire4hire.com/careers/a/details/1/180689","200","https://app.acquire4hire.com/careers/a/details/1/180689","0","false","false","false","","external"
"https://app.acquire4hire.com/careers/a/details/1/180690","200","https://app.acquire4hire.com/careers/a/details/1/180690","0","false","false","false","","external"
"https://app.acquire4hire.com/careers/a/details/1/180756","200","https://app.acquire4hire.com/careers/a/details/1/180756","0","false","false","false","","external"
"https://app.acquire4hire.com/careers/a/details/1/180777","200","https://app.acquire4hire.com/careers/a/details/1/180777","0","false","false","false","","external"
"https://app.acquire4hire.com/careers/a/details/1/180782","200","https://app.acquire4hire.com/careers/a/details/1/180782","0","false","false","false","","external"
"https://app.acquire4hire.com/careers/a/details/1/180783","200","https://app.acquire4hire.com/careers/a/details/1/180783","0","false","false","false","","external"
"https://app.acquire4hire.com/careers/a/details/1/180784","200","https://app.acquire4hire.com/careers/a/details/1/180784","0","false","false","false","","external"
"https://app.acquire4hire.com/careers/a/details/1/180785","200","https://app.acquire4hire.com/careers/a/details/1/180785","0","false","false","false","","external"
"https://app.acquire4hire.com/careers/a/details/1/180786","200","https://app.acquire4hire.com/careers/a/details/1/180786","0","false","false","false","","external"
"https://app.acquire4hire.com/careers/a/details/1/180813","200","https://app.acquire4hire.com/careers/a/details/1/180813","0","false","false","false","","external"
"https://app.acquire4hire.com/careers/a/details/1/180830","200","https://app.acquire4hire.com/careers/a/details/1/180830","0","false","false","false","","external"
"https://app.acquire4hire.com/careers/a/details/1/180831","200","https://app.acquire4hire.com/careers/a/details/1/180831","0","false","false","false","","external"
"https://app.acquire4hire.com/careers/a/details/1/180895","200","https://app.acquire4hire.com/careers/a/details/1/180895","0","false","false","false","","external"
"https://app.acquire4hire.com/careers/a/details/1/180899","200","https://app.acquire4hire.com/careers/a/details/1/180899","0","false","false","false","","external"
"https://www.irs.gov/forms-pubs/about-form-8882","200","https://www.irs.gov/forms-pubs/about-form-8882","0","false","false","false","","external"
"https://dor.georgia.gov/taxes/tax-credits","200","https://dor.georgia.gov/taxes/tax-credits","0","false","false","false","","external"
"https://www.google.com/maps/search?api=1&query=33.3944376%2C-84.175741","404","https://www.google.com/maps/search?api=1&query=33.3944376%2C-84.175741","0","false","true","false","","external"
"https://schools.procareconnect.com/","200","https://schools.procareconnect.com/","0","false","false","false","","external"
"https://chromaela.com/parent-portal","200","https://chromaela.com/parent-portal/","1","false","false","false","","external"
"https://chromaela.com/wp-content/uploads/2025/12/Parent-Handbook-July_2025-1.docx.pdf","200","https://chromaela.com/wp-content/uploads/2025/12/Parent-Handbook-July_2025-1.docx.pdf","0","false","false","false","","external"
"https://na2.documents.adobe.com/public/esignWidget?wid=CBFCIBAA3AAABLblqZhCX7BdQvsMgVRxZnbX9Aw1tvMXB7I5R8VrXHMCJXkCNx6fU2-2Bdotlk1KIzd7YtK0*","200","https://na2.documents.adobe.com/public/esignWidget?wid=CBFCIBAA3AAABLblqZhCX7BdQvsMgVRxZnbX9Aw1tvMXB7I5R8VrXHMCJXkCNx6fU2-2Bdotlk1KIzd7YtK0*","0","false","false","false","","external"
"https://www.google.com/maps/search?api=1&query=33.8540031509815%2C-84.61517444643513","404","https://www.google.com/maps/search?api=1&query=33.8540031509815%2C-84.61517444643513","0","false","true","false","","external"
"https://www.google.com/maps/search?api=1&query=33.9849116%2C-84.1527615","404","https://www.google.com/maps/search?api=1&query=33.9849116%2C-84.1527615","0","false","true","false","","external"
"https://www.google.com/maps/search?api=1&query=33.9410279%2C-84.1247219","404","https://www.google.com/maps/search?api=1&query=33.9410279%2C-84.1247219","0","false","true","false","","external"
"https://www.google.com/maps/search?api=1&query=33.4957283%2C-84.56748","404","https://www.google.com/maps/search?api=1&query=33.4957283%2C-84.56748","0","false","true","false","","external"
"https://www.google.com/maps/search?api=1&query=34.0246511%2C-84.2575523","404","https://www.google.com/maps/search?api=1&query=34.0246511%2C-84.2575523","0","false","true","false","","external"