"url","pageType","status","finalUrl","redirectHops","redirectChain","title","description","robots","canonical","h1Count","ogTitle","ogDescription","ogImage","twitterCard","twitterTitle","twitterDescription","favicon","schemaTypes","invalidSchemaBlocks","issues","error"
"https://x3yyntt5tp-staging.wpdns.site/es/","homepage","200","https://x3yyntt5tp-staging.wpdns.site/es/","0","200 https://x3yyntt5tp-staging.wpdns.site/es/?codex_technical=20260718","Chroma Academy | Guardería y preescolar en Metro Atlanta","Descubre Chroma Early Learning Academy para guardería, preescolar, GA Pre-K y educación temprana para familias en Metro Atlanta.","max-image-preview:large","https://x3yyntt5tp-staging.wpdns.site/es/","1","true","true","true","true","true","true","true","EducationalOrganization | FAQPage | Person","0","",""
"https://x3yyntt5tp-staging.wpdns.site/2026/05/22/georgia-pre-k-parent-guide/","editorial-single","200","https://x3yyntt5tp-staging.wpdns.site/2026/05/22/georgia-pre-k-parent-guide/","0","200 https://x3yyntt5tp-staging.wpdns.site/2026/05/22/georgia-pre-k-parent-guide/?codex_technical=20260718","Georgia Pre-K Parent Guide: Everything You Need to Know for 2026 | Chroma Early Learning Academy","Georgia Pre-K Parent Guide: Everything You Need to Know for 2026 Direct Answer Georgia’s Pre-K program provides free, lottery-funded pre-kindergarten for all 4-year-old Georgia residents (must turn 4 by September...","max-image-preview:large","https://x3yyntt5tp-staging.wpdns.site/2026/05/22/georgia-pre-k-parent-guide/","1","true","true","true","true","true","true","true","BlogPosting | BreadcrumbList | Person","0","",""
"https://x3yyntt5tp-staging.wpdns.site/locations/parklake-campus/","location-single","200","https://x3yyntt5tp-staging.wpdns.site/locations/parklake-campus/","0","200 https://x3yyntt5tp-staging.wpdns.site/locations/parklake-campus/?codex_technical=20260718","Parklake Campus, Atlanta GA | Chroma Early Learning Academy","The art of growing up.","max-image-preview:large","https://x3yyntt5tp-staging.wpdns.site/locations/parklake-campus/","1","true","true","true","true","true","true","true","BreadcrumbList | ChildCare | EducationalOrganization | LocalBusiness | Preschool | WebPage","0","",""
"https://x3yyntt5tp-staging.wpdns.site/es/locations/parklake-campus/","location-single","200","https://x3yyntt5tp-staging.wpdns.site/es/locations/parklake-campus/","0","200 https://x3yyntt5tp-staging.wpdns.site/es/locations/parklake-campus/?codex_technical=20260718","Campus Parklake, Atlanta GA | Campus de Chroma","Conoce Campus Parklake, Atlanta GA en Atlanta y descubre programas de cuidado infantil y preescolar de Chroma para tu familia.","max-image-preview:large","https://x3yyntt5tp-staging.wpdns.site/es/locations/parklake-campus/","1","true","true","true","true","true","true","true","BreadcrumbList | ChildCare | EducationalOrganization | LocalBusiness | Preschool | WebPage","0","",""
"https://x3yyntt5tp-staging.wpdns.site/","homepage","200","https://x3yyntt5tp-staging.wpdns.site/","0","200 https://x3yyntt5tp-staging.wpdns.site/?codex_technical=20260718","Chroma Early Learning Academy | Daycare & Preschool in Metro Atl…","Discover Chroma Early Learning Academy for daycare, preschool, GA Pre-K, and family-focused early education across Metro Atlanta.","max-image-preview:large","https://x3yyntt5tp-staging.wpdns.site/","1","true","true","true","true","true","true","true","EducationalOrganization | FAQPage | Person","0","",""
"https://x3yyntt5tp-staging.wpdns.site/programs/rising-kindergarten/","program-single","200","https://x3yyntt5tp-staging.wpdns.site/programs/rising-kindergarten/","0","200 https://x3yyntt5tp-staging.wpdns.site/programs/rising-kindergarten/?codex_technical=20260718","Rising Kindergarten | Chroma Early Learning Academy","Our Rising Kindergarten Summer Program is a specialized 6-week curriculum designed to solidify early reading, mathematical reasoning, and vital executive function skills, ensuring your child is 100% prepared for day one of...","max-image-preview:large","https://x3yyntt5tp-staging.wpdns.site/programs/rising-kindergarten/","1","true","true","true","true","true","true","true","BreadcrumbList | Course | Service","0","",""
"https://x3yyntt5tp-staging.wpdns.site/es/programs/rising-kindergarten/","program-single","200","https://x3yyntt5tp-staging.wpdns.site/es/programs/rising-kindergarten/","0","200 https://x3yyntt5tp-staging.wpdns.site/es/programs/rising-kindergarten/?codex_technical=20260718","Kindergarten en ascenso | Programa de Chroma","Ayuda a tu hijo a prepararse para kindergarten con aprendizaje basado en el juego, rutinas escolares y apoyo de maestros de Chroma Early Learning Academy.","max-image-preview:large","https://x3yyntt5tp-staging.wpdns.site/es/programs/rising-kindergarten/","1","true","true","true","true","true","true","true","BreadcrumbList | Course | Service","0","",""
"https://x3yyntt5tp-staging.wpdns.site/programs/rising-pre-k/","program-single","200","https://x3yyntt5tp-staging.wpdns.site/programs/rising-pre-k/","0","200 https://x3yyntt5tp-staging.wpdns.site/programs/rising-pre-k/?codex_technical=20260718","Rising Pre-K | Chroma Early Learning Academy","Transitioning into a structured Pre-K environment is a massive developmental leap. Our Rising Pre-K Summer Program is an intensive, joyful 6-week bridge designed to build classroom routines, social-emotional resilience, and early literacy...","max-image-preview:large","https://x3yyntt5tp-staging.wpdns.site/programs/rising-pre-k/","1","true","true","true","true","true","true","true","BreadcrumbList | Course | Service","0","",""
"https://x3yyntt5tp-staging.wpdns.site/es/programs/rising-pre-k/","program-single","200","https://x3yyntt5tp-staging.wpdns.site/es/programs/rising-pre-k/","0","200 https://x3yyntt5tp-staging.wpdns.site/es/programs/rising-pre-k/?codex_technical=20260718","Pre-K en ascenso | Programa de Chroma","Prepara a tu hijo de 4 a 5 años para Pre-K con un programa alegre y práctico de Chroma Early Learning Academy. Conoce el programa y agenda una visita.","max-image-preview:large","https://x3yyntt5tp-staging.wpdns.site/es/programs/rising-pre-k/","1","true","true","true","true","true","true","true","BreadcrumbList | Course | Service","0","",""
"https://x3yyntt5tp-staging.wpdns.site/programs/kindergarten/","program-single","200","https://x3yyntt5tp-staging.wpdns.site/programs/kindergarten/","0","200 https://x3yyntt5tp-staging.wpdns.site/programs/kindergarten/?codex_technical=20260718","Kindergarten | Chroma Early Learning Academy","Discover Chroma Early Learning Academy's engaging Kindergarten program. Fostering creativity, collaboration, and academic growth in a supportive environment.","max-image-preview:large","https://x3yyntt5tp-staging.wpdns.site/programs/kindergarten/","1","true","true","true","true","true","true","true","BreadcrumbList | Course | Service","0","",""
"https://x3yyntt5tp-staging.wpdns.site/es/programs/kindergarten/","program-single","200","https://x3yyntt5tp-staging.wpdns.site/es/programs/kindergarten/","0","200 https://x3yyntt5tp-staging.wpdns.site/es/programs/kindergarten/?codex_technical=20260718","Programa de kindergarten | Chroma Early Learning Academy","Descubre el programa de kindergarten de Chroma Early Learning Academy, diseñado para fortalecer la confianza, la curiosidad y la preparación para primer grado.","max-image-preview:large","https://x3yyntt5tp-staging.wpdns.site/es/programs/kindergarten/","1","true","true","true","true","true","true","true","BreadcrumbList | Course | Service","0","",""
"https://x3yyntt5tp-staging.wpdns.site/locations/chroma-early-learning-academy-stockbridge/","location-single","200","https://x3yyntt5tp-staging.wpdns.site/locations/chroma-early-learning-academy-stockbridge/","0","200 https://x3yyntt5tp-staging.wpdns.site/locations/chroma-early-learning-academy-stockbridge/?codex_technical=20260718","Chroma Early Learning Academy Stockbridge Campus Opening May 2026","Chroma Early Learning Academy @ Stockbridge — New Campus! in South Metro. Quality childcare, preschool, and after-school programs. Enroll today!","max-image-preview:large","https://x3yyntt5tp-staging.wpdns.site/locations/chroma-early-learning-academy-stockbridge/","1","true","true","true","true","true","true","true","BreadcrumbList | ChildCare | EducationalOrganization | LocalBusiness | Preschool | WebPage","0","",""
"https://x3yyntt5tp-staging.wpdns.site/es/locations/chroma-early-learning-academy-stockbridge/","location-single","200","https://x3yyntt5tp-staging.wpdns.site/es/locations/chroma-early-learning-academy-stockbridge/","0","200 https://x3yyntt5tp-staging.wpdns.site/es/locations/chroma-early-learning-academy-stockbridge/?codex_technical=20260718","Campus Stockbridge | Campus de Chroma","¡Próximamente en South Metro en mayo de 2026!Chroma Early Learning Academy se expande a South Metro. Las inscripciones abren pronto. ¡Únete a la lista de esper…","max-image-preview:large","https://x3yyntt5tp-staging.wpdns.site/es/locations/chroma-early-learning-academy-stockbridge/","1","true","true","true","true","true","true","true","BreadcrumbList | ChildCare | EducationalOrganization | LocalBusiness | Preschool | WebPage","0","",""
"https://x3yyntt5tp-staging.wpdns.site/locations/chroma-early-learning-academy-grayson/","location-single","200","https://x3yyntt5tp-staging.wpdns.site/locations/chroma-early-learning-academy-grayson/","0","200 https://x3yyntt5tp-staging.wpdns.site/locations/chroma-early-learning-academy-grayson/?codex_technical=20260718","Grayson Campus: Quality Childcare & Preschool Programs | Chroma","Chroma Early Learning Academy @ Grayson — New Campus! in Gwinnett County. Quality childcare, preschool, and after-school programs. Enroll today!","max-image-preview:large","https://x3yyntt5tp-staging.wpdns.site/locations/chroma-early-learning-academy-grayson/","1","true","true","true","true","true","true","true","BreadcrumbList | ChildCare | CollectionPage | Course | EducationalOrganization | Event | ItemList | LocalBusiness | Person | Service | SpecialAnnouncement | WebPage","0","",""
"https://x3yyntt5tp-staging.wpdns.site/es/locations/chroma-early-learning-academy-grayson/","location-single","200","https://x3yyntt5tp-staging.wpdns.site/es/locations/chroma-early-learning-academy-grayson/","0","200 https://x3yyntt5tp-staging.wpdns.site/es/locations/chroma-early-learning-academy-grayson/?codex_technical=20260718","Campus Grayson | Campus de Chroma","¡Próximamente en mayo de 2026 en el condado de Gwinnett!Chroma Early Learning Academy se expande al condado de Gwinnett. Las inscripciones abren pronto. ¡Únase…","max-image-preview:large","https://x3yyntt5tp-staging.wpdns.site/es/locations/chroma-early-learning-academy-grayson/","1","true","true","true","true","true","true","true","BreadcrumbList | ChildCare | CollectionPage | Course | EducationalOrganization | Event | ItemList | LocalBusiness | Person | Service | SpecialAnnouncement | WebPage","0","",""
"https://x3yyntt5tp-staging.wpdns.site/locations/chroma-early-learning-academy-sugarloaf-pkwy/","location-single","200","https://x3yyntt5tp-staging.wpdns.site/locations/chroma-early-learning-academy-sugarloaf-pkwy/","0","200 https://x3yyntt5tp-staging.wpdns.site/locations/chroma-early-learning-academy-sugarloaf-pkwy/?codex_technical=20260718","Sugarloaf Pkwy Campus | Chroma Early Learning Academy","Chroma Early Learning Academy @ Sugarloaf Pkwy — New Campus! in Gwinnett County. Quality childcare, preschool, and after-school programs. Enroll today!","max-image-preview:large","https://x3yyntt5tp-staging.wpdns.site/locations/chroma-early-learning-academy-sugarloaf-pkwy/","1","true","true","true","true","true","true","true","BreadcrumbList | ChildCare | CollectionPage | Course | EducationalOrganization | Event | ItemList | LocalBusiness | Person | Service | SpecialAnnouncement | WebPage","0","",""
"https://x3yyntt5tp-staging.wpdns.site/es/locations/chroma-early-learning-academy-sugarloaf-pkwy/","location-single","200","https://x3yyntt5tp-staging.wpdns.site/es/locations/chroma-early-learning-academy-sugarloaf-pkwy/","0","200 https://x3yyntt5tp-staging.wpdns.site/es/locations/chroma-early-learning-academy-sugarloaf-pkwy/?codex_technical=20260718","Campus Sugarloaf Pkwy | Campus de Chroma","¡Próximamente en Mayo de 2026 en el Condado de Gwinnett!Chroma Early Learning Academy se expande al Condado de Gwinnett. Las inscripciones abren pronto. ¡Únete…","max-image-preview:large","https://x3yyntt5tp-staging.wpdns.site/es/locations/chroma-early-learning-academy-sugarloaf-pkwy/","1","true","true","true","true","true","true","true","BreadcrumbList | ChildCare | CollectionPage | Course | EducationalOrganization | Event | ItemList | LocalBusiness | Person | Service | SpecialAnnouncement | WebPage","0","",""
"https://x3yyntt5tp-staging.wpdns.site/locations/chroma-early-learning-academy-chadwick/","location-single","200","https://x3yyntt5tp-staging.wpdns.site/locations/chroma-early-learning-academy-chadwick/","0","200 https://x3yyntt5tp-staging.wpdns.site/locations/chroma-early-learning-academy-chadwick/?codex_technical=20260718","Chadwick Campus | Chroma Early Learning Academy","Chroma Early Learning Academy Chadwick Campus at 1479 Purcell Rd, Lawrenceville, GA 30043. Quality daycare, preschool, Pre-K, and after-school programs for ages 6 weeks to 12 years. Open 6:30am–6:30pm. Enroll...","max-image-preview:large","https://x3yyntt5tp-staging.wpdns.site/locations/chroma-early-learning-academy-chadwick/","1","true","true","true","true","true","true","true","BreadcrumbList | ChildCare | CollectionPage | Course | EducationalOrganization | Event | ItemList | LocalBusiness | Person | Service | SpecialAnnouncement | WebPage","0","",""
"https://x3yyntt5tp-staging.wpdns.site/es/locations/chroma-early-learning-academy-chadwick/","location-single","200","https://x3yyntt5tp-staging.wpdns.site/es/locations/chroma-early-learning-academy-chadwick/","0","200 https://x3yyntt5tp-staging.wpdns.site/es/locations/chroma-early-learning-academy-chadwick/?codex_technical=20260718","Guardería y Preescolar en Lawrenceville, GA | Chroma Chadwick","Campus Chadwick de Chroma Early Learning Academy en 1479 Purcell Rd, Lawrenceville, GA 30043. Guardería, preescolar y programas extraescolares de calidad. ¡Ins…","max-image-preview:large","https://x3yyntt5tp-staging.wpdns.site/es/locations/chroma-early-learning-academy-chadwick/","1","true","true","true","true","true","true","true","BreadcrumbList | ChildCare | CollectionPage | Course | EducationalOrganization | Event | ItemList | LocalBusiness | Person | Service | SpecialAnnouncement | WebPage","0","",""
"https://x3yyntt5tp-staging.wpdns.site/summer-camp-discover-go/","summer-camp","200","https://x3yyntt5tp-staging.wpdns.site/summer-camp-discover-go/","0","200 https://x3yyntt5tp-staging.wpdns.site/summer-camp-discover-go/?codex_technical=20260718","Summer Camp Discover, Go! | Chroma Early Learning Academy","Learn about Chroma summer camp programs with seasonal themes, hands-on activities, and fun experiences for school-age children.","max-image-preview:large","https://x3yyntt5tp-staging.wpdns.site/summer-camp-discover-go/","1","true","true","true","true","true","true","true","BreadcrumbList | Course | Event | FAQPage | ItemList | LocalBusiness | Person | Service | WebPage","0","",""
"https://x3yyntt5tp-staging.wpdns.site/es/summer-camp-discover-go/","summer-camp","200","https://x3yyntt5tp-staging.wpdns.site/es/summer-camp-discover-go/","0","200 https://x3yyntt5tp-staging.wpdns.site/es/summer-camp-discover-go/?codex_technical=20260718","Campamento de verano Discover, Go! | Chroma Early Learning Acade…","Conoce los campamentos de verano de Chroma con temas de temporada, actividades prácticas y experiencias divertidas para niños mayores.","max-image-preview:large","https://x3yyntt5tp-staging.wpdns.site/es/summer-camp-discover-go/","1","true","true","true","true","true","true","true","BreadcrumbList | Course | Event | FAQPage | ItemList | LocalBusiness | Person | Service | WebPage","0","",""
"https://x3yyntt5tp-staging.wpdns.site/chroma-early-start/","early-start","200","https://x3yyntt5tp-staging.wpdns.site/chroma-early-start/","0","200 https://x3yyntt5tp-staging.wpdns.site/chroma-early-start/?codex_technical=20260718","Chroma Early Start | Pediatric Therapy","Explore Chroma Early Start for speech, occupational, and ABA therapy support connected with early childhood education.","max-image-preview:large","https://x3yyntt5tp-staging.wpdns.site/chroma-early-start/","1","true","true","true","true","true","true","true","BreadcrumbList | Person","0","",""
"https://x3yyntt5tp-staging.wpdns.site/2026/01/13/explore-the-link-between-care-quality-and-education-pricing/","editorial-single","200","https://x3yyntt5tp-staging.wpdns.site/2026/01/13/explore-the-link-between-care-quality-and-education-pricing/","0","200 https://x3yyntt5tp-staging.wpdns.site/2026/01/13/explore-the-link-between-care-quality-and-education-pricing/?codex_technical=20260718","Explore the Link Between Care Quality and Education Pricing | Chroma Early Learning Academy","Uncover how the quality of care influences pricing in early childhood education services. Understand the connection for better decisions in care and education.","max-image-preview:large","https://x3yyntt5tp-staging.wpdns.site/2026/01/13/explore-the-link-between-care-quality-and-education-pricing/","1","true","true","true","true","true","true","true","BlogPosting | BreadcrumbList | Person","0","",""
"https://x3yyntt5tp-staging.wpdns.site/es/2026/01/13/explore-the-link-between-care-quality-and-education-pricing/","editorial-single","200","https://x3yyntt5tp-staging.wpdns.site/es/2026/01/13/explore-the-link-between-care-quality-and-education-pricing/","0","200 https://x3yyntt5tp-staging.wpdns.site/es/2026/01/13/explore-the-link-between-care-quality-and-education-pricing/?codex_technical=20260718","Artículo de Chroma: Explore the Link Between Care Quality and Ed…","Cómo la Calidad de la Atención Influye en los Precios de los Servicios de Educación InfantilLa atención de alta calidad en la educación infantil se refiere a c…","max-image-preview:large","https://x3yyntt5tp-staging.wpdns.site/es/2026/01/13/explore-the-link-between-care-quality-and-education-pricing/","1","true","true","true","true","true","true","true","BlogPosting | BreadcrumbList | Person","0","",""
"https://x3yyntt5tp-staging.wpdns.site/2026/01/07/early-education-expansion-chroma-academys-19-new-locations/","editorial-single","200","https://x3yyntt5tp-staging.wpdns.site/2026/01/07/early-education-expansion-chroma-academys-19-new-locations/","0","200 https://x3yyntt5tp-staging.wpdns.site/2026/01/07/early-education-expansion-chroma-academys-19-new-locations/?codex_technical=20260718","Chroma Academy: New Early Education in Metro Atlanta","Chroma Academy expands with 19 new locations in Metro Atlanta. Experience quality early education, safe childcare, and engaging programs for your little ones.","max-image-preview:large","https://x3yyntt5tp-staging.wpdns.site/2026/01/07/early-education-expansion-chroma-academys-19-new-locations/","1","true","true","true","true","true","true","true","BlogPosting | BreadcrumbList | Person","0","",""
"https://x3yyntt5tp-staging.wpdns.site/es/2026/01/07/early-education-expansion-chroma-academys-19-new-locations/","editorial-single","200","https://x3yyntt5tp-staging.wpdns.site/es/2026/01/07/early-education-expansion-chroma-academys-19-new-locations/","0","200 https://x3yyntt5tp-staging.wpdns.site/es/2026/01/07/early-education-expansion-chroma-academys-19-new-locations/?codex_technical=20260718","Artículo de Chroma: Expansión de Educación Temprana: 19 Nuevas U…","Chroma Academy: ¡19 Ubicaciones Abiertas Ahora!Chroma Early Learning Academy está creciendo — ahora sirviendo a familias en 19 ubicaciones en todo Metro Atlant…","max-image-preview:large","https://x3yyntt5tp-staging.wpdns.site/es/2026/01/07/early-education-expansion-chroma-academys-19-new-locations/","1","true","true","true","true","true","true","true","BlogPosting | BreadcrumbList | Person","0","",""
"https://x3yyntt5tp-staging.wpdns.site/terms-of-service/","legal","200","https://x3yyntt5tp-staging.wpdns.site/terms-of-service/","0","200 https://x3yyntt5tp-staging.wpdns.site/terms-of-service/?codex_technical=20260718","Terms of Service | Chroma Early Learning Academy","Review Chroma Early Learning Academy terms of service, including enrollment, billing, attendance, and family policy information.","max-image-preview:large","https://x3yyntt5tp-staging.wpdns.site/terms-of-service/","1","true","true","true","true","true","true","true","BreadcrumbList | Person","0","",""
"https://x3yyntt5tp-staging.wpdns.site/es/terms-of-service/","legal","200","https://x3yyntt5tp-staging.wpdns.site/es/terms-of-service/","0","200 https://x3yyntt5tp-staging.wpdns.site/es/terms-of-service/?codex_technical=20260718","Términos de servicio | Chroma Early Learning Academy","Consulta los términos de servicio de Chroma Early Learning Academy, incluyendo inscripción, facturación, asistencia y políticas familiares.","max-image-preview:large","https://x3yyntt5tp-staging.wpdns.site/es/terms-of-service/","1","true","true","true","true","true","true","true","BreadcrumbList | Person","0","",""
"https://x3yyntt5tp-staging.wpdns.site/2025/12/29/promoting-healthy-eating-habits-for-young-children/","editorial-single","200","https://x3yyntt5tp-staging.wpdns.site/2025/12/29/promoting-healthy-eating-habits-for-young-children/","0","200 https://x3yyntt5tp-staging.wpdns.site/2025/12/29/promoting-healthy-eating-habits-for-young-children/?codex_technical=20260718","Healthy Eating Habits for Young Children: Chroma's Guide","Nurturing Healthy Eaters: Practical Nutrition Guidelines for Young Children Good nutrition in the early years shapes growth, learning, and lifelong health. This guide lays out clear nutrition basics and everyday...","max-image-preview:large","https://x3yyntt5tp-staging.wpdns.site/2025/12/29/promoting-healthy-eating-habits-for-young-children/","1","true","true","true","true","true","true","true","Article | BlogPosting | BreadcrumbList | Organization | Person","0","",""
"https://x3yyntt5tp-staging.wpdns.site/es/2025/12/29/promoting-healthy-eating-habits-for-young-children/","editorial-single","200","https://x3yyntt5tp-staging.wpdns.site/es/2025/12/29/promoting-healthy-eating-habits-for-young-children/","0","200 https://x3yyntt5tp-staging.wpdns.site/es/2025/12/29/promoting-healthy-eating-habits-for-young-children/?codex_technical=20260718","Artículo de Chroma: Fomentando hábitos alimenticios saludables e…","Nutrición infantil: Guía práctica para crear hábitos alimenticios saludablesUna buena nutrición en los primeros años de vida moldea el crecimiento, el aprendiz…","max-image-preview:large","https://x3yyntt5tp-staging.wpdns.site/es/2025/12/29/promoting-healthy-eating-habits-for-young-children/","1","true","true","true","true","true","true","true","Article | BlogPosting | BreadcrumbList | Organization | Person","0","",""
"https://x3yyntt5tp-staging.wpdns.site/2025/12/29/home-daycare-vs-childcare-center-a-comparison/","editorial-single","200","https://x3yyntt5tp-staging.wpdns.site/2025/12/29/home-daycare-vs-childcare-center-a-comparison/","0","200 https://x3yyntt5tp-staging.wpdns.site/2025/12/29/home-daycare-vs-childcare-center-a-comparison/?codex_technical=20260718","Home Daycare vs. Childcare: Compare Options | Chroma 2025","Home Daycare vs. Childcare Center: A Comprehensive Comparison for Metro Atlanta Parents Choosing between a home daycare and a childcare center is one of the most practical decisions a Metro...","max-image-preview:large","https://x3yyntt5tp-staging.wpdns.site/2025/12/29/home-daycare-vs-childcare-center-a-comparison/","1","true","true","true","true","true","true","true","Article | BlogPosting | BreadcrumbList | Organization | Person","0","",""
"https://x3yyntt5tp-staging.wpdns.site/es/2025/12/29/home-daycare-vs-childcare-center-a-comparison/","editorial-single","200","https://x3yyntt5tp-staging.wpdns.site/es/2025/12/29/home-daycare-vs-childcare-center-a-comparison/","0","200 https://x3yyntt5tp-staging.wpdns.site/es/2025/12/29/home-daycare-vs-childcare-center-a-comparison/?codex_technical=20260718","Artículo de Chroma: Guardería en Casa vs. Centro de Cuidado Infa…","Guardería en Casa vs. Centro de Cuidado Infantil: Una Comparación Integral para Padres del Área Metropolitana de AtlantaElegir entre una guardería en casa y un…","max-image-preview:large","https://x3yyntt5tp-staging.wpdns.site/es/2025/12/29/home-daycare-vs-childcare-center-a-comparison/","1","true","true","true","true","true","true","true","Article | BlogPosting | BreadcrumbList | Organization | Person","0","",""
"https://x3yyntt5tp-staging.wpdns.site/2025/12/29/strategies-for-supporting-children-with-autism-spectrum-disorder/","editorial-single","200","https://x3yyntt5tp-staging.wpdns.site/2025/12/29/strategies-for-supporting-children-with-autism-spectrum-disorder/","0","200 https://x3yyntt5tp-staging.wpdns.site/2025/12/29/strategies-for-supporting-children-with-autism-spectrum-disorder/?codex_technical=20260718","Autism Support Strategies: A Guide for Parents | Chroma","Effective Autism Early Intervention Strategies: Supporting Children with Autism Spectrum Disorder Supporting a child with Autism Spectrum Disorder (ASD) means combining attentive observation with practical, evidence-informed strategies. This guide covers...","max-image-preview:large","https://x3yyntt5tp-staging.wpdns.site/2025/12/29/strategies-for-supporting-children-with-autism-spectrum-disorder/","1","true","true","true","true","true","true","true","Article | BlogPosting | BreadcrumbList | Organization | Person","0","",""
"https://x3yyntt5tp-staging.wpdns.site/es/2025/12/29/strategies-for-supporting-children-with-autism-spectrum-disorder/","editorial-single","200","https://x3yyntt5tp-staging.wpdns.site/es/2025/12/29/strategies-for-supporting-children-with-autism-spectrum-disorder/","0","200 https://x3yyntt5tp-staging.wpdns.site/es/2025/12/29/strategies-for-supporting-children-with-autism-spectrum-disorder/?codex_technical=20260718","Artículo de Chroma: Estrategias para apoyar a niños con Trastorn…","Estrategias efectivas de intervención temprana para el autismo: Apoyando a niños con Trastorno del Espectro AutistaApoyar a un niño con Trastorno del Espectro…","max-image-preview:large","https://x3yyntt5tp-staging.wpdns.site/es/2025/12/29/strategies-for-supporting-children-with-autism-spectrum-disorder/","1","true","true","true","true","true","true","true","Article | BlogPosting | BreadcrumbList | Organization | Person","0","",""
"https://x3yyntt5tp-staging.wpdns.site/2025/12/29/fostering-emotional-readiness-for-kindergarten-success/","editorial-single","200","https://x3yyntt5tp-staging.wpdns.site/2025/12/29/fostering-emotional-readiness-for-kindergarten-success/","0","200 https://x3yyntt5tp-staging.wpdns.site/2025/12/29/fostering-emotional-readiness-for-kindergarten-success/?codex_technical=20260718","Kindergarten Readiness: Emotional Growth Guide by Chroma","Preparing Children Emotionally for Kindergarten: Growing Social-Emotional Skills and Self‑Regulation Emotional readiness shapes how well a child adapts, learns, and connects when they start kindergarten. This guide explains why those...","max-image-preview:large","https://x3yyntt5tp-staging.wpdns.site/2025/12/29/fostering-emotional-readiness-for-kindergarten-success/","1","true","true","true","true","true","true","true","Article | BlogPosting | BreadcrumbList | Organization | Person","0","",""
"https://x3yyntt5tp-staging.wpdns.site/es/2025/12/29/fostering-emotional-readiness-for-kindergarten-success/","editorial-single","200","https://x3yyntt5tp-staging.wpdns.site/es/2025/12/29/fostering-emotional-readiness-for-kindergarten-success/","0","200 https://x3yyntt5tp-staging.wpdns.site/es/2025/12/29/fostering-emotional-readiness-for-kindergarten-success/?codex_technical=20260718","Artículo de Chroma: Fomentando la preparación emocional para el…","Preparando a los niños emocionalmente para el jardín de infantes: Fomentando las habilidades socioemocionales y la autorregulaciónLa preparación emocional mold…","max-image-preview:large","https://x3yyntt5tp-staging.wpdns.site/es/2025/12/29/fostering-emotional-readiness-for-kindergarten-success/","1","true","true","true","true","true","true","true","Article | BlogPosting | BreadcrumbList | Organization | Person","0","",""
"https://x3yyntt5tp-staging.wpdns.site/2025/12/29/understanding-childcare-accreditation-its-importance/","editorial-single","200","https://x3yyntt5tp-staging.wpdns.site/2025/12/29/understanding-childcare-accreditation-its-importance/","0","200 https://x3yyntt5tp-staging.wpdns.site/2025/12/29/understanding-childcare-accreditation-its-importance/?codex_technical=20260718","Childcare Accreditation: Why It Matters | Chroma","Childcare Accreditation — What It Means, Why It Matters, and How to Choose Quality Early Learning Accreditation is one of the clearest signals that an early learning program goes beyond...","max-image-preview:large","https://x3yyntt5tp-staging.wpdns.site/2025/12/29/understanding-childcare-accreditation-its-importance/","1","true","true","true","true","true","true","true","Article | BlogPosting | BreadcrumbList | Organization | Person","0","",""
"https://x3yyntt5tp-staging.wpdns.site/es/2025/12/29/understanding-childcare-accreditation-its-importance/","editorial-single","200","https://x3yyntt5tp-staging.wpdns.site/es/2025/12/29/understanding-childcare-accreditation-its-importance/","0","200 https://x3yyntt5tp-staging.wpdns.site/es/2025/12/29/understanding-childcare-accreditation-its-importance/?codex_technical=20260718","Artículo de Chroma: Entendiendo la acreditación del cuidado infa…","Acreditación del cuidado infantil: qué significa, por qué es importante y cómo elegir aprendizaje temprano de calidadLa acreditación es una de las señales más…","max-image-preview:large","https://x3yyntt5tp-staging.wpdns.site/es/2025/12/29/understanding-childcare-accreditation-its-importance/","1","true","true","true","true","true","true","true","Article | BlogPosting | BreadcrumbList | Organization | Person","0","",""
"https://x3yyntt5tp-staging.wpdns.site/2025/12/29/top-questions-to-ask-childcare-providers/","editorial-single","200","https://x3yyntt5tp-staging.wpdns.site/2025/12/29/top-questions-to-ask-childcare-providers/","0","200 https://x3yyntt5tp-staging.wpdns.site/2025/12/29/top-questions-to-ask-childcare-providers/?codex_technical=20260718","Childcare Questions: A 2025 Guide by Chroma","Top Questions to Ask Childcare Providers: Your Essential Daycare Interview and Vetting Guide Choosing childcare ranks among the most consequential decisions a parent makes, and this guide equips you with...","max-image-preview:large","https://x3yyntt5tp-staging.wpdns.site/2025/12/29/top-questions-to-ask-childcare-providers/","1","true","true","true","true","true","true","true","Article | BlogPosting | BreadcrumbList | Organization | Person","0","",""
"https://x3yyntt5tp-staging.wpdns.site/es/2025/12/29/top-questions-to-ask-childcare-providers/","editorial-single","200","https://x3yyntt5tp-staging.wpdns.site/es/2025/12/29/top-questions-to-ask-childcare-providers/","0","200 https://x3yyntt5tp-staging.wpdns.site/es/2025/12/29/top-questions-to-ask-childcare-providers/?codex_technical=20260718","Artículo de Chroma: Preguntas clave para hacer a los proveedores…","Preguntas clave para hacer a los proveedores de cuidado infantil: Su guía esencial para entrevistas y verificación de guarderíasElegir el cuidado infantil se e…","max-image-preview:large","https://x3yyntt5tp-staging.wpdns.site/es/2025/12/29/top-questions-to-ask-childcare-providers/","1","true","true","true","true","true","true","true","Article | BlogPosting | BreadcrumbList | Organization | Person","0","",""
"https://x3yyntt5tp-staging.wpdns.site/2025/12/29/helping-children-cope-with-family-changes/","editorial-single","200","https://x3yyntt5tp-staging.wpdns.site/2025/12/29/helping-children-cope-with-family-changes/","0","200 https://x3yyntt5tp-staging.wpdns.site/2025/12/29/helping-children-cope-with-family-changes/?codex_technical=20260718","Helping Children Cope with Family Changes: Chroma's Guide","chromaparents Helping Children Through Family Changes: Emotional Support and Resilience Strategies Changes at home — like a move or divorce — can shake a child’s sense of safety. Knowing how...","max-image-preview:large","https://x3yyntt5tp-staging.wpdns.site/2025/12/29/helping-children-cope-with-family-changes/","1","true","true","true","true","true","true","true","Article | BlogPosting | BreadcrumbList | Organization | Person","0","",""
"https://x3yyntt5tp-staging.wpdns.site/es/2025/12/29/helping-children-cope-with-family-changes/","editorial-single","200","https://x3yyntt5tp-staging.wpdns.site/es/2025/12/29/helping-children-cope-with-family-changes/","0","200 https://x3yyntt5tp-staging.wpdns.site/es/2025/12/29/helping-children-cope-with-family-changes/?codex_technical=20260718","Artículo de Chroma: Ayudando a los niños a afrontar los cambios…","chromapadresAyudando a los niños a superar los cambios familiares: Apoyo emocional y estrategias de resilienciaLos cambios en el hogar, como una mudanza o un d…","max-image-preview:large","https://x3yyntt5tp-staging.wpdns.site/es/2025/12/29/helping-children-cope-with-family-changes/","1","true","true","true","true","true","true","true","Article | BlogPosting | BreadcrumbList | Organization | Person","0","",""
"https://x3yyntt5tp-staging.wpdns.site/2025/12/29/helping-children-cope-with-stress-anxiety/","editorial-single","200","https://x3yyntt5tp-staging.wpdns.site/2025/12/29/helping-children-cope-with-stress-anxiety/","0","200 https://x3yyntt5tp-staging.wpdns.site/2025/12/29/helping-children-cope-with-stress-anxiety/?codex_technical=20260718","Helping Children Cope with Stress & Anxiety: Chroma's Guide","Helping Children Cope with Stress & Anxiety: Practical Coping Skills and Parenting Strategies Children today meet a lot of demands at home, school, and online — and those demands can...","max-image-preview:large","https://x3yyntt5tp-staging.wpdns.site/2025/12/29/helping-children-cope-with-stress-anxiety/","1","true","true","true","true","true","true","true","Article | BlogPosting | BreadcrumbList | Organization | Person","0","",""
"https://x3yyntt5tp-staging.wpdns.site/es/2025/12/29/helping-children-cope-with-stress-anxiety/","editorial-single","200","https://x3yyntt5tp-staging.wpdns.site/es/2025/12/29/helping-children-cope-with-stress-anxiety/","0","200 https://x3yyntt5tp-staging.wpdns.site/es/2025/12/29/helping-children-cope-with-stress-anxiety/?codex_technical=20260718","Artículo de Chroma: Ayudando a los niños a lidiar con el estrés…","Ayudando a los niños a lidiar con el estrés y la ansiedad: habilidades de afrontamiento prácticas y estrategias para padresLos niños de hoy se enfrentan a much…","max-image-preview:large","https://x3yyntt5tp-staging.wpdns.site/es/2025/12/29/helping-children-cope-with-stress-anxiety/","1","true","true","true","true","true","true","true","Article | BlogPosting | BreadcrumbList | Organization | Person","0","",""
"https://x3yyntt5tp-staging.wpdns.site/2025/12/29/strategies-for-preventing-childhood-obesity/","editorial-single","200","https://x3yyntt5tp-staging.wpdns.site/2025/12/29/strategies-for-preventing-childhood-obesity/","0","200 https://x3yyntt5tp-staging.wpdns.site/2025/12/29/strategies-for-preventing-childhood-obesity/?codex_technical=20260718","Preventing Childhood Obesity: Chroma's Strategies & Tips","Effective Strategies for Preventing Childhood Obesity: Healthy Habits and Parental Guidance Childhood obesity prevention means establishing consistent nutrition, activity, sleep, and screen-time habits during the early years to support healthy...","max-image-preview:large","https://x3yyntt5tp-staging.wpdns.site/2025/12/29/strategies-for-preventing-childhood-obesity/","1","true","true","true","true","true","true","true","Article | BlogPosting | BreadcrumbList | Organization | Person","0","",""
"https://x3yyntt5tp-staging.wpdns.site/es/2025/12/29/strategies-for-preventing-childhood-obesity/","editorial-single","200","https://x3yyntt5tp-staging.wpdns.site/es/2025/12/29/strategies-for-preventing-childhood-obesity/","0","200 https://x3yyntt5tp-staging.wpdns.site/es/2025/12/29/strategies-for-preventing-childhood-obesity/?codex_technical=20260718","Artículo de Chroma: Estrategias para la Prevención de la Obesida…","Estrategias efectivas para la prevención de la obesidad infantil: hábitos saludables y orientación parentalLa prevención de la obesidad infantil significa esta…","max-image-preview:large","https://x3yyntt5tp-staging.wpdns.site/es/2025/12/29/strategies-for-preventing-childhood-obesity/","1","true","true","true","true","true","true","true","Article | BlogPosting | BreadcrumbList | Organization | Person","0","",""
"https://x3yyntt5tp-staging.wpdns.site/2025/12/27/recognizing-developmental-red-flags-in-children/","editorial-single","200","https://x3yyntt5tp-staging.wpdns.site/2025/12/27/recognizing-developmental-red-flags-in-children/","0","200 https://x3yyntt5tp-staging.wpdns.site/2025/12/27/recognizing-developmental-red-flags-in-children/?codex_technical=20260718","Chroma's Guide: Recognizing Child Development Red Flags","Recognizing Developmental Red Flags in Children: A Practical Parent’s Guide to Early Milestones and Concerns Noticing possible developmental concerns early makes a real difference. This guide helps parents spot common...","max-image-preview:large","https://x3yyntt5tp-staging.wpdns.site/2025/12/27/recognizing-developmental-red-flags-in-children/","1","true","true","true","true","true","true","true","Article | BlogPosting | BreadcrumbList | Organization | Person","0","",""
"https://x3yyntt5tp-staging.wpdns.site/es/2025/12/27/recognizing-developmental-red-flags-in-children/","editorial-single","200","https://x3yyntt5tp-staging.wpdns.site/es/2025/12/27/recognizing-developmental-red-flags-in-children/","0","200 https://x3yyntt5tp-staging.wpdns.site/es/2025/12/27/recognizing-developmental-red-flags-in-children/?codex_technical=20260718","Artículo de Chroma: Reconociendo las Señales de Alerta del Desar…","Reconociendo las Señales de Alerta del Desarrollo Infantil: Guía Práctica para Padres sobre Hitos y Preocupaciones TempranasNotar posibles preocupaciones en el…","max-image-preview:large","https://x3yyntt5tp-staging.wpdns.site/es/2025/12/27/recognizing-developmental-red-flags-in-children/","1","true","true","true","true","true","true","true","Article | BlogPosting | BreadcrumbList | Organization | Person","0","",""
"https://x3yyntt5tp-staging.wpdns.site/2025/12/27/mastering-toddler-behavior-effective-tantrum-solutions/","editorial-single","200","https://x3yyntt5tp-staging.wpdns.site/2025/12/27/mastering-toddler-behavior-effective-tantrum-solutions/","0","200 https://x3yyntt5tp-staging.wpdns.site/2025/12/27/mastering-toddler-behavior-effective-tantrum-solutions/?codex_technical=20260718","Toddler Tantrums: Effective Solutions by Chroma (2025)","Effectively manage toddler tantrums with practical strategies. Tackle behavior challenges head-on and foster a calm environment for your little one today!","max-image-preview:large","https://x3yyntt5tp-staging.wpdns.site/2025/12/27/mastering-toddler-behavior-effective-tantrum-solutions/","1","true","true","true","true","true","true","true","Article | BlogPosting | BreadcrumbList | Organization | Person","0","",""
"https://x3yyntt5tp-staging.wpdns.site/es/2025/12/27/mastering-toddler-behavior-effective-tantrum-solutions/","editorial-single","200","https://x3yyntt5tp-staging.wpdns.site/es/2025/12/27/mastering-toddler-behavior-effective-tantrum-solutions/","0","200 https://x3yyntt5tp-staging.wpdns.site/es/2025/12/27/mastering-toddler-behavior-effective-tantrum-solutions/?codex_technical=20260718","Artículo de Chroma: Dominando el comportamiento de los niños peq…","Calma en la Tormenta: Estrategias Prácticas para Manejar las Rabietas de los Niños Pequeños — Una Guía para Padres y CuidadoresLas rabietas de los niños pequeñ…","max-image-preview:large","https://x3yyntt5tp-staging.wpdns.site/es/2025/12/27/mastering-toddler-behavior-effective-tantrum-solutions/","1","true","true","true","true","true","true","true","Article | BlogPosting | BreadcrumbList | Organization | Person","0","",""
"https://x3yyntt5tp-staging.wpdns.site/2025/12/27/required-enrollment-forms-and-documents-for-registration/","editorial-single","200","https://x3yyntt5tp-staging.wpdns.site/2025/12/27/required-enrollment-forms-and-documents-for-registration/","0","200 https://x3yyntt5tp-staging.wpdns.site/2025/12/27/required-enrollment-forms-and-documents-for-registration/?codex_technical=20260718","Chroma: Childcare Enrollment Forms & Documents (2025)","Georgia Childcare Enrollment: Your Complete Guide to Required Documents Starting childcare in Georgia comes with paperwork — and that can feel overwhelming. This guide breaks down the exact forms families...","max-image-preview:large","https://x3yyntt5tp-staging.wpdns.site/2025/12/27/required-enrollment-forms-and-documents-for-registration/","1","true","true","true","true","true","true","true","Article | BlogPosting | BreadcrumbList | Organization | Person","0","",""
"https://x3yyntt5tp-staging.wpdns.site/es/2025/12/27/required-enrollment-forms-and-documents-for-registration/","editorial-single","200","https://x3yyntt5tp-staging.wpdns.site/es/2025/12/27/required-enrollment-forms-and-documents-for-registration/","0","200 https://x3yyntt5tp-staging.wpdns.site/es/2025/12/27/required-enrollment-forms-and-documents-for-registration/?codex_technical=20260718","Artículo de Chroma: Formularios y Documentos de Inscripción Requ…","Inscripción en Guarderías de Georgia: Su Guía Completa de Documentos RequeridosComenzar en una guardería en Georgia implica papeleo, lo cual puede ser abrumado…","max-image-preview:large","https://x3yyntt5tp-staging.wpdns.site/es/2025/12/27/required-enrollment-forms-and-documents-for-registration/","1","true","true","true","true","true","true","true","Article | BlogPosting | BreadcrumbList | Organization | Person","0","",""
"https://x3yyntt5tp-staging.wpdns.site/2025/12/27/tips-for-effective-communication-with-toddlers/","editorial-single","200","https://x3yyntt5tp-staging.wpdns.site/2025/12/27/tips-for-effective-communication-with-toddlers/","0","200 https://x3yyntt5tp-staging.wpdns.site/2025/12/27/tips-for-effective-communication-with-toddlers/?codex_technical=20260718","Toddler Communication Tips: Chroma's Guide","Tips for Effective Communication with Toddlers: Practical Strategies to Support Early Language Development Talking with toddlers matters — it shapes how they learn words, share feelings, and connect with the...","max-image-preview:large","https://x3yyntt5tp-staging.wpdns.site/2025/12/27/tips-for-effective-communication-with-toddlers/","1","true","true","true","true","true","true","true","Article | BlogPosting | BreadcrumbList | Organization | Person","0","",""
"https://x3yyntt5tp-staging.wpdns.site/es/2025/12/27/tips-for-effective-communication-with-toddlers/","editorial-single","200","https://x3yyntt5tp-staging.wpdns.site/es/2025/12/27/tips-for-effective-communication-with-toddlers/","0","200 https://x3yyntt5tp-staging.wpdns.site/es/2025/12/27/tips-for-effective-communication-with-toddlers/?codex_technical=20260718","Artículo de Chroma: Consejos para una comunicación efectiva con…","Consejos para una comunicación efectiva con niños pequeños: Estrategias prácticas para apoyar el desarrollo del lenguaje tempranoHablar con los niños pequeños…","max-image-preview:large","https://x3yyntt5tp-staging.wpdns.site/es/2025/12/27/tips-for-effective-communication-with-toddlers/","1","true","true","true","true","true","true","true","Article | BlogPosting | BreadcrumbList | Organization | Person","0","",""
"https://x3yyntt5tp-staging.wpdns.site/2025/12/26/supporting-cognitive-development-in-school-age-children/","editorial-single","200","https://x3yyntt5tp-staging.wpdns.site/2025/12/26/supporting-cognitive-development-in-school-age-children/","0","200 https://x3yyntt5tp-staging.wpdns.site/2025/12/26/supporting-cognitive-development-in-school-age-children/?codex_technical=20260718","Cognitive Development: Activities & Strategies for Kids","Supporting Cognitive Development in School-Age Children: Effective Activities and Strategies for Parents and Educators Cognitive development in school-age children refers to the growth of thinking skills that let a child...","max-image-preview:large","https://x3yyntt5tp-staging.wpdns.site/2025/12/26/supporting-cognitive-development-in-school-age-children/","1","true","true","true","true","true","true","true","Article | BlogPosting | BreadcrumbList | Organization | Person","0","",""
"https://x3yyntt5tp-staging.wpdns.site/es/2025/12/26/supporting-cognitive-development-in-school-age-children/","editorial-single","200","https://x3yyntt5tp-staging.wpdns.site/es/2025/12/26/supporting-cognitive-development-in-school-age-children/","0","200 https://x3yyntt5tp-staging.wpdns.site/es/2025/12/26/supporting-cognitive-development-in-school-age-children/?codex_technical=20260718","Artículo de Chroma: Apoyando el Desarrollo Cognitivo en Niños en…","Apoyando el Desarrollo Cognitivo en Niños en Edad Escolar: Actividades y Estrategias Efectivas para Padres y EducadoresEl desarrollo cognitivo en niños en edad…","max-image-preview:large","https://x3yyntt5tp-staging.wpdns.site/es/2025/12/26/supporting-cognitive-development-in-school-age-children/","1","true","true","true","true","true","true","true","Article | BlogPosting | BreadcrumbList | Organization | Person","0","",""
"https://x3yyntt5tp-staging.wpdns.site/2025/12/26/our-emergency-preparedness-plan-for-childcare-safety/","editorial-single","200","https://x3yyntt5tp-staging.wpdns.site/2025/12/26/our-emergency-preparedness-plan-for-childcare-safety/","0","200 https://x3yyntt5tp-staging.wpdns.site/2025/12/26/our-emergency-preparedness-plan-for-childcare-safety/?codex_technical=20260718","Chroma's Childcare Emergency Plan: Safety in 2025","Our Emergency Preparedness Plan for Childcare Safety: Comprehensive Childcare Emergency Preparedness Plan for Parents and Guardians Emergency preparedness for childcare settings is a formal program of policies, procedures, training, and...","max-image-preview:large","https://x3yyntt5tp-staging.wpdns.site/2025/12/26/our-emergency-preparedness-plan-for-childcare-safety/","1","true","true","true","true","true","true","true","Article | BlogPosting | BreadcrumbList | Organization | Person","0","",""
"https://x3yyntt5tp-staging.wpdns.site/es/2025/12/26/our-emergency-preparedness-plan-for-childcare-safety/","editorial-single","200","https://x3yyntt5tp-staging.wpdns.site/es/2025/12/26/our-emergency-preparedness-plan-for-childcare-safety/","0","200 https://x3yyntt5tp-staging.wpdns.site/es/2025/12/26/our-emergency-preparedness-plan-for-childcare-safety/?codex_technical=20260718","Artículo de Chroma: Nuestro Plan de Preparación para Emergencias…","Nuestro Plan de Preparación para Emergencias para la Seguridad Infantil: Plan Integral de Preparación para Emergencias en Guarderías para Padres y TutoresLa pr…","max-image-preview:large","https://x3yyntt5tp-staging.wpdns.site/es/2025/12/26/our-emergency-preparedness-plan-for-childcare-safety/","1","true","true","true","true","true","true","true","Article | BlogPosting | BreadcrumbList | Organization | Person","0","",""
"https://x3yyntt5tp-staging.wpdns.site/2025/12/26/typical-daily-schedule-in-our-infant-care-program/","editorial-single","200","https://x3yyntt5tp-staging.wpdns.site/2025/12/26/typical-daily-schedule-in-our-infant-care-program/","0","200 https://x3yyntt5tp-staging.wpdns.site/2025/12/26/typical-daily-schedule-in-our-infant-care-program/?codex_technical=20260718","Chroma Academy Infant Care: A Typical Daily Schedule in 2025","Typical Daily Schedule in Our Infant Care Program: A Comprehensive Guide to Infant Daycare Routines Chroma Early Learning Academy presents a clear, parent-focused explanation of what infants experience during a...","max-image-preview:large","https://x3yyntt5tp-staging.wpdns.site/2025/12/26/typical-daily-schedule-in-our-infant-care-program/","1","true","true","true","true","true","true","true","Article | BlogPosting | BreadcrumbList | Organization | Person","0","",""
"https://x3yyntt5tp-staging.wpdns.site/es/2025/12/26/typical-daily-schedule-in-our-infant-care-program/","editorial-single","200","https://x3yyntt5tp-staging.wpdns.site/es/2025/12/26/typical-daily-schedule-in-our-infant-care-program/","0","200 https://x3yyntt5tp-staging.wpdns.site/es/2025/12/26/typical-daily-schedule-in-our-infant-care-program/?codex_technical=20260718","Artículo de Chroma: Horario Diario Típico en Nuestro Programa de…","Horario Diario Típico en Nuestro Programa de Cuidado Infantil: Una Guía Integral de las Rutinas Diurnas para BebésChroma Early Learning Academy presenta una ex…","max-image-preview:large","https://x3yyntt5tp-staging.wpdns.site/es/2025/12/26/typical-daily-schedule-in-our-infant-care-program/","1","true","true","true","true","true","true","true","Article | BlogPosting | BreadcrumbList | Organization | Person","0","",""
"https://x3yyntt5tp-staging.wpdns.site/2025/12/26/the-benefits-of-play-based-learning-in-preschool/","editorial-single","200","https://x3yyntt5tp-staging.wpdns.site/2025/12/26/the-benefits-of-play-based-learning-in-preschool/","0","200 https://x3yyntt5tp-staging.wpdns.site/2025/12/26/the-benefits-of-play-based-learning-in-preschool/?codex_technical=20260718","Play-Based Learning: Chroma's Preschool Benefits in 2025","Unlocking Growth Through Play-Based Learning Play-based learning places purposeful play at the center of early childhood education, using child-led exploration and teacher-guided scaffolds to drive measurable development across cognitive, social-emotional,...","max-image-preview:large","https://x3yyntt5tp-staging.wpdns.site/2025/12/26/the-benefits-of-play-based-learning-in-preschool/","1","true","true","true","true","true","true","true","Article | BlogPosting | BreadcrumbList | Organization | Person","0","",""
"https://x3yyntt5tp-staging.wpdns.site/es/2025/12/26/the-benefits-of-play-based-learning-in-preschool/","editorial-single","200","https://x3yyntt5tp-staging.wpdns.site/es/2025/12/26/the-benefits-of-play-based-learning-in-preschool/","0","200 https://x3yyntt5tp-staging.wpdns.site/es/2025/12/26/the-benefits-of-play-based-learning-in-preschool/?codex_technical=20260718","Artículo de Chroma: Los beneficios del aprendizaje basado en el…","Desbloqueando el crecimiento a través del aprendizaje basado en el juegoEl aprendizaje basado en el juego sitúa el juego con propósito en el centro de la educa…","max-image-preview:large","https://x3yyntt5tp-staging.wpdns.site/es/2025/12/26/the-benefits-of-play-based-learning-in-preschool/","1","true","true","true","true","true","true","true","Article | BlogPosting | BreadcrumbList | Organization | Person","0","",""
"https://x3yyntt5tp-staging.wpdns.site/2025/12/26/essential-resources-for-parents-of-special-needs-children/","editorial-single","200","https://x3yyntt5tp-staging.wpdns.site/2025/12/26/essential-resources-for-parents-of-special-needs-children/","0","200 https://x3yyntt5tp-staging.wpdns.site/2025/12/26/essential-resources-for-parents-of-special-needs-children/?codex_technical=20260718","Atlanta Resources for Special Needs Parents: A 2025 Guide","Essential Resources for Parents of Children with Developmental Differences: Support, Programs, and Advocacy in Atlanta If you’re looking for clear, local guidance on screenings, therapies, legal protections, and community supports...","max-image-preview:large","https://x3yyntt5tp-staging.wpdns.site/2025/12/26/essential-resources-for-parents-of-special-needs-children/","1","true","true","true","true","true","true","true","Article | BlogPosting | BreadcrumbList | Organization | Person","0","",""
"https://x3yyntt5tp-staging.wpdns.site/es/2025/12/26/essential-resources-for-parents-of-special-needs-children/","editorial-single","200","https://x3yyntt5tp-staging.wpdns.site/es/2025/12/26/essential-resources-for-parents-of-special-needs-children/","0","200 https://x3yyntt5tp-staging.wpdns.site/es/2025/12/26/essential-resources-for-parents-of-special-needs-children/?codex_technical=20260718","Artículo de Chroma: Recursos Esenciales para Padres de Niños con…","Recursos Esenciales para Padres de Niños con Diferencias en el Desarrollo: Apoyo, Programas y Defensa en AtlantaSi buscas una guía clara y local sobre exámenes…","max-image-preview:large","https://x3yyntt5tp-staging.wpdns.site/es/2025/12/26/essential-resources-for-parents-of-special-needs-children/","1","true","true","true","true","true","true","true","Article | BlogPosting | BreadcrumbList | Organization | Person","0","",""
"https://x3yyntt5tp-staging.wpdns.site/2025/12/26/finding-support-groups-for-new-parents/","editorial-single","200","https://x3yyntt5tp-staging.wpdns.site/2025/12/26/finding-support-groups-for-new-parents/","0","200 https://x3yyntt5tp-staging.wpdns.site/2025/12/26/finding-support-groups-for-new-parents/?codex_technical=20260718","Metro Atlanta: Support Groups for New Parents in 2025","Finding Support Groups for New Parents: Your Practical Guide to Connection and Resources Becoming a new parent is joyful — and it can also bring fatigue, doubt, and loneliness. New...","max-image-preview:large","https://x3yyntt5tp-staging.wpdns.site/2025/12/26/finding-support-groups-for-new-parents/","1","true","true","true","true","true","true","true","Article | BlogPosting | BreadcrumbList | Organization | Person","0","",""
"https://x3yyntt5tp-staging.wpdns.site/es/2025/12/26/finding-support-groups-for-new-parents/","editorial-single","200","https://x3yyntt5tp-staging.wpdns.site/es/2025/12/26/finding-support-groups-for-new-parents/","0","200 https://x3yyntt5tp-staging.wpdns.site/es/2025/12/26/finding-support-groups-for-new-parents/?codex_technical=20260718","Artículo de Chroma: Grupos de Apoyo para Padres Nuevos: Su Guía…","Encontrando Grupos de Apoyo para Padres Nuevos: Su Guía Práctica para Conectar y Encontrar RecursosSer un padre o madre primerizo es una experiencia maravillos…","max-image-preview:large","https://x3yyntt5tp-staging.wpdns.site/es/2025/12/26/finding-support-groups-for-new-parents/","1","true","true","true","true","true","true","true","Article | BlogPosting | BreadcrumbList | Organization | Person","0","",""
"https://x3yyntt5tp-staging.wpdns.site/2025/12/26/effective-positive-discipline-techniques-for-young-children/","editorial-single","200","https://x3yyntt5tp-staging.wpdns.site/2025/12/26/effective-positive-discipline-techniques-for-young-children/","0","200 https://x3yyntt5tp-staging.wpdns.site/2025/12/26/effective-positive-discipline-techniques-for-young-children/?codex_technical=20260718","Positive Discipline Techniques for Young Children | Chroma","Effective Positive Discipline Techniques for Young Children: Strategies for Gentle Parenting and Behavior Management Positive discipline is an evidence-based approach that teaches children self-regulation, respect, and social skills through guidance...","max-image-preview:large","https://x3yyntt5tp-staging.wpdns.site/2025/12/26/effective-positive-discipline-techniques-for-young-children/","1","true","true","true","true","true","true","true","Article | BlogPosting | BreadcrumbList | Organization | Person","0","",""
"https://x3yyntt5tp-staging.wpdns.site/es/2025/12/26/effective-positive-discipline-techniques-for-young-children/","editorial-single","200","https://x3yyntt5tp-staging.wpdns.site/es/2025/12/26/effective-positive-discipline-techniques-for-young-children/","0","200 https://x3yyntt5tp-staging.wpdns.site/es/2025/12/26/effective-positive-discipline-techniques-for-young-children/?codex_technical=20260718","Artículo de Chroma: Técnicas Efectivas de Disciplina Positiva pa…","Técnicas Efectivas de Disciplina Positiva para Niños Pequeños: Estrategias para la Crianza Respetuosa y el Manejo del ComportamientoLa disciplina positiva es u…","max-image-preview:large","https://x3yyntt5tp-staging.wpdns.site/es/2025/12/26/effective-positive-discipline-techniques-for-young-children/","1","true","true","true","true","true","true","true","Article | BlogPosting | BreadcrumbList | Organization | Person","0","",""
"https://x3yyntt5tp-staging.wpdns.site/2025/12/26/georgia-pre-k-eligibility-requirements-application-guide/","editorial-single","200","https://x3yyntt5tp-staging.wpdns.site/2025/12/26/georgia-pre-k-eligibility-requirements-application-guide/","0","200 https://x3yyntt5tp-staging.wpdns.site/2025/12/26/georgia-pre-k-eligibility-requirements-application-guide/?codex_technical=20260718","Georgia Pre-K: Eligibility & Application at Chroma (2025)","Georgia Pre-K Eligibility Requirements & Application Guide: How to Qualify and Apply for the State-Funded Program Georgia Pre-K is a state-funded early childhood education program designed to prepare eligible four-year-old...","max-image-preview:large","https://x3yyntt5tp-staging.wpdns.site/2025/12/26/georgia-pre-k-eligibility-requirements-application-guide/","1","true","true","true","true","true","true","true","Article | BlogPosting | BreadcrumbList | Organization | Person","0","",""
"https://x3yyntt5tp-staging.wpdns.site/es/2025/12/26/georgia-pre-k-eligibility-requirements-application-guide/","editorial-single","200","https://x3yyntt5tp-staging.wpdns.site/es/2025/12/26/georgia-pre-k-eligibility-requirements-application-guide/","0","200 https://x3yyntt5tp-staging.wpdns.site/es/2025/12/26/georgia-pre-k-eligibility-requirements-application-guide/?codex_technical=20260718","Artículo de Chroma: Guía de Requisitos de Elegibilidad y Solicit…","Guía de Requisitos de Elegibilidad y Solicitud para Pre-K de Georgia: Cómo Calificar y Solicitar el Programa Financiado por el EstadoGeorgia Pre-K es un progra…","max-image-preview:large","https://x3yyntt5tp-staging.wpdns.site/es/2025/12/26/georgia-pre-k-eligibility-requirements-application-guide/","1","true","true","true","true","true","true","true","Article | BlogPosting | BreadcrumbList | Organization | Person","0","",""
"https://x3yyntt5tp-staging.wpdns.site/2025/12/26/the-benefits-of-outdoor-learning-in-early-education/","editorial-single","200","https://x3yyntt5tp-staging.wpdns.site/2025/12/26/the-benefits-of-outdoor-learning-in-early-education/","0","200 https://x3yyntt5tp-staging.wpdns.site/2025/12/26/the-benefits-of-outdoor-learning-in-early-education/?codex_technical=20260718","Outdoor Learning: Chroma's Early Education Benefits in 2025","The Benefits of Outdoor Learning in Early Education: How Nature Enhances Child Development and Readiness Outdoor learning is an approach that intentionally uses natural settings—yards, gardens, shaded play areas, and...","max-image-preview:large","https://x3yyntt5tp-staging.wpdns.site/2025/12/26/the-benefits-of-outdoor-learning-in-early-education/","1","true","true","true","true","true","true","true","Article | BlogPosting | BreadcrumbList | Organization | Person","0","",""
"https://x3yyntt5tp-staging.wpdns.site/es/2025/12/26/the-benefits-of-outdoor-learning-in-early-education/","editorial-single","200","https://x3yyntt5tp-staging.wpdns.site/es/2025/12/26/the-benefits-of-outdoor-learning-in-early-education/","0","200 https://x3yyntt5tp-staging.wpdns.site/es/2025/12/26/the-benefits-of-outdoor-learning-in-early-education/?codex_technical=20260718","Artículo de Chroma: Los beneficios del aprendizaje al aire libre…","Los beneficios del aprendizaje al aire libre en la educación temprana: Cómo la naturaleza mejora el desarrollo y la preparación infantilEl aprendizaje al aire…","max-image-preview:large","https://x3yyntt5tp-staging.wpdns.site/es/2025/12/26/the-benefits-of-outdoor-learning-in-early-education/","1","true","true","true","true","true","true","true","Article | BlogPosting | BreadcrumbList | Organization | Person","0","",""
"https://x3yyntt5tp-staging.wpdns.site/2025/12/26/comprehensive-allergy-management-in-our-childcare-centers/","editorial-single","200","https://x3yyntt5tp-staging.wpdns.site/2025/12/26/comprehensive-allergy-management-in-our-childcare-centers/","0","200 https://x3yyntt5tp-staging.wpdns.site/2025/12/26/comprehensive-allergy-management-in-our-childcare-centers/?codex_technical=20260718","Comprehensive Allergy Management at Chroma Academy in 2025","Comprehensive Allergy Management in Our Childcare Centers: Ensuring Safety and Trust for Parents Allergy management in childcare means preventing exposure, preparing for emergencies, and ensuring every child can participate safely...","max-image-preview:large","https://x3yyntt5tp-staging.wpdns.site/2025/12/26/comprehensive-allergy-management-in-our-childcare-centers/","1","true","true","true","true","true","true","true","Article | BlogPosting | BreadcrumbList | Organization | Person","0","",""
"https://x3yyntt5tp-staging.wpdns.site/es/2025/12/26/comprehensive-allergy-management-in-our-childcare-centers/","editorial-single","200","https://x3yyntt5tp-staging.wpdns.site/es/2025/12/26/comprehensive-allergy-management-in-our-childcare-centers/","0","200 https://x3yyntt5tp-staging.wpdns.site/es/2025/12/26/comprehensive-allergy-management-in-our-childcare-centers/?codex_technical=20260718","Artículo de Chroma: Manejo Integral de Alergias en Nuestros Cent…","Manejo Integral de Alergias en Nuestros Centros de Cuidado Infantil: Garantizando Seguridad y Confianza para los PadresEl manejo de alergias en el cuidado infa…","max-image-preview:large","https://x3yyntt5tp-staging.wpdns.site/es/2025/12/26/comprehensive-allergy-management-in-our-childcare-centers/","1","true","true","true","true","true","true","true","Article | BlogPosting | BreadcrumbList | Organization | Person","0","",""
"https://x3yyntt5tp-staging.wpdns.site/2025/12/26/introducing-stem-concepts-to-preschoolers/","editorial-single","200","https://x3yyntt5tp-staging.wpdns.site/2025/12/26/introducing-stem-concepts-to-preschoolers/","0","200 https://x3yyntt5tp-staging.wpdns.site/2025/12/26/introducing-stem-concepts-to-preschoolers/?codex_technical=20260718","STEM for Preschoolers: Chroma's Curriculum (2025)","Introducing STEM Concepts to Preschoolers: A Guide to Early Learning and Development Introducing STEM for preschoolers means presenting science, technology, engineering, and math through playful, age-appropriate experiences that spark curiosity...","max-image-preview:large","https://x3yyntt5tp-staging.wpdns.site/2025/12/26/introducing-stem-concepts-to-preschoolers/","1","true","true","true","true","true","true","true","Article | BlogPosting | BreadcrumbList | Organization | Person","0","",""
"https://x3yyntt5tp-staging.wpdns.site/es/2025/12/26/introducing-stem-concepts-to-preschoolers/","editorial-single","200","https://x3yyntt5tp-staging.wpdns.site/es/2025/12/26/introducing-stem-concepts-to-preschoolers/","0","200 https://x3yyntt5tp-staging.wpdns.site/es/2025/12/26/introducing-stem-concepts-to-preschoolers/?codex_technical=20260718","Artículo de Chroma: Introduciendo Conceptos STEM a Preescolares","Introduciendo Conceptos STEM a Preescolares: Una Guía para el Aprendizaje y Desarrollo TempranoIntroducir STEM para preescolares significa presentar ciencia, t…","max-image-preview:large","https://x3yyntt5tp-staging.wpdns.site/es/2025/12/26/introducing-stem-concepts-to-preschoolers/","1","true","true","true","true","true","true","true","Article | BlogPosting | BreadcrumbList | Organization | Person","0","",""
"https://x3yyntt5tp-staging.wpdns.site/2025/12/26/healthy-screen-time-guidelines-for-young-children/","editorial-single","200","https://x3yyntt5tp-staging.wpdns.site/2025/12/26/healthy-screen-time-guidelines-for-young-children/","0","200 https://x3yyntt5tp-staging.wpdns.site/2025/12/26/healthy-screen-time-guidelines-for-young-children/?codex_technical=20260718","Screen Time Guidelines for Young Children | Chroma Academy","Healthy Screen Time Guidelines for Young Children: Expert Recommendations and Practical Strategies Healthy screen time means deliberate, age-appropriate media use that supports learning and connection while protecting sleep, play, and...","max-image-preview:large","https://x3yyntt5tp-staging.wpdns.site/2025/12/26/healthy-screen-time-guidelines-for-young-children/","1","true","true","true","true","true","true","true","Article | BlogPosting | BreadcrumbList | Organization | Person","0","",""
"https://x3yyntt5tp-staging.wpdns.site/es/2025/12/26/healthy-screen-time-guidelines-for-young-children/","editorial-single","200","https://x3yyntt5tp-staging.wpdns.site/es/2025/12/26/healthy-screen-time-guidelines-for-young-children/","0","200 https://x3yyntt5tp-staging.wpdns.site/es/2025/12/26/healthy-screen-time-guidelines-for-young-children/?codex_technical=20260718","Artículo de Chroma: Guía de tiempo de pantalla saludable para ni…","Guía de tiempo de pantalla saludable para niños pequeños: recomendaciones de expertos y estrategias prácticasUn tiempo de pantalla saludable significa un uso d…","max-image-preview:large","https://x3yyntt5tp-staging.wpdns.site/es/2025/12/26/healthy-screen-time-guidelines-for-young-children/","1","true","true","true","true","true","true","true","Article | BlogPosting | BreadcrumbList | Organization | Person","0","",""
"https://x3yyntt5tp-staging.wpdns.site/2025/12/26/fostering-social-emotional-learning-in-early-childhood/","editorial-single","200","https://x3yyntt5tp-staging.wpdns.site/2025/12/26/fostering-social-emotional-learning-in-early-childhood/","0","200 https://x3yyntt5tp-staging.wpdns.site/2025/12/26/fostering-social-emotional-learning-in-early-childhood/?codex_technical=20260718","Chroma's Guide to Social-Emotional Learning in 2025","Fostering Social-Emotional Learning in Early Childhood: Comprehensive Guide to Early Childhood Social Emotional Development and Benefits Social-emotional learning (SEL) in early childhood teaches children to recognize emotions, manage impulses, form...","max-image-preview:large","https://x3yyntt5tp-staging.wpdns.site/2025/12/26/fostering-social-emotional-learning-in-early-childhood/","1","true","true","true","true","true","true","true","Article | BlogPosting | BreadcrumbList | Organization | Person","0","",""
"https://x3yyntt5tp-staging.wpdns.site/es/2025/12/26/fostering-social-emotional-learning-in-early-childhood/","editorial-single","200","https://x3yyntt5tp-staging.wpdns.site/es/2025/12/26/fostering-social-emotional-learning-in-early-childhood/","0","200 https://x3yyntt5tp-staging.wpdns.site/es/2025/12/26/fostering-social-emotional-learning-in-early-childhood/?codex_technical=20260718","Artículo de Chroma: Fomentando el Aprendizaje Socioemocional en…","Fomentando el Aprendizaje Socioemocional en la Primera Infancia: Guía Completa sobre el Desarrollo y los Beneficios Socioemocionales en la Primera InfanciaEl a…","max-image-preview:large","https://x3yyntt5tp-staging.wpdns.site/es/2025/12/26/fostering-social-emotional-learning-in-early-childhood/","1","true","true","true","true","true","true","true","Article | BlogPosting | BreadcrumbList | Organization | Person","0","",""
"https://x3yyntt5tp-staging.wpdns.site/2025/12/26/premier-preschool-programs-in-atlanta-georgia/","editorial-single","200","https://x3yyntt5tp-staging.wpdns.site/2025/12/26/premier-preschool-programs-in-atlanta-georgia/","0","200 https://x3yyntt5tp-staging.wpdns.site/2025/12/26/premier-preschool-programs-in-atlanta-georgia/?codex_technical=20260718","Atlanta Preschool Programs: Discover Chroma Early Learning","Top Preschool Programs in Atlanta Finding a premier preschool program in Atlanta means prioritizing environments that combine developmental science, safety, and practical readiness for kindergarten. This guide explains the main...","max-image-preview:large","https://x3yyntt5tp-staging.wpdns.site/2025/12/26/premier-preschool-programs-in-atlanta-georgia/","1","true","true","true","true","true","true","true","Article | BlogPosting | BreadcrumbList | Organization | Person","0","",""
"https://x3yyntt5tp-staging.wpdns.site/es/2025/12/26/premier-preschool-programs-in-atlanta-georgia/","editorial-single","200","https://x3yyntt5tp-staging.wpdns.site/es/2025/12/26/premier-preschool-programs-in-atlanta-georgia/","0","200 https://x3yyntt5tp-staging.wpdns.site/es/2025/12/26/premier-preschool-programs-in-atlanta-georgia/?codex_technical=20260718","Artículo de Chroma: Programas Preescolares Premier en Atlanta, G…","Mejores Programas Preescolares en AtlantaEncontrar un programa preescolar de primer nivel en Atlanta significa priorizar entornos que combinen ciencia del desa…","max-image-preview:large","https://x3yyntt5tp-staging.wpdns.site/es/2025/12/26/premier-preschool-programs-in-atlanta-georgia/","1","true","true","true","true","true","true","true","Article | BlogPosting | BreadcrumbList | Organization | Person","0","",""
"https://x3yyntt5tp-staging.wpdns.site/2025/12/26/faqs-about-daily-operations-academy-policies/","editorial-single","200","https://x3yyntt5tp-staging.wpdns.site/2025/12/26/faqs-about-daily-operations-academy-policies/","0","200 https://x3yyntt5tp-staging.wpdns.site/2025/12/26/faqs-about-daily-operations-academy-policies/?codex_technical=20260718","Chroma Academy: FAQs on Daily Operations & Policies","Clear communication enhances your childcare experience. Learn essential policies and FAQs about daily schedules to keep parents informed and engaged.","max-image-preview:large","https://x3yyntt5tp-staging.wpdns.site/2025/12/26/faqs-about-daily-operations-academy-policies/","1","true","true","true","true","true","true","true","Article | BlogPosting | BreadcrumbList | Organization | Person","0","",""
"https://x3yyntt5tp-staging.wpdns.site/es/2025/12/26/faqs-about-daily-operations-academy-policies/","editorial-single","200","https://x3yyntt5tp-staging.wpdns.site/es/2025/12/26/faqs-about-daily-operations-academy-policies/","0","200 https://x3yyntt5tp-staging.wpdns.site/es/2025/12/26/faqs-about-daily-operations-academy-policies/?codex_technical=20260718","Artículo de Chroma: Preguntas Frecuentes sobre Operaciones Diari…","La comunicación clara mejora su experiencia de cuidado infantil. Conozca las políticas esenciales y las preguntas frecuentes sobre los horarios diarios para ma…","max-image-preview:large","https://x3yyntt5tp-staging.wpdns.site/es/2025/12/26/faqs-about-daily-operations-academy-policies/","1","true","true","true","true","true","true","true","Article | BlogPosting | BreadcrumbList | Organization | Person","0","",""
"https://x3yyntt5tp-staging.wpdns.site/2025/12/26/key-benefits-of-enrolling-in-after-school-programs/","editorial-single","200","https://x3yyntt5tp-staging.wpdns.site/2025/12/26/key-benefits-of-enrolling-in-after-school-programs/","0","200 https://x3yyntt5tp-staging.wpdns.site/2025/12/26/key-benefits-of-enrolling-in-after-school-programs/?codex_technical=20260718","After School Program Benefits: Chroma Academy in 2025","Why After‑School Programs Matter — How Chroma Early Learning Academy Supports Your Child and Your Family After‑school programs give school‑age children structured time to learn, play, and grow outside the...","max-image-preview:large","https://x3yyntt5tp-staging.wpdns.site/2025/12/26/key-benefits-of-enrolling-in-after-school-programs/","1","true","true","true","true","true","true","true","Article | BlogPosting | BreadcrumbList | Organization | Person","0","",""
"https://x3yyntt5tp-staging.wpdns.site/es/2025/12/26/key-benefits-of-enrolling-in-after-school-programs/","editorial-single","200","https://x3yyntt5tp-staging.wpdns.site/es/2025/12/26/key-benefits-of-enrolling-in-after-school-programs/","0","200 https://x3yyntt5tp-staging.wpdns.site/es/2025/12/26/key-benefits-of-enrolling-in-after-school-programs/?codex_technical=20260718","Artículo de Chroma: Beneficios Clave de Inscribirse en Programas…","Por qué importan los programas extraescolares: Cómo Chroma Early Learning Academy apoya a tu hijo y a tu familiaLos programas extraescolares brindan a los niño…","max-image-preview:large","https://x3yyntt5tp-staging.wpdns.site/es/2025/12/26/key-benefits-of-enrolling-in-after-school-programs/","1","true","true","true","true","true","true","true","Article | BlogPosting | BreadcrumbList | Organization | Person","0","",""
"https://x3yyntt5tp-staging.wpdns.site/2025/12/26/guide-to-child-development-stages-ages-milestones/","editorial-single","200","https://x3yyntt5tp-staging.wpdns.site/2025/12/26/guide-to-child-development-stages-ages-milestones/","0","200 https://x3yyntt5tp-staging.wpdns.site/2025/12/26/guide-to-child-development-stages-ages-milestones/?codex_technical=20260718","Child Development Guide: Ages & Milestones at Chroma","Guide to Child Development Stages by Age: Understanding Milestones for Every Growth Phase Child development stages describe predictable patterns of physical, cognitive, social-emotional, language, and creative growth that children typically...","max-image-preview:large","https://x3yyntt5tp-staging.wpdns.site/2025/12/26/guide-to-child-development-stages-ages-milestones/","1","true","true","true","true","true","true","true","Article | BlogPosting | BreadcrumbList | Organization | Person","0","",""
"https://x3yyntt5tp-staging.wpdns.site/es/2025/12/26/guide-to-child-development-stages-ages-milestones/","editorial-single","200","https://x3yyntt5tp-staging.wpdns.site/es/2025/12/26/guide-to-child-development-stages-ages-milestones/","0","200 https://x3yyntt5tp-staging.wpdns.site/es/2025/12/26/guide-to-child-development-stages-ages-milestones/?codex_technical=20260718","Artículo de Chroma: Guía de Etapas del Desarrollo Infantil: Edad…","Guía de Etapas del Desarrollo Infantil por Edad: Comprendiendo los Hitos de Cada Fase de CrecimientoLas etapas del desarrollo infantil describen patrones prede…","max-image-preview:large","https://x3yyntt5tp-staging.wpdns.site/es/2025/12/26/guide-to-child-development-stages-ages-milestones/","1","true","true","true","true","true","true","true","Article | BlogPosting | BreadcrumbList | Organization | Person","0","",""
"https://x3yyntt5tp-staging.wpdns.site/2025/12/26/understanding-our-childcare-illness-policy/","editorial-single","200","https://x3yyntt5tp-staging.wpdns.site/2025/12/26/understanding-our-childcare-illness-policy/","0","200 https://x3yyntt5tp-staging.wpdns.site/2025/12/26/understanding-our-childcare-illness-policy/?codex_technical=20260718","Chroma's Childcare Illness Policy: Health & Safety in 2025","Understanding Our Childcare Illness Policy: Comprehensive Daycare Sick Guidelines for Parents Children’s health and uninterrupted learning depend on clear, evidence-based illness policies that protect individuals and the classroom community. This...","max-image-preview:large","https://x3yyntt5tp-staging.wpdns.site/2025/12/26/understanding-our-childcare-illness-policy/","1","true","true","true","true","true","true","true","Article | BlogPosting | BreadcrumbList | Organization | Person","0","",""
"https://x3yyntt5tp-staging.wpdns.site/es/2025/12/26/understanding-our-childcare-illness-policy/","editorial-single","200","https://x3yyntt5tp-staging.wpdns.site/es/2025/12/26/understanding-our-childcare-illness-policy/","0","200 https://x3yyntt5tp-staging.wpdns.site/es/2025/12/26/understanding-our-childcare-illness-policy/?codex_technical=20260718","Artículo de Chroma: Entendiendo Nuestra Política de Cuidado Infa…","Entendiendo Nuestra Política de Cuidado Infantil sobre Enfermedades: Directrices Completas sobre Niños Enfermos en Guarderías para PadresLa salud de los niños…","max-image-preview:large","https://x3yyntt5tp-staging.wpdns.site/es/2025/12/26/understanding-our-childcare-illness-policy/","1","true","true","true","true","true","true","true","Article | BlogPosting | BreadcrumbList | Organization | Person","0","",""
"https://x3yyntt5tp-staging.wpdns.site/2025/12/26/chroma-early-learning-academy-tuition-fees-guide/","editorial-single","200","https://x3yyntt5tp-staging.wpdns.site/2025/12/26/chroma-early-learning-academy-tuition-fees-guide/","0","200 https://x3yyntt5tp-staging.wpdns.site/2025/12/26/chroma-early-learning-academy-tuition-fees-guide/?codex_technical=20260718","Chroma Academy Tuition & Fees: Your 2025 Guide","Tuition & Enrollment Made Easy This guide explains how childcare and early education costs are organized at Chroma Early Learning Academy and what families should consider when planning enrollment. It...","max-image-preview:large","https://x3yyntt5tp-staging.wpdns.site/2025/12/26/chroma-early-learning-academy-tuition-fees-guide/","1","true","true","true","true","true","true","true","Article | BlogPosting | BreadcrumbList | Organization | Person","0","",""
"https://x3yyntt5tp-staging.wpdns.site/es/2025/12/26/chroma-early-learning-academy-tuition-fees-guide/","editorial-single","200","https://x3yyntt5tp-staging.wpdns.site/es/2025/12/26/chroma-early-learning-academy-tuition-fees-guide/","0","200 https://x3yyntt5tp-staging.wpdns.site/es/2025/12/26/chroma-early-learning-academy-tuition-fees-guide/?codex_technical=20260718","Artículo de Chroma: Guía de Matrícula y Tarifas de Chroma Early…","Matrícula y Admisión SencillasEsta guía explica cómo se organizan los costos de cuidado infantil y educación temprana en Chroma Early Learning Academy y qué de…","max-image-preview:large","https://x3yyntt5tp-staging.wpdns.site/es/2025/12/26/chroma-early-learning-academy-tuition-fees-guide/","1","true","true","true","true","true","true","true","Article | BlogPosting | BreadcrumbList | Organization | Person","0","",""
"https://x3yyntt5tp-staging.wpdns.site/2025/12/26/practicing-mindful-parenting-for-a-calmer-home/","editorial-single","200","https://x3yyntt5tp-staging.wpdns.site/2025/12/26/practicing-mindful-parenting-for-a-calmer-home/","0","200 https://x3yyntt5tp-staging.wpdns.site/2025/12/26/practicing-mindful-parenting-for-a-calmer-home/?codex_technical=20260718","Mindful Parenting: Create a Calmer Home with Chroma","Practicing Mindful Parenting for a Calmer Home: Practical Ways to Stay Present and Connected Mindful parenting means bringing simple, present-moment attention, compassion, and intentional responses to everyday moments with kids....","max-image-preview:large","https://x3yyntt5tp-staging.wpdns.site/2025/12/26/practicing-mindful-parenting-for-a-calmer-home/","1","true","true","true","true","true","true","true","BlogPosting | BreadcrumbList | Person","0","",""
"https://x3yyntt5tp-staging.wpdns.site/es/2025/12/26/practicing-mindful-parenting-for-a-calmer-home/","editorial-single","200","https://x3yyntt5tp-staging.wpdns.site/es/2025/12/26/practicing-mindful-parenting-for-a-calmer-home/","0","200 https://x3yyntt5tp-staging.wpdns.site/es/2025/12/26/practicing-mindful-parenting-for-a-calmer-home/?codex_technical=20260718","Artículo de Chroma: Practicando la Crianza Consciente para un Ho…","Practicando la Crianza Consciente para un Hogar Más Tranquilo: Formas Prácticas de Mantenerse Presente y ConectadoLa crianza consciente significa traer atenció…","max-image-preview:large","https://x3yyntt5tp-staging.wpdns.site/es/2025/12/26/practicing-mindful-parenting-for-a-calmer-home/","1","true","true","true","true","true","true","true","BlogPosting | BreadcrumbList | Person","0","",""
"https://x3yyntt5tp-staging.wpdns.site/2025/12/26/childcare-subsidies-financial-aid-options/","editorial-single","200","https://x3yyntt5tp-staging.wpdns.site/2025/12/26/childcare-subsidies-financial-aid-options/","0","200 https://x3yyntt5tp-staging.wpdns.site/2025/12/26/childcare-subsidies-financial-aid-options/?codex_technical=20260718","Georgia Childcare Aid: Subsidies & Financial Options (2025)","Your Complete Guide to Childcare Subsidies and Financial Aid in Georgia Childcare subsidies and financial aid in Georgia are state and federal programs that help families lower out-of-pocket costs for...","max-image-preview:large","https://x3yyntt5tp-staging.wpdns.site/2025/12/26/childcare-subsidies-financial-aid-options/","1","true","true","true","true","true","true","true","BlogPosting | BreadcrumbList | Person","0","",""
"https://x3yyntt5tp-staging.wpdns.site/es/2025/12/26/childcare-subsidies-financial-aid-options/","editorial-single","200","https://x3yyntt5tp-staging.wpdns.site/es/2025/12/26/childcare-subsidies-financial-aid-options/","0","200 https://x3yyntt5tp-staging.wpdns.site/es/2025/12/26/childcare-subsidies-financial-aid-options/?codex_technical=20260718","Artículo de Chroma: Subsidios de Cuidado Infantil y Opciones de…","Su Guía Completa sobre Subsidios de Cuidado Infantil y Ayuda Financiera en GeorgiaLos subsidios de cuidado infantil y la ayuda financiera en Georgia son progra…","max-image-preview:large","https://x3yyntt5tp-staging.wpdns.site/es/2025/12/26/childcare-subsidies-financial-aid-options/","1","true","true","true","true","true","true","true","BlogPosting | BreadcrumbList | Person","0","",""
"https://x3yyntt5tp-staging.wpdns.site/2025/12/26/tips-for-creating-inclusive-classrooms-for-all-learners/","editorial-single","200","https://x3yyntt5tp-staging.wpdns.site/2025/12/26/tips-for-creating-inclusive-classrooms-for-all-learners/","0","200 https://x3yyntt5tp-staging.wpdns.site/2025/12/26/tips-for-creating-inclusive-classrooms-for-all-learners/?codex_technical=20260718","Inclusive Classrooms: Tips for Educators & Families | 2025","Building Inclusive Classrooms Together Inclusive classrooms are intentionally designed so children of all abilities, backgrounds, and learning styles can take part, learn, and belong. This guide explains what meaningful inclusion...","max-image-preview:large","https://x3yyntt5tp-staging.wpdns.site/2025/12/26/tips-for-creating-inclusive-classrooms-for-all-learners/","1","true","true","true","true","true","true","true","BlogPosting | BreadcrumbList | Person","0","",""
"https://x3yyntt5tp-staging.wpdns.site/es/2025/12/26/tips-for-creating-inclusive-classrooms-for-all-learners/","editorial-single","200","https://x3yyntt5tp-staging.wpdns.site/es/2025/12/26/tips-for-creating-inclusive-classrooms-for-all-learners/","0","200 https://x3yyntt5tp-staging.wpdns.site/es/2025/12/26/tips-for-creating-inclusive-classrooms-for-all-learners/?codex_technical=20260718","Artículo de Chroma: Consejos para crear aulas inclusivas para to…","Construyendo aulas inclusivas juntosLas aulas inclusivas se diseñan intencionalmente para que los niños de todas las capacidades, orígenes y estilos de aprendi…","max-image-preview:large","https://x3yyntt5tp-staging.wpdns.site/es/2025/12/26/tips-for-creating-inclusive-classrooms-for-all-learners/","1","true","true","true","true","true","true","true","BlogPosting | BreadcrumbList | Person","0","",""
"https://x3yyntt5tp-staging.wpdns.site/2025/12/26/effective-potty-training-support-in-toddler-programs/","editorial-single","200","https://x3yyntt5tp-staging.wpdns.site/2025/12/26/effective-potty-training-support-in-toddler-programs/","0","200 https://x3yyntt5tp-staging.wpdns.site/2025/12/26/effective-potty-training-support-in-toddler-programs/?codex_technical=20260718","Potty Training Support: Chroma Academy's Toddler Guide","Effective Potty Training Support in Toddler Programs: Comprehensive Guidance for Parents and Educators Potty training support in a toddler program means a coordinated, developmentally sensitive set of practices that help...","max-image-preview:large","https://x3yyntt5tp-staging.wpdns.site/2025/12/26/effective-potty-training-support-in-toddler-programs/","1","true","true","true","true","true","true","true","BlogPosting | BreadcrumbList | Person","0","",""
"https://x3yyntt5tp-staging.wpdns.site/es/2025/12/26/effective-potty-training-support-in-toddler-programs/","editorial-single","200","https://x3yyntt5tp-staging.wpdns.site/es/2025/12/26/effective-potty-training-support-in-toddler-programs/","0","200 https://x3yyntt5tp-staging.wpdns.site/es/2025/12/26/effective-potty-training-support-in-toddler-programs/?codex_technical=20260718","Artículo de Chroma: Apoyo Efectivo para el Control de Esfínteres…","Apoyo Efectivo para el Control de Esfínteres en Programas para Niños Pequeños: Guía Integral para Padres y EducadoresEl apoyo para el control de esfínteres en…","max-image-preview:large","https://x3yyntt5tp-staging.wpdns.site/es/2025/12/26/effective-potty-training-support-in-toddler-programs/","1","true","true","true","true","true","true","true","BlogPosting | BreadcrumbList | Person","0","",""
"https://x3yyntt5tp-staging.wpdns.site/2025/12/26/understanding-infant-feeding-schedules-nutrition/","editorial-single","200","https://x3yyntt5tp-staging.wpdns.site/2025/12/26/understanding-infant-feeding-schedules-nutrition/","0","200 https://x3yyntt5tp-staging.wpdns.site/2025/12/26/understanding-infant-feeding-schedules-nutrition/?codex_technical=20260718","Infant Feeding Guide: Schedules, Nutrition & Chroma's Care","Understanding Infant Feeding Schedules & Nutrition: A Practical Guide for Parents and Caregivers Feeding an infant means balancing nutrition, growth, and responsive care during the first year. This guide breaks...","max-image-preview:large","https://x3yyntt5tp-staging.wpdns.site/2025/12/26/understanding-infant-feeding-schedules-nutrition/","1","true","true","true","true","true","true","true","BlogPosting | BreadcrumbList | Person","0","",""
"https://x3yyntt5tp-staging.wpdns.site/es/2025/12/26/understanding-infant-feeding-schedules-nutrition/","editorial-single","200","https://x3yyntt5tp-staging.wpdns.site/es/2025/12/26/understanding-infant-feeding-schedules-nutrition/","0","200 https://x3yyntt5tp-staging.wpdns.site/es/2025/12/26/understanding-infant-feeding-schedules-nutrition/?codex_technical=20260718","Artículo de Chroma: Entendiendo los Horarios de Alimentación y N…","Entendiendo los Horarios de Alimentación y Nutrición del Bebé: Una Guía Práctica para Padres y CuidadoresAlimentar a un bebé significa equilibrar nutrición, cr…","max-image-preview:large","https://x3yyntt5tp-staging.wpdns.site/es/2025/12/26/understanding-infant-feeding-schedules-nutrition/","1","true","true","true","true","true","true","true","BlogPosting | BreadcrumbList | Person","0","",""
"https://x3yyntt5tp-staging.wpdns.site/2025/12/26/exploring-global-early-education-models-practices/","editorial-single","200","https://x3yyntt5tp-staging.wpdns.site/2025/12/26/exploring-global-early-education-models-practices/","0","200 https://x3yyntt5tp-staging.wpdns.site/2025/12/26/exploring-global-early-education-models-practices/?codex_technical=20260718","Early Education Models: A Guide by Chroma Academy","Global Early Childhood Education Models: Practical Insights for Parents and Educators How young children learn, play, and move toward school readiness depends a lot on the early education model behind...","max-image-preview:large","https://x3yyntt5tp-staging.wpdns.site/2025/12/26/exploring-global-early-education-models-practices/","1","true","true","true","true","true","true","true","BlogPosting | BreadcrumbList | Person","0","",""
"https://x3yyntt5tp-staging.wpdns.site/es/2025/12/26/exploring-global-early-education-models-practices/","editorial-single","200","https://x3yyntt5tp-staging.wpdns.site/es/2025/12/26/exploring-global-early-education-models-practices/","0","200 https://x3yyntt5tp-staging.wpdns.site/es/2025/12/26/exploring-global-early-education-models-practices/?codex_technical=20260718","Artículo de Chroma: Exploración de Modelos y Prácticas de Educac…","Modelos Globales de Educación Infantil: Perspectivas Prácticas para Padres y EducadoresLa forma en que los niños pequeños aprenden, juegan y se preparan para l…","max-image-preview:large","https://x3yyntt5tp-staging.wpdns.site/es/2025/12/26/exploring-global-early-education-models-practices/","1","true","true","true","true","true","true","true","BlogPosting | BreadcrumbList | Person","0","",""
"https://x3yyntt5tp-staging.wpdns.site/2025/12/26/how-to-create-a-cozy-reading-nook-for-kids/","editorial-single","200","https://x3yyntt5tp-staging.wpdns.site/2025/12/26/how-to-create-a-cozy-reading-nook-for-kids/","0","200 https://x3yyntt5tp-staging.wpdns.site/2025/12/26/how-to-create-a-cozy-reading-nook-for-kids/?codex_technical=20260718","Cozy Reading Nook for Kids: Chroma's Guide (2025)","Transform your home library into a cozy kids' reading space. Create a child-friendly environment that inspires imagination and fosters a love for reading!","max-image-preview:large","https://x3yyntt5tp-staging.wpdns.site/2025/12/26/how-to-create-a-cozy-reading-nook-for-kids/","1","true","true","true","true","true","true","true","BlogPosting | BreadcrumbList | Person","0","",""
"https://x3yyntt5tp-staging.wpdns.site/es/2025/12/26/how-to-create-a-cozy-reading-nook-for-kids/","editorial-single","200","https://x3yyntt5tp-staging.wpdns.site/es/2025/12/26/how-to-create-a-cozy-reading-nook-for-kids/","0","200 https://x3yyntt5tp-staging.wpdns.site/es/2025/12/26/how-to-create-a-cozy-reading-nook-for-kids/?codex_technical=20260718","Artículo de Chroma: Cómo crear un rincón de lectura acogedor par…","Ideas de rincones de lectura acogedores para niñosUn rincón de lectura acogedor es un espacio pequeño, organizado intencionalmente, donde los niños pueden acce…","max-image-preview:large","https://x3yyntt5tp-staging.wpdns.site/es/2025/12/26/how-to-create-a-cozy-reading-nook-for-kids/","1","true","true","true","true","true","true","true","BlogPosting | BreadcrumbList | Person","0","",""
"https://x3yyntt5tp-staging.wpdns.site/2025/12/26/essential-guide-choosing-a-preschool-with-key-questions/","editorial-single","200","https://x3yyntt5tp-staging.wpdns.site/2025/12/26/essential-guide-choosing-a-preschool-with-key-questions/","0","200 https://x3yyntt5tp-staging.wpdns.site/2025/12/26/essential-guide-choosing-a-preschool-with-key-questions/?codex_technical=20260718","Choosing a Preschool: A Guide for Parents in 2025 | Chroma","Choosing the right preschool can be overwhelming. Our essential guide provides key questions and a daycare checklist to simplify your decision-making process.","max-image-preview:large","https://x3yyntt5tp-staging.wpdns.site/2025/12/26/essential-guide-choosing-a-preschool-with-key-questions/","1","true","true","true","true","true","true","true","BlogPosting | BreadcrumbList | Person","0","",""
"https://x3yyntt5tp-staging.wpdns.site/es/2025/12/26/essential-guide-choosing-a-preschool-with-key-questions/","editorial-single","200","https://x3yyntt5tp-staging.wpdns.site/es/2025/12/26/essential-guide-choosing-a-preschool-with-key-questions/","0","200 https://x3yyntt5tp-staging.wpdns.site/es/2025/12/26/essential-guide-choosing-a-preschool-with-key-questions/?codex_technical=20260718","Artículo de Chroma: Guía Esencial: Cómo Elegir un Preescolar con…","Cómo Elegir un Preescolar o Guardería: Preguntas Esenciales para PadresElegir un preescolar o guardería significa igualar las necesidades de desarrollo de tu h…","max-image-preview:large","https://x3yyntt5tp-staging.wpdns.site/es/2025/12/26/essential-guide-choosing-a-preschool-with-key-questions/","1","true","true","true","true","true","true","true","BlogPosting | BreadcrumbList | Person","0","",""
"https://x3yyntt5tp-staging.wpdns.site/2025/12/26/how-nutrition-impacts-early-learning-and-behavior/","editorial-single","200","https://x3yyntt5tp-staging.wpdns.site/2025/12/26/how-nutrition-impacts-early-learning-and-behavior/","0","200 https://x3yyntt5tp-staging.wpdns.site/2025/12/26/how-nutrition-impacts-early-learning-and-behavior/?codex_technical=20260718","Nutrition & Early Learning: Chroma's Guide to Healthy Habits","Snack smart for brain power! Early childhood nutrition is crucial for fueling little learners. Healthy eating habits can turn snack time into brain boost time!","max-image-preview:large","https://x3yyntt5tp-staging.wpdns.site/2025/12/26/how-nutrition-impacts-early-learning-and-behavior/","1","true","true","true","true","true","true","true","BlogPosting | BreadcrumbList | Person","0","",""
"https://x3yyntt5tp-staging.wpdns.site/es/2025/12/26/how-nutrition-impacts-early-learning-and-behavior/","editorial-single","200","https://x3yyntt5tp-staging.wpdns.site/es/2025/12/26/how-nutrition-impacts-early-learning-and-behavior/","0","200 https://x3yyntt5tp-staging.wpdns.site/es/2025/12/26/how-nutrition-impacts-early-learning-and-behavior/?codex_technical=20260718","Nutrición y comportamiento infantil | Chroma","Cómo la Nutrición Impacta el Aprendizaje Temprano y el Comportamiento: Perspectivas Esenciales para el Desarrollo Cerebral Infantil y la Función CognitivaLa nu…","max-image-preview:large","https://x3yyntt5tp-staging.wpdns.site/es/2025/12/26/how-nutrition-impacts-early-learning-and-behavior/","1","true","true","true","true","true","true","true","BlogPosting | BreadcrumbList | Person","0","",""
"https://x3yyntt5tp-staging.wpdns.site/2025/12/26/is-your-kid-ready-for-preschool-hilarious-signs-to-spot/","editorial-single","200","https://x3yyntt5tp-staging.wpdns.site/2025/12/26/is-your-kid-ready-for-preschool-hilarious-signs-to-spot/","0","200 https://x3yyntt5tp-staging.wpdns.site/2025/12/26/is-your-kid-ready-for-preschool-hilarious-signs-to-spot/?codex_technical=20260718","Is Your Kid Ready for Preschool? A Guide by Chroma in 2025","Is your little one ready for preschool? Check out these hilarious signs showcasing toddler milestones and early learning readiness. Laughter guaranteed!","max-image-preview:large","https://x3yyntt5tp-staging.wpdns.site/2025/12/26/is-your-kid-ready-for-preschool-hilarious-signs-to-spot/","1","true","true","true","true","true","true","true","BlogPosting | BreadcrumbList | Person","0","",""
"https://x3yyntt5tp-staging.wpdns.site/es/2025/12/26/is-your-kid-ready-for-preschool-hilarious-signs-to-spot/","editorial-single","200","https://x3yyntt5tp-staging.wpdns.site/es/2025/12/26/is-your-kid-ready-for-preschool-hilarious-signs-to-spot/","0","200 https://x3yyntt5tp-staging.wpdns.site/es/2025/12/26/is-your-kid-ready-for-preschool-hilarious-signs-to-spot/?codex_technical=20260718","Artículo de Chroma: Is Your Kid Ready for Preschool? Hilarious S…","¡Tu pequeño está listo para el preescolar? ¡Descubre estas divertidas señales que muestran los hitos de los niños pequeños y la preparación para el aprendizaje…","max-image-preview:large","https://x3yyntt5tp-staging.wpdns.site/es/2025/12/26/is-your-kid-ready-for-preschool-hilarious-signs-to-spot/","1","true","true","true","true","true","true","true","BlogPosting | BreadcrumbList | Person","0","",""
"https://x3yyntt5tp-staging.wpdns.site/2025/12/26/mini-scientists-how-curiosity-fuels-early-stem-learning/","editorial-single","200","https://x3yyntt5tp-staging.wpdns.site/2025/12/26/mini-scientists-how-curiosity-fuels-early-stem-learning/","0","200 https://x3yyntt5tp-staging.wpdns.site/2025/12/26/mini-scientists-how-curiosity-fuels-early-stem-learning/?codex_technical=20260718","STEM Curiosity for Kids: Activities & Tips | Chroma","Mini Scientists: How Curiosity Fuels Early Childhood STEM Education for Lifelong Learning Children labeled “mini scientists” are young learners whose curiosity drives systematic exploration; curiosity prompts observation, motivates simple experiments,...","max-image-preview:large","https://x3yyntt5tp-staging.wpdns.site/2025/12/26/mini-scientists-how-curiosity-fuels-early-stem-learning/","1","true","true","true","true","true","true","true","BlogPosting | BreadcrumbList | Person","0","",""
"https://x3yyntt5tp-staging.wpdns.site/es/2025/12/26/mini-scientists-how-curiosity-fuels-early-stem-learning/","editorial-single","200","https://x3yyntt5tp-staging.wpdns.site/es/2025/12/26/mini-scientists-how-curiosity-fuels-early-stem-learning/","0","200 https://x3yyntt5tp-staging.wpdns.site/es/2025/12/26/mini-scientists-how-curiosity-fuels-early-stem-learning/?codex_technical=20260718","Artículo de Chroma: Mini Científicos: Cómo la Curiosidad Impulsa…","Mini Científicos: Cómo la Curiosidad Impulsa la Educación STEM Temprana para un Aprendizaje de por VidaLos niños etiquetados como ""mini científicos"" son jóvene…","max-image-preview:large","https://x3yyntt5tp-staging.wpdns.site/es/2025/12/26/mini-scientists-how-curiosity-fuels-early-stem-learning/","1","true","true","true","true","true","true","true","BlogPosting | BreadcrumbList | Person","0","",""
"https://x3yyntt5tp-staging.wpdns.site/2025/12/26/effective-homework-help-in-our-after-school-program/","editorial-single","200","https://x3yyntt5tp-staging.wpdns.site/2025/12/26/effective-homework-help-in-our-after-school-program/","0","200 https://x3yyntt5tp-staging.wpdns.site/2025/12/26/effective-homework-help-in-our-after-school-program/?codex_technical=20260718","Chroma Academy: Effective After School Homework Help (2025)","After School Homework Assistance and Academic Support Programs for Kids at Chroma Early Learning Academy Chroma Early Learning Academy’s after school homework assistance and academic support programs provide structured study...","max-image-preview:large","https://x3yyntt5tp-staging.wpdns.site/2025/12/26/effective-homework-help-in-our-after-school-program/","1","true","true","true","true","true","true","true","BlogPosting | BreadcrumbList | Person","0","",""
"https://x3yyntt5tp-staging.wpdns.site/es/2025/12/26/effective-homework-help-in-our-after-school-program/","editorial-single","200","https://x3yyntt5tp-staging.wpdns.site/es/2025/12/26/effective-homework-help-in-our-after-school-program/","0","200 https://x3yyntt5tp-staging.wpdns.site/es/2025/12/26/effective-homework-help-in-our-after-school-program/?codex_technical=20260718","Artículo de Chroma: Ayuda efectiva con las tareas en nuestro pro…","Asistencia para tareas y programas de apoyo académico extraescolares para niños en Chroma Early Learning AcademyLos programas de asistencia para tareas y apoyo…","max-image-preview:large","https://x3yyntt5tp-staging.wpdns.site/es/2025/12/26/effective-homework-help-in-our-after-school-program/","1","true","true","true","true","true","true","true","BlogPosting | BreadcrumbList | Person","0","",""
"https://x3yyntt5tp-staging.wpdns.site/2025/12/26/tips-for-planning-family-vacations-with-kids/","editorial-single","200","https://x3yyntt5tp-staging.wpdns.site/2025/12/26/tips-for-planning-family-vacations-with-kids/","0","200 https://x3yyntt5tp-staging.wpdns.site/2025/12/26/tips-for-planning-family-vacations-with-kids/?codex_technical=20260718","Family Vacation Tips for Kids: A Chroma Guide in 2025","Essential Family Vacation Planning Tips for Stress-Free Trips with Kids Traveling with children transforms a typical vacation into a carefully choreographed family experience, and planning well is the difference between...","max-image-preview:large","https://x3yyntt5tp-staging.wpdns.site/2025/12/26/tips-for-planning-family-vacations-with-kids/","1","true","true","true","true","true","true","true","BlogPosting | BreadcrumbList | Person","0","",""
"https://x3yyntt5tp-staging.wpdns.site/es/2025/12/26/tips-for-planning-family-vacations-with-kids/","editorial-single","200","https://x3yyntt5tp-staging.wpdns.site/es/2025/12/26/tips-for-planning-family-vacations-with-kids/","0","200 https://x3yyntt5tp-staging.wpdns.site/es/2025/12/26/tips-for-planning-family-vacations-with-kids/?codex_technical=20260718","Artículo de Chroma: Consejos para planificar vacaciones familiar…","Consejos Esenciales para Planificar Vacaciones Familiares y que sean sin Estrés con NiñosViajar con niños transforma unas vacaciones típicas en una experiencia…","max-image-preview:large","https://x3yyntt5tp-staging.wpdns.site/es/2025/12/26/tips-for-planning-family-vacations-with-kids/","1","true","true","true","true","true","true","true","BlogPosting | BreadcrumbList | Person","0","",""
"https://x3yyntt5tp-staging.wpdns.site/2025/12/26/easy-diy-learning-games-for-young-children/","editorial-single","200","https://x3yyntt5tp-staging.wpdns.site/2025/12/26/easy-diy-learning-games-for-young-children/","0","200 https://x3yyntt5tp-staging.wpdns.site/2025/12/26/easy-diy-learning-games-for-young-children/?codex_technical=20260718","DIY Learning Games for Kids: Fun Activities from Chroma","Unleash creativity with fun homemade learning games for kids! Explore engaging DIY activities and educational crafts that foster learning through play.","max-image-preview:large","https://x3yyntt5tp-staging.wpdns.site/2025/12/26/easy-diy-learning-games-for-young-children/","1","true","true","true","true","true","true","true","BlogPosting | BreadcrumbList | Person","0","",""
"https://x3yyntt5tp-staging.wpdns.site/es/2025/12/26/easy-diy-learning-games-for-young-children/","editorial-single","200","https://x3yyntt5tp-staging.wpdns.site/es/2025/12/26/easy-diy-learning-games-for-young-children/","0","200 https://x3yyntt5tp-staging.wpdns.site/es/2025/12/26/easy-diy-learning-games-for-young-children/?codex_technical=20260718","Artículo de Chroma: Juegos Divertidos de Aprendizaje Caseros par…","Juegos Divertidos de Aprendizaje DIY para NiñosLos juegos de aprendizaje DIY son actividades sencillas y de bajo costo que los padres y cuidadores pueden crear…","max-image-preview:large","https://x3yyntt5tp-staging.wpdns.site/es/2025/12/26/easy-diy-learning-games-for-young-children/","1","true","true","true","true","true","true","true","BlogPosting | BreadcrumbList | Person","0","",""
"https://x3yyntt5tp-staging.wpdns.site/2025/12/26/after-school-programs-in-atlanta-georgia/","editorial-single","200","https://x3yyntt5tp-staging.wpdns.site/2025/12/26/after-school-programs-in-atlanta-georgia/","0","200 https://x3yyntt5tp-staging.wpdns.site/2025/12/26/after-school-programs-in-atlanta-georgia/?codex_technical=20260718","Atlanta After School Programs: Enroll at Chroma Today","Atlanta After School Programs: Comprehensive Care and Enrichment for Elementary Students After-school programs in Atlanta provide supervised, enrichment-focused care that bridges the school day and family schedules while supporting elementary...","max-image-preview:large","https://x3yyntt5tp-staging.wpdns.site/2025/12/26/after-school-programs-in-atlanta-georgia/","1","true","true","true","true","true","true","true","BlogPosting | BreadcrumbList | Person","0","",""
"https://x3yyntt5tp-staging.wpdns.site/es/2025/12/26/after-school-programs-in-atlanta-georgia/","editorial-single","200","https://x3yyntt5tp-staging.wpdns.site/es/2025/12/26/after-school-programs-in-atlanta-georgia/","0","200 https://x3yyntt5tp-staging.wpdns.site/es/2025/12/26/after-school-programs-in-atlanta-georgia/?codex_technical=20260718","Artículo de Chroma: Programas Extracurriculares en Atlanta, Geor…","Programas Extracurriculares en Atlanta: Cuidado Integral y Enriquecimiento para Estudiantes de PrimariaLos programas extracurriculares en Atlanta brindan cuida…","max-image-preview:large","https://x3yyntt5tp-staging.wpdns.site/es/2025/12/26/after-school-programs-in-atlanta-georgia/","1","true","true","true","true","true","true","true","BlogPosting | BreadcrumbList | Person","0","",""
"https://x3yyntt5tp-staging.wpdns.site/2025/12/26/the-art-of-storytelling-for-children/","editorial-single","200","https://x3yyntt5tp-staging.wpdns.site/2025/12/26/the-art-of-storytelling-for-children/","0","200 https://x3yyntt5tp-staging.wpdns.site/2025/12/26/the-art-of-storytelling-for-children/?codex_technical=20260718","Storytelling for Kids: Benefits & Activities at Chroma","The Art of Storytelling for Children: Unlocking Imagination, Language, and Developmental Benefits Storytelling in early childhood is the deliberate use of narrative, voice, and play to guide young children through...","max-image-preview:large","https://x3yyntt5tp-staging.wpdns.site/2025/12/26/the-art-of-storytelling-for-children/","1","true","true","true","true","true","true","true","BlogPosting | BreadcrumbList | Person","0","",""
"https://x3yyntt5tp-staging.wpdns.site/es/2025/12/26/the-art-of-storytelling-for-children/","editorial-single","200","https://x3yyntt5tp-staging.wpdns.site/es/2025/12/26/the-art-of-storytelling-for-children/","0","200 https://x3yyntt5tp-staging.wpdns.site/es/2025/12/26/the-art-of-storytelling-for-children/?codex_technical=20260718","Artículo de Chroma: El Arte de Contar Historias para Niños","El Arte de Contar Historias para Niños: Desbloqueando la Imaginación, el Lenguaje y los Beneficios para el DesarrolloContar historias en la primera infancia es…","max-image-preview:large","https://x3yyntt5tp-staging.wpdns.site/es/2025/12/26/the-art-of-storytelling-for-children/","1","true","true","true","true","true","true","true","BlogPosting | BreadcrumbList | Person","0","",""
"https://x3yyntt5tp-staging.wpdns.site/2025/12/26/time-management-strategies-for-working-parents/","editorial-single","200","https://x3yyntt5tp-staging.wpdns.site/2025/12/26/time-management-strategies-for-working-parents/","0","200 https://x3yyntt5tp-staging.wpdns.site/2025/12/26/time-management-strategies-for-working-parents/?codex_technical=20260718","Time Management for Working Parents in 2025: Chroma's Guide","Time Management Strategies for Working Parents: Effective Tips to Balance Work and Family Life Working parents juggle job demands, household tasks, and meaningful time with children while facing chronic time...","max-image-preview:large","https://x3yyntt5tp-staging.wpdns.site/2025/12/26/time-management-strategies-for-working-parents/","1","true","true","true","true","true","true","true","BlogPosting | BreadcrumbList | Person","0","",""
"https://x3yyntt5tp-staging.wpdns.site/es/2025/12/26/time-management-strategies-for-working-parents/","editorial-single","200","https://x3yyntt5tp-staging.wpdns.site/es/2025/12/26/time-management-strategies-for-working-parents/","0","200 https://x3yyntt5tp-staging.wpdns.site/es/2025/12/26/time-management-strategies-for-working-parents/?codex_technical=20260718","Artículo de Chroma: Estrategias de gestión del tiempo para padre…","Estrategias de gestión del tiempo para padres que trabajan: consejos efectivos para equilibrar el trabajo y la vida familiarLos padres que trabajan hacen malab…","max-image-preview:large","https://x3yyntt5tp-staging.wpdns.site/es/2025/12/26/time-management-strategies-for-working-parents/","1","true","true","true","true","true","true","true","BlogPosting | BreadcrumbList | Person","0","",""
"https://x3yyntt5tp-staging.wpdns.site/2025/12/26/introducing-mindfulness-practices-for-children/","editorial-single","200","https://x3yyntt5tp-staging.wpdns.site/2025/12/26/introducing-mindfulness-practices-for-children/","0","200 https://x3yyntt5tp-staging.wpdns.site/2025/12/26/introducing-mindfulness-practices-for-children/?codex_technical=20260718","Mindfulness for Children: Chroma Academy's Guide","Introducing Mindfulness Practices for Children: Enhancing Emotional Regulation and Focus Mindfulness for children means teaching simple attention and awareness skills that help young minds notice feelings, sensations, and thoughts without...","max-image-preview:large","https://x3yyntt5tp-staging.wpdns.site/2025/12/26/introducing-mindfulness-practices-for-children/","1","true","true","true","true","true","true","true","BlogPosting | BreadcrumbList | Person","0","",""
"https://x3yyntt5tp-staging.wpdns.site/es/2025/12/26/introducing-mindfulness-practices-for-children/","editorial-single","200","https://x3yyntt5tp-staging.wpdns.site/es/2025/12/26/introducing-mindfulness-practices-for-children/","0","200 https://x3yyntt5tp-staging.wpdns.site/es/2025/12/26/introducing-mindfulness-practices-for-children/?codex_technical=20260718","Artículo de Chroma: Introducción a las Prácticas de Mindfulness…","Introducción a las Prácticas de Mindfulness para Niños: Mejorando la Regulación Emocional y la ConcentraciónMindfulness para niños significa enseñar habilidade…","max-image-preview:large","https://x3yyntt5tp-staging.wpdns.site/es/2025/12/26/introducing-mindfulness-practices-for-children/","1","true","true","true","true","true","true","true","BlogPosting | BreadcrumbList | Person","0","",""
"https://x3yyntt5tp-staging.wpdns.site/2025/12/26/top-classroom-management-strategies-for-preschool/","editorial-single","200","https://x3yyntt5tp-staging.wpdns.site/2025/12/26/top-classroom-management-strategies-for-preschool/","0","200 https://x3yyntt5tp-staging.wpdns.site/2025/12/26/top-classroom-management-strategies-for-preschool/?codex_technical=20260718","Preschool Classroom Management: Top Strategies by Chroma","Effective Preschool Management Tips Preschool classroom management refers to the systems, routines, and teacher responses that promote positive behavior, safety, and learning for young children. Effective management reduces disruptions, increases...","max-image-preview:large","https://x3yyntt5tp-staging.wpdns.site/2025/12/26/top-classroom-management-strategies-for-preschool/","1","true","true","true","true","true","true","true","BlogPosting | BreadcrumbList | Person","0","",""
"https://x3yyntt5tp-staging.wpdns.site/es/2025/12/26/top-classroom-management-strategies-for-preschool/","editorial-single","200","https://x3yyntt5tp-staging.wpdns.site/es/2025/12/26/top-classroom-management-strategies-for-preschool/","0","200 https://x3yyntt5tp-staging.wpdns.site/es/2025/12/26/top-classroom-management-strategies-for-preschool/?codex_technical=20260718","Artículo de Chroma: Estrategias Principales de Gestión del Aula…","Consejos Efectivos de Gestión para PreescolarLa gestión del aula preescolar se refiere a los sistemas, rutinas y respuestas del maestro que promueven el compor…","max-image-preview:large","https://x3yyntt5tp-staging.wpdns.site/es/2025/12/26/top-classroom-management-strategies-for-preschool/","1","true","true","true","true","true","true","true","BlogPosting | BreadcrumbList | Person","0","",""
"https://x3yyntt5tp-staging.wpdns.site/2025/12/26/essential-back-to-school-tips-for-parents-kids/","editorial-single","200","https://x3yyntt5tp-staging.wpdns.site/2025/12/26/essential-back-to-school-tips-for-parents-kids/","0","200 https://x3yyntt5tp-staging.wpdns.site/2025/12/26/essential-back-to-school-tips-for-parents-kids/?codex_technical=20260718","Back to School Tips: Parents & Kids | Chroma Academy 2025","Essential Back to School Tips for Parents & Kids: Preparing for Kindergarten Readiness and Smooth School Transitions Back-to-school transitions are both developmental milestones and emotional adjustments for children and families,...","max-image-preview:large","https://x3yyntt5tp-staging.wpdns.site/2025/12/26/essential-back-to-school-tips-for-parents-kids/","1","true","true","true","true","true","true","true","BlogPosting | BreadcrumbList | Person","0","",""
"https://x3yyntt5tp-staging.wpdns.site/es/2025/12/26/essential-back-to-school-tips-for-parents-kids/","editorial-single","200","https://x3yyntt5tp-staging.wpdns.site/es/2025/12/26/essential-back-to-school-tips-for-parents-kids/","0","200 https://x3yyntt5tp-staging.wpdns.site/es/2025/12/26/essential-back-to-school-tips-for-parents-kids/?codex_technical=20260718","Artículo de Chroma: Consejos Esenciales para el Regreso a Clases…","Consejos Esenciales para el Regreso a Clases para Padres e Hijos: Preparación para el Jardín de Infancia y Transiciones Escolares FluidasLas transiciones de re…","max-image-preview:large","https://x3yyntt5tp-staging.wpdns.site/es/2025/12/26/essential-back-to-school-tips-for-parents-kids/","1","true","true","true","true","true","true","true","BlogPosting | BreadcrumbList | Person","0","",""
"https://x3yyntt5tp-staging.wpdns.site/2025/12/26/benefits-of-early-intervention-programs-for-children/","editorial-single","200","https://x3yyntt5tp-staging.wpdns.site/2025/12/26/benefits-of-early-intervention-programs-for-children/","0","200 https://x3yyntt5tp-staging.wpdns.site/2025/12/26/benefits-of-early-intervention-programs-for-children/?codex_technical=20260718","Chroma: Early Intervention Benefits for Children (2025)","Benefits of Early Intervention Programs for Children: Understanding Key Advantages and Long-Term Impact Early intervention programs are coordinated services that identify, assess, and support infants and young children who show...","max-image-preview:large","https://x3yyntt5tp-staging.wpdns.site/2025/12/26/benefits-of-early-intervention-programs-for-children/","1","true","true","true","true","true","true","true","BlogPosting | BreadcrumbList | Person","0","",""
"https://x3yyntt5tp-staging.wpdns.site/es/2025/12/26/benefits-of-early-intervention-programs-for-children/","editorial-single","200","https://x3yyntt5tp-staging.wpdns.site/es/2025/12/26/benefits-of-early-intervention-programs-for-children/","0","200 https://x3yyntt5tp-staging.wpdns.site/es/2025/12/26/benefits-of-early-intervention-programs-for-children/?codex_technical=20260718","Artículo de Chroma: Beneficios de los Programas de Intervención…","Beneficios de los Programas de Intervención Temprana para Niños: Comprendiendo las Ventajas Clave y el Impacto a Largo PlazoLos programas de intervención tempr…","max-image-preview:large","https://x3yyntt5tp-staging.wpdns.site/es/2025/12/26/benefits-of-early-intervention-programs-for-children/","1","true","true","true","true","true","true","true","BlogPosting | BreadcrumbList | Person","0","",""
"https://x3yyntt5tp-staging.wpdns.site/2025/12/26/quick-healthy-snack-ideas-for-toddlers/","editorial-single","200","https://x3yyntt5tp-staging.wpdns.site/2025/12/26/quick-healthy-snack-ideas-for-toddlers/","0","200 https://x3yyntt5tp-staging.wpdns.site/2025/12/26/quick-healthy-snack-ideas-for-toddlers/?codex_technical=20260718","Healthy Toddler Snacks: Quick Ideas from Chroma (2025)","Quick & Healthy Snack Ideas for Toddlers: Nutritious Recipes and Practical Tips Healthy toddler snacks are small meals designed to supply steady energy, essential nutrients, and hands-on practice with self-feeding...","max-image-preview:large","https://x3yyntt5tp-staging.wpdns.site/2025/12/26/quick-healthy-snack-ideas-for-toddlers/","1","true","true","true","true","true","true","true","BlogPosting | BreadcrumbList | Person","0","",""
"https://x3yyntt5tp-staging.wpdns.site/es/2025/12/26/quick-healthy-snack-ideas-for-toddlers/","editorial-single","200","https://x3yyntt5tp-staging.wpdns.site/es/2025/12/26/quick-healthy-snack-ideas-for-toddlers/","0","200 https://x3yyntt5tp-staging.wpdns.site/es/2025/12/26/quick-healthy-snack-ideas-for-toddlers/?codex_technical=20260718","Snacks Saludables para Niños Pequeños | Chroma Academy","Ideas rápidas y nutritivas de snacks para niños pequeños. Recetas fáciles y consejos de expertos. ¡Descubra las opciones hoy!","max-image-preview:large","https://x3yyntt5tp-staging.wpdns.site/es/2025/12/26/quick-healthy-snack-ideas-for-toddlers/","1","true","true","true","true","true","true","true","BlogPosting | BreadcrumbList | Person","0","",""
"https://x3yyntt5tp-staging.wpdns.site/2025/12/26/addressing-social-challenges-in-school-age-children/","editorial-single","200","https://x3yyntt5tp-staging.wpdns.site/2025/12/26/addressing-social-challenges-in-school-age-children/","0","200 https://x3yyntt5tp-staging.wpdns.site/2025/12/26/addressing-social-challenges-in-school-age-children/?codex_technical=20260718","Social Challenges in School: A Chroma Guide for Children","Social Skills Development and Solutions for Addressing Social Challenges in School-Age Children Developing solid social skills during the school-age years lays the foundation for lifelong relationships, academic success, and emotional...","max-image-preview:large","https://x3yyntt5tp-staging.wpdns.site/2025/12/26/addressing-social-challenges-in-school-age-children/","1","true","true","true","true","true","true","true","BlogPosting | BreadcrumbList | Person","0","",""
"https://x3yyntt5tp-staging.wpdns.site/es/2025/12/26/addressing-social-challenges-in-school-age-children/","editorial-single","200","https://x3yyntt5tp-staging.wpdns.site/es/2025/12/26/addressing-social-challenges-in-school-age-children/","0","200 https://x3yyntt5tp-staging.wpdns.site/es/2025/12/26/addressing-social-challenges-in-school-age-children/?codex_technical=20260718","Artículo de Chroma: Abordando Desafíos Sociales en Niños en Edad…","Desarrollo de Habilidades Sociales y Soluciones para Abordar Desafíos Sociales en Niños en Edad EscolarDesarrollar sólidas habilidades sociales durante los año…","max-image-preview:large","https://x3yyntt5tp-staging.wpdns.site/es/2025/12/26/addressing-social-challenges-in-school-age-children/","1","true","true","true","true","true","true","true","BlogPosting | BreadcrumbList | Person","0","",""
"https://x3yyntt5tp-staging.wpdns.site/2025/12/26/how-to-choose-the-best-preschool-for-your-child/","editorial-single","200","https://x3yyntt5tp-staging.wpdns.site/2025/12/26/how-to-choose-the-best-preschool-for-your-child/","0","200 https://x3yyntt5tp-staging.wpdns.site/2025/12/26/how-to-choose-the-best-preschool-for-your-child/?codex_technical=20260718","Preschool Guide: Choosing the Right One | Chroma 2025","How to Choose the Preschool for Your Child: Essential Criteria and Expert Guidance Choosing the right preschool is a pivotal early-education decision that shapes a child’s development, social habits, and...","max-image-preview:large","https://x3yyntt5tp-staging.wpdns.site/2025/12/26/how-to-choose-the-best-preschool-for-your-child/","1","true","true","true","true","true","true","true","BlogPosting | BreadcrumbList | Person","0","",""
"https://x3yyntt5tp-staging.wpdns.site/es/2025/12/26/how-to-choose-the-best-preschool-for-your-child/","editorial-single","200","https://x3yyntt5tp-staging.wpdns.site/es/2025/12/26/how-to-choose-the-best-preschool-for-your-child/","0","200 https://x3yyntt5tp-staging.wpdns.site/es/2025/12/26/how-to-choose-the-best-preschool-for-your-child/?codex_technical=20260718","Artículo de Chroma: Cómo elegir el mejor preescolar para tu hijo","Cómo elegir el mejor preescolar para tu hijo: Criterios esenciales y guía expertaElegir el preescolar adecuado es una decisión fundamental en la educación temp…","max-image-preview:large","https://x3yyntt5tp-staging.wpdns.site/es/2025/12/26/how-to-choose-the-best-preschool-for-your-child/","1","true","true","true","true","true","true","true","BlogPosting | BreadcrumbList | Person","0","",""
"https://x3yyntt5tp-staging.wpdns.site/2025/12/26/developing-strong-social-skills-in-preschoolers/","editorial-single","200","https://x3yyntt5tp-staging.wpdns.site/2025/12/26/developing-strong-social-skills-in-preschoolers/","0","200 https://x3yyntt5tp-staging.wpdns.site/2025/12/26/developing-strong-social-skills-in-preschoolers/?codex_technical=20260718","Preschool Social Skills: Chroma's Guide & Activities","Developing Strong Social Skills in Preschoolers: Effective Strategies and Activities for Early Childhood Social Emotional Development Social skills in preschoolers are the building blocks for healthy relationships, school success, and...","max-image-preview:large","https://x3yyntt5tp-staging.wpdns.site/2025/12/26/developing-strong-social-skills-in-preschoolers/","1","true","true","true","true","true","true","true","BlogPosting | BreadcrumbList | Person","0","",""
"https://x3yyntt5tp-staging.wpdns.site/es/2025/12/26/developing-strong-social-skills-in-preschoolers/","editorial-single","200","https://x3yyntt5tp-staging.wpdns.site/es/2025/12/26/developing-strong-social-skills-in-preschoolers/","0","200 https://x3yyntt5tp-staging.wpdns.site/es/2025/12/26/developing-strong-social-skills-in-preschoolers/?codex_technical=20260718","Artículo de Chroma: Desarrollando Habilidades Sociales Fuertes e…","Desarrollando Habilidades Sociales Fuertes en Preescolares: Estrategias y Actividades Efectivas para el Desarrollo Socioemocional en la Primera InfanciaLas hab…","max-image-preview:large","https://x3yyntt5tp-staging.wpdns.site/es/2025/12/26/developing-strong-social-skills-in-preschoolers/","1","true","true","true","true","true","true","true","BlogPosting | BreadcrumbList | Person","0","",""
"https://x3yyntt5tp-staging.wpdns.site/2025/12/26/tips-for-establishing-healthy-sleep-routines-for-kids/","editorial-single","200","https://x3yyntt5tp-staging.wpdns.site/2025/12/26/tips-for-establishing-healthy-sleep-routines-for-kids/","0","200 https://x3yyntt5tp-staging.wpdns.site/2025/12/26/tips-for-establishing-healthy-sleep-routines-for-kids/?codex_technical=20260718","Kids' Sleep Routines: Chroma's Top Tips","Tips for Establishing Healthy Sleep Routines for Kids: Child Sleep Habits and Effective Bedtime Strategies Healthy sleep routines for children are predictable daily patterns that combine consistent bedtimes, appropriate total...","max-image-preview:large","https://x3yyntt5tp-staging.wpdns.site/2025/12/26/tips-for-establishing-healthy-sleep-routines-for-kids/","1","true","true","true","true","true","true","true","BlogPosting | BreadcrumbList | Person","0","",""
"https://x3yyntt5tp-staging.wpdns.site/es/2025/12/26/tips-for-establishing-healthy-sleep-routines-for-kids/","editorial-single","200","https://x3yyntt5tp-staging.wpdns.site/es/2025/12/26/tips-for-establishing-healthy-sleep-routines-for-kids/","0","200 https://x3yyntt5tp-staging.wpdns.site/es/2025/12/26/tips-for-establishing-healthy-sleep-routines-for-kids/?codex_technical=20260718","Artículo de Chroma: Consejos para establecer rutinas de sueño sa…","Consejos para establecer rutinas de sueño saludables para niños: hábitos de sueño infantil y estrategias efectivas para la hora de dormirLas rutinas de sueño s…","max-image-preview:large","https://x3yyntt5tp-staging.wpdns.site/es/2025/12/26/tips-for-establishing-healthy-sleep-routines-for-kids/","1","true","true","true","true","true","true","true","BlogPosting | BreadcrumbList | Person","0","",""
"https://x3yyntt5tp-staging.wpdns.site/2025/12/26/tips-for-fostering-toddler-independence/","editorial-single","200","https://x3yyntt5tp-staging.wpdns.site/2025/12/26/tips-for-fostering-toddler-independence/","0","200 https://x3yyntt5tp-staging.wpdns.site/2025/12/26/tips-for-fostering-toddler-independence/?codex_technical=20260718","Toddler Independence: Chroma's Guide & Tips","Tips for Fostering Toddler Independence: A Parent’s Guide to Encouraging Autonomy and Self-Help Skills Toddlers begin to assert autonomy as a normal and essential part of early childhood development, and...","max-image-preview:large","https://x3yyntt5tp-staging.wpdns.site/2025/12/26/tips-for-fostering-toddler-independence/","1","true","true","true","true","true","true","true","BlogPosting | BreadcrumbList | Person","0","",""
"https://x3yyntt5tp-staging.wpdns.site/es/2025/12/26/tips-for-fostering-toddler-independence/","editorial-single","200","https://x3yyntt5tp-staging.wpdns.site/es/2025/12/26/tips-for-fostering-toddler-independence/","0","200 https://x3yyntt5tp-staging.wpdns.site/es/2025/12/26/tips-for-fostering-toddler-independence/?codex_technical=20260718","Artículo de Chroma: Consejos para Fomentar la Independencia en N…","Consejos para Fomentar la Independencia en Niños Pequeños: Guía para Padres sobre Cómo Fomentar la Autonomía y Habilidades de AutocuidadoLos niños pequeños com…","max-image-preview:large","https://x3yyntt5tp-staging.wpdns.site/es/2025/12/26/tips-for-fostering-toddler-independence/","1","true","true","true","true","true","true","true","BlogPosting | BreadcrumbList | Person","0","",""
"https://x3yyntt5tp-staging.wpdns.site/2025/12/26/benefits-of-gamification-in-early-childhood-learning/","editorial-single","200","https://x3yyntt5tp-staging.wpdns.site/2025/12/26/benefits-of-gamification-in-early-childhood-learning/","0","200 https://x3yyntt5tp-staging.wpdns.site/2025/12/26/benefits-of-gamification-in-early-childhood-learning/?codex_technical=20260718","Gamification in Early Childhood: Chroma's Learning Benefits","Benefits of Gamification in Early Childhood Learning: Enhancing Engagement and Development Children learn best when learning feels like play: gamification applies game design principles to early childhood settings to boost...","max-image-preview:large","https://x3yyntt5tp-staging.wpdns.site/2025/12/26/benefits-of-gamification-in-early-childhood-learning/","1","true","true","true","true","true","true","true","BlogPosting | BreadcrumbList | Person","0","",""
"https://x3yyntt5tp-staging.wpdns.site/es/2025/12/26/benefits-of-gamification-in-early-childhood-learning/","editorial-single","200","https://x3yyntt5tp-staging.wpdns.site/es/2025/12/26/benefits-of-gamification-in-early-childhood-learning/","0","200 https://x3yyntt5tp-staging.wpdns.site/es/2025/12/26/benefits-of-gamification-in-early-childhood-learning/?codex_technical=20260718","Artículo de Chroma: Beneficios de la Gamificación en el Aprendiz…","Beneficios de la Gamificación en el Aprendizaje de la Primera Infancia: Mejorando la Participación y el DesarrolloLos niños aprenden mejor cuando el aprendizaj…","max-image-preview:large","https://x3yyntt5tp-staging.wpdns.site/es/2025/12/26/benefits-of-gamification-in-early-childhood-learning/","1","true","true","true","true","true","true","true","BlogPosting | BreadcrumbList | Person","0","",""
"https://x3yyntt5tp-staging.wpdns.site/2025/12/26/recognizing-supporting-adhd-in-early-childhood/","editorial-single","200","https://x3yyntt5tp-staging.wpdns.site/2025/12/26/recognizing-supporting-adhd-in-early-childhood/","0","200 https://x3yyntt5tp-staging.wpdns.site/2025/12/26/recognizing-supporting-adhd-in-early-childhood/?codex_technical=20260718","Supporting ADHD in Early Childhood: Chroma Academy's Guide","Recognizing and Supporting ADHD in Early Childhood: Early Signs, Behavioral Strategies, and Inclusive Preschool Programs Attention-deficit/hyperactivity disorder (ADHD) is a neurodevelopmental condition that can appear in early childhood and affect...","max-image-preview:large","https://x3yyntt5tp-staging.wpdns.site/2025/12/26/recognizing-supporting-adhd-in-early-childhood/","1","true","true","true","true","true","true","true","BlogPosting | BreadcrumbList | Person","0","",""
"https://x3yyntt5tp-staging.wpdns.site/es/2025/12/26/recognizing-supporting-adhd-in-early-childhood/","editorial-single","200","https://x3yyntt5tp-staging.wpdns.site/es/2025/12/26/recognizing-supporting-adhd-in-early-childhood/","0","200 https://x3yyntt5tp-staging.wpdns.site/es/2025/12/26/recognizing-supporting-adhd-in-early-childhood/?codex_technical=20260718","Artículo de Chroma: Reconocer y Apoyar el TDAH en la Primera Inf…","Reconocer y Apoyar el TDAH en la Primera Infancia: Señales Tempranas, Estrategias Conductuales y Programas Preescolares InclusivosEl trastorno por déficit de a…","max-image-preview:large","https://x3yyntt5tp-staging.wpdns.site/es/2025/12/26/recognizing-supporting-adhd-in-early-childhood/","1","true","true","true","true","true","true","true","BlogPosting | BreadcrumbList | Person","0","",""
"https://x3yyntt5tp-staging.wpdns.site/2025/12/26/top-rated-preschool-programs-in-decatur-ga/","editorial-single","200","https://x3yyntt5tp-staging.wpdns.site/2025/12/26/top-rated-preschool-programs-in-decatur-ga/","0","200 https://x3yyntt5tp-staging.wpdns.site/2025/12/26/top-rated-preschool-programs-in-decatur-ga/?codex_technical=20260718","Decatur, GA Preschools: Top Programs at Chroma Academy","Preschool Programs in Decatur, GA: Comprehensive Guide for Parents Seeking Quality Early Learning Choosing the right preschool in Decatur, GA is one of the most important early decisions parents make...","max-image-preview:large","https://x3yyntt5tp-staging.wpdns.site/2025/12/26/top-rated-preschool-programs-in-decatur-ga/","1","true","true","true","true","true","true","true","BlogPosting | BreadcrumbList | Person","0","",""
"https://x3yyntt5tp-staging.wpdns.site/es/2025/12/26/top-rated-preschool-programs-in-decatur-ga/","editorial-single","200","https://x3yyntt5tp-staging.wpdns.site/es/2025/12/26/top-rated-preschool-programs-in-decatur-ga/","0","200 https://x3yyntt5tp-staging.wpdns.site/es/2025/12/26/top-rated-preschool-programs-in-decatur-ga/?codex_technical=20260718","Preescolar en Decatur, GA | Chroma Academy","Programas preescolares de primera categoría en Decatur, GA: Guía completa para padres que buscan aprendizaje temprano de calidadElegir el preescolar adecuado e…","max-image-preview:large","https://x3yyntt5tp-staging.wpdns.site/es/2025/12/26/top-rated-preschool-programs-in-decatur-ga/","1","true","true","true","true","true","true","true","BlogPosting | BreadcrumbList | Person","0","",""
"https://x3yyntt5tp-staging.wpdns.site/2025/12/26/key-benefits-of-enrolling-in-georgia-pre-k/","editorial-single","200","https://x3yyntt5tp-staging.wpdns.site/2025/12/26/key-benefits-of-enrolling-in-georgia-pre-k/","0","200 https://x3yyntt5tp-staging.wpdns.site/2025/12/26/key-benefits-of-enrolling-in-georgia-pre-k/?codex_technical=20260718","Georgia Pre-K Benefits: Enroll at Chroma in 2025","Key Benefits of Enrolling in Georgia Pre-K: Comprehensive Advantages for Kindergarten Readiness and Child Development Georgia Pre-K is a state-funded early childhood education program that prepares four-year-olds for successful kindergarten...","max-image-preview:large","https://x3yyntt5tp-staging.wpdns.site/2025/12/26/key-benefits-of-enrolling-in-georgia-pre-k/","1","true","true","true","true","true","true","true","BlogPosting | BreadcrumbList | Person","0","",""
"https://x3yyntt5tp-staging.wpdns.site/es/2025/12/26/key-benefits-of-enrolling-in-georgia-pre-k/","editorial-single","200","https://x3yyntt5tp-staging.wpdns.site/es/2025/12/26/key-benefits-of-enrolling-in-georgia-pre-k/","0","200 https://x3yyntt5tp-staging.wpdns.site/es/2025/12/26/key-benefits-of-enrolling-in-georgia-pre-k/?codex_technical=20260718","Artículo de Chroma: Beneficios Clave de Inscribirse en Georgia P…","Beneficios Clave de Inscribirse en Georgia Pre-K: Ventajas Integrales para la Preparación para el Jardín de Infancia y el Desarrollo InfantilGeorgia Pre-K es u…","max-image-preview:large","https://x3yyntt5tp-staging.wpdns.site/es/2025/12/26/key-benefits-of-enrolling-in-georgia-pre-k/","1","true","true","true","true","true","true","true","BlogPosting | BreadcrumbList | Person","0","",""
"https://x3yyntt5tp-staging.wpdns.site/2025/12/26/top-rated-preschool-programs-in-alpharetta-ga/","editorial-single","200","https://x3yyntt5tp-staging.wpdns.site/2025/12/26/top-rated-preschool-programs-in-alpharetta-ga/","0","200 https://x3yyntt5tp-staging.wpdns.site/2025/12/26/top-rated-preschool-programs-in-alpharetta-ga/?codex_technical=20260718","Alpharetta, GA Preschools: Top Programs at Chroma Academy","Preschool Programs in Alpharetta, GA: Your Guide to Quality Early Learning and Enrollment Choosing the right preschool in Alpharetta is one of the most important decisions families make to support...","max-image-preview:large","https://x3yyntt5tp-staging.wpdns.site/2025/12/26/top-rated-preschool-programs-in-alpharetta-ga/","1","true","true","true","true","true","true","true","BlogPosting | BreadcrumbList | Person","0","",""
"https://x3yyntt5tp-staging.wpdns.site/es/2025/12/26/top-rated-preschool-programs-in-alpharetta-ga/","editorial-single","200","https://x3yyntt5tp-staging.wpdns.site/es/2025/12/26/top-rated-preschool-programs-in-alpharetta-ga/","0","200 https://x3yyntt5tp-staging.wpdns.site/es/2025/12/26/top-rated-preschool-programs-in-alpharetta-ga/?codex_technical=20260718","Preescolar en Alpharetta, GA | Chroma Academy","Programas Preescolares de Primera Categoría en Alpharetta, GA: Su Guía para el Aprendizaje Temprano de Calidad y la InscripciónElegir el preescolar adecuado en…","max-image-preview:large","https://x3yyntt5tp-staging.wpdns.site/es/2025/12/26/top-rated-preschool-programs-in-alpharetta-ga/","1","true","true","true","true","true","true","true","BlogPosting | BreadcrumbList | Person","0","",""
"https://x3yyntt5tp-staging.wpdns.site/2025/12/26/after-school-programs-in-johns-creek-ga/","editorial-single","200","https://x3yyntt5tp-staging.wpdns.site/2025/12/26/after-school-programs-in-johns-creek-ga/","0","200 https://x3yyntt5tp-staging.wpdns.site/2025/12/26/after-school-programs-in-johns-creek-ga/?codex_technical=20260718","Johns Creek, GA After School Programs: A Chroma Guide","Top After School Programs in Johns Creek, GA: Find the Best Care and Activities After school programs in Johns Creek, GA combine supervised care, enrichment, and practical logistics to help...","max-image-preview:large","https://x3yyntt5tp-staging.wpdns.site/2025/12/26/after-school-programs-in-johns-creek-ga/","1","true","true","true","true","true","true","true","BlogPosting | BreadcrumbList | Person","0","",""
"https://x3yyntt5tp-staging.wpdns.site/es/2025/12/26/after-school-programs-in-johns-creek-ga/","editorial-single","200","https://x3yyntt5tp-staging.wpdns.site/es/2025/12/26/after-school-programs-in-johns-creek-ga/","0","200 https://x3yyntt5tp-staging.wpdns.site/es/2025/12/26/after-school-programs-in-johns-creek-ga/?codex_technical=20260718","Artículo de Chroma: Programas extraescolares en Johns Creek, GA","Los mejores programas extraescolares en Johns Creek, GA: Encuentra el mejor cuidado y actividadesLos programas extraescolares en Johns Creek, GA combinan cuida…","max-image-preview:large","https://x3yyntt5tp-staging.wpdns.site/es/2025/12/26/after-school-programs-in-johns-creek-ga/","1","true","true","true","true","true","true","true","BlogPosting | BreadcrumbList | Person","0","",""
"https://x3yyntt5tp-staging.wpdns.site/2025/12/26/after-school-programs-in-sandy-springs-ga/","editorial-single","200","https://x3yyntt5tp-staging.wpdns.site/2025/12/26/after-school-programs-in-sandy-springs-ga/","0","200 https://x3yyntt5tp-staging.wpdns.site/2025/12/26/after-school-programs-in-sandy-springs-ga/?codex_technical=20260718","Sandy Springs, GA After School Programs | Chroma Academy","After School Programs in Sandy Springs, GA: Comprehensive Care and Enrichment for School-Aged Children After-school programs in Sandy Springs provide supervised, structured time for school-aged children to complete homework, explore...","max-image-preview:large","https://x3yyntt5tp-staging.wpdns.site/2025/12/26/after-school-programs-in-sandy-springs-ga/","1","true","true","true","true","true","true","true","BlogPosting | BreadcrumbList | Person","0","",""
"https://x3yyntt5tp-staging.wpdns.site/es/2025/12/26/after-school-programs-in-sandy-springs-ga/","editorial-single","200","https://x3yyntt5tp-staging.wpdns.site/es/2025/12/26/after-school-programs-in-sandy-springs-ga/","0","200 https://x3yyntt5tp-staging.wpdns.site/es/2025/12/26/after-school-programs-in-sandy-springs-ga/?codex_technical=20260718","Artículo de Chroma: Programas Extracurriculares en Sandy Springs…","Programas Extracurriculares en Sandy Springs, GA: Cuidado Integral y Enriquecimiento para Niños en Edad EscolarLos programas extracurriculares en Sandy Springs…","max-image-preview:large","https://x3yyntt5tp-staging.wpdns.site/es/2025/12/26/after-school-programs-in-sandy-springs-ga/","1","true","true","true","true","true","true","true","BlogPosting | BreadcrumbList | Person","0","",""
"https://x3yyntt5tp-staging.wpdns.site/2025/12/26/strategies-for-coping-with-parental-burnout/","editorial-single","200","https://x3yyntt5tp-staging.wpdns.site/2025/12/26/strategies-for-coping-with-parental-burnout/","0","200 https://x3yyntt5tp-staging.wpdns.site/2025/12/26/strategies-for-coping-with-parental-burnout/?codex_technical=20260718","Parental Burnout: Strategies & Chroma Childcare Solutions","Effective Strategies for Coping with Parental Burnout: Solutions for Managing Parenting Stress and Supporting Mom and Dad Well-being Parental burnout is a state of chronic physical, emotional, and mental exhaustion...","max-image-preview:large","https://x3yyntt5tp-staging.wpdns.site/2025/12/26/strategies-for-coping-with-parental-burnout/","1","true","true","true","true","true","true","true","BlogPosting | BreadcrumbList | Person","0","",""
"https://x3yyntt5tp-staging.wpdns.site/es/2025/12/26/strategies-for-coping-with-parental-burnout/","editorial-single","200","https://x3yyntt5tp-staging.wpdns.site/es/2025/12/26/strategies-for-coping-with-parental-burnout/","0","200 https://x3yyntt5tp-staging.wpdns.site/es/2025/12/26/strategies-for-coping-with-parental-burnout/?codex_technical=20260718","Artículo de Chroma: Estrategias para lidiar con el agotamiento p…","Estrategias efectivas para lidiar con el agotamiento parental: Soluciones para manejar el estrés de la crianza y apoyar el bienestar de mamá y papáEl agotamien…","max-image-preview:large","https://x3yyntt5tp-staging.wpdns.site/es/2025/12/26/strategies-for-coping-with-parental-burnout/","1","true","true","true","true","true","true","true","BlogPosting | BreadcrumbList | Person","0","",""
"https://x3yyntt5tp-staging.wpdns.site/2025/12/26/tips-for-preparing-your-child-for-daycare/","editorial-single","200","https://x3yyntt5tp-staging.wpdns.site/2025/12/26/tips-for-preparing-your-child-for-daycare/","0","200 https://x3yyntt5tp-staging.wpdns.site/2025/12/26/tips-for-preparing-your-child-for-daycare/?codex_technical=20260718","Daycare Prep: Tips for a Smooth Transition | Chroma 2025","Tips for Preparing Your Child for Daycare: A Comprehensive Guide for Parents Preparing your child for daycare means more than packing a bag — it involves emotionally and practically equipping...","max-image-preview:large","https://x3yyntt5tp-staging.wpdns.site/2025/12/26/tips-for-preparing-your-child-for-daycare/","1","true","true","true","true","true","true","true","BlogPosting | BreadcrumbList | Person","0","",""
"https://x3yyntt5tp-staging.wpdns.site/es/2025/12/26/tips-for-preparing-your-child-for-daycare/","editorial-single","200","https://x3yyntt5tp-staging.wpdns.site/es/2025/12/26/tips-for-preparing-your-child-for-daycare/","0","200 https://x3yyntt5tp-staging.wpdns.site/es/2025/12/26/tips-for-preparing-your-child-for-daycare/?codex_technical=20260718","Artículo de Chroma: Consejos para preparar a tu hijo para la gua…","Consejos para preparar a tu hijo para la guardería: una guía completa para padresPreparar a tu hijo para la guardería significa más que empacar una mochila: im…","max-image-preview:large","https://x3yyntt5tp-staging.wpdns.site/es/2025/12/26/tips-for-preparing-your-child-for-daycare/","1","true","true","true","true","true","true","true","BlogPosting | BreadcrumbList | Person","0","",""
"https://x3yyntt5tp-staging.wpdns.site/2025/12/26/strategies-for-managing-sibling-rivalry-effectively/","editorial-single","200","https://x3yyntt5tp-staging.wpdns.site/2025/12/26/strategies-for-managing-sibling-rivalry-effectively/","0","200 https://x3yyntt5tp-staging.wpdns.site/2025/12/26/strategies-for-managing-sibling-rivalry-effectively/?codex_technical=20260718","Sibling Rivalry: Strategies for Parents | Chroma 2025","Effective Strategies for Managing Sibling Rivalry: A Comprehensive Guide for Parents Sibling rivalry is the natural competition, conflict, and emotion children show toward brothers or sisters as they jockey for...","max-image-preview:large","https://x3yyntt5tp-staging.wpdns.site/2025/12/26/strategies-for-managing-sibling-rivalry-effectively/","1","true","true","true","true","true","true","true","BlogPosting | BreadcrumbList | Person","0","",""
"https://x3yyntt5tp-staging.wpdns.site/es/2025/12/26/strategies-for-managing-sibling-rivalry-effectively/","editorial-single","200","https://x3yyntt5tp-staging.wpdns.site/es/2025/12/26/strategies-for-managing-sibling-rivalry-effectively/","0","200 https://x3yyntt5tp-staging.wpdns.site/es/2025/12/26/strategies-for-managing-sibling-rivalry-effectively/?codex_technical=20260718","Artículo de Chroma: Estrategias para manejar la rivalidad entre…","Estrategias efectivas para manejar la rivalidad entre hermanos: una guía completa para padresLa rivalidad entre hermanos es la competencia, el conflicto y la e…","max-image-preview:large","https://x3yyntt5tp-staging.wpdns.site/es/2025/12/26/strategies-for-managing-sibling-rivalry-effectively/","1","true","true","true","true","true","true","true","BlogPosting | BreadcrumbList | Person","0","",""
"https://x3yyntt5tp-staging.wpdns.site/2025/12/26/creative-date-night-ideas-for-busy-parents/","editorial-single","200","https://x3yyntt5tp-staging.wpdns.site/2025/12/26/creative-date-night-ideas-for-busy-parents/","0","200 https://x3yyntt5tp-staging.wpdns.site/2025/12/26/creative-date-night-ideas-for-busy-parents/?codex_technical=20260718","Date Night Ideas for Busy Parents: Metro Atlanta Fun | 2025","Creative Date Night Ideas for Busy Parents: Practical Ways to Reconnect and Maintain Romance Being a parent means your calendar fills quickly and time for romance can feel rare, but...","max-image-preview:large","https://x3yyntt5tp-staging.wpdns.site/2025/12/26/creative-date-night-ideas-for-busy-parents/","1","true","true","true","true","true","true","true","BlogPosting | BreadcrumbList | Person","0","",""
"https://x3yyntt5tp-staging.wpdns.site/es/2025/12/26/creative-date-night-ideas-for-busy-parents/","editorial-single","200","https://x3yyntt5tp-staging.wpdns.site/es/2025/12/26/creative-date-night-ideas-for-busy-parents/","0","200 https://x3yyntt5tp-staging.wpdns.site/es/2025/12/26/creative-date-night-ideas-for-busy-parents/?codex_technical=20260718","Artículo de Chroma: Ideas Creativas para Citas Nocturnas para Pa…","Ideas Creativas para Citas Nocturnas para Padres Ocupados: Formas Prácticas de Reconectar y Mantener el RomanceSer padre significa que tu calendario se llena r…","max-image-preview:large","https://x3yyntt5tp-staging.wpdns.site/es/2025/12/26/creative-date-night-ideas-for-busy-parents/","1","true","true","true","true","true","true","true","BlogPosting | BreadcrumbList | Person","0","",""
"https://x3yyntt5tp-staging.wpdns.site/2025/12/26/chroma-early-learning-academy-mission-core-values/","editorial-single","200","https://x3yyntt5tp-staging.wpdns.site/2025/12/26/chroma-early-learning-academy-mission-core-values/","0","200 https://x3yyntt5tp-staging.wpdns.site/2025/12/26/chroma-early-learning-academy-mission-core-values/?codex_technical=20260718","Chroma Academy: Mission & Values for Early Learning","Chroma Early Learning Academy Mission & Core Values: Understanding Our Early Childhood Education Philosophy Chroma Early Learning Academy exists to cultivate confident, curious children by combining intentional caregiving with a...","max-image-preview:large","https://x3yyntt5tp-staging.wpdns.site/2025/12/26/chroma-early-learning-academy-mission-core-values/","1","true","true","true","true","true","true","true","BlogPosting | BreadcrumbList | Person","0","",""
"https://x3yyntt5tp-staging.wpdns.site/es/2025/12/26/chroma-early-learning-academy-mission-core-values/","editorial-single","200","https://x3yyntt5tp-staging.wpdns.site/es/2025/12/26/chroma-early-learning-academy-mission-core-values/","0","200 https://x3yyntt5tp-staging.wpdns.site/es/2025/12/26/chroma-early-learning-academy-mission-core-values/?codex_technical=20260718","Artículo de Chroma: Misión y Valores Fundamentales de Chroma Ear…","Misión y Valores Fundamentales de Chroma Early Learning Academy: Comprendiendo Nuestra Filosofía de Educación InfantilChroma Early Learning Academy existe para…","max-image-preview:large","https://x3yyntt5tp-staging.wpdns.site/es/2025/12/26/chroma-early-learning-academy-mission-core-values/","1","true","true","true","true","true","true","true","BlogPosting | BreadcrumbList | Person","0","",""
"https://x3yyntt5tp-staging.wpdns.site/2025/12/26/developing-infant-fine-gross-motor-skills/","editorial-single","200","https://x3yyntt5tp-staging.wpdns.site/2025/12/26/developing-infant-fine-gross-motor-skills/","0","200 https://x3yyntt5tp-staging.wpdns.site/2025/12/26/developing-infant-fine-gross-motor-skills/?codex_technical=20260718","Infant Motor Skills: Activities & Milestones | Chroma 2025","Developing Infant Fine & Gross Motor Skills: Essential Milestones and Activities for Parents Early development of baby motor skills shapes how infants explore, communicate, and gain independence, so understanding fine...","max-image-preview:large","https://x3yyntt5tp-staging.wpdns.site/2025/12/26/developing-infant-fine-gross-motor-skills/","1","true","true","true","true","true","true","true","BlogPosting | BreadcrumbList | Person","0","",""
"https://x3yyntt5tp-staging.wpdns.site/es/2025/12/26/developing-infant-fine-gross-motor-skills/","editorial-single","200","https://x3yyntt5tp-staging.wpdns.site/es/2025/12/26/developing-infant-fine-gross-motor-skills/","0","200 https://x3yyntt5tp-staging.wpdns.site/es/2025/12/26/developing-infant-fine-gross-motor-skills/?codex_technical=20260718","Artículo de Chroma: Desarrollo de la motricidad fina y gruesa en…","Desarrollo de la motricidad fina y gruesa en bebés: Hitos esenciales y actividades para padresEl desarrollo temprano de las habilidades motoras del bebé moldea…","max-image-preview:large","https://x3yyntt5tp-staging.wpdns.site/es/2025/12/26/developing-infant-fine-gross-motor-skills/","1","true","true","true","true","true","true","true","BlogPosting | BreadcrumbList | Person","0","",""
"https://x3yyntt5tp-staging.wpdns.site/2025/12/26/fostering-problem-solving-skills-in-preschoolers/","editorial-single","200","https://x3yyntt5tp-staging.wpdns.site/2025/12/26/fostering-problem-solving-skills-in-preschoolers/","0","200 https://x3yyntt5tp-staging.wpdns.site/2025/12/26/fostering-problem-solving-skills-in-preschoolers/?codex_technical=20260718","Preschool Problem-Solving: Chroma's Guide (2025)","Fostering Problem-Solving Skills in Preschoolers: Effective Activities and Critical Thinking Development Problem-solving skills in preschoolers refer to a child’s emerging ability to identify simple problems, generate solutions, test those ideas,...","max-image-preview:large","https://x3yyntt5tp-staging.wpdns.site/2025/12/26/fostering-problem-solving-skills-in-preschoolers/","1","true","true","true","true","true","true","true","BlogPosting | BreadcrumbList | Person","0","",""
"https://x3yyntt5tp-staging.wpdns.site/es/2025/12/26/fostering-problem-solving-skills-in-preschoolers/","editorial-single","200","https://x3yyntt5tp-staging.wpdns.site/es/2025/12/26/fostering-problem-solving-skills-in-preschoolers/","0","200 https://x3yyntt5tp-staging.wpdns.site/es/2025/12/26/fostering-problem-solving-skills-in-preschoolers/?codex_technical=20260718","Artículo de Chroma: Fomentando Habilidades de Resolución de Prob…","Fomentando Habilidades de Resolución de Problemas en Preescolares: Actividades Efectivas y Desarrollo del Pensamiento CríticoLas habilidades de resolución de p…","max-image-preview:large","https://x3yyntt5tp-staging.wpdns.site/es/2025/12/26/fostering-problem-solving-skills-in-preschoolers/","1","true","true","true","true","true","true","true","BlogPosting | BreadcrumbList | Person","0","",""
"https://x3yyntt5tp-staging.wpdns.site/2025/12/26/strategies-for-coping-with-separation-anxiety-in-children/","editorial-single","200","https://x3yyntt5tp-staging.wpdns.site/2025/12/26/strategies-for-coping-with-separation-anxiety-in-children/","0","200 https://x3yyntt5tp-staging.wpdns.site/2025/12/26/strategies-for-coping-with-separation-anxiety-in-children/?codex_technical=20260718","Separation Anxiety Strategies for Children: A Chroma Guide","Effective Strategies for Coping with Separation Anxiety in Children: A Comprehensive Parent’s Guide Separation anxiety is an expected developmental response in young children characterized by distress when a primary caregiver...","max-image-preview:large","https://x3yyntt5tp-staging.wpdns.site/2025/12/26/strategies-for-coping-with-separation-anxiety-in-children/","1","true","true","true","true","true","true","true","BlogPosting | BreadcrumbList | Person","0","",""
"https://x3yyntt5tp-staging.wpdns.site/es/2025/12/26/strategies-for-coping-with-separation-anxiety-in-children/","editorial-single","200","https://x3yyntt5tp-staging.wpdns.site/es/2025/12/26/strategies-for-coping-with-separation-anxiety-in-children/","0","200 https://x3yyntt5tp-staging.wpdns.site/es/2025/12/26/strategies-for-coping-with-separation-anxiety-in-children/?codex_technical=20260718","Artículo de Chroma: Estrategias para lidiar con la ansiedad por…","Estrategias efectivas para lidiar con la ansiedad por separación en niños: Una guía completa para padresLa ansiedad por separación es una respuesta de desarrol…","max-image-preview:large","https://x3yyntt5tp-staging.wpdns.site/es/2025/12/26/strategies-for-coping-with-separation-anxiety-in-children/","1","true","true","true","true","true","true","true","BlogPosting | BreadcrumbList | Person","0","",""
"https://x3yyntt5tp-staging.wpdns.site/2025/12/26/benefits-of-inquiry-based-learning-in-early-childhood/","editorial-single","200","https://x3yyntt5tp-staging.wpdns.site/2025/12/26/benefits-of-inquiry-based-learning-in-early-childhood/","0","200 https://x3yyntt5tp-staging.wpdns.site/2025/12/26/benefits-of-inquiry-based-learning-in-early-childhood/?codex_technical=20260718","Inquiry-Based Learning Benefits: Chroma's Approach in 2025","Benefits of Inquiry-Based Learning in Early Childhood: How Chroma Early Learning Academy Fosters Holistic Child Development Inquiry-based learning places children’s questions, curiosities, and active exploration at the center of early...","max-image-preview:large","https://x3yyntt5tp-staging.wpdns.site/2025/12/26/benefits-of-inquiry-based-learning-in-early-childhood/","1","true","true","true","true","true","true","true","BlogPosting | BreadcrumbList | Person","0","",""
"https://x3yyntt5tp-staging.wpdns.site/2025/12/26/understanding-childhood-growth-spurts-development/","editorial-single","200","https://x3yyntt5tp-staging.wpdns.site/2025/12/26/understanding-childhood-growth-spurts-development/","0","200 https://x3yyntt5tp-staging.wpdns.site/2025/12/26/understanding-childhood-growth-spurts-development/?codex_technical=20260718","Childhood Growth Spurts: Chroma's Guide for Parents","Understanding Childhood Growth Spurts & Development: Key Milestones and Support Strategies for Parents Childhood growth spurts are periods of accelerated physical growth and developmental change when a child’s body and...","max-image-preview:large","https://x3yyntt5tp-staging.wpdns.site/2025/12/26/understanding-childhood-growth-spurts-development/","1","true","true","true","true","true","true","true","BlogPosting | BreadcrumbList | Person","0","",""
"https://x3yyntt5tp-staging.wpdns.site/es/2025/12/26/understanding-childhood-growth-spurts-development/","editorial-single","200","https://x3yyntt5tp-staging.wpdns.site/es/2025/12/26/understanding-childhood-growth-spurts-development/","0","200 https://x3yyntt5tp-staging.wpdns.site/es/2025/12/26/understanding-childhood-growth-spurts-development/?codex_technical=20260718","Artículo de Chroma: Entendiendo los brotes de crecimiento y desa…","Entendiendo los brotes de crecimiento y desarrollo infantil: Hitos clave y estrategias de apoyo para padresLos brotes de crecimiento infantil son períodos de c…","max-image-preview:large","https://x3yyntt5tp-staging.wpdns.site/es/2025/12/26/understanding-childhood-growth-spurts-development/","1","true","true","true","true","true","true","true","BlogPosting | BreadcrumbList | Person","0","",""
"https://x3yyntt5tp-staging.wpdns.site/2025/12/26/benefits-of-speech-therapy-for-toddlers/","editorial-single","200","https://x3yyntt5tp-staging.wpdns.site/2025/12/26/benefits-of-speech-therapy-for-toddlers/","0","200 https://x3yyntt5tp-staging.wpdns.site/2025/12/26/benefits-of-speech-therapy-for-toddlers/?codex_technical=20260718","Speech Therapy Benefits for Toddlers | Chroma","Benefits of Speech Therapy for Toddlers: A Comprehensive Guide for Parents Speech therapy for toddlers is targeted support delivered by trained professionals to improve early communication, helping children produce clearer...","max-image-preview:large","https://x3yyntt5tp-staging.wpdns.site/2025/12/26/benefits-of-speech-therapy-for-toddlers/","1","true","true","true","true","true","true","true","BlogPosting | BreadcrumbList | Person","0","",""
"https://x3yyntt5tp-staging.wpdns.site/es/2025/12/26/benefits-of-speech-therapy-for-toddlers/","editorial-single","200","https://x3yyntt5tp-staging.wpdns.site/es/2025/12/26/benefits-of-speech-therapy-for-toddlers/","0","200 https://x3yyntt5tp-staging.wpdns.site/es/2025/12/26/benefits-of-speech-therapy-for-toddlers/?codex_technical=20260718","Artículo de Chroma: Beneficios de la Terapia del Habla para Niño…","Beneficios de la Terapia del Habla para Niños Pequeños: Una Guía Completa para PadresLa terapia del habla para niños pequeños es un apoyo específico ofrecido p…","max-image-preview:large","https://x3yyntt5tp-staging.wpdns.site/es/2025/12/26/benefits-of-speech-therapy-for-toddlers/","1","true","true","true","true","true","true","true","BlogPosting | BreadcrumbList | Person","0","",""
"https://x3yyntt5tp-staging.wpdns.site/2025/12/26/how-to-build-self-esteem-in-young-children/","editorial-single","200","https://x3yyntt5tp-staging.wpdns.site/2025/12/26/how-to-build-self-esteem-in-young-children/","0","200 https://x3yyntt5tp-staging.wpdns.site/2025/12/26/how-to-build-self-esteem-in-young-children/?codex_technical=20260718","Boost Your Child's Self-Esteem: Chroma's Guide (2025)","How to Build Child Self-Esteem: A Parent’s Guide to Boosting Confidence and Resilience in Young Children Building child self-esteem means helping a young child form a realistic, secure sense of...","max-image-preview:large","https://x3yyntt5tp-staging.wpdns.site/2025/12/26/how-to-build-self-esteem-in-young-children/","1","true","true","true","true","true","true","true","BlogPosting | BreadcrumbList | Person","0","",""
"https://x3yyntt5tp-staging.wpdns.site/es/2025/12/26/how-to-build-self-esteem-in-young-children/","editorial-single","200","https://x3yyntt5tp-staging.wpdns.site/es/2025/12/26/how-to-build-self-esteem-in-young-children/","0","200 https://x3yyntt5tp-staging.wpdns.site/es/2025/12/26/how-to-build-self-esteem-in-young-children/?codex_technical=20260718","Artículo de Chroma: Cómo desarrollar la autoestima en niños pequ…","Cómo desarrollar la autoestima infantil: Guía para padres para aumentar la confianza y la resiliencia en niños pequeñosDesarrollar la autoestima infantil signi…","max-image-preview:large","https://x3yyntt5tp-staging.wpdns.site/es/2025/12/26/how-to-build-self-esteem-in-young-children/","1","true","true","true","true","true","true","true","BlogPosting | BreadcrumbList | Person","0","",""
"https://x3yyntt5tp-staging.wpdns.site/2025/12/26/georgia-pre-k-lottery-program-in-marietta-ga/","editorial-single","200","https://x3yyntt5tp-staging.wpdns.site/2025/12/26/georgia-pre-k-lottery-program-in-marietta-ga/","0","200 https://x3yyntt5tp-staging.wpdns.site/2025/12/26/georgia-pre-k-lottery-program-in-marietta-ga/?codex_technical=20260718","Marietta, GA: Georgia Pre-K Lottery at Chroma (2025)","Georgia Pre-K Lottery Program in Marietta, GA: How to Enroll and Prepare Your Child The Georgia Pre-K Lottery Program provides state-funded, free pre-kindergarten for qualifying four-year-olds, allocating limited classroom seats...","max-image-preview:large","https://x3yyntt5tp-staging.wpdns.site/2025/12/26/georgia-pre-k-lottery-program-in-marietta-ga/","1","true","true","true","true","true","true","true","BlogPosting | BreadcrumbList | Person","0","",""
"https://x3yyntt5tp-staging.wpdns.site/es/2025/12/26/georgia-pre-k-lottery-program-in-marietta-ga/","editorial-single","200","https://x3yyntt5tp-staging.wpdns.site/es/2025/12/26/georgia-pre-k-lottery-program-in-marietta-ga/","0","200 https://x3yyntt5tp-staging.wpdns.site/es/2025/12/26/georgia-pre-k-lottery-program-in-marietta-ga/?codex_technical=20260718","Artículo de Chroma: Programa Pre-K de Georgia Lottery en Mariett…","Programa Pre-K de Georgia Lottery en Marietta, GA: Cómo inscribirse y preparar a su hijoEl Programa Pre-K de Georgia Lottery ofrece preescolar gratuito financi…","max-image-preview:large","https://x3yyntt5tp-staging.wpdns.site/es/2025/12/26/georgia-pre-k-lottery-program-in-marietta-ga/","1","true","true","true","true","true","true","true","BlogPosting | BreadcrumbList | Person","0","",""
"https://x3yyntt5tp-staging.wpdns.site/2025/12/26/key-toddler-developmental-milestones-how-we-support-them/","editorial-single","200","https://x3yyntt5tp-staging.wpdns.site/2025/12/26/key-toddler-developmental-milestones-how-we-support-them/","0","200 https://x3yyntt5tp-staging.wpdns.site/2025/12/26/key-toddler-developmental-milestones-how-we-support-them/?codex_technical=20260718","Toddler Milestones: Chroma Academy's Support in 2025","Key Toddler Developmental Milestones & How Chroma Early Learning Academy Supports Them Toddlers develop rapidly between their first and third birthdays, and recognizing the stages of physical, cognitive, language, social-emotional,...","max-image-preview:large","https://x3yyntt5tp-staging.wpdns.site/2025/12/26/key-toddler-developmental-milestones-how-we-support-them/","1","true","true","true","true","true","true","true","BlogPosting | BreadcrumbList | Person","0","",""
"https://x3yyntt5tp-staging.wpdns.site/es/2025/12/26/key-toddler-developmental-milestones-how-we-support-them/","editorial-single","200","https://x3yyntt5tp-staging.wpdns.site/es/2025/12/26/key-toddler-developmental-milestones-how-we-support-them/","0","200 https://x3yyntt5tp-staging.wpdns.site/es/2025/12/26/key-toddler-developmental-milestones-how-we-support-them/?codex_technical=20260718","Artículo de Chroma: Hitos Clave del Desarrollo Infantil y Cómo L…","Hitos Clave del Desarrollo Infantil y Cómo Chroma Early Learning Academy Los ApoyaLos niños pequeños se desarrollan rápidamente entre su primer y tercer cumple…","max-image-preview:large","https://x3yyntt5tp-staging.wpdns.site/es/2025/12/26/key-toddler-developmental-milestones-how-we-support-them/","1","true","true","true","true","true","true","true","BlogPosting | BreadcrumbList | Person","0","",""
"https://x3yyntt5tp-staging.wpdns.site/2025/12/26/essential-training-for-early-childhood-educators/","editorial-single","200","https://x3yyntt5tp-staging.wpdns.site/2025/12/26/essential-training-for-early-childhood-educators/","0","200 https://x3yyntt5tp-staging.wpdns.site/2025/12/26/essential-training-for-early-childhood-educators/?codex_technical=20260718","Early Childhood Educator Training: Essential Skills | Chroma","Essential Training for Early Childhood Educators in Atlanta: Preparing Quality Childcare Professionals Early childhood educator training encompasses the knowledge, skills, and practical routines educators use to promote safe development and...","max-image-preview:large","https://x3yyntt5tp-staging.wpdns.site/2025/12/26/essential-training-for-early-childhood-educators/","1","true","true","true","true","true","true","true","BlogPosting | BreadcrumbList | Person","0","",""
"https://x3yyntt5tp-staging.wpdns.site/es/2025/12/26/essential-training-for-early-childhood-educators/","editorial-single","200","https://x3yyntt5tp-staging.wpdns.site/es/2025/12/26/essential-training-for-early-childhood-educators/","0","200 https://x3yyntt5tp-staging.wpdns.site/es/2025/12/26/essential-training-for-early-childhood-educators/?codex_technical=20260718","Artículo de Chroma: Formación Esencial para Educadores de la Pri…","Formación Esencial para Educadores de la Primera Infancia en Atlanta: Preparación de Profesionales de Cuidado Infantil de CalidadLa formación de educadores de…","max-image-preview:large","https://x3yyntt5tp-staging.wpdns.site/es/2025/12/26/essential-training-for-early-childhood-educators/","1","true","true","true","true","true","true","true","BlogPosting | BreadcrumbList | Person","0","",""
"https://x3yyntt5tp-staging.wpdns.site/2025/12/26/kindergarten-readiness-programs-in-duluth-ga/","editorial-single","200","https://x3yyntt5tp-staging.wpdns.site/2025/12/26/kindergarten-readiness-programs-in-duluth-ga/","0","200 https://x3yyntt5tp-staging.wpdns.site/2025/12/26/kindergarten-readiness-programs-in-duluth-ga/?codex_technical=20260718","Chroma's Kindergarten Readiness Programs in Duluth, GA","Kindergarten Readiness Programs in Duluth, GA: Comprehensive Guide to Pre-K and Early Learning at Chroma Early Learning Academy Kindergarten readiness means a child has the early academic, social-emotional, motor, and...","max-image-preview:large","https://x3yyntt5tp-staging.wpdns.site/2025/12/26/kindergarten-readiness-programs-in-duluth-ga/","1","true","true","true","true","true","true","true","BlogPosting | BreadcrumbList | Person","0","",""
"https://x3yyntt5tp-staging.wpdns.site/es/2025/12/26/kindergarten-readiness-programs-in-duluth-ga/","editorial-single","200","https://x3yyntt5tp-staging.wpdns.site/es/2025/12/26/kindergarten-readiness-programs-in-duluth-ga/","0","200 https://x3yyntt5tp-staging.wpdns.site/es/2025/12/26/kindergarten-readiness-programs-in-duluth-ga/?codex_technical=20260718","Kindergarten en Duluth, GA | Chroma Academy","Programas de Preparación para el Jardín de Infancia en Duluth, GA: Guía Integral de Pre-K y Aprendizaje Temprano en Chroma Early Learning AcademyLa preparación…","max-image-preview:large","https://x3yyntt5tp-staging.wpdns.site/es/2025/12/26/kindergarten-readiness-programs-in-duluth-ga/","1","true","true","true","true","true","true","true","BlogPosting | BreadcrumbList | Person","0","",""
"https://x3yyntt5tp-staging.wpdns.site/2025/12/26/frequently-asked-questions-about-enrollment/","editorial-single","200","https://x3yyntt5tp-staging.wpdns.site/2025/12/26/frequently-asked-questions-about-enrollment/","0","200 https://x3yyntt5tp-staging.wpdns.site/2025/12/26/frequently-asked-questions-about-enrollment/?codex_technical=20260718","Chroma Academy: Enrollment FAQs for Childcare (2025)","Frequently Asked Questions About Childcare Enrollment Process at Chroma Early Learning Academy Enrollment at Chroma Early Learning Academy means securing a thoughtfully designed early education placement that supports each child’s...","max-image-preview:large","https://x3yyntt5tp-staging.wpdns.site/2025/12/26/frequently-asked-questions-about-enrollment/","1","true","true","true","true","true","true","true","BlogPosting | BreadcrumbList | Person","0","",""
"https://x3yyntt5tp-staging.wpdns.site/es/2025/12/26/frequently-asked-questions-about-enrollment/","editorial-single","200","https://x3yyntt5tp-staging.wpdns.site/es/2025/12/26/frequently-asked-questions-about-enrollment/","0","200 https://x3yyntt5tp-staging.wpdns.site/es/2025/12/26/frequently-asked-questions-about-enrollment/?codex_technical=20260718","Artículo de Chroma: Preguntas Frecuentes Sobre la Inscripción","Preguntas Frecuentes Sobre el Proceso de Inscripción en Chroma Early Learning AcademyLa inscripción en Chroma Early Learning Academy significa asegurar un luga…","max-image-preview:large","https://x3yyntt5tp-staging.wpdns.site/es/2025/12/26/frequently-asked-questions-about-enrollment/","1","true","true","true","true","true","true","true","BlogPosting | BreadcrumbList | Person","0","",""
"https://x3yyntt5tp-staging.wpdns.site/2025/12/26/nurturing-toddler-emotional-growth-regulation/","editorial-single","200","https://x3yyntt5tp-staging.wpdns.site/2025/12/26/nurturing-toddler-emotional-growth-regulation/","0","200 https://x3yyntt5tp-staging.wpdns.site/2025/12/26/nurturing-toddler-emotional-growth-regulation/?codex_technical=20260718","Toddler Emotional Growth: Chroma Academy's Guide","Toddler Emotional Regulation Strategies: Nurturing Emotional Growth and Social-Emotional Learning for Preschoolers Toddlers’ emotional regulation refers to the developing ability to notice, name, and manage feelings so children can interact...","max-image-preview:large","https://x3yyntt5tp-staging.wpdns.site/2025/12/26/nurturing-toddler-emotional-growth-regulation/","1","true","true","true","true","true","true","true","BlogPosting | BreadcrumbList | Person","0","",""
"https://x3yyntt5tp-staging.wpdns.site/es/2025/12/26/nurturing-toddler-emotional-growth-regulation/","editorial-single","200","https://x3yyntt5tp-staging.wpdns.site/es/2025/12/26/nurturing-toddler-emotional-growth-regulation/","0","200 https://x3yyntt5tp-staging.wpdns.site/es/2025/12/26/nurturing-toddler-emotional-growth-regulation/?codex_technical=20260718","Artículo de Chroma: Fomento del Crecimiento y la Regulación Emoc…","Estrategias de Regulación Emocional en Niños Pequeños: Fomento del Crecimiento Emocional y el Aprendizaje Socioemocional para PreescolaresLa regulación emocion…","max-image-preview:large","https://x3yyntt5tp-staging.wpdns.site/es/2025/12/26/nurturing-toddler-emotional-growth-regulation/","1","true","true","true","true","true","true","true","BlogPosting | BreadcrumbList | Person","0","",""
"https://x3yyntt5tp-staging.wpdns.site/2025/12/26/strategies-for-preventing-teacher-burnout/","editorial-single","200","https://x3yyntt5tp-staging.wpdns.site/2025/12/26/strategies-for-preventing-teacher-burnout/","0","200 https://x3yyntt5tp-staging.wpdns.site/2025/12/26/strategies-for-preventing-teacher-burnout/?codex_technical=20260718","Strategies for Preventing Teacher Burnout at Chroma in 2025","Effective Strategies for Preventing Teacher Burnout: Ensuring Early Childhood Educator Well-Being and Retention Teacher burnout is a chronic state of physical, emotional, and mental exhaustion that arises when workplace demands...","max-image-preview:large","https://x3yyntt5tp-staging.wpdns.site/2025/12/26/strategies-for-preventing-teacher-burnout/","1","true","true","true","true","true","true","true","BlogPosting | BreadcrumbList | Person","0","",""
"https://x3yyntt5tp-staging.wpdns.site/es/2025/12/26/strategies-for-preventing-teacher-burnout/","editorial-single","200","https://x3yyntt5tp-staging.wpdns.site/es/2025/12/26/strategies-for-preventing-teacher-burnout/","0","200 https://x3yyntt5tp-staging.wpdns.site/es/2025/12/26/strategies-for-preventing-teacher-burnout/?codex_technical=20260718","Artículo de Chroma: Estrategias para prevenir el agotamiento del…","Estrategias efectivas para prevenir el agotamiento del profesorado: Garantizar el bienestar y la retención de los educadores de la primera infanciaEl agotamien…","max-image-preview:large","https://x3yyntt5tp-staging.wpdns.site/es/2025/12/26/strategies-for-preventing-teacher-burnout/","1","true","true","true","true","true","true","true","BlogPosting | BreadcrumbList | Person","0","",""
"https://x3yyntt5tp-staging.wpdns.site/2025/12/26/best-infant-care-programs-in-atlanta-georgia/","editorial-single","200","https://x3yyntt5tp-staging.wpdns.site/2025/12/26/best-infant-care-programs-in-atlanta-georgia/","0","200 https://x3yyntt5tp-staging.wpdns.site/2025/12/26/best-infant-care-programs-in-atlanta-georgia/?codex_technical=20260718","Chroma's Best Infant Care in Atlanta, GA (2025)","Best Infant Care Programs in Atlanta, Georgia: Comprehensive Guide for Parents Seeking Quality Infant Daycare Finding reliable infant care in Atlanta can feel overwhelming for new and returning parents, but...","max-image-preview:large","https://x3yyntt5tp-staging.wpdns.site/2025/12/26/best-infant-care-programs-in-atlanta-georgia/","1","true","true","true","true","true","true","true","BlogPosting | BreadcrumbList | Person","0","",""
"https://x3yyntt5tp-staging.wpdns.site/es/2025/12/26/best-infant-care-programs-in-atlanta-georgia/","editorial-single","200","https://x3yyntt5tp-staging.wpdns.site/es/2025/12/26/best-infant-care-programs-in-atlanta-georgia/","0","200 https://x3yyntt5tp-staging.wpdns.site/es/2025/12/26/best-infant-care-programs-in-atlanta-georgia/?codex_technical=20260718","Artículo de Chroma: Los Mejores Programas de Cuidado Infantil pa…","Los Mejores Programas de Cuidado Infantil para Bebés en Atlanta, Georgia: Guía Completa para Padres que Buscan Guarderías de Calidad para BebésEncontrar cuidad…","max-image-preview:large","https://x3yyntt5tp-staging.wpdns.site/es/2025/12/26/best-infant-care-programs-in-atlanta-georgia/","1","true","true","true","true","true","true","true","BlogPosting | BreadcrumbList | Person","0","",""
"https://x3yyntt5tp-staging.wpdns.site/2025/12/26/meet-our-dedicated-early-learning-academy-team/","editorial-single","200","https://x3yyntt5tp-staging.wpdns.site/2025/12/26/meet-our-dedicated-early-learning-academy-team/","0","200 https://x3yyntt5tp-staging.wpdns.site/2025/12/26/meet-our-dedicated-early-learning-academy-team/?codex_technical=20260718","Chroma's Early Learning Team: Meet the Educators","Meet Our Dedicated Early Learning Academy Team: Expert Educators Shaping Atlanta’s Future Chroma Early Learning Academy’s educators form a committed team of early childhood professionals who deliver nurturing care and...","max-image-preview:large","https://x3yyntt5tp-staging.wpdns.site/2025/12/26/meet-our-dedicated-early-learning-academy-team/","1","true","true","true","true","true","true","true","BlogPosting | BreadcrumbList | Person","0","",""
"https://x3yyntt5tp-staging.wpdns.site/es/2025/12/26/meet-our-dedicated-early-learning-academy-team/","editorial-single","200","https://x3yyntt5tp-staging.wpdns.site/es/2025/12/26/meet-our-dedicated-early-learning-academy-team/","0","200 https://x3yyntt5tp-staging.wpdns.site/es/2025/12/26/meet-our-dedicated-early-learning-academy-team/?codex_technical=20260718","Artículo de Chroma: Conozca a nuestro dedicado equipo de la Acad…","Conozca a nuestro dedicado equipo de la Academia de Aprendizaje Temprano: Educadores expertos que dan forma al futuro de AtlantaLos educadores de Chroma Early…","max-image-preview:large","https://x3yyntt5tp-staging.wpdns.site/es/2025/12/26/meet-our-dedicated-early-learning-academy-team/","1","true","true","true","true","true","true","true","BlogPosting | BreadcrumbList | Person","0","",""
"https://x3yyntt5tp-staging.wpdns.site/2025/12/26/understanding-individualized-education-plans-ieps/","editorial-single","200","https://x3yyntt5tp-staging.wpdns.site/2025/12/26/understanding-individualized-education-plans-ieps/","0","200 https://x3yyntt5tp-staging.wpdns.site/2025/12/26/understanding-individualized-education-plans-ieps/?codex_technical=20260718","IEP Guide for Metro Atlanta Families in 2025","Understanding Individualized Education Plans: A Comprehensive Parent’s Guide Parents who suspect their child needs tailored academic or developmental supports often ask, “What is an IEP and how will it help...","max-image-preview:large","https://x3yyntt5tp-staging.wpdns.site/2025/12/26/understanding-individualized-education-plans-ieps/","1","true","true","true","true","true","true","true","BlogPosting | BreadcrumbList | Person","0","",""
"https://x3yyntt5tp-staging.wpdns.site/es/2025/12/26/understanding-individualized-education-plans-ieps/","editorial-single","200","https://x3yyntt5tp-staging.wpdns.site/es/2025/12/26/understanding-individualized-education-plans-ieps/","0","200 https://x3yyntt5tp-staging.wpdns.site/es/2025/12/26/understanding-individualized-education-plans-ieps/?codex_technical=20260718","Artículo de Chroma: Entendiendo los Planes de Educación Individu…","Entendiendo los Planes de Educación Individualizados: Una guía completa para padresLos padres que sospechan que su hijo necesita apoyos académicos o de desarro…","max-image-preview:large","https://x3yyntt5tp-staging.wpdns.site/es/2025/12/26/understanding-individualized-education-plans-ieps/","1","true","true","true","true","true","true","true","BlogPosting | BreadcrumbList | Person","0","",""
"https://x3yyntt5tp-staging.wpdns.site/2025/12/26/developing-essential-social-skills-for-kindergarten/","editorial-single","200","https://x3yyntt5tp-staging.wpdns.site/2025/12/26/developing-essential-social-skills-for-kindergarten/","0","200 https://x3yyntt5tp-staging.wpdns.site/2025/12/26/developing-essential-social-skills-for-kindergarten/?codex_technical=20260718","Kindergarten Social Skills: Chroma's Guide & Tips","Developing Essential Kindergarten Social Skills for Confident School Readiness Young children enter kindergarten with a range of social skills that shape how they learn, play, and belong; kindergarten social skills...","max-image-preview:large","https://x3yyntt5tp-staging.wpdns.site/2025/12/26/developing-essential-social-skills-for-kindergarten/","1","true","true","true","true","true","true","true","BlogPosting | BreadcrumbList | Person","0","",""
"https://x3yyntt5tp-staging.wpdns.site/es/2025/12/26/developing-essential-social-skills-for-kindergarten/","editorial-single","200","https://x3yyntt5tp-staging.wpdns.site/es/2025/12/26/developing-essential-social-skills-for-kindergarten/","0","200 https://x3yyntt5tp-staging.wpdns.site/es/2025/12/26/developing-essential-social-skills-for-kindergarten/?codex_technical=20260718","Artículo de Chroma: Desarrollo de Habilidades Sociales Esenciale…","Desarrollo de Habilidades Sociales Esenciales para el Jardín de Infancia para una Preparación Escolar SeguraLos niños pequeños ingresan al jardín de infancia c…","max-image-preview:large","https://x3yyntt5tp-staging.wpdns.site/es/2025/12/26/developing-essential-social-skills-for-kindergarten/","1","true","true","true","true","true","true","true","BlogPosting | BreadcrumbList | Person","0","",""
"https://x3yyntt5tp-staging.wpdns.site/2025/12/26/the-importance-of-outdoor-play-for-child-development/","editorial-single","200","https://x3yyntt5tp-staging.wpdns.site/2025/12/26/the-importance-of-outdoor-play-for-child-development/","0","200 https://x3yyntt5tp-staging.wpdns.site/2025/12/26/the-importance-of-outdoor-play-for-child-development/?codex_technical=20260718","Outdoor Play for Child Development: Chroma's Approach","The Importance of Outdoor Play for Child Development: Benefits, Activities, and Learning at Chroma Early Learning Academy Outdoor play — unstructured, guided, and nature-centered activity that happens outside the classroom...","max-image-preview:large","https://x3yyntt5tp-staging.wpdns.site/2025/12/26/the-importance-of-outdoor-play-for-child-development/","1","true","true","true","true","true","true","true","BlogPosting | BreadcrumbList | Person","0","",""
"https://x3yyntt5tp-staging.wpdns.site/es/2025/12/26/the-importance-of-outdoor-play-for-child-development/","editorial-single","200","https://x3yyntt5tp-staging.wpdns.site/es/2025/12/26/the-importance-of-outdoor-play-for-child-development/","0","200 https://x3yyntt5tp-staging.wpdns.site/es/2025/12/26/the-importance-of-outdoor-play-for-child-development/?codex_technical=20260718","Artículo de Chroma: La Importancia del Juego al Aire Libre para…","La Importancia del Juego al Aire Libre para el Desarrollo Infantil: Beneficios, Actividades y Aprendizaje en Chroma Early Learning AcademyEl juego al aire libr…","max-image-preview:large","https://x3yyntt5tp-staging.wpdns.site/es/2025/12/26/the-importance-of-outdoor-play-for-child-development/","1","true","true","true","true","true","true","true","BlogPosting | BreadcrumbList | Person","0","",""
"https://x3yyntt5tp-staging.wpdns.site/2025/12/26/top-rated-preschool-programs-in-johns-creek-ga/","editorial-single","200","https://x3yyntt5tp-staging.wpdns.site/2025/12/26/top-rated-preschool-programs-in-johns-creek-ga/","0","200 https://x3yyntt5tp-staging.wpdns.site/2025/12/26/top-rated-preschool-programs-in-johns-creek-ga/?codex_technical=20260718","Johns Creek, GA: Top Preschool Programs at Chroma Academy","Preschool Programs in Johns Creek, GA: Your Guide to Quality Early Learning Finding a preschool that balances warm care with measurable early learning outcomes is essential for families in Johns...","max-image-preview:large","https://x3yyntt5tp-staging.wpdns.site/2025/12/26/top-rated-preschool-programs-in-johns-creek-ga/","1","true","true","true","true","true","true","true","BlogPosting | BreadcrumbList | Person","0","",""
"https://x3yyntt5tp-staging.wpdns.site/es/2025/12/26/top-rated-preschool-programs-in-johns-creek-ga/","editorial-single","200","https://x3yyntt5tp-staging.wpdns.site/es/2025/12/26/top-rated-preschool-programs-in-johns-creek-ga/","0","200 https://x3yyntt5tp-staging.wpdns.site/es/2025/12/26/top-rated-preschool-programs-in-johns-creek-ga/?codex_technical=20260718","Preescolar en Johns Creek, GA | Chroma Academy","Programas preescolares de primera categoría en Johns Creek, GA: Su guía para el aprendizaje temprano de calidadEncontrar un preescolar que equilibre el cuidado…","max-image-preview:large","https://x3yyntt5tp-staging.wpdns.site/es/2025/12/26/top-rated-preschool-programs-in-johns-creek-ga/","1","true","true","true","true","true","true","true","BlogPosting | BreadcrumbList | Person","0","",""
"https://x3yyntt5tp-staging.wpdns.site/2025/12/26/supporting-toddler-language-development-communication/","editorial-single","200","https://x3yyntt5tp-staging.wpdns.site/2025/12/26/supporting-toddler-language-development-communication/","0","200 https://x3yyntt5tp-staging.wpdns.site/2025/12/26/supporting-toddler-language-development-communication/?codex_technical=20260718","Toddler Language Development: Chroma's Guide (2025)","Supporting Toddler Language Development & Communication: Essential Activities, Milestones, and Signs for Parents Toddler language development is the rapid, interrelated growth of receptive and expressive communication skills that lets young...","max-image-preview:large","https://x3yyntt5tp-staging.wpdns.site/2025/12/26/supporting-toddler-language-development-communication/","1","true","true","true","true","true","true","true","BlogPosting | BreadcrumbList | Person","0","",""
"https://x3yyntt5tp-staging.wpdns.site/es/2025/12/26/supporting-toddler-language-development-communication/","editorial-single","200","https://x3yyntt5tp-staging.wpdns.site/es/2025/12/26/supporting-toddler-language-development-communication/","0","200 https://x3yyntt5tp-staging.wpdns.site/es/2025/12/26/supporting-toddler-language-development-communication/?codex_technical=20260718","Artículo de Chroma: Apoyando el Desarrollo del Lenguaje y la Com…","Apoyando el Desarrollo del Lenguaje y la Comunicación en Niños Pequeños: Actividades Esenciales, Hitos y Señales para PadresEl desarrollo del lenguaje en niños…","max-image-preview:large","https://x3yyntt5tp-staging.wpdns.site/es/2025/12/26/supporting-toddler-language-development-communication/","1","true","true","true","true","true","true","true","BlogPosting | BreadcrumbList | Person","0","",""
"https://x3yyntt5tp-staging.wpdns.site/2025/12/26/engaging-sensory-activities-for-infant-development/","editorial-single","200","https://x3yyntt5tp-staging.wpdns.site/2025/12/26/engaging-sensory-activities-for-infant-development/","0","200 https://x3yyntt5tp-staging.wpdns.site/2025/12/26/engaging-sensory-activities-for-infant-development/?codex_technical=20260718","Chroma's Infant Sensory Activities for Development","Engaging Sensory Activities for Infant Development: Essential Baby Sensory Play Ideas and Infant Stimulation Infant sensory play is the intentional use of touch, sight, sound, movement and taste to help...","max-image-preview:large","https://x3yyntt5tp-staging.wpdns.site/2025/12/26/engaging-sensory-activities-for-infant-development/","1","true","true","true","true","true","true","true","BlogPosting | BreadcrumbList | Person","0","",""
"https://x3yyntt5tp-staging.wpdns.site/es/2025/12/26/engaging-sensory-activities-for-infant-development/","editorial-single","200","https://x3yyntt5tp-staging.wpdns.site/es/2025/12/26/engaging-sensory-activities-for-infant-development/","0","200 https://x3yyntt5tp-staging.wpdns.site/es/2025/12/26/engaging-sensory-activities-for-infant-development/?codex_technical=20260718","Artículo de Chroma: Actividades Sensoriales Atractivas para el D…","Actividades Sensoriales Atractivas para el Desarrollo Infantil: Ideas Esenciales de Juego Sensorial para Bebés y Estimulación InfantilEl juego sensorial para b…","max-image-preview:large","https://x3yyntt5tp-staging.wpdns.site/es/2025/12/26/engaging-sensory-activities-for-infant-development/","1","true","true","true","true","true","true","true","BlogPosting | BreadcrumbList | Person","0","",""
"https://x3yyntt5tp-staging.wpdns.site/2025/12/26/fostering-strong-parent-teacher-relationships/","editorial-single","200","https://x3yyntt5tp-staging.wpdns.site/2025/12/26/fostering-strong-parent-teacher-relationships/","0","200 https://x3yyntt5tp-staging.wpdns.site/2025/12/26/fostering-strong-parent-teacher-relationships/?codex_technical=20260718","Chroma: Strengthening Parent-Teacher Relationships in 2025","Parent Teacher Communication Strategies for Fostering Strong Parent-Teacher Relationships Strong parent-teacher relationships in early childhood are partnerships where educators and families share goals, information, and consistent strategies to support a...","max-image-preview:large","https://x3yyntt5tp-staging.wpdns.site/2025/12/26/fostering-strong-parent-teacher-relationships/","1","true","true","true","true","true","true","true","BlogPosting | BreadcrumbList | Person","0","",""
"https://x3yyntt5tp-staging.wpdns.site/es/2025/12/26/fostering-strong-parent-teacher-relationships/","editorial-single","200","https://x3yyntt5tp-staging.wpdns.site/es/2025/12/26/fostering-strong-parent-teacher-relationships/","0","200 https://x3yyntt5tp-staging.wpdns.site/es/2025/12/26/fostering-strong-parent-teacher-relationships/?codex_technical=20260718","Artículo de Chroma: Fomentando relaciones sólidas entre padres y…","Estrategias de comunicación entre padres y maestros para fomentar relaciones sólidas entre padres y maestrosLas relaciones sólidas entre padres y maestros en l…","max-image-preview:large","https://x3yyntt5tp-staging.wpdns.site/es/2025/12/26/fostering-strong-parent-teacher-relationships/","1","true","true","true","true","true","true","true","BlogPosting | BreadcrumbList | Person","0","",""
"https://x3yyntt5tp-staging.wpdns.site/2025/12/26/easy-science-experiments-for-kids-at-home/","editorial-single","200","https://x3yyntt5tp-staging.wpdns.site/2025/12/26/easy-science-experiments-for-kids-at-home/","0","200 https://x3yyntt5tp-staging.wpdns.site/2025/12/26/easy-science-experiments-for-kids-at-home/?codex_technical=20260718","Easy Science Experiments for Kids: Fun at Home (2025)","Easy Science Experiments for Kids at Home: Simple DIY Projects to Spark Curiosity and Learning Hands-on, low-cost science experiments give kids a direct way to explore scientific ideas like density,...","max-image-preview:large","https://x3yyntt5tp-staging.wpdns.site/2025/12/26/easy-science-experiments-for-kids-at-home/","1","true","true","true","true","true","true","true","BlogPosting | BreadcrumbList | Person","0","",""
"https://x3yyntt5tp-staging.wpdns.site/es/2025/12/26/easy-science-experiments-for-kids-at-home/","editorial-single","200","https://x3yyntt5tp-staging.wpdns.site/es/2025/12/26/easy-science-experiments-for-kids-at-home/","0","200 https://x3yyntt5tp-staging.wpdns.site/es/2025/12/26/easy-science-experiments-for-kids-at-home/?codex_technical=20260718","Artículo de Chroma: Experimentos científicos fáciles para niños…","Experimentos científicos fáciles para niños en casa: Proyectos sencillos de bricolaje para despertar la curiosidad y el aprendizajeLos experimentos científicos…","max-image-preview:large","https://x3yyntt5tp-staging.wpdns.site/es/2025/12/26/easy-science-experiments-for-kids-at-home/","1","true","true","true","true","true","true","true","BlogPosting | BreadcrumbList | Person","0","",""
"https://x3yyntt5tp-staging.wpdns.site/2025/12/26/preschool-vs-daycare-which-is-right-for-your-child/","editorial-single","200","https://x3yyntt5tp-staging.wpdns.site/2025/12/26/preschool-vs-daycare-which-is-right-for-your-child/","0","200 https://x3yyntt5tp-staging.wpdns.site/2025/12/26/preschool-vs-daycare-which-is-right-for-your-child/?codex_technical=20260718","Preschool vs. Daycare: Which is Best for Your Child? [2025]","Preschool vs. Daycare: Understanding Key Differences to Choose the Best Option for Your Child Choosing between preschool and daycare is one of the first major decisions parents make about early...","max-image-preview:large","https://x3yyntt5tp-staging.wpdns.site/2025/12/26/preschool-vs-daycare-which-is-right-for-your-child/","1","true","true","true","true","true","true","true","BlogPosting | BreadcrumbList | Person","0","",""
"https://x3yyntt5tp-staging.wpdns.site/es/2025/12/26/preschool-vs-daycare-which-is-right-for-your-child/","editorial-single","200","https://x3yyntt5tp-staging.wpdns.site/es/2025/12/26/preschool-vs-daycare-which-is-right-for-your-child/","0","200 https://x3yyntt5tp-staging.wpdns.site/es/2025/12/26/preschool-vs-daycare-which-is-right-for-your-child/?codex_technical=20260718","Artículo de Chroma: Preescolar vs. Guardería: ¿Cuál es la opción…","Preescolar vs. Guardería: Comprendiendo las diferencias clave para elegir la mejor opción para tu hijoElegir entre preescolar y guardería es una de las primera…","max-image-preview:large","https://x3yyntt5tp-staging.wpdns.site/es/2025/12/26/preschool-vs-daycare-which-is-right-for-your-child/","1","true","true","true","true","true","true","true","BlogPosting | BreadcrumbList | Person","0","",""
"https://x3yyntt5tp-staging.wpdns.site/2025/12/26/top-benefits-of-professional-infant-care-for-early-development/","editorial-single","200","https://x3yyntt5tp-staging.wpdns.site/2025/12/26/top-benefits-of-professional-infant-care-for-early-development/","0","200 https://x3yyntt5tp-staging.wpdns.site/2025/12/26/top-benefits-of-professional-infant-care-for-early-development/?codex_technical=20260718","Top Benefits of Professional Infant Care at Chroma in 2025","Top Benefits of Professional Infant Care for Early Development at Chroma Early Learning Academy Professional infant care refers to licensed, structured programs where trained caregivers provide responsive, developmentally informed routines...","max-image-preview:large","https://x3yyntt5tp-staging.wpdns.site/2025/12/26/top-benefits-of-professional-infant-care-for-early-development/","1","true","true","true","true","true","true","true","BlogPosting | BreadcrumbList | Person","0","",""
"https://x3yyntt5tp-staging.wpdns.site/es/2025/12/26/top-benefits-of-professional-infant-care-for-early-development/","editorial-single","200","https://x3yyntt5tp-staging.wpdns.site/es/2025/12/26/top-benefits-of-professional-infant-care-for-early-development/","0","200 https://x3yyntt5tp-staging.wpdns.site/es/2025/12/26/top-benefits-of-professional-infant-care-for-early-development/?codex_technical=20260718","Artículo de Chroma: Principales Beneficios del Cuidado Profesion…","Principales Beneficios del Cuidado Profesional de Bebés para el Desarrollo Temprano en Chroma Early Learning AcademyEl cuidado profesional de bebés se refiere…","max-image-preview:large","https://x3yyntt5tp-staging.wpdns.site/es/2025/12/26/top-benefits-of-professional-infant-care-for-early-development/","1","true","true","true","true","true","true","true","BlogPosting | BreadcrumbList | Person","0","",""
"https://x3yyntt5tp-staging.wpdns.site/2025/12/26/foods-to-boost-your-childs-immunity/","editorial-single","200","https://x3yyntt5tp-staging.wpdns.site/2025/12/26/foods-to-boost-your-childs-immunity/","0","200 https://x3yyntt5tp-staging.wpdns.site/2025/12/26/foods-to-boost-your-childs-immunity/?codex_technical=20260718","Foods to Boost Child Immunity: Chroma Academy's Guide (2025)","Foods to Boost Your Child’s Immunity: Essential Nutrients and Practical Tips for Parents Early childhood is a formative window when nutrition directly supports immune development, resilience to common infections, and...","max-image-preview:large","https://x3yyntt5tp-staging.wpdns.site/2025/12/26/foods-to-boost-your-childs-immunity/","1","true","true","true","true","true","true","true","BlogPosting | BreadcrumbList | Person","0","",""
"https://x3yyntt5tp-staging.wpdns.site/es/2025/12/26/foods-to-boost-your-childs-immunity/","editorial-single","200","https://x3yyntt5tp-staging.wpdns.site/es/2025/12/26/foods-to-boost-your-childs-immunity/","0","200 https://x3yyntt5tp-staging.wpdns.site/es/2025/12/26/foods-to-boost-your-childs-immunity/?codex_technical=20260718","Artículo de Chroma: Alimentos para potenciar la inmunidad de tu…","Alimentos para potenciar la inmunidad de tu hijo: Nutrientes esenciales y consejos prácticos para padresLa primera infancia es una etapa formativa en la que la…","max-image-preview:large","https://x3yyntt5tp-staging.wpdns.site/es/2025/12/26/foods-to-boost-your-childs-immunity/","1","true","true","true","true","true","true","true","BlogPosting | BreadcrumbList | Person","0","",""
"https://x3yyntt5tp-staging.wpdns.site/2025/12/26/after-school-programs-in-peachtree-corners-ga/","editorial-single","200","https://x3yyntt5tp-staging.wpdns.site/2025/12/26/after-school-programs-in-peachtree-corners-ga/","0","200 https://x3yyntt5tp-staging.wpdns.site/2025/12/26/after-school-programs-in-peachtree-corners-ga/?codex_technical=20260718","Peachtree Corners After School Programs | Chroma","After School Programs in Peachtree Corners, GA: Comprehensive Care and Enrichment for School Age Children After-school programs in Peachtree Corners provide safe, supervised care that supports academic growth, social development,...","max-image-preview:large","https://x3yyntt5tp-staging.wpdns.site/2025/12/26/after-school-programs-in-peachtree-corners-ga/","1","true","true","true","true","true","true","true","BlogPosting | BreadcrumbList | Person","0","",""
"https://x3yyntt5tp-staging.wpdns.site/es/2025/12/26/after-school-programs-in-peachtree-corners-ga/","editorial-single","200","https://x3yyntt5tp-staging.wpdns.site/es/2025/12/26/after-school-programs-in-peachtree-corners-ga/","0","200 https://x3yyntt5tp-staging.wpdns.site/es/2025/12/26/after-school-programs-in-peachtree-corners-ga/?codex_technical=20260718","Artículo de Chroma: Programas después de la escuela en Peachtree…","Programas después de la escuela en Peachtree Corners, GA: Cuidado integral y enriquecimiento para niños en edad escolarLos programas después de la escuela en P…","max-image-preview:large","https://x3yyntt5tp-staging.wpdns.site/es/2025/12/26/after-school-programs-in-peachtree-corners-ga/","1","true","true","true","true","true","true","true","BlogPosting | BreadcrumbList | Person","0","",""
"https://x3yyntt5tp-staging.wpdns.site/2025/12/26/creative-family-bonding-activities-for-all-ages/","editorial-single","200","https://x3yyntt5tp-staging.wpdns.site/2025/12/26/creative-family-bonding-activities-for-all-ages/","0","200 https://x3yyntt5tp-staging.wpdns.site/2025/12/26/creative-family-bonding-activities-for-all-ages/?codex_technical=20260718","Creative Family Fun: Bonding Activities for All Ages","Creative Family Bonding Activities for All Ages: Engaging Ideas to Strengthen Family Connections Family bonding activities are intentional moments—simple, creative, and repeatable—that strengthen emotional ties, build communication skills, and support...","max-image-preview:large","https://x3yyntt5tp-staging.wpdns.site/2025/12/26/creative-family-bonding-activities-for-all-ages/","1","true","true","true","true","true","true","true","BlogPosting | BreadcrumbList | Person","0","",""
"https://x3yyntt5tp-staging.wpdns.site/es/2025/12/26/creative-family-bonding-activities-for-all-ages/","editorial-single","200","https://x3yyntt5tp-staging.wpdns.site/es/2025/12/26/creative-family-bonding-activities-for-all-ages/","0","200 https://x3yyntt5tp-staging.wpdns.site/es/2025/12/26/creative-family-bonding-activities-for-all-ages/?codex_technical=20260718","Artículo de Chroma: Actividades Creativas de Conexión Familiar p…","Actividades Creativas de Conexión Familiar para Todas las Edades: Ideas para Fortalecer los Lazos FamiliaresLas actividades de conexión familiar son momentos i…","max-image-preview:large","https://x3yyntt5tp-staging.wpdns.site/es/2025/12/26/creative-family-bonding-activities-for-all-ages/","1","true","true","true","true","true","true","true","BlogPosting | BreadcrumbList | Person","0","",""
"https://x3yyntt5tp-staging.wpdns.site/2025/12/26/boosting-infant-cognitive-development-activities/","editorial-single","200","https://x3yyntt5tp-staging.wpdns.site/2025/12/26/boosting-infant-cognitive-development-activities/","0","200 https://x3yyntt5tp-staging.wpdns.site/2025/12/26/boosting-infant-cognitive-development-activities/?codex_technical=20260718","Chroma's Infant Cognitive Activities (2025)","Boosting Infant Cognitive Development Activities: Effective Brain Stimulation and Early Learning Strategies Infant cognitive development describes the rapid maturation of a baby’s ability to perceive, remember, solve simple problems, and...","max-image-preview:large","https://x3yyntt5tp-staging.wpdns.site/2025/12/26/boosting-infant-cognitive-development-activities/","1","true","true","true","true","true","true","true","BlogPosting | BreadcrumbList | Person","0","",""
"https://x3yyntt5tp-staging.wpdns.site/es/2025/12/26/boosting-infant-cognitive-development-activities/","editorial-single","200","https://x3yyntt5tp-staging.wpdns.site/es/2025/12/26/boosting-infant-cognitive-development-activities/","0","200 https://x3yyntt5tp-staging.wpdns.site/es/2025/12/26/boosting-infant-cognitive-development-activities/?codex_technical=20260718","Artículo de Chroma: Potenciando Actividades para el Desarrollo C…","Potenciando Actividades para el Desarrollo Cognitivo Infantil: Estrategias Efectivas de Estimulación Cerebral y Aprendizaje TempranoEl desarrollo cognitivo inf…","max-image-preview:large","https://x3yyntt5tp-staging.wpdns.site/es/2025/12/26/boosting-infant-cognitive-development-activities/","1","true","true","true","true","true","true","true","BlogPosting | BreadcrumbList | Person","0","",""
"https://x3yyntt5tp-staging.wpdns.site/2025/12/26/diverse-enrichment-activities-in-after-school-programs/","editorial-single","200","https://x3yyntt5tp-staging.wpdns.site/2025/12/26/diverse-enrichment-activities-in-after-school-programs/","0","200 https://x3yyntt5tp-staging.wpdns.site/2025/12/26/diverse-enrichment-activities-in-after-school-programs/?codex_technical=20260718","Chroma: Enrichment Activities for After School Programs","Enriching After School Activities in Atlanta After school enrichment in Metro Atlanta offers structured, supervised activities that extend learning beyond the classroom and support school-age children’s cognitive, social, emotional, physical,...","max-image-preview:large","https://x3yyntt5tp-staging.wpdns.site/2025/12/26/diverse-enrichment-activities-in-after-school-programs/","1","true","true","true","true","true","true","true","BlogPosting | BreadcrumbList | Person","0","",""
"https://x3yyntt5tp-staging.wpdns.site/es/2025/12/26/diverse-enrichment-activities-in-after-school-programs/","editorial-single","200","https://x3yyntt5tp-staging.wpdns.site/es/2025/12/26/diverse-enrichment-activities-in-after-school-programs/","0","200 https://x3yyntt5tp-staging.wpdns.site/es/2025/12/26/diverse-enrichment-activities-in-after-school-programs/?codex_technical=20260718","Artículo de Chroma: Actividades de enriquecimiento diversas en p…","Actividades de enriquecimiento en programas extraescolares en AtlantaEl enriquecimiento extraescolar en Metro Atlanta ofrece actividades estructuradas y superv…","max-image-preview:large","https://x3yyntt5tp-staging.wpdns.site/es/2025/12/26/diverse-enrichment-activities-in-after-school-programs/","1","true","true","true","true","true","true","true","BlogPosting | BreadcrumbList | Person","0","",""
"https://x3yyntt5tp-staging.wpdns.site/2025/12/26/building-early-math-skills-in-preschool-programs/","editorial-single","200","https://x3yyntt5tp-staging.wpdns.site/2025/12/26/building-early-math-skills-in-preschool-programs/","0","200 https://x3yyntt5tp-staging.wpdns.site/2025/12/26/building-early-math-skills-in-preschool-programs/?codex_technical=20260718","Early Math Skills in Preschool: Chroma's Program Guide","Mastering Early Math for Kindergarten Early math skills are the foundational abilities young children use to notice quantities, compare objects, and reason about patterns; these skills set the stage for...","max-image-preview:large","https://x3yyntt5tp-staging.wpdns.site/2025/12/26/building-early-math-skills-in-preschool-programs/","1","true","true","true","true","true","true","true","BlogPosting | BreadcrumbList | Person","0","",""
"https://x3yyntt5tp-staging.wpdns.site/es/2025/12/26/building-early-math-skills-in-preschool-programs/","editorial-single","200","https://x3yyntt5tp-staging.wpdns.site/es/2025/12/26/building-early-math-skills-in-preschool-programs/","0","200 https://x3yyntt5tp-staging.wpdns.site/es/2025/12/26/building-early-math-skills-in-preschool-programs/?codex_technical=20260718","Artículo de Chroma: Desarrollando habilidades matemáticas tempra…","Dominando las matemáticas tempranas para el kínderLas habilidades matemáticas tempranas son las capacidades fundamentales que los niños pequeños utilizan para…","max-image-preview:large","https://x3yyntt5tp-staging.wpdns.site/es/2025/12/26/building-early-math-skills-in-preschool-programs/","1","true","true","true","true","true","true","true","BlogPosting | BreadcrumbList | Person","0","",""
"https://x3yyntt5tp-staging.wpdns.site/2025/12/26/guide-to-choosing-the-right-infant-daycare/","editorial-single","200","https://x3yyntt5tp-staging.wpdns.site/2025/12/26/guide-to-choosing-the-right-infant-daycare/","0","200 https://x3yyntt5tp-staging.wpdns.site/2025/12/26/guide-to-choosing-the-right-infant-daycare/?codex_technical=20260718","Choosing the Right Infant Daycare: A Guide by Chroma (2025)","Choosing Quality Infant Daycare Selecting the right infant daycare is one of the most consequential decisions new parents make, because early caregiving environments directly influence safety, attachment, and early developmental...","max-image-preview:large","https://x3yyntt5tp-staging.wpdns.site/2025/12/26/guide-to-choosing-the-right-infant-daycare/","1","true","true","true","true","true","true","true","BlogPosting | BreadcrumbList | Person","0","",""
"https://x3yyntt5tp-staging.wpdns.site/es/2025/12/26/guide-to-choosing-the-right-infant-daycare/","editorial-single","200","https://x3yyntt5tp-staging.wpdns.site/es/2025/12/26/guide-to-choosing-the-right-infant-daycare/","0","200 https://x3yyntt5tp-staging.wpdns.site/es/2025/12/26/guide-to-choosing-the-right-infant-daycare/?codex_technical=20260718","Artículo de Chroma: Guía para elegir la guardería infantil adecu…","Elegir una guardería infantil de calidadSeleccionar la guardería infantil adecuada es una de las decisiones más importantes que toman los nuevos padres, ya que…","max-image-preview:large","https://x3yyntt5tp-staging.wpdns.site/es/2025/12/26/guide-to-choosing-the-right-infant-daycare/","1","true","true","true","true","true","true","true","BlogPosting | BreadcrumbList | Person","0","",""
"https://x3yyntt5tp-staging.wpdns.site/2025/12/26/early-literacy-development-in-our-programs/","editorial-single","200","https://x3yyntt5tp-staging.wpdns.site/2025/12/26/early-literacy-development-in-our-programs/","0","200 https://x3yyntt5tp-staging.wpdns.site/2025/12/26/early-literacy-development-in-our-programs/?codex_technical=20260718","Early Literacy at Chroma: Programs for Reading Success","Empower your child's learning journey with our preschool phonics programs. Foster early literacy skills and boost reading readiness for lifelong success!","max-image-preview:large","https://x3yyntt5tp-staging.wpdns.site/2025/12/26/early-literacy-development-in-our-programs/","1","true","true","true","true","true","true","true","BlogPosting | BreadcrumbList | Person","0","",""
"https://x3yyntt5tp-staging.wpdns.site/es/2025/12/26/early-literacy-development-in-our-programs/","editorial-single","200","https://x3yyntt5tp-staging.wpdns.site/es/2025/12/26/early-literacy-development-in-our-programs/","0","200 https://x3yyntt5tp-staging.wpdns.site/es/2025/12/26/early-literacy-development-in-our-programs/?codex_technical=20260718","Artículo de Chroma: Desbloquea la preparación para la lectura co…","Fomentando la alfabetización temprana en AtlantaLa alfabetización temprana se refiere al conjunto de habilidades y experiencias que permiten a los niños pequeñ…","max-image-preview:large","https://x3yyntt5tp-staging.wpdns.site/es/2025/12/26/early-literacy-development-in-our-programs/","1","true","true","true","true","true","true","true","BlogPosting | BreadcrumbList | Person","0","",""
"https://x3yyntt5tp-staging.wpdns.site/2025/12/26/georgia-pre-k-lottery-program-in-smyrna-ga/","editorial-single","200","https://x3yyntt5tp-staging.wpdns.site/2025/12/26/georgia-pre-k-lottery-program-in-smyrna-ga/","0","200 https://x3yyntt5tp-staging.wpdns.site/2025/12/26/georgia-pre-k-lottery-program-in-smyrna-ga/?codex_technical=20260718","Smyrna, GA Pre-K Lottery: Enroll at Chroma Academy","Unlock your child's potential with Smyrna's free Pre-K lottery! Secure a spot for quality education and foster a brighter future. Join now for success!","max-image-preview:large","https://x3yyntt5tp-staging.wpdns.site/2025/12/26/georgia-pre-k-lottery-program-in-smyrna-ga/","1","true","true","true","true","true","true","true","BlogPosting | BreadcrumbList | Person","0","",""
"https://x3yyntt5tp-staging.wpdns.site/es/2025/12/26/georgia-pre-k-lottery-program-in-smyrna-ga/","editorial-single","200","https://x3yyntt5tp-staging.wpdns.site/es/2025/12/26/georgia-pre-k-lottery-program-in-smyrna-ga/","0","200 https://x3yyntt5tp-staging.wpdns.site/es/2025/12/26/georgia-pre-k-lottery-program-in-smyrna-ga/?codex_technical=20260718","Artículo de Chroma: Únete a la Lotería de Smyrna para Pre-K Grat…","Inscribe a tu hijo en Pre-K GratuitoGeorgia Pre-K es un programa de educación infantil financiado por el estado que ofrece instrucción gratuita a tiempo comple…","max-image-preview:large","https://x3yyntt5tp-staging.wpdns.site/es/2025/12/26/georgia-pre-k-lottery-program-in-smyrna-ga/","1","true","true","true","true","true","true","true","BlogPosting | BreadcrumbList | Person","0","",""
"https://x3yyntt5tp-staging.wpdns.site/2025/12/26/schedule-a-tour-of-our-early-learning-academy/","editorial-single","200","https://x3yyntt5tp-staging.wpdns.site/2025/12/26/schedule-a-tour-of-our-early-learning-academy/","0","200 https://x3yyntt5tp-staging.wpdns.site/2025/12/26/schedule-a-tour-of-our-early-learning-academy/?codex_technical=20260718","Tour Chroma Academy: Schedule Your Visit Now!","Discover Our Atlanta Learning Academy Scheduling a childcare tour is the most direct way to evaluate a preschool environment, meet educators, and confirm program fit for your child. This article...","max-image-preview:large","https://x3yyntt5tp-staging.wpdns.site/2025/12/26/schedule-a-tour-of-our-early-learning-academy/","1","true","true","true","true","true","true","true","BlogPosting | BreadcrumbList | Person","0","",""
"https://x3yyntt5tp-staging.wpdns.site/es/2025/12/26/schedule-a-tour-of-our-early-learning-academy/","editorial-single","200","https://x3yyntt5tp-staging.wpdns.site/es/2025/12/26/schedule-a-tour-of-our-early-learning-academy/","0","200 https://x3yyntt5tp-staging.wpdns.site/es/2025/12/26/schedule-a-tour-of-our-early-learning-academy/?codex_technical=20260718","Artículo de Chroma: Programa un recorrido por nuestra academia d…","Descubre nuestra Academia de Aprendizaje en AtlantaProgramar un recorrido por el cuidado infantil es la forma más directa de evaluar un entorno preescolar, con…","max-image-preview:large","https://x3yyntt5tp-staging.wpdns.site/es/2025/12/26/schedule-a-tour-of-our-early-learning-academy/","1","true","true","true","true","true","true","true","BlogPosting | BreadcrumbList | Person","0","",""
"https://x3yyntt5tp-staging.wpdns.site/2025/12/26/how-to-talk-to-kids-about-difficult-topics/","editorial-single","200","https://x3yyntt5tp-staging.wpdns.site/2025/12/26/how-to-talk-to-kids-about-difficult-topics/","0","200 https://x3yyntt5tp-staging.wpdns.site/2025/12/26/how-to-talk-to-kids-about-difficult-topics/?codex_technical=20260718","How to Talk to Kids About Difficult Topics: A Chroma Guide","How to Talk to Kids About Difficult Topics: A Parent’s Guide to Support and Emotional Resilience Difficult topics are conversations that touch on loss, change, safety, or fear and can...","max-image-preview:large","https://x3yyntt5tp-staging.wpdns.site/2025/12/26/how-to-talk-to-kids-about-difficult-topics/","1","true","true","true","true","true","true","true","BlogPosting | BreadcrumbList | Person","0","",""
"https://x3yyntt5tp-staging.wpdns.site/es/2025/12/26/how-to-talk-to-kids-about-difficult-topics/","editorial-single","200","https://x3yyntt5tp-staging.wpdns.site/es/2025/12/26/how-to-talk-to-kids-about-difficult-topics/","0","200 https://x3yyntt5tp-staging.wpdns.site/es/2025/12/26/how-to-talk-to-kids-about-difficult-topics/?codex_technical=20260718","Artículo de Chroma: Cómo hablar con los niños sobre temas difíci…","Cómo hablar con los niños sobre temas difíciles: Una guía para padres sobre apoyo y resiliencia emocionalLos temas difíciles son conversaciones que abordan la…","max-image-preview:large","https://x3yyntt5tp-staging.wpdns.site/es/2025/12/26/how-to-talk-to-kids-about-difficult-topics/","1","true","true","true","true","true","true","true","BlogPosting | BreadcrumbList | Person","0","",""
"https://x3yyntt5tp-staging.wpdns.site/2025/12/26/georgia-pre-k-lottery-program-in-duluth-ga/","editorial-single","200","https://x3yyntt5tp-staging.wpdns.site/2025/12/26/georgia-pre-k-lottery-program-in-duluth-ga/","0","200 https://x3yyntt5tp-staging.wpdns.site/2025/12/26/georgia-pre-k-lottery-program-in-duluth-ga/?codex_technical=20260718","Chroma: Georgia Pre-K Lottery in Duluth, GA (2025)","Georgia Pre-K Lottery Program in Duluth, GA: Eligibility, Application, and Benefits at Chroma Early Learning Academy The Georgia Pre-K Lottery Program is a state-funded preschool initiative that offers free, full-day...","max-image-preview:large","https://x3yyntt5tp-staging.wpdns.site/2025/12/26/georgia-pre-k-lottery-program-in-duluth-ga/","1","true","true","true","true","true","true","true","BlogPosting | BreadcrumbList | Person","0","",""
"https://x3yyntt5tp-staging.wpdns.site/es/2025/12/26/georgia-pre-k-lottery-program-in-duluth-ga/","editorial-single","200","https://x3yyntt5tp-staging.wpdns.site/es/2025/12/26/georgia-pre-k-lottery-program-in-duluth-ga/","0","200 https://x3yyntt5tp-staging.wpdns.site/es/2025/12/26/georgia-pre-k-lottery-program-in-duluth-ga/?codex_technical=20260718","Artículo de Chroma: Programa Pre-K de la Lotería de Georgia en D…","Programa Pre-K de la Lotería de Georgia en Duluth, GA: Elegibilidad, Solicitud y Beneficios en Chroma Early Learning AcademyEl Programa Pre-K de la Lotería de…","max-image-preview:large","https://x3yyntt5tp-staging.wpdns.site/es/2025/12/26/georgia-pre-k-lottery-program-in-duluth-ga/","1","true","true","true","true","true","true","true","BlogPosting | BreadcrumbList | Person","0","",""
"https://x3yyntt5tp-staging.wpdns.site/2025/12/26/implementing-personalized-learning-in-preschool/","editorial-single","200","https://x3yyntt5tp-staging.wpdns.site/2025/12/26/implementing-personalized-learning-in-preschool/","0","200 https://x3yyntt5tp-staging.wpdns.site/2025/12/26/implementing-personalized-learning-in-preschool/?codex_technical=20260718","Personalized Learning in Preschool: Chroma's Approach","Implementing Personalized Learning in Preschool: A Comprehensive Guide to Child-Centered Early Education Personalized learning in preschool places each child’s pace, interests, and developmental needs at the center of instruction, using...","max-image-preview:large","https://x3yyntt5tp-staging.wpdns.site/2025/12/26/implementing-personalized-learning-in-preschool/","1","true","true","true","true","true","true","true","BlogPosting | BreadcrumbList | Person","0","",""
"https://x3yyntt5tp-staging.wpdns.site/es/2025/12/26/implementing-personalized-learning-in-preschool/","editorial-single","200","https://x3yyntt5tp-staging.wpdns.site/es/2025/12/26/implementing-personalized-learning-in-preschool/","0","200 https://x3yyntt5tp-staging.wpdns.site/es/2025/12/26/implementing-personalized-learning-in-preschool/?codex_technical=20260718","Artículo de Chroma: Implementando el Aprendizaje Personalizado e…","Implementando el Aprendizaje Personalizado en Preescolar: Una Guía Integral para la Educación Temprana Centrada en el NiñoEl aprendizaje personalizado en prees…","max-image-preview:large","https://x3yyntt5tp-staging.wpdns.site/es/2025/12/26/implementing-personalized-learning-in-preschool/","1","true","true","true","true","true","true","true","BlogPosting | BreadcrumbList | Person","0","",""
"https://x3yyntt5tp-staging.wpdns.site/2025/12/26/essential-kindergarten-readiness-checklist-for-parents/","editorial-single","200","https://x3yyntt5tp-staging.wpdns.site/2025/12/26/essential-kindergarten-readiness-checklist-for-parents/","0","200 https://x3yyntt5tp-staging.wpdns.site/2025/12/26/essential-kindergarten-readiness-checklist-for-parents/?codex_technical=20260718","Kindergarten Readiness: Chroma's Checklist for 2025","Chroma programs Kindergarten Readiness Made Easy Getting a child ready for kindergarten means more than knowing letters and numbers; it’s about building the whole child so they can thrive socially,...","max-image-preview:large","https://x3yyntt5tp-staging.wpdns.site/2025/12/26/essential-kindergarten-readiness-checklist-for-parents/","1","true","true","true","true","true","true","true","BlogPosting | BreadcrumbList | Person","0","",""
"https://x3yyntt5tp-staging.wpdns.site/es/2025/12/26/essential-kindergarten-readiness-checklist-for-parents/","editorial-single","200","https://x3yyntt5tp-staging.wpdns.site/es/2025/12/26/essential-kindergarten-readiness-checklist-for-parents/","0","200 https://x3yyntt5tp-staging.wpdns.site/es/2025/12/26/essential-kindergarten-readiness-checklist-for-parents/?codex_technical=20260718","Artículo de Chroma: Lista de verificación esencial para la prepa…","Programas de ChromaPreparación para el jardín de infantes hecha fácilPreparar a un niño para el jardín de infantes significa más que saber letras y números; se…","max-image-preview:large","https://x3yyntt5tp-staging.wpdns.site/es/2025/12/26/essential-kindergarten-readiness-checklist-for-parents/","1","true","true","true","true","true","true","true","BlogPosting | BreadcrumbList | Person","0","",""
"https://x3yyntt5tp-staging.wpdns.site/2025/12/26/daycare-vs-nanny-which-is-right-for-your-family/","editorial-single","200","https://x3yyntt5tp-staging.wpdns.site/2025/12/26/daycare-vs-nanny-which-is-right-for-your-family/","0","200 https://x3yyntt5tp-staging.wpdns.site/2025/12/26/daycare-vs-nanny-which-is-right-for-your-family/?codex_technical=20260718","Daycare vs. Nanny in 2025: Which Childcare Option Is Best?","Daycare vs. Nanny: Which Childcare Option Best Fits Your Family’s Needs? Choosing between daycare and a nanny is a foundational decision that shapes your child’s early learning, social experiences, and...","max-image-preview:large","https://x3yyntt5tp-staging.wpdns.site/2025/12/26/daycare-vs-nanny-which-is-right-for-your-family/","1","true","true","true","true","true","true","true","BlogPosting | BreadcrumbList | FAQPage | Person","0","",""
"https://x3yyntt5tp-staging.wpdns.site/es/2025/12/26/daycare-vs-nanny-which-is-right-for-your-family/","editorial-single","200","https://x3yyntt5tp-staging.wpdns.site/es/2025/12/26/daycare-vs-nanny-which-is-right-for-your-family/","0","200 https://x3yyntt5tp-staging.wpdns.site/es/2025/12/26/daycare-vs-nanny-which-is-right-for-your-family/?codex_technical=20260718","Artículo de Chroma: Guardería vs. Niñera: ¿Cuál es la opción ade…","Guardería vs. Niñera: ¿Qué opción de cuidado infantil se adapta mejor a las necesidades de tu familia?Elegir entre una guardería y una niñera es una decisión f…","max-image-preview:large","https://x3yyntt5tp-staging.wpdns.site/es/2025/12/26/daycare-vs-nanny-which-is-right-for-your-family/","1","true","true","true","true","true","true","true","BlogPosting | BreadcrumbList | FAQPage | Person","0","",""
"https://x3yyntt5tp-staging.wpdns.site/2025/12/26/after-school-programs-in-decatur-ga/","editorial-single","200","https://x3yyntt5tp-staging.wpdns.site/2025/12/26/after-school-programs-in-decatur-ga/","0","200 https://x3yyntt5tp-staging.wpdns.site/2025/12/26/after-school-programs-in-decatur-ga/?codex_technical=20260718","Decatur, GA After School Programs: Discover Chroma's Options","Quality After School Care in Decatur After-school programs in Decatur, GA provide structured care, academic support, and enrichment that bridge the school day and family schedules while promoting social-emotional growth...","max-image-preview:large","https://x3yyntt5tp-staging.wpdns.site/2025/12/26/after-school-programs-in-decatur-ga/","1","true","true","true","true","true","true","true","BlogPosting | BreadcrumbList | Person","0","",""
"https://x3yyntt5tp-staging.wpdns.site/es/2025/12/26/after-school-programs-in-decatur-ga/","editorial-single","200","https://x3yyntt5tp-staging.wpdns.site/es/2025/12/26/after-school-programs-in-decatur-ga/","0","200 https://x3yyntt5tp-staging.wpdns.site/es/2025/12/26/after-school-programs-in-decatur-ga/?codex_technical=20260718","Artículo de Chroma: Programas Extraescolares en Decatur, GA","Atención de Calidad Después de la Escuela en DecaturLos programas extraescolares en Decatur, GA, brindan cuidado estructurado, apoyo académico y enriquecimient…","max-image-preview:large","https://x3yyntt5tp-staging.wpdns.site/es/2025/12/26/after-school-programs-in-decatur-ga/","1","true","true","true","true","true","true","true","BlogPosting | BreadcrumbList | Person","0","",""
"https://x3yyntt5tp-staging.wpdns.site/2025/12/26/the-importance-of-reading-aloud-to-young-children/","editorial-single","200","https://x3yyntt5tp-staging.wpdns.site/2025/12/26/the-importance-of-reading-aloud-to-young-children/","0","200 https://x3yyntt5tp-staging.wpdns.site/2025/12/26/the-importance-of-reading-aloud-to-young-children/?codex_technical=20260718","Reading Aloud: Benefits for Young Children | Chroma 2025","The Importance and Benefits of Reading Aloud to Young Children for Early Literacy Development Reading aloud to young children is the simple, evidence-based practice of an adult or older child...","max-image-preview:large","https://x3yyntt5tp-staging.wpdns.site/2025/12/26/the-importance-of-reading-aloud-to-young-children/","1","true","true","true","true","true","true","true","BlogPosting | BreadcrumbList | Person","0","",""
"https://x3yyntt5tp-staging.wpdns.site/es/2025/12/26/the-importance-of-reading-aloud-to-young-children/","editorial-single","200","https://x3yyntt5tp-staging.wpdns.site/es/2025/12/26/the-importance-of-reading-aloud-to-young-children/","0","200 https://x3yyntt5tp-staging.wpdns.site/es/2025/12/26/the-importance-of-reading-aloud-to-young-children/?codex_technical=20260718","Artículo de Chroma: La importancia de leer en voz alta a niños p…","La importancia y los beneficios de leer en voz alta a niños pequeños para el desarrollo de la lectoescritura tempranaLeer en voz alta a niños pequeños es la…","max-image-preview:large","https://x3yyntt5tp-staging.wpdns.site/es/2025/12/26/the-importance-of-reading-aloud-to-young-children/","1","true","true","true","true","true","true","true","BlogPosting | BreadcrumbList | Person","0","",""
"https://x3yyntt5tp-staging.wpdns.site/2025/12/26/engaging-math-games-for-preschoolers-at-home/","editorial-single","200","https://x3yyntt5tp-staging.wpdns.site/2025/12/26/engaging-math-games-for-preschoolers-at-home/","0","200 https://x3yyntt5tp-staging.wpdns.site/2025/12/26/engaging-math-games-for-preschoolers-at-home/?codex_technical=20260718","Math Games for Preschoolers: Fun at Home with Chroma","Engage your child with fun preschool math games that enhance early numeracy skills. Discover exciting counting activities at home for effective learning!","max-image-preview:large","https://x3yyntt5tp-staging.wpdns.site/2025/12/26/engaging-math-games-for-preschoolers-at-home/","1","true","true","true","true","true","true","true","BlogPosting | BreadcrumbList | Person","0","",""
"https://x3yyntt5tp-staging.wpdns.site/es/2025/12/26/engaging-math-games-for-preschoolers-at-home/","editorial-single","200","https://x3yyntt5tp-staging.wpdns.site/es/2025/12/26/engaging-math-games-for-preschoolers-at-home/","0","200 https://x3yyntt5tp-staging.wpdns.site/es/2025/12/26/engaging-math-games-for-preschoolers-at-home/?codex_technical=20260718","Artículo de Chroma: Juegos Matemáticos Divertidos para Preescola…","Juegos Divertidos de Matemáticas para PreescolaresLas matemáticas en casa se parecen al juego: actividades prácticas que enseñan el sentido numérico, el pensam…","max-image-preview:large","https://x3yyntt5tp-staging.wpdns.site/es/2025/12/26/engaging-math-games-for-preschoolers-at-home/","1","true","true","true","true","true","true","true","BlogPosting | BreadcrumbList | Person","0","",""
"https://x3yyntt5tp-staging.wpdns.site/2025/12/26/montessori-vs-reggio-emilia-which-is-best/","editorial-single","200","https://x3yyntt5tp-staging.wpdns.site/2025/12/26/montessori-vs-reggio-emilia-which-is-best/","0","200 https://x3yyntt5tp-staging.wpdns.site/2025/12/26/montessori-vs-reggio-emilia-which-is-best/?codex_technical=20260718","Montessori vs. Reggio Emilia: Which Early Learning is Best?","Montessori vs. Reggio Emilia: Which Early Learning Philosophy is Best for Your Child? Deciding between Montessori and the Reggio Emilia approach starts with understanding how each philosophy organizes learning, the...","max-image-preview:large","https://x3yyntt5tp-staging.wpdns.site/2025/12/26/montessori-vs-reggio-emilia-which-is-best/","1","true","true","true","true","true","true","true","BlogPosting | BreadcrumbList | Person","0","",""
"https://x3yyntt5tp-staging.wpdns.site/es/2025/12/26/montessori-vs-reggio-emilia-which-is-best/","editorial-single","200","https://x3yyntt5tp-staging.wpdns.site/es/2025/12/26/montessori-vs-reggio-emilia-which-is-best/","0","200 https://x3yyntt5tp-staging.wpdns.site/es/2025/12/26/montessori-vs-reggio-emilia-which-is-best/?codex_technical=20260718","Artículo de Chroma: Montessori vs. Reggio Emilia: ¿Cuál es el me…","Montessori vs. Reggio Emilia: ¿Cuál es la mejor filosofía de aprendizaje temprano para tu hijo?Decidir entre el enfoque Montessori y Reggio Emilia comienza por…","max-image-preview:large","https://x3yyntt5tp-staging.wpdns.site/es/2025/12/26/montessori-vs-reggio-emilia-which-is-best/","1","true","true","true","true","true","true","true","BlogPosting | BreadcrumbList | Person","0","",""
"https://x3yyntt5tp-staging.wpdns.site/2025/12/26/kindergarten-readiness-programs-in-smyrna-ga/","editorial-single","200","https://x3yyntt5tp-staging.wpdns.site/2025/12/26/kindergarten-readiness-programs-in-smyrna-ga/","0","200 https://x3yyntt5tp-staging.wpdns.site/2025/12/26/kindergarten-readiness-programs-in-smyrna-ga/?codex_technical=20260718","Smyrna, GA: Kindergarten Readiness at Chroma Academy","Kindergarten Readiness Programs in Smyrna, GA: Preparing Your Child for a Successful School Start Kindergarten readiness means that a child has the foundational skills, behaviors, and routines needed to engage...","max-image-preview:large","https://x3yyntt5tp-staging.wpdns.site/2025/12/26/kindergarten-readiness-programs-in-smyrna-ga/","1","true","true","true","true","true","true","true","BlogPosting | BreadcrumbList | Person","0","",""
"https://x3yyntt5tp-staging.wpdns.site/es/2025/12/26/kindergarten-readiness-programs-in-smyrna-ga/","editorial-single","200","https://x3yyntt5tp-staging.wpdns.site/es/2025/12/26/kindergarten-readiness-programs-in-smyrna-ga/","0","200 https://x3yyntt5tp-staging.wpdns.site/es/2025/12/26/kindergarten-readiness-programs-in-smyrna-ga/?codex_technical=20260718","Kindergarten en Smyrna, GA | Chroma Academy","Programas de preparación para el jardín de infantes en Smyrna, GA: ¡Preparando a su hijo para un comienzo escolar exitoso!La preparación para el jardín de infa…","max-image-preview:large","https://x3yyntt5tp-staging.wpdns.site/es/2025/12/26/kindergarten-readiness-programs-in-smyrna-ga/","1","true","true","true","true","true","true","true","BlogPosting | BreadcrumbList | Person","0","",""
"https://x3yyntt5tp-staging.wpdns.site/2025/12/26/top-rated-preschool-programs-in-sandy-springs-ga/","editorial-single","200","https://x3yyntt5tp-staging.wpdns.site/2025/12/26/top-rated-preschool-programs-in-sandy-springs-ga/","0","200 https://x3yyntt5tp-staging.wpdns.site/2025/12/26/top-rated-preschool-programs-in-sandy-springs-ga/?codex_technical=20260718","Sandy Springs Preschools: Top Programs at Chroma Academy","Preschool Programs in Sandy Springs, GA: Your Guide to Quality Early Learning Choosing a preschool in Sandy Springs means balancing safety, developmentally appropriate learning, and reliable family communication. This guide...","max-image-preview:large","https://x3yyntt5tp-staging.wpdns.site/2025/12/26/top-rated-preschool-programs-in-sandy-springs-ga/","1","true","true","true","true","true","true","true","BlogPosting | BreadcrumbList | Person","0","",""
"https://x3yyntt5tp-staging.wpdns.site/es/2025/12/26/top-rated-preschool-programs-in-sandy-springs-ga/","editorial-single","200","https://x3yyntt5tp-staging.wpdns.site/es/2025/12/26/top-rated-preschool-programs-in-sandy-springs-ga/","0","200 https://x3yyntt5tp-staging.wpdns.site/es/2025/12/26/top-rated-preschool-programs-in-sandy-springs-ga/?codex_technical=20260718","Preescolar en Sandy Springs, GA | Chroma Academy","Programas preescolares de primera categoría en Sandy Springs, GA: Tu guía para el aprendizaje temprano de calidadElegir un preescolar en Sandy Springs signific…","max-image-preview:large","https://x3yyntt5tp-staging.wpdns.site/es/2025/12/26/top-rated-preschool-programs-in-sandy-springs-ga/","1","true","true","true","true","true","true","true","BlogPosting | BreadcrumbList | Person","0","",""
"https://x3yyntt5tp-staging.wpdns.site/2025/12/26/georgia-pre-k-lottery-program-in-roswell-ga/","editorial-single","200","https://x3yyntt5tp-staging.wpdns.site/2025/12/26/georgia-pre-k-lottery-program-in-roswell-ga/","0","200 https://x3yyntt5tp-staging.wpdns.site/2025/12/26/georgia-pre-k-lottery-program-in-roswell-ga/?codex_technical=20260718","Roswell, GA: Georgia Pre-K Lottery at Chroma (2025)","Georgia Pre-K Lottery Program in Roswell, GA: How to Apply and Prepare Your Child for Free Preschool The Georgia Pre-K Lottery Program provides free, state-funded preschool for eligible four-year-olds, giving...","max-image-preview:large","https://x3yyntt5tp-staging.wpdns.site/2025/12/26/georgia-pre-k-lottery-program-in-roswell-ga/","1","true","true","true","true","true","true","true","BlogPosting | BreadcrumbList | Person","0","",""
"https://x3yyntt5tp-staging.wpdns.site/es/2025/12/26/georgia-pre-k-lottery-program-in-roswell-ga/","editorial-single","200","https://x3yyntt5tp-staging.wpdns.site/es/2025/12/26/georgia-pre-k-lottery-program-in-roswell-ga/","0","200 https://x3yyntt5tp-staging.wpdns.site/es/2025/12/26/georgia-pre-k-lottery-program-in-roswell-ga/?codex_technical=20260718","Artículo de Chroma: Programa de Lotería Pre-K de Georgia en Rosw…","Programa de Lotería Pre-K de Georgia en Roswell, GA: Cómo solicitar y preparar a su hijo para preescolar gratuitoEl Programa de Lotería Pre-K de Georgia ofrece…","max-image-preview:large","https://x3yyntt5tp-staging.wpdns.site/es/2025/12/26/georgia-pre-k-lottery-program-in-roswell-ga/","1","true","true","true","true","true","true","true","BlogPosting | BreadcrumbList | Person","0","",""
"https://x3yyntt5tp-staging.wpdns.site/2025/12/26/creative-art-projects-for-kids-at-home/","editorial-single","200","https://x3yyntt5tp-staging.wpdns.site/2025/12/26/creative-art-projects-for-kids-at-home/","0","200 https://x3yyntt5tp-staging.wpdns.site/2025/12/26/creative-art-projects-for-kids-at-home/?codex_technical=20260718","Creative Art Projects for Kids at Home: Easy & Fun Ideas","Creative Art Projects for Kids at Home: Easy and Fun Ideas for Toddlers and Preschoolers Introduction Hands-on creative art projects for kids at home turn everyday moments into opportunities for...","max-image-preview:large","https://x3yyntt5tp-staging.wpdns.site/2025/12/26/creative-art-projects-for-kids-at-home/","1","true","true","true","true","true","true","true","BlogPosting | BreadcrumbList | Person","0","",""
"https://x3yyntt5tp-staging.wpdns.site/es/2025/12/26/creative-art-projects-for-kids-at-home/","editorial-single","200","https://x3yyntt5tp-staging.wpdns.site/es/2025/12/26/creative-art-projects-for-kids-at-home/","0","200 https://x3yyntt5tp-staging.wpdns.site/es/2025/12/26/creative-art-projects-for-kids-at-home/?codex_technical=20260718","Artículo de Chroma: Proyectos de Arte Creativo para Niños en Casa","Proyectos de Arte Creativo para Niños en Casa: Ideas Fáciles y Divertidas para Niños Pequeños y PreescolaresIntroducciónLos proyectos de arte creativo práctico…","max-image-preview:large","https://x3yyntt5tp-staging.wpdns.site/es/2025/12/26/creative-art-projects-for-kids-at-home/","1","true","true","true","true","true","true","true","BlogPosting | BreadcrumbList | Person","0","",""
"https://x3yyntt5tp-staging.wpdns.site/2025/12/26/fun-summer-learning-activities-for-children/","editorial-single","200","https://x3yyntt5tp-staging.wpdns.site/2025/12/26/fun-summer-learning-activities-for-children/","0","200 https://x3yyntt5tp-staging.wpdns.site/2025/12/26/fun-summer-learning-activities-for-children/?codex_technical=20260718","Summer Learning Fun: Chroma Academy's Activities in 2025","Enrich your child’s summer with exciting and educational activities. Boost creativity and learning through engaging fun experiences designed for kids!","max-image-preview:large","https://x3yyntt5tp-staging.wpdns.site/2025/12/26/fun-summer-learning-activities-for-children/","1","true","true","true","true","true","true","true","BlogPosting | BreadcrumbList | Person","0","",""
"https://x3yyntt5tp-staging.wpdns.site/es/2025/12/26/fun-summer-learning-activities-for-children/","editorial-single","200","https://x3yyntt5tp-staging.wpdns.site/es/2025/12/26/fun-summer-learning-activities-for-children/","0","200 https://x3yyntt5tp-staging.wpdns.site/es/2025/12/26/fun-summer-learning-activities-for-children/?codex_technical=20260718","Artículo de Chroma: Enriquece el verano de tu hijo con divertida…","Campamentos de verano de aprendizaje interactivoLos programas de verano pueden combinar juego e instrucción estructurada para mantener a los niños intelectualm…","max-image-preview:large","https://x3yyntt5tp-staging.wpdns.site/es/2025/12/26/fun-summer-learning-activities-for-children/","1","true","true","true","true","true","true","true","BlogPosting | BreadcrumbList | Person","0","",""
"https://x3yyntt5tp-staging.wpdns.site/2025/12/26/benefits-of-music-and-movement-in-early-childhood/","editorial-single","200","https://x3yyntt5tp-staging.wpdns.site/2025/12/26/benefits-of-music-and-movement-in-early-childhood/","0","200 https://x3yyntt5tp-staging.wpdns.site/2025/12/26/benefits-of-music-and-movement-in-early-childhood/?codex_technical=20260718","Music & Movement Benefits: Early Childhood at Chroma","Unlocking Growth Through Music & Movement Music and movement in early childhood combine sound, rhythm, and physical activity to create multisensory learning experiences that accelerate development across cognitive, physical, social-emotional,...","max-image-preview:large","https://x3yyntt5tp-staging.wpdns.site/2025/12/26/benefits-of-music-and-movement-in-early-childhood/","1","true","true","true","true","true","true","true","BlogPosting | BreadcrumbList | Person","0","",""
"https://x3yyntt5tp-staging.wpdns.site/es/2025/12/26/benefits-of-music-and-movement-in-early-childhood/","editorial-single","200","https://x3yyntt5tp-staging.wpdns.site/es/2025/12/26/benefits-of-music-and-movement-in-early-childhood/","0","200 https://x3yyntt5tp-staging.wpdns.site/es/2025/12/26/benefits-of-music-and-movement-in-early-childhood/?codex_technical=20260718","Artículo de Chroma: Beneficios de la Música y el Movimiento en l…","Desbloqueando el Crecimiento a Través de la Música y el MovimientoLa música y el movimiento en la primera infancia combinan sonido, ritmo y actividad física pa…","max-image-preview:large","https://x3yyntt5tp-staging.wpdns.site/es/2025/12/26/benefits-of-music-and-movement-in-early-childhood/","1","true","true","true","true","true","true","true","BlogPosting | BreadcrumbList | Person","0","",""
"https://x3yyntt5tp-staging.wpdns.site/2025/12/26/kindergarten-readiness-programs-in-roswell-ga/","editorial-single","200","https://x3yyntt5tp-staging.wpdns.site/2025/12/26/kindergarten-readiness-programs-in-roswell-ga/","0","200 https://x3yyntt5tp-staging.wpdns.site/2025/12/26/kindergarten-readiness-programs-in-roswell-ga/?codex_technical=20260718","Chroma Academy: Kindergarten Readiness in Roswell, GA","Kindergarten Readiness Programs in Roswell, GA: Comprehensive Guide for Parents and Guardians Kindergarten readiness describes a child’s preparedness across academic, social-emotional, and physical domains to succeed on day one of...","max-image-preview:large","https://x3yyntt5tp-staging.wpdns.site/2025/12/26/kindergarten-readiness-programs-in-roswell-ga/","1","true","true","true","true","true","true","true","BlogPosting | BreadcrumbList | Person","0","",""
"https://x3yyntt5tp-staging.wpdns.site/es/2025/12/26/kindergarten-readiness-programs-in-roswell-ga/","editorial-single","200","https://x3yyntt5tp-staging.wpdns.site/es/2025/12/26/kindergarten-readiness-programs-in-roswell-ga/","0","200 https://x3yyntt5tp-staging.wpdns.site/es/2025/12/26/kindergarten-readiness-programs-in-roswell-ga/?codex_technical=20260718","Kindergarten en Roswell, GA | Chroma Academy","Programas de Preparación para el Jardín de Infancia en Roswell, GA: Guía completa para padres y tutoresLa preparación para el jardín de infancia describe la di…","max-image-preview:large","https://x3yyntt5tp-staging.wpdns.site/es/2025/12/26/kindergarten-readiness-programs-in-roswell-ga/","1","true","true","true","true","true","true","true","BlogPosting | BreadcrumbList | Person","0","",""
"https://x3yyntt5tp-staging.wpdns.site/2025/12/26/kindergarten-readiness-programs-in-marietta-ga/","editorial-single","200","https://x3yyntt5tp-staging.wpdns.site/2025/12/26/kindergarten-readiness-programs-in-marietta-ga/","0","200 https://x3yyntt5tp-staging.wpdns.site/2025/12/26/kindergarten-readiness-programs-in-marietta-ga/?codex_technical=20260718","Marietta, GA Kindergarten Readiness at Chroma Academy","Prepare Your Child for School Success Kindergarten readiness means a child has the building-block skills—social, emotional, cognitive, language, and motor—that let them join classroom routines, make friends, and learn with...","max-image-preview:large","https://x3yyntt5tp-staging.wpdns.site/2025/12/26/kindergarten-readiness-programs-in-marietta-ga/","1","true","true","true","true","true","true","true","BlogPosting | BreadcrumbList | Person","0","",""
"https://x3yyntt5tp-staging.wpdns.site/2025/12/26/fostering-creativity-with-arts-crafts-for-toddlers/","editorial-single","200","https://x3yyntt5tp-staging.wpdns.site/2025/12/26/fostering-creativity-with-arts-crafts-for-toddlers/","0","200 https://x3yyntt5tp-staging.wpdns.site/2025/12/26/fostering-creativity-with-arts-crafts-for-toddlers/?codex_technical=20260718","Toddler Arts & Crafts: Fostering Creativity at Chroma","Fostering Creativity with Arts & Crafts for Toddlers: Engaging Activities and Developmental Benefits Arts and crafts offer toddlers a powerful, hands-on way to explore, experiment, and express while supporting multiple...","max-image-preview:large","https://x3yyntt5tp-staging.wpdns.site/2025/12/26/fostering-creativity-with-arts-crafts-for-toddlers/","1","true","true","true","true","true","true","true","BlogPosting | BreadcrumbList | Person","0","",""
"https://x3yyntt5tp-staging.wpdns.site/es/2025/12/26/fostering-creativity-with-arts-crafts-for-toddlers/","editorial-single","200","https://x3yyntt5tp-staging.wpdns.site/es/2025/12/26/fostering-creativity-with-arts-crafts-for-toddlers/","0","200 https://x3yyntt5tp-staging.wpdns.site/es/2025/12/26/fostering-creativity-with-arts-crafts-for-toddlers/?codex_technical=20260718","Artículo de Chroma: Fomentando la creatividad con artes y manual…","Fomentando la creatividad con artes y manualidades para niños pequeños: actividades atractivas y beneficios para el desarrolloLas artes y manualidades ofrecen…","max-image-preview:large","https://x3yyntt5tp-staging.wpdns.site/es/2025/12/26/fostering-creativity-with-arts-crafts-for-toddlers/","1","true","true","true","true","true","true","true","BlogPosting | BreadcrumbList | Person","0","",""
"https://x3yyntt5tp-staging.wpdns.site/2025/12/26/top-rated-preschool-programs-in-peachtree-corners-ga/","editorial-single","200","https://x3yyntt5tp-staging.wpdns.site/2025/12/26/top-rated-preschool-programs-in-peachtree-corners-ga/","0","200 https://x3yyntt5tp-staging.wpdns.site/2025/12/26/top-rated-preschool-programs-in-peachtree-corners-ga/?codex_technical=20260718","Peachtree Corners Preschool: Chroma Academy's Top Programs","program types Premier Preschool Programs in Peachtree Corners Chroma Early Learning Academy in Peachtree Corners is presented here as a local option focused on expert early care and purposeful kindergarten...","max-image-preview:large","https://x3yyntt5tp-staging.wpdns.site/2025/12/26/top-rated-preschool-programs-in-peachtree-corners-ga/","1","true","true","true","true","true","true","true","BlogPosting | BreadcrumbList | Person","0","",""
"https://x3yyntt5tp-staging.wpdns.site/es/2025/12/26/top-rated-preschool-programs-in-peachtree-corners-ga/","editorial-single","200","https://x3yyntt5tp-staging.wpdns.site/es/2025/12/26/top-rated-preschool-programs-in-peachtree-corners-ga/","0","200 https://x3yyntt5tp-staging.wpdns.site/es/2025/12/26/top-rated-preschool-programs-in-peachtree-corners-ga/?codex_technical=20260718","Preescolar en Peachtree Corners, GA | Chroma Academy","tipos de programasProgramas Preescolares Premier en Peachtree CornersChroma Early Learning Academy en Peachtree Corners se presenta aquí como una opción local…","max-image-preview:large","https://x3yyntt5tp-staging.wpdns.site/es/2025/12/26/top-rated-preschool-programs-in-peachtree-corners-ga/","1","true","true","true","true","true","true","true","BlogPosting | BreadcrumbList | Person","0","",""
"https://x3yyntt5tp-staging.wpdns.site/2025/12/26/after-school-programs-in-alpharetta-ga/","editorial-single","200","https://x3yyntt5tp-staging.wpdns.site/2025/12/26/after-school-programs-in-alpharetta-ga/","0","200 https://x3yyntt5tp-staging.wpdns.site/2025/12/26/after-school-programs-in-alpharetta-ga/?codex_technical=20260718","Chroma After School in Alpharetta: Programs for Kids","Top After School Programs in Alpharetta After-school programs provide structured care, academic support, and enrichment for school-aged children while families juggle work and life, and outstanding local options combine supervision...","max-image-preview:large","https://x3yyntt5tp-staging.wpdns.site/2025/12/26/after-school-programs-in-alpharetta-ga/","1","true","true","true","true","true","true","true","BlogPosting | BreadcrumbList | Person","0","",""
"https://x3yyntt5tp-staging.wpdns.site/es/2025/12/26/after-school-programs-in-alpharetta-ga/","editorial-single","200","https://x3yyntt5tp-staging.wpdns.site/es/2025/12/26/after-school-programs-in-alpharetta-ga/","0","200 https://x3yyntt5tp-staging.wpdns.site/es/2025/12/26/after-school-programs-in-alpharetta-ga/?codex_technical=20260718","Artículo de Chroma: Programas Extracurriculares en Alpharetta, GA","Los Mejores Programas Extracurriculares en AlpharettaLos programas extracurriculares brindan cuidado estructurado, apoyo académico y enriquecimiento para niños…","max-image-preview:large","https://x3yyntt5tp-staging.wpdns.site/es/2025/12/26/after-school-programs-in-alpharetta-ga/","1","true","true","true","true","true","true","true","BlogPosting | BreadcrumbList | Person","0","",""
"https://x3yyntt5tp-staging.wpdns.site/2025/12/26/the-role-of-ai-in-early-childhood-education/","editorial-single","200","https://x3yyntt5tp-staging.wpdns.site/2025/12/26/the-role-of-ai-in-early-childhood-education/","0","200 https://x3yyntt5tp-staging.wpdns.site/2025/12/26/the-role-of-ai-in-early-childhood-education/?codex_technical=20260718","AI in Early Childhood Education: Trends & Benefits","The Role of AI in Early Childhood Education: Benefits, Tools, Ethics, and Future Insights Artificial intelligence in early childhood education refers to software and smart systems that adapt activities, analyze...","max-image-preview:large","https://x3yyntt5tp-staging.wpdns.site/2025/12/26/the-role-of-ai-in-early-childhood-education/","1","true","true","true","true","true","true","true","BlogPosting | BreadcrumbList | Person","0","",""
"https://x3yyntt5tp-staging.wpdns.site/es/2025/12/26/the-role-of-ai-in-early-childhood-education/","editorial-single","200","https://x3yyntt5tp-staging.wpdns.site/es/2025/12/26/the-role-of-ai-in-early-childhood-education/","0","200 https://x3yyntt5tp-staging.wpdns.site/es/2025/12/26/the-role-of-ai-in-early-childhood-education/?codex_technical=20260718","Artículo de Chroma: El Rol de la IA en la Educación Infantil","El Rol de la IA en la Educación Infantil: Beneficios, Herramientas, Ética y Perspectivas FuturasLa inteligencia artificial en la educación infantil se refiere…","max-image-preview:large","https://x3yyntt5tp-staging.wpdns.site/es/2025/12/26/the-role-of-ai-in-early-childhood-education/","1","true","true","true","true","true","true","true","BlogPosting | BreadcrumbList | Person","0","",""
"https://x3yyntt5tp-staging.wpdns.site/2025/12/26/essential-dental-health-tips-for-young-children/","editorial-single","200","https://x3yyntt5tp-staging.wpdns.site/2025/12/26/essential-dental-health-tips-for-young-children/","0","200 https://x3yyntt5tp-staging.wpdns.site/2025/12/26/essential-dental-health-tips-for-young-children/?codex_technical=20260718","Dental Health Tips for Young Kids: Chroma Academy's Guide","Keep your toddler's teeth healthy with essential dental tips for kids. Learn effective child oral hygiene practices to promote strong, cavity-free smiles!","max-image-preview:large","https://x3yyntt5tp-staging.wpdns.site/2025/12/26/essential-dental-health-tips-for-young-children/","1","true","true","true","true","true","true","true","BlogPosting | BreadcrumbList | Person","0","",""
"https://x3yyntt5tp-staging.wpdns.site/es/2025/12/26/essential-dental-health-tips-for-young-children/","editorial-single","200","https://x3yyntt5tp-staging.wpdns.site/es/2025/12/26/essential-dental-health-tips-for-young-children/","0","200 https://x3yyntt5tp-staging.wpdns.site/es/2025/12/26/essential-dental-health-tips-for-young-children/?codex_technical=20260718","Artículo de Chroma: Consejos Esenciales de Salud Dental para Niñ…","Consejos Esenciales de Salud Dental para Niños Pequeños: Una Guía para Padres sobre Sonrisas SaludablesLos buenos hábitos dentales en la primera infancia sient…","max-image-preview:large","https://x3yyntt5tp-staging.wpdns.site/es/2025/12/26/essential-dental-health-tips-for-young-children/","1","true","true","true","true","true","true","true","BlogPosting | BreadcrumbList | Person","0","",""
"https://x3yyntt5tp-staging.wpdns.site/2025/12/26/ensure-childcare-safety-our-commitment-to-health-policies/","editorial-single","200","https://x3yyntt5tp-staging.wpdns.site/2025/12/26/ensure-childcare-safety-our-commitment-to-health-policies/","0","200 https://x3yyntt5tp-staging.wpdns.site/2025/12/26/ensure-childcare-safety-our-commitment-to-health-policies/?codex_technical=20260718","Chroma Childcare: Safety & Health Policies for Your Child","Your child's safety is our priority. Learn how our academy health policies create a secure and nurturing environment, ensuring the childcare experience.","max-image-preview:large","https://x3yyntt5tp-staging.wpdns.site/2025/12/26/ensure-childcare-safety-our-commitment-to-health-policies/","1","true","true","true","true","true","true","true","BlogPosting | BreadcrumbList | Person","0","",""
"https://x3yyntt5tp-staging.wpdns.site/es/2025/12/26/ensure-childcare-safety-our-commitment-to-health-policies/","editorial-single","200","https://x3yyntt5tp-staging.wpdns.site/es/2025/12/26/ensure-childcare-safety-our-commitment-to-health-policies/","0","200 https://x3yyntt5tp-staging.wpdns.site/es/2025/12/26/ensure-childcare-safety-our-commitment-to-health-policies/?codex_technical=20260718","Artículo de Chroma: Garantizar la seguridad infantil: Nuestro co…","Nuestro Compromiso con los Protocolos de Seguridad para el Cuidado Infantil: Garantizando un Aprendizaje Temprano Seguro y Confiable en GeorgiaChroma Early Lea…","max-image-preview:large","https://x3yyntt5tp-staging.wpdns.site/es/2025/12/26/ensure-childcare-safety-our-commitment-to-health-policies/","1","true","true","true","true","true","true","true","BlogPosting | BreadcrumbList | Person","0","",""
"https://x3yyntt5tp-staging.wpdns.site/2025/12/26/loving-infant-care-programs-nurturing-your-babys-growth/","editorial-single","200","https://x3yyntt5tp-staging.wpdns.site/2025/12/26/loving-infant-care-programs-nurturing-your-babys-growth/","0","200 https://x3yyntt5tp-staging.wpdns.site/2025/12/26/loving-infant-care-programs-nurturing-your-babys-growth/?codex_technical=20260718","Chroma's Infant Care: Nurturing Growth in 2025","Nurture your baby's growth with our loving infant care programs. Provide a safe and enriching daycare experience tailored for your little one’s development.","max-image-preview:large","https://x3yyntt5tp-staging.wpdns.site/2025/12/26/loving-infant-care-programs-nurturing-your-babys-growth/","1","true","true","true","true","true","true","true","BlogPosting | BreadcrumbList | Person","0","",""
"https://x3yyntt5tp-staging.wpdns.site/es/2025/12/26/loving-infant-care-programs-nurturing-your-babys-growth/","editorial-single","200","https://x3yyntt5tp-staging.wpdns.site/es/2025/12/26/loving-infant-care-programs-nurturing-your-babys-growth/","0","200 https://x3yyntt5tp-staging.wpdns.site/es/2025/12/26/loving-infant-care-programs-nurturing-your-babys-growth/?codex_technical=20260718","Artículo de Chroma: Programas de Cuidado Cariñoso para Bebés: Nu…","```htmlCuidado Compasivo para Bebés en AtlantaNuestro centro de día para bebés prioriza las relaciones afectuosas, el aprendizaje para el desarrollo y las ruti…","max-image-preview:large","https://x3yyntt5tp-staging.wpdns.site/es/2025/12/26/loving-infant-care-programs-nurturing-your-babys-growth/","1","true","true","true","true","true","true","true","BlogPosting | BreadcrumbList | Person","0","",""
"https://x3yyntt5tp-staging.wpdns.site/schedule-a-tour/","schedule-tour","200","https://x3yyntt5tp-staging.wpdns.site/schedule-a-tour/","0","200 https://x3yyntt5tp-staging.wpdns.site/schedule-a-tour/?codex_technical=20260718","Schedule a Tour | Chroma Early Learning Academy","Schedule a tour at Chroma Early Learning Academy to explore our classrooms, curriculum, and enrollment options for your family.","max-image-preview:large","https://x3yyntt5tp-staging.wpdns.site/schedule-a-tour/","1","true","true","true","true","true","true","true","BreadcrumbList | ChildCare | FAQPage | LocalBusiness | Organization | Person | Speakable | SpecialAnnouncement","0","",""
"https://x3yyntt5tp-staging.wpdns.site/es/schedule-a-tour/","schedule-tour","200","https://x3yyntt5tp-staging.wpdns.site/es/schedule-a-tour/","0","200 https://x3yyntt5tp-staging.wpdns.site/es/schedule-a-tour/?codex_technical=20260718","Programa un recorrido | Chroma Early Learning Academy","Programa un recorrido en Chroma Early Learning Academy para conocer nuestros salones, currículo y opciones de inscripción para tu familia.","max-image-preview:large","https://x3yyntt5tp-staging.wpdns.site/es/schedule-a-tour/","1","true","true","true","true","true","true","true","BreadcrumbList | ChildCare | FAQPage | LocalBusiness | Organization | Person | Speakable | SpecialAnnouncement","0","",""
"https://x3yyntt5tp-staging.wpdns.site/2025/12/16/early-education-trends-us-2025-key-insights-and-best-practices-for-future-learning/","editorial-single","200","https://x3yyntt5tp-staging.wpdns.site/2025/12/16/early-education-trends-us-2025-key-insights-and-best-practices-for-future-learning/","0","200 https://x3yyntt5tp-staging.wpdns.site/2025/12/16/early-education-trends-us-2025-key-insights-and-best-practices-for-future-learning/?codex_technical=20260718","Early Education Trends 2025: Insights & Best Practices","Explore early education trends in the US for 2025, including key insights and best practices shaping future learning and child development.","max-image-preview:large","https://x3yyntt5tp-staging.wpdns.site/2025/12/16/early-education-trends-us-2025-key-insights-and-best-practices-for-future-learning/","1","true","true","true","true","true","true","true","BlogPosting | BreadcrumbList | Person","0","",""
"https://x3yyntt5tp-staging.wpdns.site/es/2025/12/16/early-education-trends-us-2025-key-insights-and-best-practices-for-future-learning/","editorial-single","200","https://x3yyntt5tp-staging.wpdns.site/es/2025/12/16/early-education-trends-us-2025-key-insights-and-best-practices-for-future-learning/","0","200 https://x3yyntt5tp-staging.wpdns.site/es/2025/12/16/early-education-trends-us-2025-key-insights-and-best-practices-for-future-learning/?codex_technical=20260718","Artículo de Chroma: Tendencias de Educación Temprana en EE. UU.…","Los primeros años de los niños sientan las bases para el aprendizaje de por vida, y comprender las tendencias actuales en educación temprana ayuda a padres y e…","max-image-preview:large","https://x3yyntt5tp-staging.wpdns.site/es/2025/12/16/early-education-trends-us-2025-key-insights-and-best-practices-for-future-learning/","1","true","true","true","true","true","true","true","BlogPosting | BreadcrumbList | Person","0","",""
"https://x3yyntt5tp-staging.wpdns.site/2025/12/16/how-to-strengthen-home-school-connections-for-early-learners-to-boost-family-engagement-and-child-development/","editorial-single","200","https://x3yyntt5tp-staging.wpdns.site/2025/12/16/how-to-strengthen-home-school-connections-for-early-learners-to-boost-family-engagement-and-child-development/","0","200 https://x3yyntt5tp-staging.wpdns.site/2025/12/16/how-to-strengthen-home-school-connections-for-early-learners-to-boost-family-engagement-and-child-development/?codex_technical=20260718","Boost Early Learning: Home-School Connections for Families","Learn practical ways to strengthen home-school connections that boost family engagement, support early learners, and enhance child development outcomes.","max-image-preview:large","https://x3yyntt5tp-staging.wpdns.site/2025/12/16/how-to-strengthen-home-school-connections-for-early-learners-to-boost-family-engagement-and-child-development/","1","true","true","true","true","true","true","true","BlogPosting | BreadcrumbList | Person","0","",""
"https://x3yyntt5tp-staging.wpdns.site/es/2025/12/16/how-to-strengthen-home-school-connections-for-early-learners-to-boost-family-engagement-and-child-development/","editorial-single","200","https://x3yyntt5tp-staging.wpdns.site/es/2025/12/16/how-to-strengthen-home-school-connections-for-early-learners-to-boost-family-engagement-and-child-development/","0","200 https://x3yyntt5tp-staging.wpdns.site/es/2025/12/16/how-to-strengthen-home-school-connections-for-early-learners-to-boost-family-engagement-and-child-development/?codex_technical=20260718","Artículo de Chroma: Cómo fortalecer las conexiones hogar-escuela…","Una conexión sólida entre el hogar y la escuela significa que las familias y los programas de aprendizaje temprano trabajan juntos con objetivos compartidos, r…","max-image-preview:large","https://x3yyntt5tp-staging.wpdns.site/es/2025/12/16/how-to-strengthen-home-school-connections-for-early-learners-to-boost-family-engagement-and-child-development/","1","true","true","true","true","true","true","true","BlogPosting | BreadcrumbList | Person","0","",""
"https://x3yyntt5tp-staging.wpdns.site/2025/12/16/chroma-academy-parent-involvement-tactics-for-effective-family-engagement-in-early-learning/","editorial-single","200","https://x3yyntt5tp-staging.wpdns.site/2025/12/16/chroma-academy-parent-involvement-tactics-for-effective-family-engagement-in-early-learning/","0","200 https://x3yyntt5tp-staging.wpdns.site/2025/12/16/chroma-academy-parent-involvement-tactics-for-effective-family-engagement-in-early-learning/?codex_technical=20260718","Chroma Academy: Parent Involvement in Early Learning (2025)","Discover how Chroma Academy strengthens early learning through effective parent involvement tactics that build family engagement and support child development.","max-image-preview:large","https://x3yyntt5tp-staging.wpdns.site/2025/12/16/chroma-academy-parent-involvement-tactics-for-effective-family-engagement-in-early-learning/","1","true","true","true","true","true","true","true","BlogPosting | BreadcrumbList | Person","0","",""
"https://x3yyntt5tp-staging.wpdns.site/es/2025/12/16/chroma-academy-parent-involvement-tactics-for-effective-family-engagement-in-early-learning/","editorial-single","200","https://x3yyntt5tp-staging.wpdns.site/es/2025/12/16/chroma-academy-parent-involvement-tactics-for-effective-family-engagement-in-early-learning/","0","200 https://x3yyntt5tp-staging.wpdns.site/es/2025/12/16/chroma-academy-parent-involvement-tactics-for-effective-family-engagement-in-early-learning/?codex_technical=20260718","Artículo de Chroma: Tácticas de Participación de Padres de Chrom…","Chroma Early Learning Academy considera la participación de los padres como una asociación esencial que fortalece el desarrollo infantil temprano, apoya la pre…","max-image-preview:large","https://x3yyntt5tp-staging.wpdns.site/es/2025/12/16/chroma-academy-parent-involvement-tactics-for-effective-family-engagement-in-early-learning/","1","true","true","true","true","true","true","true","BlogPosting | BreadcrumbList | Person","0","",""
"https://x3yyntt5tp-staging.wpdns.site/2025/12/16/loving-infant-care-programs-nurturing-your-babys-needs/","editorial-single","200","https://x3yyntt5tp-staging.wpdns.site/2025/12/16/loving-infant-care-programs-nurturing-your-babys-needs/","0","200 https://x3yyntt5tp-staging.wpdns.site/2025/12/16/loving-infant-care-programs-nurturing-your-babys-needs/?codex_technical=20260718","Chroma's Infant Care: Nurturing Babies in 2025","Explore loving infant care programs designed to nurture your baby’s needs through safe environments, responsive caregiving, and early learning support.","max-image-preview:large","https://x3yyntt5tp-staging.wpdns.site/2025/12/16/loving-infant-care-programs-nurturing-your-babys-needs/","1","true","true","true","true","true","true","true","BlogPosting | BreadcrumbList | Person","0","",""
"https://x3yyntt5tp-staging.wpdns.site/es/2025/12/16/loving-infant-care-programs-nurturing-your-babys-needs/","editorial-single","200","https://x3yyntt5tp-staging.wpdns.site/es/2025/12/16/loving-infant-care-programs-nurturing-your-babys-needs/","0","200 https://x3yyntt5tp-staging.wpdns.site/es/2025/12/16/loving-infant-care-programs-nurturing-your-babys-needs/?codex_technical=20260718","Artículo de Chroma: Programas de Cuidado Infantil Amoroso: Nutri…","Programas de Cuidado Infantil Amoroso: Cuidado Infantil de Calidad y Aprendizaje Temprano para BebésEl cuidado infantil amoroso describe un enfoque centrado en…","max-image-preview:large","https://x3yyntt5tp-staging.wpdns.site/es/2025/12/16/loving-infant-care-programs-nurturing-your-babys-needs/","1","true","true","true","true","true","true","true","BlogPosting | BreadcrumbList | Person","0","",""
"https://x3yyntt5tp-staging.wpdns.site/2025/12/16/essential-curriculum-assessment-tools-for-early-learners/","editorial-single","200","https://x3yyntt5tp-staging.wpdns.site/2025/12/16/essential-curriculum-assessment-tools-for-early-learners/","0","200 https://x3yyntt5tp-staging.wpdns.site/2025/12/16/essential-curriculum-assessment-tools-for-early-learners/?codex_technical=20260718","Chroma's Early Learner Assessment Tools & Activities (2025)","Discover essential curriculum assessment tools for early learners that support skill development, track progress, and enhance early childhood education.","max-image-preview:large","https://x3yyntt5tp-staging.wpdns.site/2025/12/16/essential-curriculum-assessment-tools-for-early-learners/","1","true","true","true","true","true","true","true","BlogPosting | BreadcrumbList | Person","0","",""
"https://x3yyntt5tp-staging.wpdns.site/es/2025/12/16/essential-curriculum-assessment-tools-for-early-learners/","editorial-single","200","https://x3yyntt5tp-staging.wpdns.site/es/2025/12/16/essential-curriculum-assessment-tools-for-early-learners/","0","200 https://x3yyntt5tp-staging.wpdns.site/es/2025/12/16/essential-curriculum-assessment-tools-for-early-learners/?codex_technical=20260718","Artículo de Chroma: Herramientas Esenciales de Evaluación Curric…","Actividad de Aprendizaje Práctico: Desafío del Avión de Papel Las actividades prácticas son herramientas de evaluación curricular poderosas para los niños pequ…","max-image-preview:large","https://x3yyntt5tp-staging.wpdns.site/es/2025/12/16/essential-curriculum-assessment-tools-for-early-learners/","1","true","true","true","true","true","true","true","BlogPosting | BreadcrumbList | Person","0","",""
"https://x3yyntt5tp-staging.wpdns.site/programs/","program-archive","200","https://x3yyntt5tp-staging.wpdns.site/programs/","0","200 https://x3yyntt5tp-staging.wpdns.site/programs/?codex_technical=20260718","Programs | Chroma Early Learning Academy","Explore Chroma early learning programs for every age, from infant care and toddlers to preschool, GA Pre-K, Kindergarten, and school-age care.","","https://x3yyntt5tp-staging.wpdns.site/programs/","1","true","true","true","true","true","true","true","BreadcrumbList | CollectionPage","0","",""
"https://x3yyntt5tp-staging.wpdns.site/es/programs/","program-archive","200","https://x3yyntt5tp-staging.wpdns.site/es/programs/","0","200 https://x3yyntt5tp-staging.wpdns.site/es/programs/?codex_technical=20260718","Programas | Chroma Early Learning Academy","Explora los programas de aprendizaje temprano de Chroma para cada edad, desde bebes y ninos pequenos hasta preescolar, GA Pre-K, Kindergarten y cuidado para es…","","https://x3yyntt5tp-staging.wpdns.site/es/programs/","1","true","true","true","true","true","true","true","BreadcrumbList | CollectionPage","0","",""
"https://x3yyntt5tp-staging.wpdns.site/2025/12/11/how-to-choose-a-preschool-or-daycare-centre-essential-questions-to-ask-for-parents/","editorial-single","200","https://x3yyntt5tp-staging.wpdns.site/2025/12/11/how-to-choose-a-preschool-or-daycare-centre-essential-questions-to-ask-for-parents/","0","200 https://x3yyntt5tp-staging.wpdns.site/2025/12/11/how-to-choose-a-preschool-or-daycare-centre-essential-questions-to-ask-for-parents/?codex_technical=20260718","Preschool Guide: Questions to Ask for Parents (2025)","Choosing a preschool or daycare? Discover the essential questions parents should ask to find a safe, nurturing, and high-quality early learning environment.","max-image-preview:large","https://x3yyntt5tp-staging.wpdns.site/2025/12/11/how-to-choose-a-preschool-or-daycare-centre-essential-questions-to-ask-for-parents/","1","true","true","true","true","true","true","true","Article | BlogPosting | BreadcrumbList | HowTo | Person","0","",""
"https://x3yyntt5tp-staging.wpdns.site/es/2025/12/11/how-to-choose-a-preschool-or-daycare-centre-essential-questions-to-ask-for-parents/","editorial-single","200","https://x3yyntt5tp-staging.wpdns.site/es/2025/12/11/how-to-choose-a-preschool-or-daycare-centre-essential-questions-to-ask-for-parents/","0","200 https://x3yyntt5tp-staging.wpdns.site/es/2025/12/11/how-to-choose-a-preschool-or-daycare-centre-essential-questions-to-ask-for-parents/?codex_technical=20260718","Artículo de Chroma: Cómo elegir un centro preescolar o guardería…","Elegir un centro preescolar o guardería implica hacer coincidir las necesidades de desarrollo de su hijo, los requisitos de seguridad y las limitaciones prácti…","max-image-preview:large","https://x3yyntt5tp-staging.wpdns.site/es/2025/12/11/how-to-choose-a-preschool-or-daycare-centre-essential-questions-to-ask-for-parents/","1","true","true","true","true","true","true","true","Article | BlogPosting | BreadcrumbList | HowTo | Person","0","",""
"https://x3yyntt5tp-staging.wpdns.site/2025/12/11/why-sleep-is-the-secret-ingredient-to-better-behavior-understanding-the-child-sleep-behavior-connection-for-parents-and-caregivers/","editorial-single","200","https://x3yyntt5tp-staging.wpdns.site/2025/12/11/why-sleep-is-the-secret-ingredient-to-better-behavior-understanding-the-child-sleep-behavior-connection-for-parents-and-caregivers/","0","200 https://x3yyntt5tp-staging.wpdns.site/2025/12/11/why-sleep-is-the-secret-ingredient-to-better-behavior-understanding-the-child-sleep-behavior-connection-for-parents-and-caregivers/?codex_technical=20260718","Sleep & Behavior: A Parent's Guide | Chroma 2025","Discover how sleep directly impacts your child’s mood, focus, and behavior. Learn why better sleep routines lead to calmer, happier kids and easier parenting.","max-image-preview:large","https://x3yyntt5tp-staging.wpdns.site/2025/12/11/why-sleep-is-the-secret-ingredient-to-better-behavior-understanding-the-child-sleep-behavior-connection-for-parents-and-caregivers/","1","true","true","true","true","true","true","true","Article | BlogPosting | BreadcrumbList | HowTo | Person","0","",""
"https://x3yyntt5tp-staging.wpdns.site/es/2025/12/11/why-sleep-is-the-secret-ingredient-to-better-behavior-understanding-the-child-sleep-behavior-connection-for-parents-and-caregivers/","editorial-single","200","https://x3yyntt5tp-staging.wpdns.site/es/2025/12/11/why-sleep-is-the-secret-ingredient-to-better-behavior-understanding-the-child-sleep-behavior-connection-for-parents-and-caregivers/","0","200 https://x3yyntt5tp-staging.wpdns.site/es/2025/12/11/why-sleep-is-the-secret-ingredient-to-better-behavior-understanding-the-child-sleep-behavior-connection-for-parents-and-caregivers/?codex_technical=20260718","Artículo de Chroma: ¿Por qué el sueño es el ingrediente secreto…","El sueño es un proceso biológico esencial para la regulación emocional, la atención y el aprendizaje, y esas funciones juntas dan forma a cómo se comportan los…","max-image-preview:large","https://x3yyntt5tp-staging.wpdns.site/es/2025/12/11/why-sleep-is-the-secret-ingredient-to-better-behavior-understanding-the-child-sleep-behavior-connection-for-parents-and-caregivers/","1","true","true","true","true","true","true","true","Article | BlogPosting | BreadcrumbList | HowTo | Person","0","",""
"https://x3yyntt5tp-staging.wpdns.site/2025/12/11/4-things-to-say-when-your-child-isnt-listening-that-actually-work/","editorial-single","200","https://x3yyntt5tp-staging.wpdns.site/2025/12/11/4-things-to-say-when-your-child-isnt-listening-that-actually-work/","0","200 https://x3yyntt5tp-staging.wpdns.site/2025/12/11/4-things-to-say-when-your-child-isnt-listening-that-actually-work/?codex_technical=20260718","Improve Child's Listening: 4 Phrases That Work (2025)","Struggling when your child won’t listen? Discover 4 simple phrases that actually work to improve communication, reduce stress, and build positive behavior.","max-image-preview:large","https://x3yyntt5tp-staging.wpdns.site/2025/12/11/4-things-to-say-when-your-child-isnt-listening-that-actually-work/","1","true","true","true","true","true","true","true","Article | BlogPosting | BreadcrumbList | HowTo | Person","0","",""
"https://x3yyntt5tp-staging.wpdns.site/es/2025/12/11/4-things-to-say-when-your-child-isnt-listening-that-actually-work/","editorial-single","200","https://x3yyntt5tp-staging.wpdns.site/es/2025/12/11/4-things-to-say-when-your-child-isnt-listening-that-actually-work/","0","200 https://x3yyntt5tp-staging.wpdns.site/es/2025/12/11/4-things-to-say-when-your-child-isnt-listening-that-actually-work/?codex_technical=20260718","Artículo de Chroma: 4 cosas que decir cuando tu hijo no te escuc…","Todos los padres conocen esa sensación: le pides algo simple a tu hijo… y actúa como si de repente se hubiera quedado sordo. Es uno de los desafíos…","max-image-preview:large","https://x3yyntt5tp-staging.wpdns.site/es/2025/12/11/4-things-to-say-when-your-child-isnt-listening-that-actually-work/","1","true","true","true","true","true","true","true","Article | BlogPosting | BreadcrumbList | HowTo | Person","0","",""
"https://x3yyntt5tp-staging.wpdns.site/2025/12/10/5-things-to-say-instead-of-stop-crying/","editorial-single","200","https://x3yyntt5tp-staging.wpdns.site/2025/12/10/5-things-to-say-instead-of-stop-crying/","0","200 https://x3yyntt5tp-staging.wpdns.site/2025/12/10/5-things-to-say-instead-of-stop-crying/?codex_technical=20260718","Chroma: 5 Phrases to Use Instead of ""Stop Crying""","Learn five positive, calming phrases to use instead of “stop crying.” Help children feel understood, supported, and emotionally safe during tough moments.","max-image-preview:large","https://x3yyntt5tp-staging.wpdns.site/2025/12/10/5-things-to-say-instead-of-stop-crying/","1","true","true","true","true","true","true","true","Article | BlogPosting | BreadcrumbList | HowTo | Person","0","",""
"https://x3yyntt5tp-staging.wpdns.site/es/2025/12/10/5-things-to-say-instead-of-stop-crying/","editorial-single","200","https://x3yyntt5tp-staging.wpdns.site/es/2025/12/10/5-things-to-say-instead-of-stop-crying/","0","200 https://x3yyntt5tp-staging.wpdns.site/es/2025/12/10/5-things-to-say-instead-of-stop-crying/?codex_technical=20260718","Artículo de Chroma: 5 cosas que decir en lugar de “Deja de llora…","Llorar es una de las primeras formas en que los niños se comunican. Es cómo expresan frustración, miedo, tristeza, agobio o incluso gran alegría. Pero cuando l…","max-image-preview:large","https://x3yyntt5tp-staging.wpdns.site/es/2025/12/10/5-things-to-say-instead-of-stop-crying/","1","true","true","true","true","true","true","true","Article | BlogPosting | BreadcrumbList | HowTo | Person","0","",""
"https://x3yyntt5tp-staging.wpdns.site/2025/12/10/signs-your-child-is-ready-for-preschool-the-ultimate-preschool-readiness-checklist-and-guide/","editorial-single","200","https://x3yyntt5tp-staging.wpdns.site/2025/12/10/signs-your-child-is-ready-for-preschool-the-ultimate-preschool-readiness-checklist-and-guide/","0","200 https://x3yyntt5tp-staging.wpdns.site/2025/12/10/signs-your-child-is-ready-for-preschool-the-ultimate-preschool-readiness-checklist-and-guide/?codex_technical=20260718","Chroma's Guide: Is Your Child Ready for Preschool?","Discover the key signs your child is ready for preschool. This ultimate readiness checklist and guide helps parents understand social, emotional, and learning milestones.","max-image-preview:large","https://x3yyntt5tp-staging.wpdns.site/2025/12/10/signs-your-child-is-ready-for-preschool-the-ultimate-preschool-readiness-checklist-and-guide/","1","true","true","true","true","true","true","true","Article | BlogPosting | BreadcrumbList | HowTo | Person","0","",""
"https://x3yyntt5tp-staging.wpdns.site/es/2025/12/10/signs-your-child-is-ready-for-preschool-the-ultimate-preschool-readiness-checklist-and-guide/","editorial-single","200","https://x3yyntt5tp-staging.wpdns.site/es/2025/12/10/signs-your-child-is-ready-for-preschool-the-ultimate-preschool-readiness-checklist-and-guide/","0","200 https://x3yyntt5tp-staging.wpdns.site/es/2025/12/10/signs-your-child-is-ready-for-preschool-the-ultimate-preschool-readiness-checklist-and-guide/?codex_technical=20260718","Artículo de Chroma: Signos de que tu hijo está listo para el pre…","La preparación para el preescolar es una combinación práctica y observable de habilidades emocionales, sociales, cognitivas y físicas que ayudan a un niño a ha…","max-image-preview:large","https://x3yyntt5tp-staging.wpdns.site/es/2025/12/10/signs-your-child-is-ready-for-preschool-the-ultimate-preschool-readiness-checklist-and-guide/","1","true","true","true","true","true","true","true","Article | BlogPosting | BreadcrumbList | HowTo | Person","0","",""
"https://x3yyntt5tp-staging.wpdns.site/2025/12/10/why-children-need-movement-every-day/","editorial-single","200","https://x3yyntt5tp-staging.wpdns.site/2025/12/10/why-children-need-movement-every-day/","0","200 https://x3yyntt5tp-staging.wpdns.site/2025/12/10/why-children-need-movement-every-day/?codex_technical=20260718","Daily Movement for Kids: Benefits at Chroma Academy","Discover why daily movement is essential for children’s physical, mental, and emotional development. Learn the benefits of active play and healthy habits.","max-image-preview:large","https://x3yyntt5tp-staging.wpdns.site/2025/12/10/why-children-need-movement-every-day/","1","true","true","true","true","true","true","true","Article | BlogPosting | BreadcrumbList | HowTo | Person","0","",""
"https://x3yyntt5tp-staging.wpdns.site/es/2025/12/10/why-children-need-movement-every-day/","editorial-single","200","https://x3yyntt5tp-staging.wpdns.site/es/2025/12/10/why-children-need-movement-every-day/","0","200 https://x3yyntt5tp-staging.wpdns.site/es/2025/12/10/why-children-need-movement-every-day/?codex_technical=20260718","Artículo de Chroma: Por qué los niños necesitan movimiento todos…","El movimiento no es solo una forma para que los niños “quemen energía”. Es una parte vital de su desarrollo físico, emocional, social y cognitivo. Desde el mom…","max-image-preview:large","https://x3yyntt5tp-staging.wpdns.site/es/2025/12/10/why-children-need-movement-every-day/","1","true","true","true","true","true","true","true","Article | BlogPosting | BreadcrumbList | HowTo | Person","0","",""
"https://x3yyntt5tp-staging.wpdns.site/2025/12/10/enroll-at-chroma-academy-mcdonough-preschool-childcare-for-quality-early-learning/","editorial-single","200","https://x3yyntt5tp-staging.wpdns.site/2025/12/10/enroll-at-chroma-academy-mcdonough-preschool-childcare-for-quality-early-learning/","0","200 https://x3yyntt5tp-staging.wpdns.site/2025/12/10/enroll-at-chroma-academy-mcdonough-preschool-childcare-for-quality-early-learning/?codex_technical=20260718","Chroma Academy: McDonough Preschool Enrollment in 2025","Enroll your child at Chroma Academy in McDonough for top-quality preschool and childcare. Providing a safe, nurturing, and engaging early learning environment.","max-image-preview:large","https://x3yyntt5tp-staging.wpdns.site/2025/12/10/enroll-at-chroma-academy-mcdonough-preschool-childcare-for-quality-early-learning/","1","true","true","true","true","true","true","true","Article | BlogPosting | BreadcrumbList | HowTo | Person","0","",""
"https://x3yyntt5tp-staging.wpdns.site/es/2025/12/10/enroll-at-chroma-academy-mcdonough-preschool-childcare-for-quality-early-learning/","editorial-single","200","https://x3yyntt5tp-staging.wpdns.site/es/2025/12/10/enroll-at-chroma-academy-mcdonough-preschool-childcare-for-quality-early-learning/","0","200 https://x3yyntt5tp-staging.wpdns.site/es/2025/12/10/enroll-at-chroma-academy-mcdonough-preschool-childcare-for-quality-early-learning/?codex_technical=20260718","Artículo de Chroma: Inscríbete en Chroma Academy: Preescolar y G…","Chroma Academy en McDonough, GA, ofrece un entorno estructurado de aprendizaje temprano enfocado en la preparación escolar, el crecimiento socioemocional y el…","max-image-preview:large","https://x3yyntt5tp-staging.wpdns.site/es/2025/12/10/enroll-at-chroma-academy-mcdonough-preschool-childcare-for-quality-early-learning/","1","true","true","true","true","true","true","true","Article | BlogPosting | BreadcrumbList | HowTo | Person","0","",""
"https://x3yyntt5tp-staging.wpdns.site/2025/12/10/chroma-early-learning-academy-announces-12th-metro-atlanta-location-in-canton-ga/","editorial-single","200","https://x3yyntt5tp-staging.wpdns.site/2025/12/10/chroma-early-learning-academy-announces-12th-metro-atlanta-location-in-canton-ga/","0","200 https://x3yyntt5tp-staging.wpdns.site/2025/12/10/chroma-early-learning-academy-announces-12th-metro-atlanta-location-in-canton-ga/?codex_technical=20260718","Chroma Academy Canton, GA Location Now Open: Enroll Today","News provided by Chroma Early Learning Academy Feb 12, 2025, 19:24 ET ALPHARETTA, Ga., Feb. 12, 2025 /PRNewswire/ — Chroma Early Learning Academy, a leading provider of high-quality early childhood education, is...","max-image-preview:large","https://x3yyntt5tp-staging.wpdns.site/2025/12/10/chroma-early-learning-academy-announces-12th-metro-atlanta-location-in-canton-ga/","1","true","true","true","true","true","true","true","Article | BlogPosting | BreadcrumbList | HowTo | Person","0","",""
"https://x3yyntt5tp-staging.wpdns.site/es/2025/12/10/chroma-early-learning-academy-announces-12th-metro-atlanta-location-in-canton-ga/","editorial-single","200","https://x3yyntt5tp-staging.wpdns.site/es/2025/12/10/chroma-early-learning-academy-announces-12th-metro-atlanta-location-in-canton-ga/","0","200 https://x3yyntt5tp-staging.wpdns.site/es/2025/12/10/chroma-early-learning-academy-announces-12th-metro-atlanta-location-in-canton-ga/?codex_technical=20260718","Artículo de Chroma: Chroma Early Learning Academy Anuncia la 12ª…","Noticias proporcionadas por Chroma Early Learning Academy 12 de febrero de 2025, 19:24 ET ALPHARETTA, Ga., 12 de febrero de 2025 /PRNewswire/ -- Chroma Early L…","max-image-preview:large","https://x3yyntt5tp-staging.wpdns.site/es/2025/12/10/chroma-early-learning-academy-announces-12th-metro-atlanta-location-in-canton-ga/","1","true","true","true","true","true","true","true","Article | BlogPosting | BreadcrumbList | HowTo | Person","0","",""
"https://x3yyntt5tp-staging.wpdns.site/2025/12/10/learn-how-play-based-learning-transforms-early-childhood-education-for-holistic-child-development/","editorial-single","200","https://x3yyntt5tp-staging.wpdns.site/2025/12/10/learn-how-play-based-learning-transforms-early-childhood-education-for-holistic-child-development/","0","200 https://x3yyntt5tp-staging.wpdns.site/2025/12/10/learn-how-play-based-learning-transforms-early-childhood-education-for-holistic-child-development/?codex_technical=20260718","Play-Based Learning at Chroma: Early Education Transformed","Discover how play-based learning transforms early childhood education by boosting cognitive, emotional, social, and physical development through engaging activities.","max-image-preview:large","https://x3yyntt5tp-staging.wpdns.site/2025/12/10/learn-how-play-based-learning-transforms-early-childhood-education-for-holistic-child-development/","1","true","true","true","true","true","true","true","Article | BlogPosting | BreadcrumbList | HowTo | Person","0","",""
"https://x3yyntt5tp-staging.wpdns.site/es/2025/12/10/learn-how-play-based-learning-transforms-early-childhood-education-for-holistic-child-development/","editorial-single","200","https://x3yyntt5tp-staging.wpdns.site/es/2025/12/10/learn-how-play-based-learning-transforms-early-childhood-education-for-holistic-child-development/","0","200 https://x3yyntt5tp-staging.wpdns.site/es/2025/12/10/learn-how-play-based-learning-transforms-early-childhood-education-for-holistic-child-development/?codex_technical=20260718","Artículo de Chroma: Aprende Cómo el Aprendizaje Basado en el Jue…","El aprendizaje basado en el juego sitúa el juego intencional y dirigido por el niño en el centro de la educación infantil, aprovechando la curiosidad natural c…","max-image-preview:large","https://x3yyntt5tp-staging.wpdns.site/es/2025/12/10/learn-how-play-based-learning-transforms-early-childhood-education-for-holistic-child-development/","1","true","true","true","true","true","true","true","Article | BlogPosting | BreadcrumbList | HowTo | Person","0","",""
"https://x3yyntt5tp-staging.wpdns.site/2025/12/10/top-strategies-to-boost-employee-retention-and-build-long-term-organizational-loyalty/","editorial-single","200","https://x3yyntt5tp-staging.wpdns.site/2025/12/10/top-strategies-to-boost-employee-retention-and-build-long-term-organizational-loyalty/","0","200 https://x3yyntt5tp-staging.wpdns.site/2025/12/10/top-strategies-to-boost-employee-retention-and-build-long-term-organizational-loyalty/?codex_technical=20260718","Employee Retention Strategies: Build Loyalty | Chroma 2025","Discover top strategies to improve employee retention and build long-term organizational loyalty through engagement, recognition, career growth, and a positive culture.","max-image-preview:large","https://x3yyntt5tp-staging.wpdns.site/2025/12/10/top-strategies-to-boost-employee-retention-and-build-long-term-organizational-loyalty/","1","true","true","true","true","true","true","true","Article | BlogPosting | BreadcrumbList | HowTo | Person","0","",""
"https://x3yyntt5tp-staging.wpdns.site/es/2025/12/10/top-strategies-to-boost-employee-retention-and-build-long-term-organizational-loyalty/","editorial-single","200","https://x3yyntt5tp-staging.wpdns.site/es/2025/12/10/top-strategies-to-boost-employee-retention-and-build-long-term-organizational-loyalty/","0","200 https://x3yyntt5tp-staging.wpdns.site/es/2025/12/10/top-strategies-to-boost-employee-retention-and-build-long-term-organizational-loyalty/?codex_technical=20260718","Artículo de Chroma: Estrategias clave para aumentar la retención…","La retención de empleados mide cuántas personas permanecen en tu organización a lo largo del tiempo. Fomentar la lealtad duradera requiere una inversión delibe…","max-image-preview:large","https://x3yyntt5tp-staging.wpdns.site/es/2025/12/10/top-strategies-to-boost-employee-retention-and-build-long-term-organizational-loyalty/","1","true","true","true","true","true","true","true","Article | BlogPosting | BreadcrumbList | HowTo | Person","0","",""
"https://x3yyntt5tp-staging.wpdns.site/2025/12/10/how-workplace-culture-shapes-employee-retention-key-factors-and-practical-strategies/","editorial-single","200","https://x3yyntt5tp-staging.wpdns.site/2025/12/10/how-workplace-culture-shapes-employee-retention-key-factors-and-practical-strategies/","0","200 https://x3yyntt5tp-staging.wpdns.site/2025/12/10/how-workplace-culture-shapes-employee-retention-key-factors-and-practical-strategies/?codex_technical=20260718","Employee Retention: Workplace Culture Strategies by Chroma","Explore how workplace culture influences employee retention and discover key factors and practical strategies to build a positive, engaging, and loyal workforce.","max-image-preview:large","https://x3yyntt5tp-staging.wpdns.site/2025/12/10/how-workplace-culture-shapes-employee-retention-key-factors-and-practical-strategies/","1","true","true","true","true","true","true","true","Article | BlogPosting | BreadcrumbList | HowTo | Person","0","",""
"https://x3yyntt5tp-staging.wpdns.site/es/2025/12/10/how-workplace-culture-shapes-employee-retention-key-factors-and-practical-strategies/","editorial-single","200","https://x3yyntt5tp-staging.wpdns.site/es/2025/12/10/how-workplace-culture-shapes-employee-retention-key-factors-and-practical-strategies/","0","200 https://x3yyntt5tp-staging.wpdns.site/es/2025/12/10/how-workplace-culture-shapes-employee-retention-key-factors-and-practical-strategies/?codex_technical=20260718","Artículo de Chroma: Cómo la cultura laboral moldea la retención…","La cultura laboral es el conjunto de valores, comportamientos y normas compartidas que dan forma a cómo se realiza el trabajo y cómo se sienten las personas en…","max-image-preview:large","https://x3yyntt5tp-staging.wpdns.site/es/2025/12/10/how-workplace-culture-shapes-employee-retention-key-factors-and-practical-strategies/","1","true","true","true","true","true","true","true","Article | BlogPosting | BreadcrumbList | HowTo | Person","0","",""
"https://x3yyntt5tp-staging.wpdns.site/2025/12/10/how-employee-benefits-surveys-boost-retention-and-support-business-growth/","editorial-single","200","https://x3yyntt5tp-staging.wpdns.site/2025/12/10/how-employee-benefits-surveys-boost-retention-and-support-business-growth/","0","200 https://x3yyntt5tp-staging.wpdns.site/2025/12/10/how-employee-benefits-surveys-boost-retention-and-support-business-growth/?codex_technical=20260718","Benefits Surveys: Boost Retention & Business Growth (2025)","Learn how employee benefits surveys improve retention, enhance job satisfaction, and support business growth by aligning benefits with workforce needs.","max-image-preview:large","https://x3yyntt5tp-staging.wpdns.site/2025/12/10/how-employee-benefits-surveys-boost-retention-and-support-business-growth/","1","true","true","true","true","true","true","true","Article | BlogPosting | BreadcrumbList | HowTo | Person","0","",""
"https://x3yyntt5tp-staging.wpdns.site/es/2025/12/10/how-employee-benefits-surveys-boost-retention-and-support-business-growth/","editorial-single","200","https://x3yyntt5tp-staging.wpdns.site/es/2025/12/10/how-employee-benefits-surveys-boost-retention-and-support-business-growth/","0","200 https://x3yyntt5tp-staging.wpdns.site/es/2025/12/10/how-employee-benefits-surveys-boost-retention-and-support-business-growth/?codex_technical=20260718","Artículo de Chroma: Cómo las encuestas de beneficios para emplea…","Las encuestas de beneficios para empleados convierten las preferencias, los niveles de satisfacción y los patrones de uso de los empleados en datos claros y pr…","max-image-preview:large","https://x3yyntt5tp-staging.wpdns.site/es/2025/12/10/how-employee-benefits-surveys-boost-retention-and-support-business-growth/","1","true","true","true","true","true","true","true","Article | BlogPosting | BreadcrumbList | HowTo | Person","0","",""
"https://x3yyntt5tp-staging.wpdns.site/2025/12/10/top-10-employee-retention-strategies-that-boost-job-satisfaction-and-cut-turnover/","editorial-single","200","https://x3yyntt5tp-staging.wpdns.site/2025/12/10/top-10-employee-retention-strategies-that-boost-job-satisfaction-and-cut-turnover/","0","200 https://x3yyntt5tp-staging.wpdns.site/2025/12/10/top-10-employee-retention-strategies-that-boost-job-satisfaction-and-cut-turnover/?codex_technical=20260718","Employee Retention: Top Strategies for Job Satisfaction","Discover the top 10 employee retention strategies that boost job satisfaction, reduce turnover, build loyalty, and create a positive workplace culture.","max-image-preview:large","https://x3yyntt5tp-staging.wpdns.site/2025/12/10/top-10-employee-retention-strategies-that-boost-job-satisfaction-and-cut-turnover/","1","true","true","true","true","true","true","true","Article | BlogPosting | BreadcrumbList | HowTo | Person","0","",""
"https://x3yyntt5tp-staging.wpdns.site/es/2025/12/10/top-10-employee-retention-strategies-that-boost-job-satisfaction-and-cut-turnover/","editorial-single","200","https://x3yyntt5tp-staging.wpdns.site/es/2025/12/10/top-10-employee-retention-strategies-that-boost-job-satisfaction-and-cut-turnover/","0","200 https://x3yyntt5tp-staging.wpdns.site/es/2025/12/10/top-10-employee-retention-strategies-that-boost-job-satisfaction-and-cut-turnover/?codex_technical=20260718","Artículo de Chroma: Las 10 principales estrategias de retención…","La retención de empleados significa mantener a las mejores personas comprometidas, productivas y dispuestas a quedarse, y eso es importante. Una alta retención…","max-image-preview:large","https://x3yyntt5tp-staging.wpdns.site/es/2025/12/10/top-10-employee-retention-strategies-that-boost-job-satisfaction-and-cut-turnover/","1","true","true","true","true","true","true","true","Article | BlogPosting | BreadcrumbList | HowTo | Person","0","",""
"https://x3yyntt5tp-staging.wpdns.site/2025/12/10/chroma-early-learning-academy-opens-registration-for-2025-summer-camp-and-georgia-pre-k-programs/","editorial-single","200","https://x3yyntt5tp-staging.wpdns.site/2025/12/10/chroma-early-learning-academy-opens-registration-for-2025-summer-camp-and-georgia-pre-k-programs/","0","200 https://x3yyntt5tp-staging.wpdns.site/2025/12/10/chroma-early-learning-academy-opens-registration-for-2025-summer-camp-and-georgia-pre-k-programs/?codex_technical=20260718","Chroma Academy: 2025 Summer Camp & Pre-K Registration","News provided by Chroma Early Learning Academy Apr 22, 2025, 08:00 ET ATLANTA, April 22, 2025 /PRNewswire/ — Chroma Early Learning Academy is excited to announce that registration is now open for...","max-image-preview:large","https://x3yyntt5tp-staging.wpdns.site/2025/12/10/chroma-early-learning-academy-opens-registration-for-2025-summer-camp-and-georgia-pre-k-programs/","1","true","true","true","true","true","true","true","Article | BlogPosting | BreadcrumbList | HowTo | Person","0","",""
"https://x3yyntt5tp-staging.wpdns.site/es/2025/12/10/chroma-early-learning-academy-opens-registration-for-2025-summer-camp-and-georgia-pre-k-programs/","editorial-single","200","https://x3yyntt5tp-staging.wpdns.site/es/2025/12/10/chroma-early-learning-academy-opens-registration-for-2025-summer-camp-and-georgia-pre-k-programs/","0","200 https://x3yyntt5tp-staging.wpdns.site/es/2025/12/10/chroma-early-learning-academy-opens-registration-for-2025-summer-camp-and-georgia-pre-k-programs/?codex_technical=20260718","Artículo de Chroma: Chroma Early Learning Academy abre inscripci…","Noticias proporcionadas por Chroma Early Learning Academy 22 de abril de 2025, 08:00 ET ATLANTA, 22 de abril de 2025 /PRNewswire/ -- Chroma Early Learning Acad…","max-image-preview:large","https://x3yyntt5tp-staging.wpdns.site/es/2025/12/10/chroma-early-learning-academy-opens-registration-for-2025-summer-camp-and-georgia-pre-k-programs/","1","true","true","true","true","true","true","true","Article | BlogPosting | BreadcrumbList | HowTo | Person","0","",""
"https://x3yyntt5tp-staging.wpdns.site/communities/","community-archive","200","https://x3yyntt5tp-staging.wpdns.site/communities/","0","200 https://x3yyntt5tp-staging.wpdns.site/communities/?codex_technical=20260718","Communities | Chroma Early Learning Academy","Explore Chroma communities across Georgia and find nearby campuses, programs, and tour information for your family.","","https://x3yyntt5tp-staging.wpdns.site/communities/","1","true","true","true","true","true","true","true","BreadcrumbList | CollectionPage","0","",""
"https://x3yyntt5tp-staging.wpdns.site/es/communities/","community-archive","200","https://x3yyntt5tp-staging.wpdns.site/es/communities/","0","200 https://x3yyntt5tp-staging.wpdns.site/es/communities/?codex_technical=20260718","Comunidades | Chroma Early Learning Academy","Explora las comunidades de Chroma en Georgia y encuentra campus cercanos, programas e información para recorridos.","","https://x3yyntt5tp-staging.wpdns.site/es/communities/","1","true","true","true","true","true","true","true","BreadcrumbList | CollectionPage","0","",""
"https://x3yyntt5tp-staging.wpdns.site/2025/12/09/chroma-early-learning-academy-design-principles-explained-understanding-the-chroma-spectrum-early-learning-framework/","editorial-single","200","https://x3yyntt5tp-staging.wpdns.site/2025/12/09/chroma-early-learning-academy-design-principles-explained-understanding-the-chroma-spectrum-early-learning-framework/","0","200 https://x3yyntt5tp-staging.wpdns.site/2025/12/09/chroma-early-learning-academy-design-principles-explained-understanding-the-chroma-spectrum-early-learning-framework/?codex_technical=20260718","Chroma Academy: Understanding the Chroma Learning Framework","Explore the Chroma Spectrum™ Early Learning Framework and discover how Chroma Early Learning Academy’s design principles support holistic child development and learning.","max-image-preview:large","https://x3yyntt5tp-staging.wpdns.site/2025/12/09/chroma-early-learning-academy-design-principles-explained-understanding-the-chroma-spectrum-early-learning-framework/","1","true","true","true","true","true","true","true","Article | BlogPosting | BreadcrumbList | HowTo | Person","0","",""
"https://x3yyntt5tp-staging.wpdns.site/es/2025/12/09/chroma-early-learning-academy-design-principles-explained-understanding-the-chroma-spectrum-early-learning-framework/","editorial-single","200","https://x3yyntt5tp-staging.wpdns.site/es/2025/12/09/chroma-early-learning-academy-design-principles-explained-understanding-the-chroma-spectrum-early-learning-framework/","0","200 https://x3yyntt5tp-staging.wpdns.site/es/2025/12/09/chroma-early-learning-academy-design-principles-explained-understanding-the-chroma-spectrum-early-learning-framework/?codex_technical=20260718","Artículo de Chroma: Principios de Diseño de Chroma Early Learnin…","El Marco de Aprendizaje Temprano Chroma Spectrum™ define un enfoque cohesivo y centrado en el niño para la educación infantil que combina intencionalmente el j…","max-image-preview:large","https://x3yyntt5tp-staging.wpdns.site/es/2025/12/09/chroma-early-learning-academy-design-principles-explained-understanding-the-chroma-spectrum-early-learning-framework/","1","true","true","true","true","true","true","true","Article | BlogPosting | BreadcrumbList | HowTo | Person","0","",""
"https://x3yyntt5tp-staging.wpdns.site/2025/12/09/integrating-technology-in-early-childhood-education-for-better-outcomes-benefits-tools-and-parental-guidance/","editorial-single","200","https://x3yyntt5tp-staging.wpdns.site/2025/12/09/integrating-technology-in-early-childhood-education-for-better-outcomes-benefits-tools-and-parental-guidance/","0","200 https://x3yyntt5tp-staging.wpdns.site/2025/12/09/integrating-technology-in-early-childhood-education-for-better-outcomes-benefits-tools-and-parental-guidance/?codex_technical=20260718","Tech in Early Childhood: Benefits and Guidance","Discover how integrating technology in early childhood education enhances learning. Explore benefits, essential tools, and parental guidance for better outcomes.","max-image-preview:large","https://x3yyntt5tp-staging.wpdns.site/2025/12/09/integrating-technology-in-early-childhood-education-for-better-outcomes-benefits-tools-and-parental-guidance/","1","true","true","true","true","true","true","true","Article | BlogPosting | BreadcrumbList | HowTo | Person","0","",""
"https://x3yyntt5tp-staging.wpdns.site/es/2025/12/09/integrating-technology-in-early-childhood-education-for-better-outcomes-benefits-tools-and-parental-guidance/","editorial-single","200","https://x3yyntt5tp-staging.wpdns.site/es/2025/12/09/integrating-technology-in-early-childhood-education-for-better-outcomes-benefits-tools-and-parental-guidance/","0","200 https://x3yyntt5tp-staging.wpdns.site/es/2025/12/09/integrating-technology-in-early-childhood-education-for-better-outcomes-benefits-tools-and-parental-guidance/?codex_technical=20260718","Artículo de Chroma: Integración de la tecnología en la educación…","La tecnología en la educación de la primera infancia se refiere a herramientas y prácticas digitales intencionales y apropiadas para el desarrollo que se utili…","max-image-preview:large","https://x3yyntt5tp-staging.wpdns.site/es/2025/12/09/integrating-technology-in-early-childhood-education-for-better-outcomes-benefits-tools-and-parental-guidance/","1","true","true","true","true","true","true","true","Article | BlogPosting | BreadcrumbList | HowTo | Person","0","",""
"https://x3yyntt5tp-staging.wpdns.site/locations/","location-directory","200","https://x3yyntt5tp-staging.wpdns.site/locations/","0","200 https://x3yyntt5tp-staging.wpdns.site/locations/?codex_technical=20260718","Locations | Chroma Early Learning Academy","Explore Chroma locations across Metro Atlanta and find the campus, programs, and tour options that fit your family.","","https://x3yyntt5tp-staging.wpdns.site/locations/","1","true","true","true","true","true","true","true","BreadcrumbList | CollectionPage","0","",""
"https://x3yyntt5tp-staging.wpdns.site/es/locations/","location-directory","200","https://x3yyntt5tp-staging.wpdns.site/es/locations/","0","200 https://x3yyntt5tp-staging.wpdns.site/es/locations/?codex_technical=20260718","Ubicaciones | Chroma Early Learning Academy","Explora las ubicaciones de Chroma en Metro Atlanta y encuentra el campus, los programas y los recorridos ideales para tu familia.","","https://x3yyntt5tp-staging.wpdns.site/es/locations/","1","true","true","true","true","true","true","true","BreadcrumbList | CollectionPage","0","",""
"https://x3yyntt5tp-staging.wpdns.site/2025/12/04/the-importance-of-play-in-early-childhood-development-benefits-activities-and-learning-outcomes/","editorial-single","200","https://x3yyntt5tp-staging.wpdns.site/2025/12/04/the-importance-of-play-in-early-childhood-development-benefits-activities-and-learning-outcomes/","0","200 https://x3yyntt5tp-staging.wpdns.site/2025/12/04/the-importance-of-play-in-early-childhood-development-benefits-activities-and-learning-outcomes/?codex_technical=20260718","Play in Early Childhood: Benefits & Activities (2025)","Play is essential for early childhood development. Discover the benefits, learning outcomes, and effective play-based activities that support your child’s growth.","max-image-preview:large","https://x3yyntt5tp-staging.wpdns.site/2025/12/04/the-importance-of-play-in-early-childhood-development-benefits-activities-and-learning-outcomes/","1","true","true","true","true","true","true","true","Article | BlogPosting | BreadcrumbList | HowTo | Person","0","",""
"https://x3yyntt5tp-staging.wpdns.site/es/2025/12/04/the-importance-of-play-in-early-childhood-development-benefits-activities-and-learning-outcomes/","editorial-single","200","https://x3yyntt5tp-staging.wpdns.site/es/2025/12/04/the-importance-of-play-in-early-childhood-development-benefits-activities-and-learning-outcomes/","0","200 https://x3yyntt5tp-staging.wpdns.site/es/2025/12/04/the-importance-of-play-in-early-childhood-development-benefits-activities-and-learning-outcomes/?codex_technical=20260718","Artículo de Chroma: La Importancia del Juego en el Desarrollo In…","El juego es el mecanismo de aprendizaje esencial de los niños, que dirige la exploración, la repetición y la interacción social que juntos construyen vías neur…","max-image-preview:large","https://x3yyntt5tp-staging.wpdns.site/es/2025/12/04/the-importance-of-play-in-early-childhood-development-benefits-activities-and-learning-outcomes/","1","true","true","true","true","true","true","true","Article | BlogPosting | BreadcrumbList | HowTo | Person","0","",""
"https://x3yyntt5tp-staging.wpdns.site/2025/12/04/essential-technology-tools-for-early-childhood-learning-benefits-applications-and-parent-guidance/","editorial-single","200","https://x3yyntt5tp-staging.wpdns.site/2025/12/04/essential-technology-tools-for-early-childhood-learning-benefits-applications-and-parent-guidance/","0","200 https://x3yyntt5tp-staging.wpdns.site/2025/12/04/essential-technology-tools-for-early-childhood-learning-benefits-applications-and-parent-guidance/?codex_technical=20260718","Tech Tools for Early Learning: Chroma's Parent Guide (2025)","Discover the most essential technology tools for early childhood learning, including digital apps, interactive devices, and classroom tools that boost cognitive development, early literacy, and problem-solving skills. Learn how parents...","max-image-preview:large","https://x3yyntt5tp-staging.wpdns.site/2025/12/04/essential-technology-tools-for-early-childhood-learning-benefits-applications-and-parent-guidance/","1","true","true","true","true","true","true","true","Article | BlogPosting | BreadcrumbList | HowTo | Person","0","",""
"https://x3yyntt5tp-staging.wpdns.site/es/2025/12/04/essential-technology-tools-for-early-childhood-learning-benefits-applications-and-parent-guidance/","editorial-single","200","https://x3yyntt5tp-staging.wpdns.site/es/2025/12/04/essential-technology-tools-for-early-childhood-learning-benefits-applications-and-parent-guidance/","0","200 https://x3yyntt5tp-staging.wpdns.site/es/2025/12/04/essential-technology-tools-for-early-childhood-learning-benefits-applications-and-parent-guidance/?codex_technical=20260718","Artículo de Chroma: Herramientas Tecnológicas Esenciales para el…","La tecnología educativa en la primera infancia se refiere a herramientas digitales y dispositivos interactivos diseñados intencionalmente para apoyar el aprend…","max-image-preview:large","https://x3yyntt5tp-staging.wpdns.site/es/2025/12/04/essential-technology-tools-for-early-childhood-learning-benefits-applications-and-parent-guidance/","1","true","true","true","true","true","true","true","Article | BlogPosting | BreadcrumbList | HowTo | Person","0","",""
"https://x3yyntt5tp-staging.wpdns.site/2025/12/04/why-early-childhood-education-matters-for-development-key-benefits-and-parental-guidance/","editorial-single","200","https://x3yyntt5tp-staging.wpdns.site/2025/12/04/why-early-childhood-education-matters-for-development-key-benefits-and-parental-guidance/","0","200 https://x3yyntt5tp-staging.wpdns.site/2025/12/04/why-early-childhood-education-matters-for-development-key-benefits-and-parental-guidance/?codex_technical=20260718","ECE Matters: Benefits & Guidance for Parents","Early childhood education builds strong cognitive, social, and emotional skills. Discover key benefits, developmental impact, and expert guidance for parents.","max-image-preview:large","https://x3yyntt5tp-staging.wpdns.site/2025/12/04/why-early-childhood-education-matters-for-development-key-benefits-and-parental-guidance/","1","true","true","true","true","true","true","true","Article | BlogPosting | BreadcrumbList | HowTo | Person","0","",""
"https://x3yyntt5tp-staging.wpdns.site/es/2025/12/04/why-early-childhood-education-matters-for-development-key-benefits-and-parental-guidance/","editorial-single","200","https://x3yyntt5tp-staging.wpdns.site/es/2025/12/04/why-early-childhood-education-matters-for-development-key-benefits-and-parental-guidance/","0","200 https://x3yyntt5tp-staging.wpdns.site/es/2025/12/04/why-early-childhood-education-matters-for-development-key-benefits-and-parental-guidance/?codex_technical=20260718","Artículo de Chroma: Por qué la Educación Infantil Temprana Impor…","La educación infantil temprana (EIT) es la provisión estructurada de aprendizaje, cuidado e interacciones de apoyo para los niños en sus primeros años, y molde…","max-image-preview:large","https://x3yyntt5tp-staging.wpdns.site/es/2025/12/04/why-early-childhood-education-matters-for-development-key-benefits-and-parental-guidance/","1","true","true","true","true","true","true","true","Article | BlogPosting | BreadcrumbList | HowTo | Person","0","",""
"https://x3yyntt5tp-staging.wpdns.site/2025/12/04/chroma-early-learning-academy-enrollment-faqs-you-need-to-know-complete-guide-to-programs-process-and-parent-resources/","editorial-single","200","https://x3yyntt5tp-staging.wpdns.site/2025/12/04/chroma-early-learning-academy-enrollment-faqs-you-need-to-know-complete-guide-to-programs-process-and-parent-resources/","0","200 https://x3yyntt5tp-staging.wpdns.site/2025/12/04/chroma-early-learning-academy-enrollment-faqs-you-need-to-know-complete-guide-to-programs-process-and-parent-resources/?codex_technical=20260718","Chroma Academy Enrollment: Programs & Process Guide","Get answers to all Chroma Early Learning Academy enrollment FAQs. Learn about programs, admission steps, age requirements, tuition, and parent resources in one guide.","max-image-preview:large","https://x3yyntt5tp-staging.wpdns.site/2025/12/04/chroma-early-learning-academy-enrollment-faqs-you-need-to-know-complete-guide-to-programs-process-and-parent-resources/","1","true","true","true","true","true","true","true","Article | BlogPosting | BreadcrumbList | HowTo | Person","0","",""
"https://x3yyntt5tp-staging.wpdns.site/es/2025/12/04/chroma-early-learning-academy-enrollment-faqs-you-need-to-know-complete-guide-to-programs-process-and-parent-resources/","editorial-single","200","https://x3yyntt5tp-staging.wpdns.site/es/2025/12/04/chroma-early-learning-academy-enrollment-faqs-you-need-to-know-complete-guide-to-programs-process-and-parent-resources/","0","200 https://x3yyntt5tp-staging.wpdns.site/es/2025/12/04/chroma-early-learning-academy-enrollment-faqs-you-need-to-know-complete-guide-to-programs-process-and-parent-resources/?codex_technical=20260718","Artículo de Chroma: Preguntas Frecuentes sobre la Inscripción en…","Esta guía responde a las preguntas más comunes de los padres sobre la inscripción en Chroma Early Learning Academy y explica los programas, los pasos, las tari…","max-image-preview:large","https://x3yyntt5tp-staging.wpdns.site/es/2025/12/04/chroma-early-learning-academy-enrollment-faqs-you-need-to-know-complete-guide-to-programs-process-and-parent-resources/","1","true","true","true","true","true","true","true","Article | BlogPosting | BreadcrumbList | HowTo | Person","0","",""
"https://x3yyntt5tp-staging.wpdns.site/2025/12/04/comparing-chroma-early-learning-academys-quality-to-other-local-preschools-a-detailed-analysis-of-early-childhood-education-standards-and-programs/","editorial-single","200","https://x3yyntt5tp-staging.wpdns.site/2025/12/04/comparing-chroma-early-learning-academys-quality-to-other-local-preschools-a-detailed-analysis-of-early-childhood-education-standards-and-programs/","0","200 https://x3yyntt5tp-staging.wpdns.site/2025/12/04/comparing-chroma-early-learning-academys-quality-to-other-local-preschools-a-detailed-analysis-of-early-childhood-education-standards-and-programs/?codex_technical=20260718","Chroma Academy: Preschool Quality Comparison in 2025","Compare Chroma Early Learning Academy to other local preschools with a detailed analysis of curriculum quality, teacher qualifications, safety standards, and program outcomes—so parents can choose the best early education...","max-image-preview:large","https://x3yyntt5tp-staging.wpdns.site/2025/12/04/comparing-chroma-early-learning-academys-quality-to-other-local-preschools-a-detailed-analysis-of-early-childhood-education-standards-and-programs/","1","true","true","true","true","true","true","true","Article | BlogPosting | BreadcrumbList | HowTo | Person","0","",""
"https://x3yyntt5tp-staging.wpdns.site/es/2025/12/04/comparing-chroma-early-learning-academys-quality-to-other-local-preschools-a-detailed-analysis-of-early-childhood-education-standards-and-programs/","editorial-single","200","https://x3yyntt5tp-staging.wpdns.site/es/2025/12/04/comparing-chroma-early-learning-academys-quality-to-other-local-preschools-a-detailed-analysis-of-early-childhood-education-standards-and-programs/","0","200 https://x3yyntt5tp-staging.wpdns.site/es/2025/12/04/comparing-chroma-early-learning-academys-quality-to-other-local-preschools-a-detailed-analysis-of-early-childhood-education-standards-and-programs/?codex_technical=20260718","Artículo de Chroma: Comparación de la Calidad de Chroma Early Le…","La educación preescolar de alta calidad combina estándares claros del programa, educadores capacitados, entornos seguros y planes de estudio que producen ganan…","max-image-preview:large","https://x3yyntt5tp-staging.wpdns.site/es/2025/12/04/comparing-chroma-early-learning-academys-quality-to-other-local-preschools-a-detailed-analysis-of-early-childhood-education-standards-and-programs/","1","true","true","true","true","true","true","true","Article | BlogPosting | BreadcrumbList | HowTo | Person","0","",""
"https://x3yyntt5tp-staging.wpdns.site/2025/12/04/flexible-learning-areas-for-toddlers-explained-benefits-design-and-adaptable-classroom-ideas/","editorial-single","200","https://x3yyntt5tp-staging.wpdns.site/2025/12/04/flexible-learning-areas-for-toddlers-explained-benefits-design-and-adaptable-classroom-ideas/","0","200 https://x3yyntt5tp-staging.wpdns.site/2025/12/04/flexible-learning-areas-for-toddlers-explained-benefits-design-and-adaptable-classroom-ideas/?codex_technical=20260718","Toddler Learning Areas: Design & Classroom Ideas | 2025","Flexible learning areas help toddlers explore, play, and learn with ease. Discover benefits, classroom design tips, and adaptable ideas that boost early development.","max-image-preview:large","https://x3yyntt5tp-staging.wpdns.site/2025/12/04/flexible-learning-areas-for-toddlers-explained-benefits-design-and-adaptable-classroom-ideas/","1","true","true","true","true","true","true","true","Article | BlogPosting | BreadcrumbList | HowTo | Person","0","",""
"https://x3yyntt5tp-staging.wpdns.site/es/2025/12/04/flexible-learning-areas-for-toddlers-explained-benefits-design-and-adaptable-classroom-ideas/","editorial-single","200","https://x3yyntt5tp-staging.wpdns.site/es/2025/12/04/flexible-learning-areas-for-toddlers-explained-benefits-design-and-adaptable-classroom-ideas/","0","200 https://x3yyntt5tp-staging.wpdns.site/es/2025/12/04/flexible-learning-areas-for-toddlers-explained-benefits-design-and-adaptable-classroom-ideas/?codex_technical=20260718","Artículo de Chroma: Áreas de aprendizaje flexibles para niños pe…","Las áreas de aprendizaje flexibles para niños pequeños son espacios organizados intencionalmente que se adaptan a las necesidades cambiantes de un niño, permit…","max-image-preview:large","https://x3yyntt5tp-staging.wpdns.site/es/2025/12/04/flexible-learning-areas-for-toddlers-explained-benefits-design-and-adaptable-classroom-ideas/","1","true","true","true","true","true","true","true","Article | BlogPosting | BreadcrumbList | HowTo | Person","0","",""
"https://x3yyntt5tp-staging.wpdns.site/2025/12/04/safe-and-stimulating-learning-environments-for-early-learners-ensuring-childcare-safety-and-engaging-developmental-activities/","editorial-single","200","https://x3yyntt5tp-staging.wpdns.site/2025/12/04/safe-and-stimulating-learning-environments-for-early-learners-ensuring-childcare-safety-and-engaging-developmental-activities/","0","200 https://x3yyntt5tp-staging.wpdns.site/2025/12/04/safe-and-stimulating-learning-environments-for-early-learners-ensuring-childcare-safety-and-engaging-developmental-activities/?codex_technical=20260718","Chroma Academy: Safe & Engaging Early Learning in 2025","Create a safe, stimulating learning environment for early learners with effective childcare safety practices, engaging developmental activities, and structured classroom design. Learn how quality preschool settings support healthy growth, confidence,...","max-image-preview:large","https://x3yyntt5tp-staging.wpdns.site/2025/12/04/safe-and-stimulating-learning-environments-for-early-learners-ensuring-childcare-safety-and-engaging-developmental-activities/","1","true","true","true","true","true","true","true","Article | BlogPosting | BreadcrumbList | HowTo | Person","0","",""
"https://x3yyntt5tp-staging.wpdns.site/es/2025/12/04/safe-and-stimulating-learning-environments-for-early-learners-ensuring-childcare-safety-and-engaging-developmental-activities/","editorial-single","200","https://x3yyntt5tp-staging.wpdns.site/es/2025/12/04/safe-and-stimulating-learning-environments-for-early-learners-ensuring-childcare-safety-and-engaging-developmental-activities/","0","200 https://x3yyntt5tp-staging.wpdns.site/es/2025/12/04/safe-and-stimulating-learning-environments-for-early-learners-ensuring-childcare-safety-and-engaging-developmental-activities/?codex_technical=20260718","Artículo de Chroma: Entornos de aprendizaje seguros y estimulant…","Los entornos de aprendizaje seguros y estimulantes combinan prácticas rigurosas de seguridad con oportunidades de aprendizaje apropiadas para el desarrollo par…","max-image-preview:large","https://x3yyntt5tp-staging.wpdns.site/es/2025/12/04/safe-and-stimulating-learning-environments-for-early-learners-ensuring-childcare-safety-and-engaging-developmental-activities/","1","true","true","true","true","true","true","true","Article | BlogPosting | BreadcrumbList | HowTo | Person","0","",""
"https://x3yyntt5tp-staging.wpdns.site/2025/12/04/how-integrating-technology-in-early-childhood-curriculum-boosts-learning-and-prepares-children-for-the-future/","editorial-single","200","https://x3yyntt5tp-staging.wpdns.site/2025/12/04/how-integrating-technology-in-early-childhood-curriculum-boosts-learning-and-prepares-children-for-the-future/","0","200 https://x3yyntt5tp-staging.wpdns.site/2025/12/04/how-integrating-technology-in-early-childhood-curriculum-boosts-learning-and-prepares-children-for-the-future/?codex_technical=20260718","Technology in Early Childhood: Boost Learning at Chroma","Discover how integrating technology in early childhood curriculum boosts cognitive development, digital literacy, problem-solving skills, and classroom engagement—helping young children prepare for future academic success.","max-image-preview:large","https://x3yyntt5tp-staging.wpdns.site/2025/12/04/how-integrating-technology-in-early-childhood-curriculum-boosts-learning-and-prepares-children-for-the-future/","1","true","true","true","true","true","true","true","Article | BlogPosting | BreadcrumbList | HowTo | Person","0","",""
"https://x3yyntt5tp-staging.wpdns.site/es/2025/12/04/how-integrating-technology-in-early-childhood-curriculum-boosts-learning-and-prepares-children-for-the-future/","editorial-single","200","https://x3yyntt5tp-staging.wpdns.site/es/2025/12/04/how-integrating-technology-in-early-childhood-curriculum-boosts-learning-and-prepares-children-for-the-future/","0","200 https://x3yyntt5tp-staging.wpdns.site/es/2025/12/04/how-integrating-technology-in-early-childhood-curriculum-boosts-learning-and-prepares-children-for-the-future/?codex_technical=20260718","Artículo de Chroma: Cómo la Integración de la Tecnología en el C…","La integración de la tecnología en el currículo de la primera infancia se refiere al uso intencionado de herramientas digitales y multimedia para apoyar objeti…","max-image-preview:large","https://x3yyntt5tp-staging.wpdns.site/es/2025/12/04/how-integrating-technology-in-early-childhood-curriculum-boosts-learning-and-prepares-children-for-the-future/","1","true","true","true","true","true","true","true","Article | BlogPosting | BreadcrumbList | HowTo | Person","0","",""
"https://x3yyntt5tp-staging.wpdns.site/2025/12/03/how-preschool-prepares-children-for-kindergarten-success-benefits-skills-and-readiness-strategies/","editorial-single","200","https://x3yyntt5tp-staging.wpdns.site/2025/12/03/how-preschool-prepares-children-for-kindergarten-success-benefits-skills-and-readiness-strategies/","0","200 https://x3yyntt5tp-staging.wpdns.site/2025/12/03/how-preschool-prepares-children-for-kindergarten-success-benefits-skills-and-readiness-strategies/?codex_technical=20260718","Kindergarten Readiness: Essential Skills for Success","Discover how preschool prepares children for kindergarten success through early learning skills, social development, routines, and readiness strategies for parents.","max-image-preview:large","https://x3yyntt5tp-staging.wpdns.site/2025/12/03/how-preschool-prepares-children-for-kindergarten-success-benefits-skills-and-readiness-strategies/","1","true","true","true","true","true","true","true","Article | BlogPosting | BreadcrumbList | HowTo | Person","0","",""
"https://x3yyntt5tp-staging.wpdns.site/es/2025/12/03/how-preschool-prepares-children-for-kindergarten-success-benefits-skills-and-readiness-strategies/","editorial-single","200","https://x3yyntt5tp-staging.wpdns.site/es/2025/12/03/how-preschool-prepares-children-for-kindergarten-success-benefits-skills-and-readiness-strategies/","0","200 https://x3yyntt5tp-staging.wpdns.site/es/2025/12/03/how-preschool-prepares-children-for-kindergarten-success-benefits-skills-and-readiness-strategies/?codex_technical=20260718","Artículo de Chroma: Cómo la educación preescolar prepara a los n…","La preparación para el jardín de infantes es la combinación de habilidades socioemocionales, académicas y de autocuidado que permiten a un niño participar con…","max-image-preview:large","https://x3yyntt5tp-staging.wpdns.site/es/2025/12/03/how-preschool-prepares-children-for-kindergarten-success-benefits-skills-and-readiness-strategies/","1","true","true","true","true","true","true","true","Article | BlogPosting | BreadcrumbList | HowTo | Person","0","",""
"https://x3yyntt5tp-staging.wpdns.site/2025/12/03/key-signs-your-child-is-ready-for-kindergarten-academic-and-social-readiness-indicators-for-parents/","editorial-single","200","https://x3yyntt5tp-staging.wpdns.site/2025/12/03/key-signs-your-child-is-ready-for-kindergarten-academic-and-social-readiness-indicators-for-parents/","0","200 https://x3yyntt5tp-staging.wpdns.site/2025/12/03/key-signs-your-child-is-ready-for-kindergarten-academic-and-social-readiness-indicators-for-parents/?codex_technical=20260718","Kindergarten Readiness Guide: Signs & Skills (2025)","Discover the key academic, social, emotional, and behavioral signs that show your child is ready for kindergarten. Learn how to assess early readiness and support a smooth transition to school.","max-image-preview:large","https://x3yyntt5tp-staging.wpdns.site/2025/12/03/key-signs-your-child-is-ready-for-kindergarten-academic-and-social-readiness-indicators-for-parents/","1","true","true","true","true","true","true","true","Article | BlogPosting | BreadcrumbList | HowTo | Person","0","",""
"https://x3yyntt5tp-staging.wpdns.site/es/2025/12/03/key-signs-your-child-is-ready-for-kindergarten-academic-and-social-readiness-indicators-for-parents/","editorial-single","200","https://x3yyntt5tp-staging.wpdns.site/es/2025/12/03/key-signs-your-child-is-ready-for-kindergarten-academic-and-social-readiness-indicators-for-parents/","0","200 https://x3yyntt5tp-staging.wpdns.site/es/2025/12/03/key-signs-your-child-is-ready-for-kindergarten-academic-and-social-readiness-indicators-for-parents/?codex_technical=20260718","Artículo de Chroma: Señales Clave de que tu Hijo está Listo para…","La preparación para el Jardín de Infancia es un conjunto integral de habilidades académicas, socioemocionales, físicas y de independencia que juntas predicen u…","max-image-preview:large","https://x3yyntt5tp-staging.wpdns.site/es/2025/12/03/key-signs-your-child-is-ready-for-kindergarten-academic-and-social-readiness-indicators-for-parents/","1","true","true","true","true","true","true","true","Article | BlogPosting | BreadcrumbList | HowTo | Person","0","",""
"https://x3yyntt5tp-staging.wpdns.site/2025/12/03/the-critical-role-of-a-structured-curriculum-in-early-childhood-education-success-benefits-impact-and-kindergarten-readiness/","editorial-single","200","https://x3yyntt5tp-staging.wpdns.site/2025/12/03/the-critical-role-of-a-structured-curriculum-in-early-childhood-education-success-benefits-impact-and-kindergarten-readiness/","0","200 https://x3yyntt5tp-staging.wpdns.site/2025/12/03/the-critical-role-of-a-structured-curriculum-in-early-childhood-education-success-benefits-impact-and-kindergarten-readiness/?codex_technical=20260718","Early Childhood Curriculum: Benefits & Readiness","Discover why a structured curriculum is essential in early childhood education. Learn how organized learning frameworks improve developmental outcomes, support cognitive growth, and prepare children for kindergarten success.","max-image-preview:large","https://x3yyntt5tp-staging.wpdns.site/2025/12/03/the-critical-role-of-a-structured-curriculum-in-early-childhood-education-success-benefits-impact-and-kindergarten-readiness/","1","true","true","true","true","true","true","true","Article | BlogPosting | BreadcrumbList | HowTo | Person","0","",""
"https://x3yyntt5tp-staging.wpdns.site/es/2025/12/03/the-critical-role-of-a-structured-curriculum-in-early-childhood-education-success-benefits-impact-and-kindergarten-readiness/","editorial-single","200","https://x3yyntt5tp-staging.wpdns.site/es/2025/12/03/the-critical-role-of-a-structured-curriculum-in-early-childhood-education-success-benefits-impact-and-kindergarten-readiness/","0","200 https://x3yyntt5tp-staging.wpdns.site/es/2025/12/03/the-critical-role-of-a-structured-curriculum-in-early-childhood-education-success-benefits-impact-and-kindergarten-readiness/?codex_technical=20260718","Artículo de Chroma: El Rol Crítico de un Currículo Estructurado…","Un currículo estructurado en la educación infantil es un marco intencional y secuencial de metas de aprendizaje, rutinas, evaluaciones y experiencias guiadas p…","max-image-preview:large","https://x3yyntt5tp-staging.wpdns.site/es/2025/12/03/the-critical-role-of-a-structured-curriculum-in-early-childhood-education-success-benefits-impact-and-kindergarten-readiness/","1","true","true","true","true","true","true","true","Article | BlogPosting | BreadcrumbList | HowTo | Person","0","",""
"https://x3yyntt5tp-staging.wpdns.site/2025/12/03/early-childhood-assessment-methods-explained-comprehensive-guide-to-child-development-and-kindergarten-readiness/","editorial-single","200","https://x3yyntt5tp-staging.wpdns.site/2025/12/03/early-childhood-assessment-methods-explained-comprehensive-guide-to-child-development-and-kindergarten-readiness/","0","200 https://x3yyntt5tp-staging.wpdns.site/2025/12/03/early-childhood-assessment-methods-explained-comprehensive-guide-to-child-development-and-kindergarten-readiness/?codex_technical=20260718","Childhood Assessment: Kindergarten Readiness Guide (2025)","A complete guide to early childhood assessment methods, including developmental evaluations, observation techniques, and school readiness tools. Learn how assessments support child development and kindergarten readiness.","max-image-preview:large","https://x3yyntt5tp-staging.wpdns.site/2025/12/03/early-childhood-assessment-methods-explained-comprehensive-guide-to-child-development-and-kindergarten-readiness/","1","true","true","true","true","true","true","true","Article | BlogPosting | BreadcrumbList | HowTo | Person","0","",""
"https://x3yyntt5tp-staging.wpdns.site/es/2025/12/03/early-childhood-assessment-methods-explained-comprehensive-guide-to-child-development-and-kindergarten-readiness/","editorial-single","200","https://x3yyntt5tp-staging.wpdns.site/es/2025/12/03/early-childhood-assessment-methods-explained-comprehensive-guide-to-child-development-and-kindergarten-readiness/","0","200 https://x3yyntt5tp-staging.wpdns.site/es/2025/12/03/early-childhood-assessment-methods-explained-comprehensive-guide-to-child-development-and-kindergarten-readiness/?codex_technical=20260718","Artículo de Chroma: Métodos de Evaluación de la Primera Infancia…","Los métodos de evaluación de la primera infancia son herramientas prácticas que los educadores y cuidadores utilizan para observar, documentar y apoyar el prog…","max-image-preview:large","https://x3yyntt5tp-staging.wpdns.site/es/2025/12/03/early-childhood-assessment-methods-explained-comprehensive-guide-to-child-development-and-kindergarten-readiness/","1","true","true","true","true","true","true","true","Article | BlogPosting | BreadcrumbList | HowTo | Person","0","",""
"https://x3yyntt5tp-staging.wpdns.site/2025/12/03/how-parent-involvement-shapes-curriculum-success-in-early-learning/","editorial-single","200","https://x3yyntt5tp-staging.wpdns.site/2025/12/03/how-parent-involvement-shapes-curriculum-success-in-early-learning/","0","200 https://x3yyntt5tp-staging.wpdns.site/2025/12/03/how-parent-involvement-shapes-curriculum-success-in-early-learning/?codex_technical=20260718","Parent Involvement: Shaping Early Learning Success","Discover how parent involvement strengthens curriculum success in early learning. Learn why family engagement boosts academic outcomes, supports child development, and improves classroom effectiveness.","max-image-preview:large","https://x3yyntt5tp-staging.wpdns.site/2025/12/03/how-parent-involvement-shapes-curriculum-success-in-early-learning/","1","true","true","true","true","true","true","true","Article | BlogPosting | BreadcrumbList | HowTo | Person","0","",""
"https://x3yyntt5tp-staging.wpdns.site/es/2025/12/03/how-parent-involvement-shapes-curriculum-success-in-early-learning/","editorial-single","200","https://x3yyntt5tp-staging.wpdns.site/es/2025/12/03/how-parent-involvement-shapes-curriculum-success-in-early-learning/","0","200 https://x3yyntt5tp-staging.wpdns.site/es/2025/12/03/how-parent-involvement-shapes-curriculum-success-in-early-learning/?codex_technical=20260718","Artículo de Chroma: Cómo la participación de los padres moldea e…","La participación de los padres en el aprendizaje temprano describe la asociación activa entre familias y educadores para apoyar el currículo, el desarrollo y l…","max-image-preview:large","https://x3yyntt5tp-staging.wpdns.site/es/2025/12/03/how-parent-involvement-shapes-curriculum-success-in-early-learning/","1","true","true","true","true","true","true","true","Article | BlogPosting | BreadcrumbList | HowTo | Person","0","",""
"https://x3yyntt5tp-staging.wpdns.site/2025/12/03/10-practical-steps-to-budget-for-your-childs-early-education-expenses-year-round/","editorial-single","200","https://x3yyntt5tp-staging.wpdns.site/2025/12/03/10-practical-steps-to-budget-for-your-childs-early-education-expenses-year-round/","0","200 https://x3yyntt5tp-staging.wpdns.site/2025/12/03/10-practical-steps-to-budget-for-your-childs-early-education-expenses-year-round/?codex_technical=20260718","Budgeting Childcare: 10 Steps for Families | Chroma Academy","Discover 10 practical steps to budget for your child’s early education expenses year-round. Learn how to plan, save, and manage preschool or daycare costs effectively with smart financial strategies.","max-image-preview:large","https://x3yyntt5tp-staging.wpdns.site/2025/12/03/10-practical-steps-to-budget-for-your-childs-early-education-expenses-year-round/","1","true","true","true","true","true","true","true","Article | BlogPosting | BreadcrumbList | HowTo | Person","0","",""
"https://x3yyntt5tp-staging.wpdns.site/es/2025/12/03/10-practical-steps-to-budget-for-your-childs-early-education-expenses-year-round/","editorial-single","200","https://x3yyntt5tp-staging.wpdns.site/es/2025/12/03/10-practical-steps-to-budget-for-your-childs-early-education-expenses-year-round/","0","200 https://x3yyntt5tp-staging.wpdns.site/es/2025/12/03/10-practical-steps-to-budget-for-your-childs-early-education-expenses-year-round/?codex_technical=20260718","Artículo de Chroma: 10 Pasos Prácticos para Presupuestar los Gas…","Equilibrar las finanzas familiares mientras se invierte en educación de primera infancia requiere un plan claro y anual que contemple la matrícula, las tarifas…","max-image-preview:large","https://x3yyntt5tp-staging.wpdns.site/es/2025/12/03/10-practical-steps-to-budget-for-your-childs-early-education-expenses-year-round/","1","true","true","true","true","true","true","true","Article | BlogPosting | BreadcrumbList | HowTo | Person","0","",""
"https://x3yyntt5tp-staging.wpdns.site/2025/12/03/chroma-academy-teaching-staff-who-educates-your-child-and-how-their-qualifications-ensure-quality-early-childhood-education/","editorial-single","200","https://x3yyntt5tp-staging.wpdns.site/2025/12/03/chroma-academy-teaching-staff-who-educates-your-child-and-how-their-qualifications-ensure-quality-early-childhood-education/","0","200 https://x3yyntt5tp-staging.wpdns.site/2025/12/03/chroma-academy-teaching-staff-who-educates-your-child-and-how-their-qualifications-ensure-quality-early-childhood-education/?codex_technical=20260718","Chroma Academy: Quality Early Childhood Education & Teachers","Learn how Chroma Academy’s highly qualified teaching staff supports your child’s growth. Explore their certifications, training, experience, and commitment to delivering exceptional early childhood education.","max-image-preview:large","https://x3yyntt5tp-staging.wpdns.site/2025/12/03/chroma-academy-teaching-staff-who-educates-your-child-and-how-their-qualifications-ensure-quality-early-childhood-education/","1","true","true","true","true","true","true","true","Article | BlogPosting | BreadcrumbList | HowTo | Person","0","",""
"https://x3yyntt5tp-staging.wpdns.site/es/2025/12/03/chroma-academy-teaching-staff-who-educates-your-child-and-how-their-qualifications-ensure-quality-early-childhood-education/","editorial-single","200","https://x3yyntt5tp-staging.wpdns.site/es/2025/12/03/chroma-academy-teaching-staff-who-educates-your-child-and-how-their-qualifications-ensure-quality-early-childhood-education/","0","200 https://x3yyntt5tp-staging.wpdns.site/es/2025/12/03/chroma-academy-teaching-staff-who-educates-your-child-and-how-their-qualifications-ensure-quality-early-childhood-education/?codex_technical=20260718","Artículo de Chroma: Personal Docente de Chroma Academy: Quién ed…","El personal docente de Chroma Academy son los profesionales que diseñan y ofrecen experiencias de aprendizaje temprano que apoyan el desarrollo infantil, y sus…","max-image-preview:large","https://x3yyntt5tp-staging.wpdns.site/es/2025/12/03/chroma-academy-teaching-staff-who-educates-your-child-and-how-their-qualifications-ensure-quality-early-childhood-education/","1","true","true","true","true","true","true","true","Article | BlogPosting | BreadcrumbList | HowTo | Person","0","",""
"https://x3yyntt5tp-staging.wpdns.site/2025/12/03/why-preschool-education-is-crucial-for-early-development-key-benefits-and-preparation-for-lifelong-success/","editorial-single","200","https://x3yyntt5tp-staging.wpdns.site/2025/12/03/why-preschool-education-is-crucial-for-early-development-key-benefits-and-preparation-for-lifelong-success/","0","200 https://x3yyntt5tp-staging.wpdns.site/2025/12/03/why-preschool-education-is-crucial-for-early-development-key-benefits-and-preparation-for-lifelong-success/?codex_technical=20260718","Preschool Benefits: Prepare for Lifelong Success | Chroma","Discover why preschool education is crucial for early childhood development. Learn the key cognitive, social, emotional, and academic benefits that help prepare your child for lifelong success.","max-image-preview:large","https://x3yyntt5tp-staging.wpdns.site/2025/12/03/why-preschool-education-is-crucial-for-early-development-key-benefits-and-preparation-for-lifelong-success/","1","true","true","true","true","true","true","true","Article | BlogPosting | BreadcrumbList | HowTo | Person","0","",""
"https://x3yyntt5tp-staging.wpdns.site/es/2025/12/03/why-preschool-education-is-crucial-for-early-development-key-benefits-and-preparation-for-lifelong-success/","editorial-single","200","https://x3yyntt5tp-staging.wpdns.site/es/2025/12/03/why-preschool-education-is-crucial-for-early-development-key-benefits-and-preparation-for-lifelong-success/","0","200 https://x3yyntt5tp-staging.wpdns.site/es/2025/12/03/why-preschool-education-is-crucial-for-early-development-key-benefits-and-preparation-for-lifelong-success/?codex_technical=20260718","Artículo de Chroma: Por qué la educación preescolar es crucial p…","La educación preescolar establece una base deliberada para el desarrollo social, emocional, cognitivo y físico al combinar rutinas estructuradas, juego guiado…","max-image-preview:large","https://x3yyntt5tp-staging.wpdns.site/es/2025/12/03/why-preschool-education-is-crucial-for-early-development-key-benefits-and-preparation-for-lifelong-success/","1","true","true","true","true","true","true","true","Article | BlogPosting | BreadcrumbList | HowTo | Person","0","",""
"https://x3yyntt5tp-staging.wpdns.site/2025/12/03/how-quality-of-care-influences-pricing-in-early-childhood-education-services/","editorial-single","200","https://x3yyntt5tp-staging.wpdns.site/2025/12/03/how-quality-of-care-influences-pricing-in-early-childhood-education-services/","0","200 https://x3yyntt5tp-staging.wpdns.site/2025/12/03/how-quality-of-care-influences-pricing-in-early-childhood-education-services/?codex_technical=20260718","Chroma: Quality of Care & Early Education Pricing","Discover how the quality of care influences pricing in early childhood education services. Learn what factors drive costs, why high-quality programs charge more, and how better care benefits children’s development...","max-image-preview:large","https://x3yyntt5tp-staging.wpdns.site/2025/12/03/how-quality-of-care-influences-pricing-in-early-childhood-education-services/","1","true","true","true","true","true","true","true","Article | BlogPosting | BreadcrumbList | HowTo | Person","0","",""
"https://x3yyntt5tp-staging.wpdns.site/es/2025/12/03/how-quality-of-care-influences-pricing-in-early-childhood-education-services/","editorial-single","200","https://x3yyntt5tp-staging.wpdns.site/es/2025/12/03/how-quality-of-care-influences-pricing-in-early-childhood-education-services/","0","200 https://x3yyntt5tp-staging.wpdns.site/es/2025/12/03/how-quality-of-care-influences-pricing-in-early-childhood-education-services/?codex_technical=20260718","Artículo de Chroma: ¿Cómo influye la calidad de la atención en l…","La atención de alta calidad en la educación infantil temprana se refiere a características estructurales (cualificaciones del personal, bajas ratios de persona…","max-image-preview:large","https://x3yyntt5tp-staging.wpdns.site/es/2025/12/03/how-quality-of-care-influences-pricing-in-early-childhood-education-services/","1","true","true","true","true","true","true","true","Article | BlogPosting | BreadcrumbList | HowTo | Person","0","",""
"https://x3yyntt5tp-staging.wpdns.site/2025/12/03/why-early-learning-assessments-are-essential-for-your-childs-success-at-chroma-academy/","editorial-single","200","https://x3yyntt5tp-staging.wpdns.site/2025/12/03/why-early-learning-assessments-are-essential-for-your-childs-success-at-chroma-academy/","0","200 https://x3yyntt5tp-staging.wpdns.site/2025/12/03/why-early-learning-assessments-are-essential-for-your-childs-success-at-chroma-academy/?codex_technical=20260718","Chroma Academy: Why Early Assessments Matter for Your Child","Learn why early learning assessments are essential for your child’s success at Chroma Academy. Discover how assessments support personalized learning, track developmental milestones, and help build a strong academic and...","max-image-preview:large","https://x3yyntt5tp-staging.wpdns.site/2025/12/03/why-early-learning-assessments-are-essential-for-your-childs-success-at-chroma-academy/","1","true","true","true","true","true","true","true","Article | BlogPosting | BreadcrumbList | HowTo | Person","0","",""
"https://x3yyntt5tp-staging.wpdns.site/es/2025/12/03/why-early-learning-assessments-are-essential-for-your-childs-success-at-chroma-academy/","editorial-single","200","https://x3yyntt5tp-staging.wpdns.site/es/2025/12/03/why-early-learning-assessments-are-essential-for-your-childs-success-at-chroma-academy/","0","200 https://x3yyntt5tp-staging.wpdns.site/es/2025/12/03/why-early-learning-assessments-are-essential-for-your-childs-success-at-chroma-academy/?codex_technical=20260718","Artículo de Chroma: Por qué las evaluaciones de aprendizaje temp…","Las evaluaciones de aprendizaje temprano son observaciones y mediciones estructuradas del desarrollo de un niño que identifican fortalezas, necesidades y progr…","max-image-preview:large","https://x3yyntt5tp-staging.wpdns.site/es/2025/12/03/why-early-learning-assessments-are-essential-for-your-childs-success-at-chroma-academy/","1","true","true","true","true","true","true","true","Article | BlogPosting | BreadcrumbList | HowTo | Person","0","",""
"https://x3yyntt5tp-staging.wpdns.site/2025/12/03/play-based-learning-curriculum-examples-for-early-childhood-effective-activities-and-benefits/","editorial-single","200","https://x3yyntt5tp-staging.wpdns.site/2025/12/03/play-based-learning-curriculum-examples-for-early-childhood-effective-activities-and-benefits/","0","200 https://x3yyntt5tp-staging.wpdns.site/2025/12/03/play-based-learning-curriculum-examples-for-early-childhood-effective-activities-and-benefits/?codex_technical=20260718","Play-Based Learning: Activities & Benefits at Chroma Academy","Discover powerful play-based learning curriculum examples for early childhood. Explore effective activities, hands-on learning strategies, and key benefits that boost cognitive, social, emotional, and motor development in young children.","max-image-preview:large","https://x3yyntt5tp-staging.wpdns.site/2025/12/03/play-based-learning-curriculum-examples-for-early-childhood-effective-activities-and-benefits/","1","true","true","true","true","true","true","true","BlogPosting | BreadcrumbList | FAQPage | Person","0","",""
"https://x3yyntt5tp-staging.wpdns.site/es/2025/12/03/play-based-learning-curriculum-examples-for-early-childhood-effective-activities-and-benefits/","editorial-single","200","https://x3yyntt5tp-staging.wpdns.site/es/2025/12/03/play-based-learning-curriculum-examples-for-early-childhood-effective-activities-and-benefits/","0","200 https://x3yyntt5tp-staging.wpdns.site/es/2025/12/03/play-based-learning-curriculum-examples-for-early-childhood-effective-activities-and-benefits/?codex_technical=20260718","Artículo de Chroma: Ejemplos de currículo de aprendizaje basado…","El aprendizaje basado en el juego coloca la exploración espontánea de los niños en el centro del diseño curricular, utilizando el juego guiado, los centros de…","max-image-preview:large","https://x3yyntt5tp-staging.wpdns.site/es/2025/12/03/play-based-learning-curriculum-examples-for-early-childhood-effective-activities-and-benefits/","1","true","true","true","true","true","true","true","BlogPosting | BreadcrumbList | FAQPage | Person","0","",""
"https://x3yyntt5tp-staging.wpdns.site/2025/12/03/the-wrong-way-to-raise-confidence/","editorial-single","200","https://x3yyntt5tp-staging.wpdns.site/2025/12/03/the-wrong-way-to-raise-confidence/","0","200 https://x3yyntt5tp-staging.wpdns.site/2025/12/03/the-wrong-way-to-raise-confidence/?codex_technical=20260718","Chroma: Raising Confident Kids the Right Way","Discover the common mistakes parents make when trying to build a child’s confidence. Learn the right ways to encourage healthy self-esteem, emotional resilience, and long-term confidence in kids","max-image-preview:large","https://x3yyntt5tp-staging.wpdns.site/2025/12/03/the-wrong-way-to-raise-confidence/","1","true","true","true","true","true","true","true","Article | BlogPosting | BreadcrumbList | HowTo | Person","0","",""
"https://x3yyntt5tp-staging.wpdns.site/es/2025/12/03/the-wrong-way-to-raise-confidence/","editorial-single","200","https://x3yyntt5tp-staging.wpdns.site/es/2025/12/03/the-wrong-way-to-raise-confidence/","0","200 https://x3yyntt5tp-staging.wpdns.site/es/2025/12/03/the-wrong-way-to-raise-confidence/?codex_technical=20260718","Artículo de Chroma: La forma incorrecta de fomentar la confianza","La confianza es uno de los mayores regalos que podemos dar a nuestros hijos. Les ayuda a asumir riesgos saludables, a probar cosas nuevas y a recuperarse cuand…","max-image-preview:large","https://x3yyntt5tp-staging.wpdns.site/es/2025/12/03/the-wrong-way-to-raise-confidence/","1","true","true","true","true","true","true","true","Article | BlogPosting | BreadcrumbList | HowTo | Person","0","",""
"https://x3yyntt5tp-staging.wpdns.site/2025/12/02/the-surprising-benefits-of-early-childhood-education-why-it-matters-for-your-childs-development-and-future-success/","editorial-single","200","https://x3yyntt5tp-staging.wpdns.site/2025/12/02/the-surprising-benefits-of-early-childhood-education-why-it-matters-for-your-childs-development-and-future-success/","0","200 https://x3yyntt5tp-staging.wpdns.site/2025/12/02/the-surprising-benefits-of-early-childhood-education-why-it-matters-for-your-childs-development-and-future-success/?codex_technical=20260718","Early Childhood Education: Why It Matters | Chroma","Discover the surprising benefits of early childhood education and why it plays a crucial role in your child’s cognitive, emotional, and social development. Learn how quality preschool programs build lifelong...","max-image-preview:large","https://x3yyntt5tp-staging.wpdns.site/2025/12/02/the-surprising-benefits-of-early-childhood-education-why-it-matters-for-your-childs-development-and-future-success/","1","true","true","true","true","true","true","true","Article | BlogPosting | BreadcrumbList | HowTo | Person","0","",""
"https://x3yyntt5tp-staging.wpdns.site/es/2025/12/02/the-surprising-benefits-of-early-childhood-education-why-it-matters-for-your-childs-development-and-future-success/","editorial-single","200","https://x3yyntt5tp-staging.wpdns.site/es/2025/12/02/the-surprising-benefits-of-early-childhood-education-why-it-matters-for-your-childs-development-and-future-success/","0","200 https://x3yyntt5tp-staging.wpdns.site/es/2025/12/02/the-surprising-benefits-of-early-childhood-education-why-it-matters-for-your-childs-development-and-future-success/?codex_technical=20260718","Artículo de Chroma: Los sorprendentes beneficios de la educación…","La educación infantil temprana se refiere a las experiencias de aprendizaje organizadas y al cuidado de niños desde el nacimiento hasta los ocho años que promu…","max-image-preview:large","https://x3yyntt5tp-staging.wpdns.site/es/2025/12/02/the-surprising-benefits-of-early-childhood-education-why-it-matters-for-your-childs-development-and-future-success/","1","true","true","true","true","true","true","true","Article | BlogPosting | BreadcrumbList | HowTo | Person","0","",""
"https://x3yyntt5tp-staging.wpdns.site/2025/12/02/the-psychology-behind-toy-throwing-understanding-your-childs-behavior/","editorial-single","200","https://x3yyntt5tp-staging.wpdns.site/2025/12/02/the-psychology-behind-toy-throwing-understanding-your-childs-behavior/","0","200 https://x3yyntt5tp-staging.wpdns.site/2025/12/02/the-psychology-behind-toy-throwing-understanding-your-childs-behavior/?codex_technical=20260718","Toy-Throwing: Understanding Your Child | Chroma Academy","Discover why young children throw toys and what this behavior really means. Learn the psychology behind toy-throwing, emotional triggers, and positive strategies to guide your child toward healthier communication.","max-image-preview:large","https://x3yyntt5tp-staging.wpdns.site/2025/12/02/the-psychology-behind-toy-throwing-understanding-your-childs-behavior/","1","true","true","true","true","true","true","true","Article | BlogPosting | BreadcrumbList | HowTo | Person","0","",""
"https://x3yyntt5tp-staging.wpdns.site/es/2025/12/02/the-psychology-behind-toy-throwing-understanding-your-childs-behavior/","editorial-single","200","https://x3yyntt5tp-staging.wpdns.site/es/2025/12/02/the-psychology-behind-toy-throwing-understanding-your-childs-behavior/","0","200 https://x3yyntt5tp-staging.wpdns.site/es/2025/12/02/the-psychology-behind-toy-throwing-understanding-your-childs-behavior/?codex_technical=20260718","Artículo de Chroma: La Psicología Detrás de Lanzar Juguetes: Com…","Si alguna vez has visto a tu pequeño recoger un juguete y lanzarlo alegremente por la habitación, no estás solo/a. Lanzar juguetes es uno de los comportamiento…","max-image-preview:large","https://x3yyntt5tp-staging.wpdns.site/es/2025/12/02/the-psychology-behind-toy-throwing-understanding-your-childs-behavior/","1","true","true","true","true","true","true","true","Article | BlogPosting | BreadcrumbList | HowTo | Person","0","",""
"https://x3yyntt5tp-staging.wpdns.site/2025/12/02/how-to-raise-a-smarter-child-before-age-3-proven-brain-development-activities-and-early-intelligence-tips/","editorial-single","200","https://x3yyntt5tp-staging.wpdns.site/2025/12/02/how-to-raise-a-smarter-child-before-age-3-proven-brain-development-activities-and-early-intelligence-tips/","0","200 https://x3yyntt5tp-staging.wpdns.site/2025/12/02/how-to-raise-a-smarter-child-before-age-3-proven-brain-development-activities-and-early-intelligence-tips/?codex_technical=20260718","Smarter Child Before 3: Brain-Boosting Activities | Chroma","Discover proven brain-boosting activities to raise a smarter child before age 3. Learn early learning strategies, cognitive development tips, and practical ways to support your baby’s brain growth and early...","max-image-preview:large","https://x3yyntt5tp-staging.wpdns.site/2025/12/02/how-to-raise-a-smarter-child-before-age-3-proven-brain-development-activities-and-early-intelligence-tips/","1","true","true","true","true","true","true","true","Article | BlogPosting | BreadcrumbList | HowTo | Person","0","",""
"https://x3yyntt5tp-staging.wpdns.site/es/2025/12/02/how-to-raise-a-smarter-child-before-age-3-proven-brain-development-activities-and-early-intelligence-tips/","editorial-single","200","https://x3yyntt5tp-staging.wpdns.site/es/2025/12/02/how-to-raise-a-smarter-child-before-age-3-proven-brain-development-activities-and-early-intelligence-tips/","0","200 https://x3yyntt5tp-staging.wpdns.site/es/2025/12/02/how-to-raise-a-smarter-child-before-age-3-proven-brain-development-activities-and-early-intelligence-tips/?codex_technical=20260718","Artículo de Chroma: Cómo criar a un niño más inteligente antes d…","La inteligencia temprana en los primeros tres años se refiere a la rápida conexión cerebral que apoya la memoria, el lenguaje, la atención y el razonamiento so…","max-image-preview:large","https://x3yyntt5tp-staging.wpdns.site/es/2025/12/02/how-to-raise-a-smarter-child-before-age-3-proven-brain-development-activities-and-early-intelligence-tips/","1","true","true","true","true","true","true","true","Article | BlogPosting | BreadcrumbList | HowTo | Person","0","",""
"https://x3yyntt5tp-staging.wpdns.site/2025/12/02/why-you-should-not-over-react-when-your-child-gets-hurt-calm-parenting-and-emotional-support-strategies/","editorial-single","200","https://x3yyntt5tp-staging.wpdns.site/2025/12/02/why-you-should-not-over-react-when-your-child-gets-hurt-calm-parenting-and-emotional-support-strategies/","0","200 https://x3yyntt5tp-staging.wpdns.site/2025/12/02/why-you-should-not-over-react-when-your-child-gets-hurt-calm-parenting-and-emotional-support-strategies/?codex_technical=20260718","Calm Parenting: Supporting Your Hurt Child | Chroma Academy","Learn why staying calm when your child gets hurt is important for their emotional development. Discover practical calm-parenting strategies, how to respond supportively, and how to help children build confidence...","max-image-preview:large","https://x3yyntt5tp-staging.wpdns.site/2025/12/02/why-you-should-not-over-react-when-your-child-gets-hurt-calm-parenting-and-emotional-support-strategies/","1","true","true","true","true","true","true","true","Article | BlogPosting | BreadcrumbList | HowTo | Person","0","",""
"https://x3yyntt5tp-staging.wpdns.site/es/2025/12/02/why-you-should-not-over-react-when-your-child-gets-hurt-calm-parenting-and-emotional-support-strategies/","editorial-single","200","https://x3yyntt5tp-staging.wpdns.site/es/2025/12/02/why-you-should-not-over-react-when-your-child-gets-hurt-calm-parenting-and-emotional-support-strategies/","0","200 https://x3yyntt5tp-staging.wpdns.site/es/2025/12/02/why-you-should-not-over-react-when-your-child-gets-hurt-calm-parenting-and-emotional-support-strategies/?codex_technical=20260718","Artículo de Chroma: Por qué no debes reaccionar de forma exagera…","Cuando un niño se lastima, la reacción exagerada es una oleada instintiva de alarma que puede amplificar una lesión menor en un episodio emocional duradero. La…","max-image-preview:large","https://x3yyntt5tp-staging.wpdns.site/es/2025/12/02/why-you-should-not-over-react-when-your-child-gets-hurt-calm-parenting-and-emotional-support-strategies/","1","true","true","true","true","true","true","true","Article | BlogPosting | BreadcrumbList | HowTo | Person","0","",""
"https://x3yyntt5tp-staging.wpdns.site/2025/12/02/choosing-between-full-day-and-half-day-preschool-practical-guidance-every-parent-can-use/","editorial-single","200","https://x3yyntt5tp-staging.wpdns.site/2025/12/02/choosing-between-full-day-and-half-day-preschool-practical-guidance-every-parent-can-use/","0","200 https://x3yyntt5tp-staging.wpdns.site/2025/12/02/choosing-between-full-day-and-half-day-preschool-practical-guidance-every-parent-can-use/?codex_technical=20260718","Preschool Choice: Full-Day vs. Half-Day at Chroma Academy","Choosing between full-day and half-day preschool? Learn the key differences, benefits, schedules, and factors to consider so you can make the best choice for your child.","max-image-preview:large","https://x3yyntt5tp-staging.wpdns.site/2025/12/02/choosing-between-full-day-and-half-day-preschool-practical-guidance-every-parent-can-use/","1","true","true","true","true","true","true","true","BlogPosting | BreadcrumbList | Person","0","",""
"https://x3yyntt5tp-staging.wpdns.site/es/2025/12/02/choosing-between-full-day-and-half-day-preschool-practical-guidance-every-parent-can-use/","editorial-single","200","https://x3yyntt5tp-staging.wpdns.site/es/2025/12/02/choosing-between-full-day-and-half-day-preschool-practical-guidance-every-parent-can-use/","0","200 https://x3yyntt5tp-staging.wpdns.site/es/2025/12/02/choosing-between-full-day-and-half-day-preschool-practical-guidance-every-parent-can-use/?codex_technical=20260718","Artículo de Chroma: Elegir entre preescolar de día completo y me…","Decidir si su hijo debe asistir a preescolar de día completo o de medio día es una de las primeras grandes decisiones que tomará sobre su aprendizaje y…","max-image-preview:large","https://x3yyntt5tp-staging.wpdns.site/es/2025/12/02/choosing-between-full-day-and-half-day-preschool-practical-guidance-every-parent-can-use/","1","true","true","true","true","true","true","true","BlogPosting | BreadcrumbList | Person","0","",""
"https://x3yyntt5tp-staging.wpdns.site/2025/12/02/how-nutrition-impacts-early-learning-and-behavior-essential-insights-for-child-brain-development-and-cognitive-function/","editorial-single","200","https://x3yyntt5tp-staging.wpdns.site/2025/12/02/how-nutrition-impacts-early-learning-and-behavior-essential-insights-for-child-brain-development-and-cognitive-function/","0","200 https://x3yyntt5tp-staging.wpdns.site/2025/12/02/how-nutrition-impacts-early-learning-and-behavior-essential-insights-for-child-brain-development-and-cognitive-function/?codex_technical=20260718","Nutrition & Child Development: Insights from Chroma Academy","Proper nutrition plays a key role in early learning and behavior. Discover how the right foods support brain development, focus, memory, and cognitive growth in children.","max-image-preview:large","https://x3yyntt5tp-staging.wpdns.site/2025/12/02/how-nutrition-impacts-early-learning-and-behavior-essential-insights-for-child-brain-development-and-cognitive-function/","1","true","true","true","true","true","true","true","BlogPosting | BreadcrumbList | Person","0","",""
"https://x3yyntt5tp-staging.wpdns.site/es/2025/12/02/how-nutrition-impacts-early-learning-and-behavior-essential-insights-for-child-brain-development-and-cognitive-function/","editorial-single","200","https://x3yyntt5tp-staging.wpdns.site/es/2025/12/02/how-nutrition-impacts-early-learning-and-behavior-essential-insights-for-child-brain-development-and-cognitive-function/","0","200 https://x3yyntt5tp-staging.wpdns.site/es/2025/12/02/how-nutrition-impacts-early-learning-and-behavior-essential-insights-for-child-brain-development-and-cognitive-function/?codex_technical=20260718","Nutrición, cerebro y aprendizaje | Chroma","La nutrición durante la primera infancia moldea críticamente el desarrollo cerebral y el comportamiento, influyendo en el aprendizaje, la atención y la regulac…","max-image-preview:large","https://x3yyntt5tp-staging.wpdns.site/es/2025/12/02/how-nutrition-impacts-early-learning-and-behavior-essential-insights-for-child-brain-development-and-cognitive-function/","1","true","true","true","true","true","true","true","BlogPosting | BreadcrumbList | Person","0","",""
"https://x3yyntt5tp-staging.wpdns.site/2025/12/02/chroma-early-learning-academy-expands-to-16-metro-atlanta-campuses-with-three-strategic-acquisitions/","editorial-single","200","https://x3yyntt5tp-staging.wpdns.site/2025/12/02/chroma-early-learning-academy-expands-to-16-metro-atlanta-campuses-with-three-strategic-acquisitions/","0","200 https://x3yyntt5tp-staging.wpdns.site/2025/12/02/chroma-early-learning-academy-expands-to-16-metro-atlanta-campuses-with-three-strategic-acquisitions/?codex_technical=20260718","Chroma Academy Expands to 16 Metro Atlanta Campuses","News provided by Chroma Early Learning Academy Sep 18, 2025, 16:50 ET Family Owned and Operated network proudly serving more than 2,400 families across Georgia and launching new nonprofit initiatives ALPHARETTA, Ga., Sep....","max-image-preview:large","https://x3yyntt5tp-staging.wpdns.site/2025/12/02/chroma-early-learning-academy-expands-to-16-metro-atlanta-campuses-with-three-strategic-acquisitions/","1","true","true","true","true","true","true","true","BlogPosting | BreadcrumbList | Person","0","",""
"https://x3yyntt5tp-staging.wpdns.site/es/2025/12/02/chroma-early-learning-academy-expands-to-16-metro-atlanta-campuses-with-three-strategic-acquisitions/","editorial-single","200","https://x3yyntt5tp-staging.wpdns.site/es/2025/12/02/chroma-early-learning-academy-expands-to-16-metro-atlanta-campuses-with-three-strategic-acquisitions/","0","200 https://x3yyntt5tp-staging.wpdns.site/es/2025/12/02/chroma-early-learning-academy-expands-to-16-metro-atlanta-campuses-with-three-strategic-acquisitions/?codex_technical=20260718","Artículo de Chroma: Chroma Early Learning Academy se expande a 1…","Noticias proporcionadas por Chroma Early Learning Academy 18 de sep. de 2025, 16:50 ET Red familiar y operada de forma privada que sirve con orgullo a más de…","max-image-preview:large","https://x3yyntt5tp-staging.wpdns.site/es/2025/12/02/chroma-early-learning-academy-expands-to-16-metro-atlanta-campuses-with-three-strategic-acquisitions/","1","true","true","true","true","true","true","true","BlogPosting | BreadcrumbList | Person","0","",""
"https://x3yyntt5tp-staging.wpdns.site/2025/12/02/how-reading-aloud-builds-your-childs-brain/","editorial-single","200","https://x3yyntt5tp-staging.wpdns.site/2025/12/02/how-reading-aloud-builds-your-childs-brain/","0","200 https://x3yyntt5tp-staging.wpdns.site/2025/12/02/how-reading-aloud-builds-your-childs-brain/?codex_technical=20260718","How Reading Aloud Builds Your Child's Brain | Chroma Academy","Reading aloud helps shape your child’s brain, boosts vocabulary, strengthens focus, and builds lifelong learning skills. Discover how daily reading supports early development and supports school readiness.","max-image-preview:large","https://x3yyntt5tp-staging.wpdns.site/2025/12/02/how-reading-aloud-builds-your-childs-brain/","1","true","true","true","true","true","true","true","BlogPosting | BreadcrumbList | Person","0","",""
"https://x3yyntt5tp-staging.wpdns.site/es/2025/12/02/how-reading-aloud-builds-your-childs-brain/","editorial-single","200","https://x3yyntt5tp-staging.wpdns.site/es/2025/12/02/how-reading-aloud-builds-your-childs-brain/","0","200 https://x3yyntt5tp-staging.wpdns.site/es/2025/12/02/how-reading-aloud-builds-your-childs-brain/?codex_technical=20260718","Artículo de Chroma: Cómo la lectura en voz alta desarrolla el ce…","Leer en voz alta puede parecer simple — solo un libro, un asiento cómodo y un niño a tu lado — pero no dejes que su simplicidad te…","max-image-preview:large","https://x3yyntt5tp-staging.wpdns.site/es/2025/12/02/how-reading-aloud-builds-your-childs-brain/","1","true","true","true","true","true","true","true","BlogPosting | BreadcrumbList | Person","0","",""
"https://x3yyntt5tp-staging.wpdns.site/locations/newnan/","location-single","200","https://x3yyntt5tp-staging.wpdns.site/locations/newnan/","0","200 https://x3yyntt5tp-staging.wpdns.site/locations/newnan/?codex_technical=20260718","Chroma Academy Newnan: Nurturing Early Learning in GA.","The art of growing up.","max-image-preview:large","https://x3yyntt5tp-staging.wpdns.site/locations/newnan/","1","true","true","true","true","true","true","true","BreadcrumbList | ChildCare | CollectionPage | EducationalOrganization | ImageGallery | LocalBusiness | Person | Service | Speakable | SpecialAnnouncement | WebPage","0","",""
"https://x3yyntt5tp-staging.wpdns.site/es/locations/newnan/","location-single","200","https://x3yyntt5tp-staging.wpdns.site/es/locations/newnan/","0","200 https://x3yyntt5tp-staging.wpdns.site/es/locations/newnan/?codex_technical=20260718","Campus Shenandoah, Newnan GA | Campus de Chroma","Conoce Campus Shenandoah, Newnan GA en Newnan y descubre programas de cuidado infantil y preescolar de Chroma para tu familia.","max-image-preview:large","https://x3yyntt5tp-staging.wpdns.site/es/locations/newnan/","1","true","true","true","true","true","true","true","BreadcrumbList | ChildCare | CollectionPage | EducationalOrganization | ImageGallery | LocalBusiness | Person | Service | Speakable | SpecialAnnouncement | WebPage","0","",""
"https://x3yyntt5tp-staging.wpdns.site/locations/north-hall-campus-murraysville/","location-single","200","https://x3yyntt5tp-staging.wpdns.site/locations/north-hall-campus-murraysville/","0","200 https://x3yyntt5tp-staging.wpdns.site/locations/north-hall-campus-murraysville/?codex_technical=20260718","Chroma Academy: North Hall Campus in Murraysville","The art of growing up.","max-image-preview:large","https://x3yyntt5tp-staging.wpdns.site/locations/north-hall-campus-murraysville/","1","true","true","true","true","true","true","true","BreadcrumbList | ChildCare | CollectionPage | Course | EducationalOrganization | Event | ImageGallery | ItemList | LocalBusiness | Person | ProfilePage | Review | Service | Speakable | SpecialAnnouncement | WebPage","0","",""
"https://x3yyntt5tp-staging.wpdns.site/es/locations/north-hall-campus-murraysville/","location-single","200","https://x3yyntt5tp-staging.wpdns.site/es/locations/north-hall-campus-murraysville/","0","200 https://x3yyntt5tp-staging.wpdns.site/es/locations/north-hall-campus-murraysville/?codex_technical=20260718","North Hall Campus, Murraysville | Campus de Chroma","Conoce North Hall Campus, Murraysville en Murraysville y descubre programas de cuidado infantil y preescolar de Chroma para tu familia.","max-image-preview:large","https://x3yyntt5tp-staging.wpdns.site/es/locations/north-hall-campus-murraysville/","1","true","true","true","true","true","true","true","BreadcrumbList | ChildCare | CollectionPage | Course | EducationalOrganization | Event | ImageGallery | ItemList | LocalBusiness | Person | ProfilePage | Review | Service | Speakable | SpecialAnnouncement | WebPage","0","",""
"https://x3yyntt5tp-staging.wpdns.site/locations/midway-campus/","location-single","200","https://x3yyntt5tp-staging.wpdns.site/locations/midway-campus/","0","200 https://x3yyntt5tp-staging.wpdns.site/locations/midway-campus/?codex_technical=20260718","Chroma Midway : Childcare & Preschool in Alpharetta, Cumming and Milton","The art of growing up.","max-image-preview:large","https://x3yyntt5tp-staging.wpdns.site/locations/midway-campus/","1","true","true","true","true","true","true","true","BreadcrumbList | ChildCare | CollectionPage | Course | EducationalOrganization | Event | ImageGallery | ItemList | LocalBusiness | Person | ProfilePage | Review | Service | Speakable | SpecialAnnouncement | WebPage","0","",""
"https://x3yyntt5tp-staging.wpdns.site/es/locations/midway-campus/","location-single","200","https://x3yyntt5tp-staging.wpdns.site/es/locations/midway-campus/","0","200 https://x3yyntt5tp-staging.wpdns.site/es/locations/midway-campus/?codex_technical=20260718","Midway Campus, Alpharetta GA | Campus de Chroma","Conoce Midway Campus, Alpharetta GA en Alpharetta y descubre programas de cuidado infantil y preescolar de Chroma para tu familia.","max-image-preview:large","https://x3yyntt5tp-staging.wpdns.site/es/locations/midway-campus/","1","true","true","true","true","true","true","true","BreadcrumbList | ChildCare | CollectionPage | Course | EducationalOrganization | Event | ImageGallery | ItemList | LocalBusiness | Person | ProfilePage | Review | Service | Speakable | SpecialAnnouncement | WebPage","0","",""
"https://x3yyntt5tp-staging.wpdns.site/locations/south-cobb-campus-austell/","location-single","200","https://x3yyntt5tp-staging.wpdns.site/locations/south-cobb-campus-austell/","0","200 https://x3yyntt5tp-staging.wpdns.site/locations/south-cobb-campus-austell/?codex_technical=20260718","Chroma ELA: South Cobb Campus in Austell","The art of growing up.","max-image-preview:large","https://x3yyntt5tp-staging.wpdns.site/locations/south-cobb-campus-austell/","1","true","true","true","true","true","true","true","BreadcrumbList | ChildCare | CollectionPage | Course | EducationalOrganization | Event | ImageGallery | ItemList | LocalBusiness | Person | ProfilePage | Review | Service | Speakable | SpecialAnnouncement | WebPage","0","",""
"https://x3yyntt5tp-staging.wpdns.site/es/locations/south-cobb-campus-austell/","location-single","200","https://x3yyntt5tp-staging.wpdns.site/es/locations/south-cobb-campus-austell/","0","200 https://x3yyntt5tp-staging.wpdns.site/es/locations/south-cobb-campus-austell/?codex_technical=20260718","Campus South Cobb, Austell | Campus de Chroma","Conoce Campus South Cobb, Austell en Austell y descubre programas de cuidado infantil y preescolar de Chroma para tu familia.","max-image-preview:large","https://x3yyntt5tp-staging.wpdns.site/es/locations/south-cobb-campus-austell/","1","true","true","true","true","true","true","true","BreadcrumbList | ChildCare | CollectionPage | Course | EducationalOrganization | Event | ImageGallery | ItemList | LocalBusiness | Person | ProfilePage | Review | Service | Speakable | SpecialAnnouncement | WebPage","0","",""
"https://x3yyntt5tp-staging.wpdns.site/locations/rivergreen-campus/","location-single","200","https://x3yyntt5tp-staging.wpdns.site/locations/rivergreen-campus/","0","200 https://x3yyntt5tp-staging.wpdns.site/locations/rivergreen-campus/?codex_technical=20260718","Chroma Academy: Rivergreen Campus in Canton, GA","The art of growing up.","max-image-preview:large","https://x3yyntt5tp-staging.wpdns.site/locations/rivergreen-campus/","1","true","true","true","true","true","true","true","BreadcrumbList | ChildCare | CollectionPage | EducationalOrganization | ImageGallery | LocalBusiness | Person | ProfilePage | Service | Speakable | SpecialAnnouncement | WebPage","0","",""
"https://x3yyntt5tp-staging.wpdns.site/es/locations/rivergreen-campus/","location-single","200","https://x3yyntt5tp-staging.wpdns.site/es/locations/rivergreen-campus/","0","200 https://x3yyntt5tp-staging.wpdns.site/es/locations/rivergreen-campus/?codex_technical=20260718","Campus Rivergreen, Canton GA | Campus de Chroma","Conoce Campus Rivergreen, Canton GA en Canton y descubre programas de cuidado infantil y preescolar de Chroma para tu familia.","max-image-preview:large","https://x3yyntt5tp-staging.wpdns.site/es/locations/rivergreen-campus/","1","true","true","true","true","true","true","true","BreadcrumbList | ChildCare | CollectionPage | EducationalOrganization | ImageGallery | LocalBusiness | Person | ProfilePage | Service | Speakable | SpecialAnnouncement | WebPage","0","",""
"https://x3yyntt5tp-staging.wpdns.site/locations/jonesboro-campus/","location-single","200","https://x3yyntt5tp-staging.wpdns.site/locations/jonesboro-campus/","0","200 https://x3yyntt5tp-staging.wpdns.site/locations/jonesboro-campus/?codex_technical=20260718","Jonesboro Preschool: Enroll at Chroma Early Learning in 2026","The art of growing up.","max-image-preview:large","https://x3yyntt5tp-staging.wpdns.site/locations/jonesboro-campus/","1","true","true","true","true","true","true","true","BreadcrumbList | ChildCare | CollectionPage | Course | EducationalOrganization | Event | ImageGallery | ItemList | LocalBusiness | Person | ProfilePage | Review | Service | Speakable | SpecialAnnouncement | WebPage","0","",""
"https://x3yyntt5tp-staging.wpdns.site/es/locations/jonesboro-campus/","location-single","200","https://x3yyntt5tp-staging.wpdns.site/es/locations/jonesboro-campus/","0","200 https://x3yyntt5tp-staging.wpdns.site/es/locations/jonesboro-campus/?codex_technical=20260718","Campus Jonesboro | Campus de Chroma","Conoce Campus Jonesboro en Jonesboro y descubre programas de cuidado infantil y preescolar de Chroma para tu familia.","max-image-preview:large","https://x3yyntt5tp-staging.wpdns.site/es/locations/jonesboro-campus/","1","true","true","true","true","true","true","true","BreadcrumbList | ChildCare | CollectionPage | Course | EducationalOrganization | Event | ImageGallery | ItemList | LocalBusiness | Person | ProfilePage | Review | Service | Speakable | SpecialAnnouncement | WebPage","0","",""
"https://x3yyntt5tp-staging.wpdns.site/locations/satellite-bvd-campus/","location-single","200","https://x3yyntt5tp-staging.wpdns.site/locations/satellite-bvd-campus/","0","200 https://x3yyntt5tp-staging.wpdns.site/locations/satellite-bvd-campus/?codex_technical=20260718","Satellite Bvd Campus: Chroma Early Learning in Duluth","The art of growing up.","max-image-preview:large","https://x3yyntt5tp-staging.wpdns.site/locations/satellite-bvd-campus/","1","true","true","true","true","true","true","true","BreadcrumbList | ChildCare | EducationalOrganization | LocalBusiness | Person | Preschool | ProfilePage | WebPage","0","",""
"https://x3yyntt5tp-staging.wpdns.site/es/locations/satellite-bvd-campus/","location-single","200","https://x3yyntt5tp-staging.wpdns.site/es/locations/satellite-bvd-campus/","0","200 https://x3yyntt5tp-staging.wpdns.site/es/locations/satellite-bvd-campus/?codex_technical=20260718","Campus Satellite Blvd, Duluth, GA | Campus de Chroma","Conoce Campus Satellite Blvd, Duluth, GA en Duluth y descubre programas de cuidado infantil y preescolar de Chroma para tu familia.","max-image-preview:large","https://x3yyntt5tp-staging.wpdns.site/es/locations/satellite-bvd-campus/","1","true","true","true","true","true","true","true","BreadcrumbList | ChildCare | EducationalOrganization | LocalBusiness | Person | Preschool | ProfilePage | WebPage","0","",""
"https://x3yyntt5tp-staging.wpdns.site/locations/west-cobb-campus/","location-single","200","https://x3yyntt5tp-staging.wpdns.site/locations/west-cobb-campus/","0","200 https://x3yyntt5tp-staging.wpdns.site/locations/west-cobb-campus/?codex_technical=20260718","Chroma Marietta: Preschool & Childcare at West Cobb Campus","The art of growing up.","max-image-preview:large","https://x3yyntt5tp-staging.wpdns.site/locations/west-cobb-campus/","1","true","true","true","true","true","true","true","BreadcrumbList | ChildCare | CollectionPage | Course | EducationalOrganization | Event | ImageGallery | ItemList | LocalBusiness | Person | ProfilePage | Review | Service | Speakable | SpecialAnnouncement | WebPage","0","",""
"https://x3yyntt5tp-staging.wpdns.site/es/locations/west-cobb-campus/","location-single","200","https://x3yyntt5tp-staging.wpdns.site/es/locations/west-cobb-campus/","0","200 https://x3yyntt5tp-staging.wpdns.site/es/locations/west-cobb-campus/?codex_technical=20260718","Campus West Cobb, Marietta | Campus de Chroma","Conoce Campus West Cobb, Marietta en Marietta y descubre programas de cuidado infantil y preescolar de Chroma para tu familia.","max-image-preview:large","https://x3yyntt5tp-staging.wpdns.site/es/locations/west-cobb-campus/","1","true","true","true","true","true","true","true","BreadcrumbList | ChildCare | CollectionPage | Course | EducationalOrganization | Event | ImageGallery | ItemList | LocalBusiness | Person | ProfilePage | Review | Service | Speakable | SpecialAnnouncement | WebPage","0","",""
"https://x3yyntt5tp-staging.wpdns.site/locations/ellenwood-campus/","location-single","200","https://x3yyntt5tp-staging.wpdns.site/locations/ellenwood-campus/","0","200 https://x3yyntt5tp-staging.wpdns.site/locations/ellenwood-campus/?codex_technical=20260718","Chroma Academy Ellenwood: Safe Daycare & Preschool Programs","The art of growing up.","max-image-preview:large","https://x3yyntt5tp-staging.wpdns.site/locations/ellenwood-campus/","1","true","true","true","true","true","true","true","BreadcrumbList | ChildCare | EducationalOrganization | LocalBusiness | Person | Preschool | ProfilePage | WebPage","0","",""
"https://x3yyntt5tp-staging.wpdns.site/es/locations/ellenwood-campus/","location-single","200","https://x3yyntt5tp-staging.wpdns.site/es/locations/ellenwood-campus/","0","200 https://x3yyntt5tp-staging.wpdns.site/es/locations/ellenwood-campus/?codex_technical=20260718","Campus Ellenwood | Campus de Chroma","Conoce Campus Ellenwood en Ellenwood y descubre programas de cuidado infantil y preescolar de Chroma para tu familia.","max-image-preview:large","https://x3yyntt5tp-staging.wpdns.site/es/locations/ellenwood-campus/","1","true","true","true","true","true","true","true","BreadcrumbList | ChildCare | EducationalOrganization | LocalBusiness | Person | Preschool | ProfilePage | WebPage","0","",""
"https://x3yyntt5tp-staging.wpdns.site/locations/roswell-campus/","location-single","200","https://x3yyntt5tp-staging.wpdns.site/locations/roswell-campus/","0","200 https://x3yyntt5tp-staging.wpdns.site/locations/roswell-campus/?codex_technical=20260718","Chroma Roswell: Daycare & Preschool for Your Child","The art of growing up.","max-image-preview:large","https://x3yyntt5tp-staging.wpdns.site/locations/roswell-campus/","1","true","true","true","true","true","true","true","BreadcrumbList | ChildCare | CollectionPage | Course | EducationalOrganization | Event | ImageGallery | ItemList | LocalBusiness | Person | ProfilePage | Review | Service | Speakable | SpecialAnnouncement | WebPage","0","",""
"https://x3yyntt5tp-staging.wpdns.site/es/locations/roswell-campus/","location-single","200","https://x3yyntt5tp-staging.wpdns.site/es/locations/roswell-campus/","0","200 https://x3yyntt5tp-staging.wpdns.site/es/locations/roswell-campus/?codex_technical=20260718","Campus Roswell | Campus de Chroma","Conoce Campus Roswell en Roswell y descubre programas de cuidado infantil y preescolar de Chroma para tu familia.","max-image-preview:large","https://x3yyntt5tp-staging.wpdns.site/es/locations/roswell-campus/","1","true","true","true","true","true","true","true","BreadcrumbList | ChildCare | CollectionPage | Course | EducationalOrganization | Event | ImageGallery | ItemList | LocalBusiness | Person | ProfilePage | Review | Service | Speakable | SpecialAnnouncement | WebPage","0","",""
"https://x3yyntt5tp-staging.wpdns.site/locations/east-cobb-campus/","location-single","200","https://x3yyntt5tp-staging.wpdns.site/locations/east-cobb-campus/","0","200 https://x3yyntt5tp-staging.wpdns.site/locations/east-cobb-campus/?codex_technical=20260718","Chroma Marietta (East): Early Learning Programs","The art of growing up.","max-image-preview:large","https://x3yyntt5tp-staging.wpdns.site/locations/east-cobb-campus/","1","true","true","true","true","true","true","true","BreadcrumbList | ChildCare | CollectionPage | Course | EducationalOrganization | Event | ImageGallery | ItemList | LocalBusiness | Person | ProfilePage | Review | Service | Speakable | SpecialAnnouncement | WebPage","0","",""
"https://x3yyntt5tp-staging.wpdns.site/es/locations/east-cobb-campus/","location-single","200","https://x3yyntt5tp-staging.wpdns.site/es/locations/east-cobb-campus/","0","200 https://x3yyntt5tp-staging.wpdns.site/es/locations/east-cobb-campus/?codex_technical=20260718","Campus Marietta (Este) | Campus de Chroma","Conoce Campus Marietta (Este) en Marietta y descubre programas de cuidado infantil y preescolar de Chroma para tu familia.","max-image-preview:large","https://x3yyntt5tp-staging.wpdns.site/es/locations/east-cobb-campus/","1","true","true","true","true","true","true","true","BreadcrumbList | ChildCare | CollectionPage | Course | EducationalOrganization | Event | ImageGallery | ItemList | LocalBusiness | Person | ProfilePage | Review | Service | Speakable | SpecialAnnouncement | WebPage","0","",""
"https://x3yyntt5tp-staging.wpdns.site/locations/lilburn-campus/","location-single","200","https://x3yyntt5tp-staging.wpdns.site/locations/lilburn-campus/","0","200 https://x3yyntt5tp-staging.wpdns.site/locations/lilburn-campus/?codex_technical=20260718","Lilburn Childcare & Preschool | Chroma Academy","The art of growing up.","max-image-preview:large","https://x3yyntt5tp-staging.wpdns.site/locations/lilburn-campus/","1","true","true","true","true","true","true","true","BreadcrumbList | ChildCare | CollectionPage | Course | EducationalOrganization | Event | ImageGallery | ItemList | LocalBusiness | Person | Review | Service | Speakable | SpecialAnnouncement | WebPage","0","",""
"https://x3yyntt5tp-staging.wpdns.site/es/locations/lilburn-campus/","location-single","200","https://x3yyntt5tp-staging.wpdns.site/es/locations/lilburn-campus/","0","200 https://x3yyntt5tp-staging.wpdns.site/es/locations/lilburn-campus/?codex_technical=20260718","Campus Lilburn | Campus de Chroma","Conoce Campus Lilburn en Lilburn y descubre programas de cuidado infantil y preescolar de Chroma para tu familia.","max-image-preview:large","https://x3yyntt5tp-staging.wpdns.site/es/locations/lilburn-campus/","1","true","true","true","true","true","true","true","BreadcrumbList | ChildCare | CollectionPage | Course | EducationalOrganization | Event | ImageGallery | ItemList | LocalBusiness | Person | Review | Service | Speakable | SpecialAnnouncement | WebPage","0","",""
"https://x3yyntt5tp-staging.wpdns.site/locations/cherokee-campus/","location-single","200","https://x3yyntt5tp-staging.wpdns.site/locations/cherokee-campus/","0","200 https://x3yyntt5tp-staging.wpdns.site/locations/cherokee-campus/?codex_technical=20260718","Cherokee Academy: Canton, GA Childcare & Preschool","The art of growing up.","max-image-preview:large","https://x3yyntt5tp-staging.wpdns.site/locations/cherokee-campus/","1","true","true","true","true","true","true","true","BreadcrumbList | ChildCare | CollectionPage | EducationalOrganization | ImageGallery | LocalBusiness | Person | ProfilePage | Service | Speakable | SpecialAnnouncement | WebPage","0","",""
"https://x3yyntt5tp-staging.wpdns.site/es/locations/cherokee-campus/","location-single","200","https://x3yyntt5tp-staging.wpdns.site/es/locations/cherokee-campus/","0","200 https://x3yyntt5tp-staging.wpdns.site/es/locations/cherokee-campus/?codex_technical=20260718","Cherokee Academy by Chroma, Canton GA | Campus de Chroma","Conoce Cherokee Academy by Chroma, Canton GA en Canton y descubre programas de cuidado infantil y preescolar de Chroma para tu familia.","max-image-preview:large","https://x3yyntt5tp-staging.wpdns.site/es/locations/cherokee-campus/","1","true","true","true","true","true","true","true","BreadcrumbList | ChildCare | CollectionPage | EducationalOrganization | ImageGallery | LocalBusiness | Person | ProfilePage | Service | Speakable | SpecialAnnouncement | WebPage","0","",""
"https://x3yyntt5tp-staging.wpdns.site/newsroom/","editorial-archive","200","https://x3yyntt5tp-staging.wpdns.site/newsroom/","0","200 https://x3yyntt5tp-staging.wpdns.site/newsroom/?codex_technical=20260718","Newsroom | Chroma Early Learning Academy","Read the latest Chroma Early Learning Academy news, announcements, campus updates, and company stories.","max-image-preview:large","https://x3yyntt5tp-staging.wpdns.site/newsroom/","1","true","true","true","true","true","true","true","BreadcrumbList | Person","0","",""
"https://x3yyntt5tp-staging.wpdns.site/es/newsroom/","editorial-archive","200","https://x3yyntt5tp-staging.wpdns.site/es/newsroom/","0","200 https://x3yyntt5tp-staging.wpdns.site/es/newsroom/?codex_technical=20260718","Sala de prensa | Chroma Early Learning Academy","Lee las últimas noticias, anuncios, novedades de campus e historias de Chroma Early Learning Academy.","max-image-preview:large","https://x3yyntt5tp-staging.wpdns.site/es/newsroom/","1","true","true","true","true","true","true","true","BreadcrumbList | Person","0","",""
"https://x3yyntt5tp-staging.wpdns.site/privacy-policy/","legal","200","https://x3yyntt5tp-staging.wpdns.site/privacy-policy/","0","200 https://x3yyntt5tp-staging.wpdns.site/privacy-policy/?codex_technical=20260718","Privacy Policy | Chroma Early Learning Academy","Read the Chroma Early Learning Academy privacy policy to understand how we collect, use, and protect family information.","max-image-preview:large","https://x3yyntt5tp-staging.wpdns.site/privacy-policy/","1","true","true","true","true","true","true","true","BreadcrumbList | Person","0","",""
"https://x3yyntt5tp-staging.wpdns.site/es/privacy-policy/","legal","200","https://x3yyntt5tp-staging.wpdns.site/es/privacy-policy/","0","200 https://x3yyntt5tp-staging.wpdns.site/es/privacy-policy/?codex_technical=20260718","Política de privacidad | Chroma Early Learning Academy","Lee la política de privacidad de Chroma Early Learning Academy para entender cómo recopilamos, usamos y protegemos la información familiar.","max-image-preview:large","https://x3yyntt5tp-staging.wpdns.site/es/privacy-policy/","1","true","true","true","true","true","true","true","BreadcrumbList | Person","0","",""
"https://x3yyntt5tp-staging.wpdns.site/careers/","careers","200","https://x3yyntt5tp-staging.wpdns.site/careers/","0","200 https://x3yyntt5tp-staging.wpdns.site/careers/?codex_technical=20260718","Careers | Chroma Early Learning Academy","Explore career opportunities at Chroma Early Learning Academy and join our team of educators, leaders, and support staff.","max-image-preview:large","https://x3yyntt5tp-staging.wpdns.site/careers/","1","true","true","true","true","true","true","true","BreadcrumbList | JobPosting | Person","0","",""
"https://x3yyntt5tp-staging.wpdns.site/es/careers/","careers","200","https://x3yyntt5tp-staging.wpdns.site/es/careers/","0","200 https://x3yyntt5tp-staging.wpdns.site/es/careers/?codex_technical=20260718","Carreras | Chroma Early Learning Academy","Explora oportunidades profesionales en Chroma Early Learning Academy y únete a nuestro equipo de educadores, líderes y personal de apoyo.","max-image-preview:large","https://x3yyntt5tp-staging.wpdns.site/es/careers/","1","true","true","true","true","true","true","true","BreadcrumbList | JobPosting | Person","0","",""
"https://x3yyntt5tp-staging.wpdns.site/stories/","editorial-archive","200","https://x3yyntt5tp-staging.wpdns.site/stories/","0","200 https://x3yyntt5tp-staging.wpdns.site/stories/?codex_technical=20260718","Stories & Parenting Tips | Chroma Early Learning Academy","Read parenting tips, child development guidance, and early learning stories from the Chroma Early Learning Academy team.","max-image-preview:large","https://x3yyntt5tp-staging.wpdns.site/stories/","1","true","true","true","true","true","true","true","BreadcrumbList | Person","0","",""
"https://x3yyntt5tp-staging.wpdns.site/es/stories/","editorial-archive","200","https://x3yyntt5tp-staging.wpdns.site/es/stories/","0","200 https://x3yyntt5tp-staging.wpdns.site/es/stories/?codex_technical=20260718","Historias y consejos para familias | Chroma Early Learning Acade…","Lee consejos para familias, guía sobre desarrollo infantil e historias de aprendizaje temprano del equipo de Chroma Early Learning Academy.","max-image-preview:large","https://x3yyntt5tp-staging.wpdns.site/es/stories/","1","true","true","true","true","true","true","true","BreadcrumbList | Person","0","",""
"https://x3yyntt5tp-staging.wpdns.site/employers/","general-page","200","https://x3yyntt5tp-staging.wpdns.site/employers/","0","200 https://x3yyntt5tp-staging.wpdns.site/employers/?codex_technical=20260718","Employer Childcare Solutions | Chroma Early Learning Academy","Explore employer childcare solutions from Chroma, including family support programs and early education access for working parents.","max-image-preview:large","https://x3yyntt5tp-staging.wpdns.site/employers/","1","true","true","true","true","true","true","true","BreadcrumbList | ChildCare | FAQPage | LocalBusiness | Organization | Person | Product | Service","0","",""
"https://x3yyntt5tp-staging.wpdns.site/es/employers/","general-page","200","https://x3yyntt5tp-staging.wpdns.site/es/employers/","0","200 https://x3yyntt5tp-staging.wpdns.site/es/employers/?codex_technical=20260718","Soluciones de cuidado infantil para empleadores | Chroma Early L…","Explora las soluciones de cuidado infantil para empleadores de Chroma, con apoyo familiar y acceso a educación temprana para padres trabajadores.","max-image-preview:large","https://x3yyntt5tp-staging.wpdns.site/es/employers/","1","true","true","true","true","true","true","true","BreadcrumbList | ChildCare | FAQPage | LocalBusiness | Organization | Person | Product | Service","0","",""
"https://x3yyntt5tp-staging.wpdns.site/locations/mcdonough/","location-single","200","https://x3yyntt5tp-staging.wpdns.site/locations/mcdonough/","0","200 https://x3yyntt5tp-staging.wpdns.site/locations/mcdonough/?codex_technical=20260718","Chroma McDonough: Daycare & Preschool Programs","The art of growing up.","max-image-preview:large","https://x3yyntt5tp-staging.wpdns.site/locations/mcdonough/","1","true","true","true","true","true","true","true","BreadcrumbList | ChildCare | CollectionPage | Course | EducationalOrganization | Event | ImageGallery | ItemList | LocalBusiness | Person | ProfilePage | Review | Service | Speakable | SpecialAnnouncement | WebPage","0","",""
"https://x3yyntt5tp-staging.wpdns.site/es/locations/mcdonough/","location-single","200","https://x3yyntt5tp-staging.wpdns.site/es/locations/mcdonough/","0","200 https://x3yyntt5tp-staging.wpdns.site/es/locations/mcdonough/?codex_technical=20260718","Campus Mcdonough | Campus de Chroma","Conoce Campus Mcdonough en Mcdonough y descubre programas de cuidado infantil y preescolar de Chroma para tu familia.","max-image-preview:large","https://x3yyntt5tp-staging.wpdns.site/es/locations/mcdonough/","1","true","true","true","true","true","true","true","BreadcrumbList | ChildCare | CollectionPage | Course | EducationalOrganization | Event | ImageGallery | ItemList | LocalBusiness | Person | ProfilePage | Review | Service | Speakable | SpecialAnnouncement | WebPage","0","",""
"https://x3yyntt5tp-staging.wpdns.site/parents/","parents","200","https://x3yyntt5tp-staging.wpdns.site/parents/","0","200 https://x3yyntt5tp-staging.wpdns.site/parents/?codex_technical=20260718","Parents | Chroma Early Learning Academy","Find parent resources, enrollment guidance, account access, and family support information from Chroma Early Learning Academy.","max-image-preview:large","https://x3yyntt5tp-staging.wpdns.site/parents/","1","true","true","true","true","true","true","true","BreadcrumbList | ChildCare | FAQPage | HowTo | ImageGallery | Menu | Organization | Person | Speakable | SpecialAnnouncement","0","",""
"https://x3yyntt5tp-staging.wpdns.site/es/parents/","parents","200","https://x3yyntt5tp-staging.wpdns.site/es/parents/","0","200 https://x3yyntt5tp-staging.wpdns.site/es/parents/?codex_technical=20260718","Padres | Chroma Early Learning Academy","Encuentra recursos para padres, información de inscripción, acceso a la cuenta y apoyo familiar de Chroma Early Learning Academy.","max-image-preview:large","https://x3yyntt5tp-staging.wpdns.site/es/parents/","1","true","true","true","true","true","true","true","BreadcrumbList | ChildCare | FAQPage | HowTo | ImageGallery | Menu | Organization | Person | Speakable | SpecialAnnouncement","0","",""
"https://x3yyntt5tp-staging.wpdns.site/programs/parents-day-out/","program-single","200","https://x3yyntt5tp-staging.wpdns.site/programs/parents-day-out/","0","200 https://x3yyntt5tp-staging.wpdns.site/programs/parents-day-out/?codex_technical=20260718","Parent's Day Out at Chroma: Social Skills for Kids","A flexible, part-time program designed to introduce children to a classroom setting while giving parents a well-deserved break. The perfect stepping stone to full-time school. Find Parent's Day Out Near...","max-image-preview:large","https://x3yyntt5tp-staging.wpdns.site/programs/parents-day-out/","1","true","true","true","true","true","true","true","BreadcrumbList | ChildCare | Course | FAQPage | Service","0","",""
"https://x3yyntt5tp-staging.wpdns.site/es/programs/parents-day-out/","program-single","200","https://x3yyntt5tp-staging.wpdns.site/es/programs/parents-day-out/","0","200 https://x3yyntt5tp-staging.wpdns.site/es/programs/parents-day-out/?codex_technical=20260718","Día Libre para Padres | Programa de Chroma","Un programa flexible de medio tiempo diseñado para introducir a los niños a un entorno de aula mientras brinda a los padres un descanso muy merecido. El trampo…","max-image-preview:large","https://x3yyntt5tp-staging.wpdns.site/es/programs/parents-day-out/","1","true","true","true","true","true","true","true","BreadcrumbList | ChildCare | Course | FAQPage | Service","0","",""
"https://x3yyntt5tp-staging.wpdns.site/programs/camp-summer-winter-fall/","program-single","200","https://x3yyntt5tp-staging.wpdns.site/programs/camp-summer-winter-fall/","0","200 https://x3yyntt5tp-staging.wpdns.site/programs/camp-summer-winter-fall/?codex_technical=20260718","Chroma Academy Camps: Fun Summer, Winter & Fall Programs","When school is out, Chroma is in. Our seasonal camps offer weekly themes, field trips, and hands-on STEM projects that keep minds engaged and bodies moving. Find Camp ( Summer,...","max-image-preview:large","https://x3yyntt5tp-staging.wpdns.site/programs/camp-summer-winter-fall/","1","true","true","true","true","true","true","true","BreadcrumbList | ChildCare | Course | FAQPage | Service","0","",""
"https://x3yyntt5tp-staging.wpdns.site/es/programs/camp-summer-winter-fall/","program-single","200","https://x3yyntt5tp-staging.wpdns.site/es/programs/camp-summer-winter-fall/","0","200 https://x3yyntt5tp-staging.wpdns.site/es/programs/camp-summer-winter-fall/?codex_technical=20260718","Campamento ( Verano, Invierno, Otoño) | Programa de Chroma","Cuando la escuela termina, Chroma comienza. Nuestros campamentos de temporada ofrecen temas semanales, excursiones y proyectos prácticos de STEM que mantienen…","max-image-preview:large","https://x3yyntt5tp-staging.wpdns.site/es/programs/camp-summer-winter-fall/","1","true","true","true","true","true","true","true","BreadcrumbList | ChildCare | Course | FAQPage | Service","0","",""
"https://x3yyntt5tp-staging.wpdns.site/programs/after-school/","program-single","200","https://x3yyntt5tp-staging.wpdns.site/programs/after-school/","0","200 https://x3yyntt5tp-staging.wpdns.site/programs/after-school/?codex_technical=20260718","Chroma Academy After School: Activities & Enrollment","Transportation from local elementary schools, homework assistance, and club-style activities. A safe place to unwind, connect, and create. Find Schoolagers Near YouLaFayette &bull; Kennesaw &bull; West Cobb &bull; Fayetteville &bull;...","max-image-preview:large","https://x3yyntt5tp-staging.wpdns.site/programs/after-school/","1","true","true","true","true","true","true","true","BreadcrumbList | ChildCare | Course | Service","0","",""
"https://x3yyntt5tp-staging.wpdns.site/es/programs/after-school/","program-single","200","https://x3yyntt5tp-staging.wpdns.site/es/programs/after-school/","0","200 https://x3yyntt5tp-staging.wpdns.site/es/programs/after-school/?codex_technical=20260718","Escolares | Programa de Chroma","Transporte desde escuelas primarias locales, ayuda con las tareas y actividades estilo club. Un lugar seguro para relajarse, conectar y crear.","max-image-preview:large","https://x3yyntt5tp-staging.wpdns.site/es/programs/after-school/","1","true","true","true","true","true","true","true","BreadcrumbList | ChildCare | Course | Service","0","",""
"https://x3yyntt5tp-staging.wpdns.site/programs/ga-pre-k/","program-single","200","https://x3yyntt5tp-staging.wpdns.site/programs/ga-pre-k/","0","200 https://x3yyntt5tp-staging.wpdns.site/programs/ga-pre-k/?codex_technical=20260718","Chroma Early Learning Academy: GA Pre-K Program for Ages 4-5","State-funded and Private education preparing children for Kindergarten. Both programs align with GELDS standards to provide a rigorous, joyful, and literacy-rich environment. Find Pre-K / GA Pre-K Near YouLaFayette &bull;...","max-image-preview:large","https://x3yyntt5tp-staging.wpdns.site/programs/ga-pre-k/","1","true","true","true","true","true","true","true","BreadcrumbList | ChildCare | Course | FAQPage | Service","0","",""
"https://x3yyntt5tp-staging.wpdns.site/es/programs/ga-pre-k/","program-single","200","https://x3yyntt5tp-staging.wpdns.site/es/programs/ga-pre-k/","0","200 https://x3yyntt5tp-staging.wpdns.site/es/programs/ga-pre-k/?codex_technical=20260718","Pre-K / GA Pre-K | Programa de Chroma","Educación financiada por el estado que prepara a los niños para el jardín de infantes. Nos alineamos con los estándares GELDS para proporcionar un entorno rigu…","max-image-preview:large","https://x3yyntt5tp-staging.wpdns.site/es/programs/ga-pre-k/","1","true","true","true","true","true","true","true","BreadcrumbList | ChildCare | Course | FAQPage | Service","0","",""
"https://x3yyntt5tp-staging.wpdns.site/programs/pre-k-prep/","program-single","200","https://x3yyntt5tp-staging.wpdns.site/programs/pre-k-prep/","0","200 https://x3yyntt5tp-staging.wpdns.site/programs/pre-k-prep/?codex_technical=20260718","Chroma's Pre-K Prep: School Readiness in 2026","Building the stamina and independence needed for “big school”. Structured centers focusing on writing grip, logic, and multi-step projects. Find Pre-K Prep Near YouLaFayette &bull; Kennesaw &bull; West Cobb &bull;...","max-image-preview:large","https://x3yyntt5tp-staging.wpdns.site/programs/pre-k-prep/","1","true","true","true","true","true","true","true","BreadcrumbList | ChildCare | Course | FAQPage | Service","0","",""
"https://x3yyntt5tp-staging.wpdns.site/es/programs/pre-k-prep/","program-single","200","https://x3yyntt5tp-staging.wpdns.site/es/programs/pre-k-prep/","0","200 https://x3yyntt5tp-staging.wpdns.site/es/programs/pre-k-prep/?codex_technical=20260718","Pre-K Prep | Programa de Chroma","Desarrollando la resistencia y la independencia necesarias para la ""escuela grande"". Centros estructurados enfocados en el agarre de escritura, la lógica y pro…","max-image-preview:large","https://x3yyntt5tp-staging.wpdns.site/es/programs/pre-k-prep/","1","true","true","true","true","true","true","true","BreadcrumbList | ChildCare | Course | FAQPage | Service","0","",""
"https://x3yyntt5tp-staging.wpdns.site/programs/preschool/","program-single","200","https://x3yyntt5tp-staging.wpdns.site/programs/preschool/","0","200 https://x3yyntt5tp-staging.wpdns.site/programs/preschool/?codex_technical=20260718","Chroma Preschool: Learning Through Play","Introduction to structured learning centers and collaborative play. We channel their boundless energy into creative expression and early concepts. Find Preschool Near YouLaFayette &bull; Kennesaw &bull; West Cobb &bull; Fayetteville...","max-image-preview:large","https://x3yyntt5tp-staging.wpdns.site/programs/preschool/","1","true","true","true","true","true","true","true","BreadcrumbList | ChildCare | Course | FAQPage | Service","0","",""
"https://x3yyntt5tp-staging.wpdns.site/es/programs/preschool/","program-single","200","https://x3yyntt5tp-staging.wpdns.site/es/programs/preschool/","0","200 https://x3yyntt5tp-staging.wpdns.site/es/programs/preschool/?codex_technical=20260718","Preescolar | Programa de Chroma","Introducción a centros de aprendizaje estructurados y juego colaborativo. Canalizamos su energía ilimitada en expresión creativa y conceptos tempranos.","max-image-preview:large","https://x3yyntt5tp-staging.wpdns.site/es/programs/preschool/","1","true","true","true","true","true","true","true","BreadcrumbList | ChildCare | Course | FAQPage | Service","0","",""
"https://x3yyntt5tp-staging.wpdns.site/programs/toddler-care/","program-single","200","https://x3yyntt5tp-staging.wpdns.site/programs/toddler-care/","0","200 https://x3yyntt5tp-staging.wpdns.site/programs/toddler-care/?codex_technical=20260718","Chroma Academy Toddler Care: Explore, Learn, and Grow!","Curated environments for new walkers and talkers. We turn “no” into “let’s explore” with safe boundaries and endless curiosity. Find Toddlers Near YouLaFayette &bull; Kennesaw &bull; West Cobb &bull; Fayetteville...","max-image-preview:large","https://x3yyntt5tp-staging.wpdns.site/programs/toddler-care/","1","true","true","true","true","true","true","true","BreadcrumbList | ChildCare | Course | FAQPage | Service","0","",""
"https://x3yyntt5tp-staging.wpdns.site/es/programs/toddler-care/","program-single","200","https://x3yyntt5tp-staging.wpdns.site/es/programs/toddler-care/","0","200 https://x3yyntt5tp-staging.wpdns.site/es/programs/toddler-care/?codex_technical=20260718","Niños pequeños | Programa de Chroma","Entornos seleccionados para los que recién empiezan a caminar y hablar. Convertimos el ""no"" en ""exploremos"" con límites seguros y curiosidad infinita.","max-image-preview:large","https://x3yyntt5tp-staging.wpdns.site/es/programs/toddler-care/","1","true","true","true","true","true","true","true","BreadcrumbList | ChildCare | Course | FAQPage | Service","0","",""
"https://x3yyntt5tp-staging.wpdns.site/locations/tramore-campus-austell/","location-single","200","https://x3yyntt5tp-staging.wpdns.site/locations/tramore-campus-austell/","0","200 https://x3yyntt5tp-staging.wpdns.site/locations/tramore-campus-austell/?codex_technical=20260718","Chroma Academy Tramore Campus: Early Learning in Austell","The art of growing up.","max-image-preview:large","https://x3yyntt5tp-staging.wpdns.site/locations/tramore-campus-austell/","1","true","true","true","true","true","true","true","BreadcrumbList | ChildCare | CollectionPage | Course | EducationalOrganization | Event | ImageGallery | ItemList | LocalBusiness | Person | Review | Service | Speakable | SpecialAnnouncement | WebPage","0","",""
"https://x3yyntt5tp-staging.wpdns.site/es/locations/tramore-campus-austell/","location-single","200","https://x3yyntt5tp-staging.wpdns.site/es/locations/tramore-campus-austell/","0","200 https://x3yyntt5tp-staging.wpdns.site/es/locations/tramore-campus-austell/?codex_technical=20260718","Campus Tramore | Campus de Chroma","Conoce Campus Tramore en Austell y descubre programas de cuidado infantil y preescolar de Chroma para tu familia.","max-image-preview:large","https://x3yyntt5tp-staging.wpdns.site/es/locations/tramore-campus-austell/","1","true","true","true","true","true","true","true","BreadcrumbList | ChildCare | CollectionPage | Course | EducationalOrganization | Event | ImageGallery | ItemList | LocalBusiness | Person | Review | Service | Speakable | SpecialAnnouncement | WebPage","0","",""
"https://x3yyntt5tp-staging.wpdns.site/locations/pleasanthill-campus-duluth/","location-single","200","https://x3yyntt5tp-staging.wpdns.site/locations/pleasanthill-campus-duluth/","0","200 https://x3yyntt5tp-staging.wpdns.site/locations/pleasanthill-campus-duluth/?codex_technical=20260718","Chroma Pleasanthill: Schedule a Tour at Our Campus","The art of growing up.","max-image-preview:large","https://x3yyntt5tp-staging.wpdns.site/locations/pleasanthill-campus-duluth/","1","true","true","true","true","true","true","true","BreadcrumbList | ChildCare | CollectionPage | Course | EducationalOrganization | Event | ImageGallery | ItemList | LocalBusiness | Person | ProfilePage | Review | Service | Speakable | SpecialAnnouncement | WebPage","0","",""
"https://x3yyntt5tp-staging.wpdns.site/es/locations/pleasanthill-campus-duluth/","location-single","200","https://x3yyntt5tp-staging.wpdns.site/es/locations/pleasanthill-campus-duluth/","0","200 https://x3yyntt5tp-staging.wpdns.site/es/locations/pleasanthill-campus-duluth/?codex_technical=20260718","Downtown Duluth | Campus de Chroma","Conoce Downtown Duluth en Duluth y descubre programas de cuidado infantil y preescolar de Chroma para tu familia.","max-image-preview:large","https://x3yyntt5tp-staging.wpdns.site/es/locations/pleasanthill-campus-duluth/","1","true","true","true","true","true","true","true","BreadcrumbList | ChildCare | CollectionPage | Course | EducationalOrganization | Event | ImageGallery | ItemList | LocalBusiness | Person | ProfilePage | Review | Service | Speakable | SpecialAnnouncement | WebPage","0","",""
"https://x3yyntt5tp-staging.wpdns.site/locations/lawrenceville-campus/","location-single","200","https://x3yyntt5tp-staging.wpdns.site/locations/lawrenceville-campus/","0","200 https://x3yyntt5tp-staging.wpdns.site/locations/lawrenceville-campus/?codex_technical=20260718","Chroma Lawrenceville: Preschool Programs & Tours","The art of growing up.","max-image-preview:large","https://x3yyntt5tp-staging.wpdns.site/locations/lawrenceville-campus/","1","true","true","true","true","true","true","true","BreadcrumbList | ChildCare | CollectionPage | Course | EducationalOrganization | Event | ImageGallery | ItemList | LocalBusiness | Person | ProfilePage | Review | Service | Speakable | SpecialAnnouncement | WebPage","0","",""
"https://x3yyntt5tp-staging.wpdns.site/es/locations/lawrenceville-campus/","location-single","200","https://x3yyntt5tp-staging.wpdns.site/es/locations/lawrenceville-campus/","0","200 https://x3yyntt5tp-staging.wpdns.site/es/locations/lawrenceville-campus/?codex_technical=20260718","Campus Lawrenceville | Campus de Chroma","Conoce Campus Lawrenceville en Lawrenceville y descubre programas de cuidado infantil y preescolar de Chroma para tu familia.","max-image-preview:large","https://x3yyntt5tp-staging.wpdns.site/es/locations/lawrenceville-campus/","1","true","true","true","true","true","true","true","BreadcrumbList | ChildCare | CollectionPage | Course | EducationalOrganization | Event | ImageGallery | ItemList | LocalBusiness | Person | ProfilePage | Review | Service | Speakable | SpecialAnnouncement | WebPage","0","",""
"https://x3yyntt5tp-staging.wpdns.site/locations/tyrone-campus/","location-single","200","https://x3yyntt5tp-staging.wpdns.site/locations/tyrone-campus/","0","200 https://x3yyntt5tp-staging.wpdns.site/locations/tyrone-campus/?codex_technical=20260718","Chroma Tyrone: Childcare & Preschool Programs","The art of growing up.","max-image-preview:large","https://x3yyntt5tp-staging.wpdns.site/locations/tyrone-campus/","1","true","true","true","true","true","true","true","BreadcrumbList | ChildCare | CollectionPage | Course | EducationalOrganization | Event | ImageGallery | ItemList | LocalBusiness | Person | ProfilePage | Review | Service | Speakable | SpecialAnnouncement | WebPage","0","",""
"https://x3yyntt5tp-staging.wpdns.site/es/locations/tyrone-campus/","location-single","200","https://x3yyntt5tp-staging.wpdns.site/es/locations/tyrone-campus/","0","200 https://x3yyntt5tp-staging.wpdns.site/es/locations/tyrone-campus/?codex_technical=20260718","Campus Tyrone | Campus de Chroma","Conoce Campus Tyrone en Tyrone y descubre programas de cuidado infantil y preescolar de Chroma para tu familia.","max-image-preview:large","https://x3yyntt5tp-staging.wpdns.site/es/locations/tyrone-campus/","1","true","true","true","true","true","true","true","BreadcrumbList | ChildCare | CollectionPage | Course | EducationalOrganization | Event | ImageGallery | ItemList | LocalBusiness | Person | ProfilePage | Review | Service | Speakable | SpecialAnnouncement | WebPage","0","",""
"https://x3yyntt5tp-staging.wpdns.site/about/","about","200","https://x3yyntt5tp-staging.wpdns.site/about/","0","200 https://x3yyntt5tp-staging.wpdns.site/about/?codex_technical=20260718","About Chroma Early Learning Academy: Mission, Values & Tours","More than a school. A second home.","max-image-preview:large","https://x3yyntt5tp-staging.wpdns.site/about/","1","true","true","true","true","true","true","true","AboutPage | BreadcrumbList | EducationalOrganization | Person | ProfilePage","0","",""
"https://x3yyntt5tp-staging.wpdns.site/es/about/","about","200","https://x3yyntt5tp-staging.wpdns.site/es/about/","0","200 https://x3yyntt5tp-staging.wpdns.site/es/about/?codex_technical=20260718","Nosotros | Chroma Early Learning Academy","Más que una escuela. Un segundo hogar.","max-image-preview:large","https://x3yyntt5tp-staging.wpdns.site/es/about/","1","true","true","true","true","true","true","true","AboutPage | BreadcrumbList | EducationalOrganization | Person | ProfilePage","0","",""
"https://x3yyntt5tp-staging.wpdns.site/locations/johns-creek/","location-single","200","https://x3yyntt5tp-staging.wpdns.site/locations/johns-creek/","0","200 https://x3yyntt5tp-staging.wpdns.site/locations/johns-creek/?codex_technical=20260718","Chroma Johns Creek: Preschool & Childcare Programs","The art of growing up.","max-image-preview:large","https://x3yyntt5tp-staging.wpdns.site/locations/johns-creek/","1","true","true","true","true","true","true","true","BreadcrumbList | ChildCare | CollectionPage | Course | EducationalOrganization | Event | ImageGallery | ItemList | LocalBusiness | Person | ProfilePage | Review | Service | Speakable | SpecialAnnouncement | WebPage","0","",""
"https://x3yyntt5tp-staging.wpdns.site/es/locations/johns-creek/","location-single","200","https://x3yyntt5tp-staging.wpdns.site/es/locations/johns-creek/","0","200 https://x3yyntt5tp-staging.wpdns.site/es/locations/johns-creek/?codex_technical=20260718","Campus Johns Creek | Campus de Chroma","Conoce Campus Johns Creek en Johns Creek y descubre programas de cuidado infantil y preescolar de Chroma para tu familia.","max-image-preview:large","https://x3yyntt5tp-staging.wpdns.site/es/locations/johns-creek/","1","true","true","true","true","true","true","true","BreadcrumbList | ChildCare | CollectionPage | Course | EducationalOrganization | Event | ImageGallery | ItemList | LocalBusiness | Person | ProfilePage | Review | Service | Speakable | SpecialAnnouncement | WebPage","0","",""
"https://x3yyntt5tp-staging.wpdns.site/curriculum/","curriculum","200","https://x3yyntt5tp-staging.wpdns.site/curriculum/","0","200 https://x3yyntt5tp-staging.wpdns.site/curriculum/?codex_technical=20260718","PrismPath Curriculum | Chroma Early Learning Academy","Explore the PrismPath curriculum at Chroma Early Learning Academy and see how we support every stage of early development.","max-image-preview:large","https://x3yyntt5tp-staging.wpdns.site/curriculum/","1","true","true","true","true","true","true","true","BreadcrumbList | FAQPage | Person","0","",""
"https://x3yyntt5tp-staging.wpdns.site/es/curriculum/","curriculum","200","https://x3yyntt5tp-staging.wpdns.site/es/curriculum/","0","200 https://x3yyntt5tp-staging.wpdns.site/es/curriculum/?codex_technical=20260718","Currículo PrismPath | Chroma Early Learning Academy","Explora el currículo PrismPath de Chroma Early Learning Academy y descubre cómo apoyamos cada etapa del desarrollo temprano.","max-image-preview:large","https://x3yyntt5tp-staging.wpdns.site/es/curriculum/","1","true","true","true","true","true","true","true","BreadcrumbList | FAQPage | Person","0","",""
"https://x3yyntt5tp-staging.wpdns.site/contact-us/","contact","200","https://x3yyntt5tp-staging.wpdns.site/contact-us/","0","200 https://x3yyntt5tp-staging.wpdns.site/contact-us/?codex_technical=20260718","Contact Us | Chroma Early Learning Academy","Contact Chroma Early Learning Academy to ask about enrollment, locations, programs, or scheduling a tour.","max-image-preview:large","https://x3yyntt5tp-staging.wpdns.site/contact-us/","1","true","true","true","true","true","true","true","BreadcrumbList | ChildCare | ContactPage | FAQPage | LocalBusiness | Organization | Person | Speakable | SpecialAnnouncement","0","",""
"https://x3yyntt5tp-staging.wpdns.site/es/contact-us/","contact","200","https://x3yyntt5tp-staging.wpdns.site/es/contact-us/","0","200 https://x3yyntt5tp-staging.wpdns.site/es/contact-us/?codex_technical=20260718","Contáctanos | Chroma Early Learning Academy","Contacta a Chroma Early Learning Academy para preguntas sobre inscripción, ubicaciones, programas o recorridos.","max-image-preview:large","https://x3yyntt5tp-staging.wpdns.site/es/contact-us/","1","true","true","true","true","true","true","true","BreadcrumbList | ChildCare | ContactPage | FAQPage | LocalBusiness | Organization | Person | Speakable | SpecialAnnouncement","0","",""
"https://x3yyntt5tp-staging.wpdns.site/programs/infant-care/","program-single","200","https://x3yyntt5tp-staging.wpdns.site/programs/infant-care/","0","200 https://x3yyntt5tp-staging.wpdns.site/programs/infant-care/?codex_technical=20260718","Chroma Infant Care: Nurturing Your Baby's First Steps","A peaceful, “shoeless” environment where emotional security and sensory discovery lay the groundwork for all future learning. Find Infant Care Near YouLaFayette &bull; Kennesaw &bull; West Cobb &bull; Fayetteville &bull;...","max-image-preview:large","https://x3yyntt5tp-staging.wpdns.site/programs/infant-care/","1","true","true","true","true","true","true","true","BreadcrumbList | ChildCare | Course | FAQPage | Service","0","",""
"https://x3yyntt5tp-staging.wpdns.site/es/programs/infant-care/","program-single","200","https://x3yyntt5tp-staging.wpdns.site/es/programs/infant-care/","0","200 https://x3yyntt5tp-staging.wpdns.site/es/programs/infant-care/?codex_technical=20260718","Cuidado Infantil | Programa de Chroma","Un ambiente tranquilo y ""sin zapatos"" donde la seguridad emocional y el descubrimiento sensorial sientan las bases para todo el aprendizaje futuro.","max-image-preview:large","https://x3yyntt5tp-staging.wpdns.site/es/programs/infant-care/","1","true","true","true","true","true","true","true","BreadcrumbList | ChildCare | Course | FAQPage | Service","0","",""